ISO-10303-21;
HEADER;
FILE_DESCRIPTION(('FreeCAD Model'),'2;1');
FILE_NAME('Open CASCADE Shape Model','2026-03-19T00:23:22',(''),(''),
  'Open CASCADE STEP processor 7.9','FreeCAD','Unknown');
FILE_SCHEMA(('AUTOMOTIVE_DESIGN { 1 0 10303 214 1 1 1 1 }'));
ENDSEC;
DATA;
#1 = APPLICATION_PROTOCOL_DEFINITION('international standard',
  'automotive_design',2000,#2);
#2 = APPLICATION_CONTEXT(
  'core data for automotive mechanical design processes');
#3 = SHAPE_DEFINITION_REPRESENTATION(#4,#10);
#4 = PRODUCT_DEFINITION_SHAPE('','',#5);
#5 = PRODUCT_DEFINITION('design','',#6,#9);
#6 = PRODUCT_DEFINITION_FORMATION('','',#7);
#7 = PRODUCT('ashtray','ashtray','',(#8));
#8 = PRODUCT_CONTEXT('',#2,'mechanical');
#9 = PRODUCT_DEFINITION_CONTEXT('part definition',#2,'design');
#10 = SHAPE_REPRESENTATION('',(#11,#15,#19,#23,#27),#31);
#11 = AXIS2_PLACEMENT_3D('',#12,#13,#14);
#12 = CARTESIAN_POINT('',(0.,0.,0.));
#13 = DIRECTION('',(0.,0.,1.));
#14 = DIRECTION('',(1.,0.,-0.));
#15 = AXIS2_PLACEMENT_3D('',#16,#17,#18);
#16 = CARTESIAN_POINT('',(0.,0.,0.));
#17 = DIRECTION('',(0.,0.,1.));
#18 = DIRECTION('',(1.,0.,0.));
#19 = AXIS2_PLACEMENT_3D('',#20,#21,#22);
#20 = CARTESIAN_POINT('',(0.,0.,0.));
#21 = DIRECTION('',(0.,0.,1.));
#22 = DIRECTION('',(1.,0.,0.));
#23 = AXIS2_PLACEMENT_3D('',#24,#25,#26);
#24 = CARTESIAN_POINT('',(0.,0.,0.));
#25 = DIRECTION('',(0.,0.,1.));
#26 = DIRECTION('',(1.,0.,0.));
#27 = AXIS2_PLACEMENT_3D('',#28,#29,#30);
#28 = CARTESIAN_POINT('',(0.,0.,0.));
#29 = DIRECTION('',(0.,0.,1.));
#30 = DIRECTION('',(1.,0.,0.));
#31 = ( GEOMETRIC_REPRESENTATION_CONTEXT(3) 
GLOBAL_UNCERTAINTY_ASSIGNED_CONTEXT((#35)) GLOBAL_UNIT_ASSIGNED_CONTEXT(
(#32,#33,#34)) REPRESENTATION_CONTEXT('Context #1',
  '3D Context with UNIT and UNCERTAINTY') );
#32 = ( LENGTH_UNIT() NAMED_UNIT(*) SI_UNIT(.MILLI.,.METRE.) );
#33 = ( NAMED_UNIT(*) PLANE_ANGLE_UNIT() SI_UNIT($,.RADIAN.) );
#34 = ( NAMED_UNIT(*) SI_UNIT($,.STERADIAN.) SOLID_ANGLE_UNIT() );
#35 = UNCERTAINTY_MEASURE_WITH_UNIT(LENGTH_MEASURE(1.E-04),#32,
  'distance_accuracy_value','confusion accuracy');
#36 = PRODUCT_RELATED_PRODUCT_CATEGORY('part',$,(#7));
#37 = SHAPE_DEFINITION_REPRESENTATION(#38,#44);
#38 = PRODUCT_DEFINITION_SHAPE('','',#39);
#39 = PRODUCT_DEFINITION('design','',#40,#43);
#40 = PRODUCT_DEFINITION_FORMATION('','',#41);
#41 = PRODUCT('Moved y-lower-plaets','Moved y-lower-plaets','',(#42));
#42 = PRODUCT_CONTEXT('',#2,'mechanical');
#43 = PRODUCT_DEFINITION_CONTEXT('part definition',#2,'design');
#44 = SHAPE_REPRESENTATION('',(#11,#45,#343,#671,#991,#1309,#1627,#1947,
    #2266),#2564);
#45 = SHELL_BASED_SURFACE_MODEL('',(#46));
#46 = OPEN_SHELL('',(#47));
#47 = ADVANCED_FACE('',(#48),#338,.T.);
#48 = FACE_BOUND('',#49,.T.);
#49 = EDGE_LOOP('',(#50,#60,#68,#76,#84,#92,#100,#108,#116,#124,#132,
    #140,#148,#156,#164,#172,#180,#188,#196,#204,#212,#220,#228,#236,
    #244,#252,#260,#268,#276,#284,#292,#300,#308,#316,#324,#332));
#50 = ORIENTED_EDGE('',*,*,#51,.F.);
#51 = EDGE_CURVE('',#52,#54,#56,.T.);
#52 = VERTEX_POINT('',#53);
#53 = CARTESIAN_POINT('',(-24.,-145.,3.552713678801E-15));
#54 = VERTEX_POINT('',#55);
#55 = CARTESIAN_POINT('',(-24.,-95.,3.552713678801E-15));
#56 = LINE('',#57,#58);
#57 = CARTESIAN_POINT('',(-24.,-132.5,3.552713678801E-15));
#58 = VECTOR('',#59,1.);
#59 = DIRECTION('',(0.,1.,0.));
#60 = ORIENTED_EDGE('',*,*,#61,.T.);
#61 = EDGE_CURVE('',#52,#62,#64,.T.);
#62 = VERTEX_POINT('',#63);
#63 = CARTESIAN_POINT('',(24.,-145.,-7.105427357601E-15));
#64 = LINE('',#65,#66);
#65 = CARTESIAN_POINT('',(51.,-145.,-1.42108547152E-14));
#66 = VECTOR('',#67,1.);
#67 = DIRECTION('',(1.,0.,-2.22044604925E-16));
#68 = ORIENTED_EDGE('',*,*,#69,.T.);
#69 = EDGE_CURVE('',#62,#70,#72,.T.);
#70 = VERTEX_POINT('',#71);
#71 = CARTESIAN_POINT('',(24.,-142.875,-7.105427357601E-15));
#72 = LINE('',#73,#74);
#73 = CARTESIAN_POINT('',(24.,-120.,-7.105427357601E-15));
#74 = VECTOR('',#75,1.);
#75 = DIRECTION('',(0.,1.,0.));
#76 = ORIENTED_EDGE('',*,*,#77,.T.);
#77 = EDGE_CURVE('',#70,#78,#80,.T.);
#78 = VERTEX_POINT('',#79);
#79 = CARTESIAN_POINT('',(0.,-142.875,0.));
#80 = LINE('',#81,#82);
#81 = CARTESIAN_POINT('',(38.,-142.875,-1.06581410364E-14));
#82 = VECTOR('',#83,1.);
#83 = DIRECTION('',(-1.,0.,2.22044604925E-16));
#84 = ORIENTED_EDGE('',*,*,#85,.F.);
#85 = EDGE_CURVE('',#86,#78,#88,.T.);
#86 = VERTEX_POINT('',#87);
#87 = CARTESIAN_POINT('',(0.,-140.875,0.));
#88 = LINE('',#89,#90);
#89 = CARTESIAN_POINT('',(0.,-131.4375,0.));
#90 = VECTOR('',#91,1.);
#91 = DIRECTION('',(0.,-1.,0.));
#92 = ORIENTED_EDGE('',*,*,#93,.F.);
#93 = EDGE_CURVE('',#94,#86,#96,.T.);
#94 = VERTEX_POINT('',#95);
#95 = CARTESIAN_POINT('',(24.,-140.875,-7.105427357601E-15));
#96 = LINE('',#97,#98);
#97 = CARTESIAN_POINT('',(38.,-140.875,-1.06581410364E-14));
#98 = VECTOR('',#99,1.);
#99 = DIRECTION('',(-1.,0.,2.22044604925E-16));
#100 = ORIENTED_EDGE('',*,*,#101,.T.);
#101 = EDGE_CURVE('',#94,#102,#104,.T.);
#102 = VERTEX_POINT('',#103);
#103 = CARTESIAN_POINT('',(24.,-136.625,-7.105427357601E-15));
#104 = LINE('',#105,#106);
#105 = CARTESIAN_POINT('',(24.,-120.,-7.105427357601E-15));
#106 = VECTOR('',#107,1.);
#107 = DIRECTION('',(0.,1.,0.));
#108 = ORIENTED_EDGE('',*,*,#109,.T.);
#109 = EDGE_CURVE('',#102,#110,#112,.T.);
#110 = VERTEX_POINT('',#111);
#111 = CARTESIAN_POINT('',(0.,-136.625,0.));
#112 = LINE('',#113,#114);
#113 = CARTESIAN_POINT('',(38.,-136.625,-1.06581410364E-14));
#114 = VECTOR('',#115,1.);
#115 = DIRECTION('',(-1.,0.,2.22044604925E-16));
#116 = ORIENTED_EDGE('',*,*,#117,.F.);
#117 = EDGE_CURVE('',#118,#110,#120,.T.);
#118 = VERTEX_POINT('',#119);
#119 = CARTESIAN_POINT('',(0.,-134.625,0.));
#120 = LINE('',#121,#122);
#121 = CARTESIAN_POINT('',(0.,-128.3125,0.));
#122 = VECTOR('',#123,1.);
#123 = DIRECTION('',(0.,-1.,0.));
#124 = ORIENTED_EDGE('',*,*,#125,.F.);
#125 = EDGE_CURVE('',#126,#118,#128,.T.);
#126 = VERTEX_POINT('',#127);
#127 = CARTESIAN_POINT('',(24.,-134.625,-7.105427357601E-15));
#128 = LINE('',#129,#130);
#129 = CARTESIAN_POINT('',(38.,-134.625,-1.06581410364E-14));
#130 = VECTOR('',#131,1.);
#131 = DIRECTION('',(-1.,0.,2.22044604925E-16));
#132 = ORIENTED_EDGE('',*,*,#133,.T.);
#133 = EDGE_CURVE('',#126,#134,#136,.T.);
#134 = VERTEX_POINT('',#135);
#135 = CARTESIAN_POINT('',(24.,-130.375,-7.105427357601E-15));
#136 = LINE('',#137,#138);
#137 = CARTESIAN_POINT('',(24.,-120.,-7.105427357601E-15));
#138 = VECTOR('',#139,1.);
#139 = DIRECTION('',(0.,1.,0.));
#140 = ORIENTED_EDGE('',*,*,#141,.T.);
#141 = EDGE_CURVE('',#134,#142,#144,.T.);
#142 = VERTEX_POINT('',#143);
#143 = CARTESIAN_POINT('',(0.,-130.375,0.));
#144 = LINE('',#145,#146);
#145 = CARTESIAN_POINT('',(38.,-130.375,-1.06581410364E-14));
#146 = VECTOR('',#147,1.);
#147 = DIRECTION('',(-1.,0.,2.22044604925E-16));
#148 = ORIENTED_EDGE('',*,*,#149,.F.);
#149 = EDGE_CURVE('',#150,#142,#152,.T.);
#150 = VERTEX_POINT('',#151);
#151 = CARTESIAN_POINT('',(0.,-128.375,0.));
#152 = LINE('',#153,#154);
#153 = CARTESIAN_POINT('',(0.,-125.1875,0.));
#154 = VECTOR('',#155,1.);
#155 = DIRECTION('',(0.,-1.,0.));
#156 = ORIENTED_EDGE('',*,*,#157,.F.);
#157 = EDGE_CURVE('',#158,#150,#160,.T.);
#158 = VERTEX_POINT('',#159);
#159 = CARTESIAN_POINT('',(24.,-128.375,-7.105427357601E-15));
#160 = LINE('',#161,#162);
#161 = CARTESIAN_POINT('',(38.,-128.375,-1.06581410364E-14));
#162 = VECTOR('',#163,1.);
#163 = DIRECTION('',(-1.,0.,2.22044604925E-16));
#164 = ORIENTED_EDGE('',*,*,#165,.T.);
#165 = EDGE_CURVE('',#158,#166,#168,.T.);
#166 = VERTEX_POINT('',#167);
#167 = CARTESIAN_POINT('',(24.,-124.125,-7.105427357601E-15));
#168 = LINE('',#169,#170);
#169 = CARTESIAN_POINT('',(24.,-120.,-7.105427357601E-15));
#170 = VECTOR('',#171,1.);
#171 = DIRECTION('',(0.,1.,0.));
#172 = ORIENTED_EDGE('',*,*,#173,.T.);
#173 = EDGE_CURVE('',#166,#174,#176,.T.);
#174 = VERTEX_POINT('',#175);
#175 = CARTESIAN_POINT('',(0.,-124.125,0.));
#176 = LINE('',#177,#178);
#177 = CARTESIAN_POINT('',(38.,-124.125,-1.06581410364E-14));
#178 = VECTOR('',#179,1.);
#179 = DIRECTION('',(-1.,0.,2.22044604925E-16));
#180 = ORIENTED_EDGE('',*,*,#181,.F.);
#181 = EDGE_CURVE('',#182,#174,#184,.T.);
#182 = VERTEX_POINT('',#183);
#183 = CARTESIAN_POINT('',(0.,-122.125,0.));
#184 = LINE('',#185,#186);
#185 = CARTESIAN_POINT('',(0.,-122.0625,0.));
#186 = VECTOR('',#187,1.);
#187 = DIRECTION('',(0.,-1.,0.));
#188 = ORIENTED_EDGE('',*,*,#189,.F.);
#189 = EDGE_CURVE('',#190,#182,#192,.T.);
#190 = VERTEX_POINT('',#191);
#191 = CARTESIAN_POINT('',(24.,-122.125,-7.105427357601E-15));
#192 = LINE('',#193,#194);
#193 = CARTESIAN_POINT('',(38.,-122.125,-1.06581410364E-14));
#194 = VECTOR('',#195,1.);
#195 = DIRECTION('',(-1.,0.,2.22044604925E-16));
#196 = ORIENTED_EDGE('',*,*,#197,.T.);
#197 = EDGE_CURVE('',#190,#198,#200,.T.);
#198 = VERTEX_POINT('',#199);
#199 = CARTESIAN_POINT('',(24.,-117.875,-7.105427357601E-15));
#200 = LINE('',#201,#202);
#201 = CARTESIAN_POINT('',(24.,-120.,-7.105427357601E-15));
#202 = VECTOR('',#203,1.);
#203 = DIRECTION('',(0.,1.,0.));
#204 = ORIENTED_EDGE('',*,*,#205,.T.);
#205 = EDGE_CURVE('',#198,#206,#208,.T.);
#206 = VERTEX_POINT('',#207);
#207 = CARTESIAN_POINT('',(0.,-117.875,0.));
#208 = LINE('',#209,#210);
#209 = CARTESIAN_POINT('',(38.,-117.875,-1.06581410364E-14));
#210 = VECTOR('',#211,1.);
#211 = DIRECTION('',(-1.,0.,2.22044604925E-16));
#212 = ORIENTED_EDGE('',*,*,#213,.F.);
#213 = EDGE_CURVE('',#214,#206,#216,.T.);
#214 = VERTEX_POINT('',#215);
#215 = CARTESIAN_POINT('',(0.,-115.875,0.));
#216 = LINE('',#217,#218);
#217 = CARTESIAN_POINT('',(0.,-118.9375,0.));
#218 = VECTOR('',#219,1.);
#219 = DIRECTION('',(0.,-1.,0.));
#220 = ORIENTED_EDGE('',*,*,#221,.F.);
#221 = EDGE_CURVE('',#222,#214,#224,.T.);
#222 = VERTEX_POINT('',#223);
#223 = CARTESIAN_POINT('',(24.,-115.875,-7.105427357601E-15));
#224 = LINE('',#225,#226);
#225 = CARTESIAN_POINT('',(38.,-115.875,-1.06581410364E-14));
#226 = VECTOR('',#227,1.);
#227 = DIRECTION('',(-1.,0.,2.22044604925E-16));
#228 = ORIENTED_EDGE('',*,*,#229,.T.);
#229 = EDGE_CURVE('',#222,#230,#232,.T.);
#230 = VERTEX_POINT('',#231);
#231 = CARTESIAN_POINT('',(24.,-111.625,-7.105427357601E-15));
#232 = LINE('',#233,#234);
#233 = CARTESIAN_POINT('',(24.,-120.,-7.105427357601E-15));
#234 = VECTOR('',#235,1.);
#235 = DIRECTION('',(0.,1.,0.));
#236 = ORIENTED_EDGE('',*,*,#237,.T.);
#237 = EDGE_CURVE('',#230,#238,#240,.T.);
#238 = VERTEX_POINT('',#239);
#239 = CARTESIAN_POINT('',(0.,-111.625,0.));
#240 = LINE('',#241,#242);
#241 = CARTESIAN_POINT('',(38.,-111.625,-1.06581410364E-14));
#242 = VECTOR('',#243,1.);
#243 = DIRECTION('',(-1.,0.,2.22044604925E-16));
#244 = ORIENTED_EDGE('',*,*,#245,.F.);
#245 = EDGE_CURVE('',#246,#238,#248,.T.);
#246 = VERTEX_POINT('',#247);
#247 = CARTESIAN_POINT('',(0.,-109.625,0.));
#248 = LINE('',#249,#250);
#249 = CARTESIAN_POINT('',(0.,-115.8125,0.));
#250 = VECTOR('',#251,1.);
#251 = DIRECTION('',(0.,-1.,0.));
#252 = ORIENTED_EDGE('',*,*,#253,.F.);
#253 = EDGE_CURVE('',#254,#246,#256,.T.);
#254 = VERTEX_POINT('',#255);
#255 = CARTESIAN_POINT('',(24.,-109.625,-7.105427357601E-15));
#256 = LINE('',#257,#258);
#257 = CARTESIAN_POINT('',(38.,-109.625,-1.06581410364E-14));
#258 = VECTOR('',#259,1.);
#259 = DIRECTION('',(-1.,0.,2.22044604925E-16));
#260 = ORIENTED_EDGE('',*,*,#261,.T.);
#261 = EDGE_CURVE('',#254,#262,#264,.T.);
#262 = VERTEX_POINT('',#263);
#263 = CARTESIAN_POINT('',(24.,-105.375,-7.105427357601E-15));
#264 = LINE('',#265,#266);
#265 = CARTESIAN_POINT('',(24.,-120.,-7.105427357601E-15));
#266 = VECTOR('',#267,1.);
#267 = DIRECTION('',(0.,1.,0.));
#268 = ORIENTED_EDGE('',*,*,#269,.T.);
#269 = EDGE_CURVE('',#262,#270,#272,.T.);
#270 = VERTEX_POINT('',#271);
#271 = CARTESIAN_POINT('',(0.,-105.375,0.));
#272 = LINE('',#273,#274);
#273 = CARTESIAN_POINT('',(38.,-105.375,-1.06581410364E-14));
#274 = VECTOR('',#275,1.);
#275 = DIRECTION('',(-1.,0.,2.22044604925E-16));
#276 = ORIENTED_EDGE('',*,*,#277,.F.);
#277 = EDGE_CURVE('',#278,#270,#280,.T.);
#278 = VERTEX_POINT('',#279);
#279 = CARTESIAN_POINT('',(0.,-103.375,0.));
#280 = LINE('',#281,#282);
#281 = CARTESIAN_POINT('',(0.,-112.6875,0.));
#282 = VECTOR('',#283,1.);
#283 = DIRECTION('',(0.,-1.,0.));
#284 = ORIENTED_EDGE('',*,*,#285,.F.);
#285 = EDGE_CURVE('',#286,#278,#288,.T.);
#286 = VERTEX_POINT('',#287);
#287 = CARTESIAN_POINT('',(24.,-103.375,-7.105427357601E-15));
#288 = LINE('',#289,#290);
#289 = CARTESIAN_POINT('',(38.,-103.375,-1.06581410364E-14));
#290 = VECTOR('',#291,1.);
#291 = DIRECTION('',(-1.,0.,2.22044604925E-16));
#292 = ORIENTED_EDGE('',*,*,#293,.T.);
#293 = EDGE_CURVE('',#286,#294,#296,.T.);
#294 = VERTEX_POINT('',#295);
#295 = CARTESIAN_POINT('',(24.,-99.125,-7.105427357601E-15));
#296 = LINE('',#297,#298);
#297 = CARTESIAN_POINT('',(24.,-120.,-7.105427357601E-15));
#298 = VECTOR('',#299,1.);
#299 = DIRECTION('',(0.,1.,0.));
#300 = ORIENTED_EDGE('',*,*,#301,.T.);
#301 = EDGE_CURVE('',#294,#302,#304,.T.);
#302 = VERTEX_POINT('',#303);
#303 = CARTESIAN_POINT('',(0.,-99.125,0.));
#304 = LINE('',#305,#306);
#305 = CARTESIAN_POINT('',(38.,-99.125,-1.06581410364E-14));
#306 = VECTOR('',#307,1.);
#307 = DIRECTION('',(-1.,0.,2.22044604925E-16));
#308 = ORIENTED_EDGE('',*,*,#309,.F.);
#309 = EDGE_CURVE('',#310,#302,#312,.T.);
#310 = VERTEX_POINT('',#311);
#311 = CARTESIAN_POINT('',(0.,-97.125,0.));
#312 = LINE('',#313,#314);
#313 = CARTESIAN_POINT('',(0.,-109.5625,0.));
#314 = VECTOR('',#315,1.);
#315 = DIRECTION('',(0.,-1.,0.));
#316 = ORIENTED_EDGE('',*,*,#317,.F.);
#317 = EDGE_CURVE('',#318,#310,#320,.T.);
#318 = VERTEX_POINT('',#319);
#319 = CARTESIAN_POINT('',(24.,-97.125,-7.105427357601E-15));
#320 = LINE('',#321,#322);
#321 = CARTESIAN_POINT('',(38.,-97.125,-1.06581410364E-14));
#322 = VECTOR('',#323,1.);
#323 = DIRECTION('',(-1.,0.,2.22044604925E-16));
#324 = ORIENTED_EDGE('',*,*,#325,.T.);
#325 = EDGE_CURVE('',#318,#326,#328,.T.);
#326 = VERTEX_POINT('',#327);
#327 = CARTESIAN_POINT('',(24.,-95.,-7.105427357601E-15));
#328 = LINE('',#329,#330);
#329 = CARTESIAN_POINT('',(24.,-120.,-7.105427357601E-15));
#330 = VECTOR('',#331,1.);
#331 = DIRECTION('',(0.,1.,0.));
#332 = ORIENTED_EDGE('',*,*,#333,.F.);
#333 = EDGE_CURVE('',#54,#326,#334,.T.);
#334 = LINE('',#335,#336);
#335 = CARTESIAN_POINT('',(51.,-95.,-1.42108547152E-14));
#336 = VECTOR('',#337,1.);
#337 = DIRECTION('',(1.,0.,-2.22044604925E-16));
#338 = PLANE('',#339);
#339 = AXIS2_PLACEMENT_3D('',#340,#341,#342);
#340 = CARTESIAN_POINT('',(26.,-120.,-7.105427357601E-15));
#341 = DIRECTION('',(2.22044604925E-16,0.,1.));
#342 = DIRECTION('',(-1.,0.,2.22044604925E-16));
#343 = SHELL_BASED_SURFACE_MODEL('',(#344));
#344 = OPEN_SHELL('',(#345));
#345 = ADVANCED_FACE('',(#346),#666,.T.);
#346 = FACE_BOUND('',#347,.T.);
#347 = EDGE_LOOP('',(#348,#358,#366,#374,#382,#390,#398,#406,#414,#422,
    #430,#438,#447,#455,#463,#471,#480,#488,#496,#504,#513,#522,#530,
    #538,#546,#555,#563,#571,#579,#588,#596,#604,#612,#620,#628,#636,
    #644,#652,#660));
#348 = ORIENTED_EDGE('',*,*,#349,.F.);
#349 = EDGE_CURVE('',#350,#352,#354,.T.);
#350 = VERTEX_POINT('',#351);
#351 = CARTESIAN_POINT('',(26.,-145.,5.329070518201E-15));
#352 = VERTEX_POINT('',#353);
#353 = CARTESIAN_POINT('',(26.,-95.,5.329070518201E-15));
#354 = LINE('',#355,#356);
#355 = CARTESIAN_POINT('',(26.,-132.5,5.329070518201E-15));
#356 = VECTOR('',#357,1.);
#357 = DIRECTION('',(0.,1.,0.));
#358 = ORIENTED_EDGE('',*,*,#359,.T.);
#359 = EDGE_CURVE('',#350,#360,#362,.T.);
#360 = VERTEX_POINT('',#361);
#361 = CARTESIAN_POINT('',(74.,-145.,-5.329070518201E-15));
#362 = LINE('',#363,#364);
#363 = CARTESIAN_POINT('',(101.,-145.,-1.06581410364E-14));
#364 = VECTOR('',#365,1.);
#365 = DIRECTION('',(1.,0.,-2.22044604925E-16));
#366 = ORIENTED_EDGE('',*,*,#367,.T.);
#367 = EDGE_CURVE('',#360,#368,#370,.T.);
#368 = VERTEX_POINT('',#369);
#369 = CARTESIAN_POINT('',(74.,-142.875,-5.329070518201E-15));
#370 = LINE('',#371,#372);
#371 = CARTESIAN_POINT('',(74.,-120.,-5.329070518201E-15));
#372 = VECTOR('',#373,1.);
#373 = DIRECTION('',(0.,1.,0.));
#374 = ORIENTED_EDGE('',*,*,#375,.T.);
#375 = EDGE_CURVE('',#368,#376,#378,.T.);
#376 = VERTEX_POINT('',#377);
#377 = CARTESIAN_POINT('',(50.,-142.875,0.));
#378 = LINE('',#379,#380);
#379 = CARTESIAN_POINT('',(88.,-142.875,-8.881784197001E-15));
#380 = VECTOR('',#381,1.);
#381 = DIRECTION('',(-1.,0.,2.22044604925E-16));
#382 = ORIENTED_EDGE('',*,*,#383,.F.);
#383 = EDGE_CURVE('',#384,#376,#386,.T.);
#384 = VERTEX_POINT('',#385);
#385 = CARTESIAN_POINT('',(50.,-140.875,0.));
#386 = LINE('',#387,#388);
#387 = CARTESIAN_POINT('',(50.,-131.4375,0.));
#388 = VECTOR('',#389,1.);
#389 = DIRECTION('',(0.,-1.,0.));
#390 = ORIENTED_EDGE('',*,*,#391,.F.);
#391 = EDGE_CURVE('',#392,#384,#394,.T.);
#392 = VERTEX_POINT('',#393);
#393 = CARTESIAN_POINT('',(74.,-140.875,-5.329070518201E-15));
#394 = LINE('',#395,#396);
#395 = CARTESIAN_POINT('',(88.,-140.875,-8.881784197001E-15));
#396 = VECTOR('',#397,1.);
#397 = DIRECTION('',(-1.,0.,2.22044604925E-16));
#398 = ORIENTED_EDGE('',*,*,#399,.T.);
#399 = EDGE_CURVE('',#392,#400,#402,.T.);
#400 = VERTEX_POINT('',#401);
#401 = CARTESIAN_POINT('',(74.,-136.625,-5.329070518201E-15));
#402 = LINE('',#403,#404);
#403 = CARTESIAN_POINT('',(74.,-120.,-5.329070518201E-15));
#404 = VECTOR('',#405,1.);
#405 = DIRECTION('',(0.,1.,0.));
#406 = ORIENTED_EDGE('',*,*,#407,.T.);
#407 = EDGE_CURVE('',#400,#408,#410,.T.);
#408 = VERTEX_POINT('',#409);
#409 = CARTESIAN_POINT('',(50.,-136.625,0.));
#410 = LINE('',#411,#412);
#411 = CARTESIAN_POINT('',(88.,-136.625,-8.881784197001E-15));
#412 = VECTOR('',#413,1.);
#413 = DIRECTION('',(-1.,0.,2.22044604925E-16));
#414 = ORIENTED_EDGE('',*,*,#415,.F.);
#415 = EDGE_CURVE('',#416,#408,#418,.T.);
#416 = VERTEX_POINT('',#417);
#417 = CARTESIAN_POINT('',(50.,-134.625,0.));
#418 = LINE('',#419,#420);
#419 = CARTESIAN_POINT('',(50.,-128.3125,0.));
#420 = VECTOR('',#421,1.);
#421 = DIRECTION('',(0.,-1.,0.));
#422 = ORIENTED_EDGE('',*,*,#423,.F.);
#423 = EDGE_CURVE('',#424,#416,#426,.T.);
#424 = VERTEX_POINT('',#425);
#425 = CARTESIAN_POINT('',(74.,-134.625,-5.329070518201E-15));
#426 = LINE('',#427,#428);
#427 = CARTESIAN_POINT('',(88.,-134.625,-8.881784197001E-15));
#428 = VECTOR('',#429,1.);
#429 = DIRECTION('',(-1.,0.,2.22044604925E-16));
#430 = ORIENTED_EDGE('',*,*,#431,.T.);
#431 = EDGE_CURVE('',#424,#432,#434,.T.);
#432 = VERTEX_POINT('',#433);
#433 = CARTESIAN_POINT('',(74.,-132.4843652221,-5.329070518201E-15));
#434 = LINE('',#435,#436);
#435 = CARTESIAN_POINT('',(74.,-120.,-5.329070518201E-15));
#436 = VECTOR('',#437,1.);
#437 = DIRECTION('',(0.,1.,0.));
#438 = ORIENTED_EDGE('',*,*,#439,.T.);
#439 = EDGE_CURVE('',#432,#440,#442,.T.);
#440 = VERTEX_POINT('',#441);
#441 = CARTESIAN_POINT('',(72.665540323793,-130.375,-5.329070518201E-15)
  );
#442 = HYPERBOLA('',#443,16.7589421875,15.625);
#443 = AXIS2_PLACEMENT_3D('',#444,#445,#446);
#444 = CARTESIAN_POINT('',(52.548554,-120.,0.));
#445 = DIRECTION('',(2.22044604925E-16,-0.,1.));
#446 = DIRECTION('',(1.,0.,-2.22044604925E-16));
#447 = ORIENTED_EDGE('',*,*,#448,.T.);
#448 = EDGE_CURVE('',#440,#449,#451,.T.);
#449 = VERTEX_POINT('',#450);
#450 = CARTESIAN_POINT('',(50.,-130.375,0.));
#451 = LINE('',#452,#453);
#452 = CARTESIAN_POINT('',(88.,-130.375,-8.881784197001E-15));
#453 = VECTOR('',#454,1.);
#454 = DIRECTION('',(-1.,0.,2.22044604925E-16));
#455 = ORIENTED_EDGE('',*,*,#456,.F.);
#456 = EDGE_CURVE('',#457,#449,#459,.T.);
#457 = VERTEX_POINT('',#458);
#458 = CARTESIAN_POINT('',(50.,-128.375,0.));
#459 = LINE('',#460,#461);
#460 = CARTESIAN_POINT('',(50.,-125.1875,0.));
#461 = VECTOR('',#462,1.);
#462 = DIRECTION('',(0.,-1.,0.));
#463 = ORIENTED_EDGE('',*,*,#464,.F.);
#464 = EDGE_CURVE('',#465,#457,#467,.T.);
#465 = VERTEX_POINT('',#466);
#466 = CARTESIAN_POINT('',(71.563093530301,-128.375,-3.552713678801E-15)
  );
#467 = LINE('',#468,#469);
#468 = CARTESIAN_POINT('',(88.,-128.375,-8.881784197001E-15));
#469 = VECTOR('',#470,1.);
#470 = DIRECTION('',(-1.,0.,2.22044604925E-16));
#471 = ORIENTED_EDGE('',*,*,#472,.T.);
#472 = EDGE_CURVE('',#465,#473,#475,.T.);
#473 = VERTEX_POINT('',#474);
#474 = CARTESIAN_POINT('',(69.881675795554,-124.125,-3.552713678801E-15)
  );
#475 = HYPERBOLA('',#476,16.7589421875,15.625);
#476 = AXIS2_PLACEMENT_3D('',#477,#478,#479);
#477 = CARTESIAN_POINT('',(52.548554,-120.,0.));
#478 = DIRECTION('',(2.22044604925E-16,-0.,1.));
#479 = DIRECTION('',(1.,0.,-2.22044604925E-16));
#480 = ORIENTED_EDGE('',*,*,#481,.T.);
#481 = EDGE_CURVE('',#473,#482,#484,.T.);
#482 = VERTEX_POINT('',#483);
#483 = CARTESIAN_POINT('',(50.,-124.125,0.));
#484 = LINE('',#485,#486);
#485 = CARTESIAN_POINT('',(88.,-124.125,-8.881784197001E-15));
#486 = VECTOR('',#487,1.);
#487 = DIRECTION('',(-1.,0.,2.22044604925E-16));
#488 = ORIENTED_EDGE('',*,*,#489,.F.);
#489 = EDGE_CURVE('',#490,#482,#492,.T.);
#490 = VERTEX_POINT('',#491);
#491 = CARTESIAN_POINT('',(50.,-122.125,0.));
#492 = LINE('',#493,#494);
#493 = CARTESIAN_POINT('',(50.,-122.0625,0.));
#494 = VECTOR('',#495,1.);
#495 = DIRECTION('',(0.,-1.,0.));
#496 = ORIENTED_EDGE('',*,*,#497,.F.);
#497 = EDGE_CURVE('',#498,#490,#500,.T.);
#498 = VERTEX_POINT('',#499);
#499 = CARTESIAN_POINT('',(69.461772778382,-122.125,-3.552713678801E-15)
  );
#500 = LINE('',#501,#502);
#501 = CARTESIAN_POINT('',(88.,-122.125,-8.881784197001E-15));
#502 = VECTOR('',#503,1.);
#503 = DIRECTION('',(-1.,0.,2.22044604925E-16));
#504 = ORIENTED_EDGE('',*,*,#505,.T.);
#505 = EDGE_CURVE('',#498,#506,#508,.T.);
#506 = VERTEX_POINT('',#507);
#507 = CARTESIAN_POINT('',(69.3074961875,-120.,-3.552713678801E-15));
#508 = HYPERBOLA('',#509,16.7589421875,15.625);
#509 = AXIS2_PLACEMENT_3D('',#510,#511,#512);
#510 = CARTESIAN_POINT('',(52.548554,-120.,0.));
#511 = DIRECTION('',(2.22044604925E-16,-0.,1.));
#512 = DIRECTION('',(1.,0.,-2.22044604925E-16));
#513 = ORIENTED_EDGE('',*,*,#514,.T.);
#514 = EDGE_CURVE('',#506,#515,#517,.T.);
#515 = VERTEX_POINT('',#516);
#516 = CARTESIAN_POINT('',(69.461772778382,-117.875,-3.552713678801E-15)
  );
#517 = HYPERBOLA('',#518,16.7589421875,15.625);
#518 = AXIS2_PLACEMENT_3D('',#519,#520,#521);
#519 = CARTESIAN_POINT('',(52.548554,-120.,0.));
#520 = DIRECTION('',(2.22044604925E-16,-0.,1.));
#521 = DIRECTION('',(1.,0.,-2.22044604925E-16));
#522 = ORIENTED_EDGE('',*,*,#523,.T.);
#523 = EDGE_CURVE('',#515,#524,#526,.T.);
#524 = VERTEX_POINT('',#525);
#525 = CARTESIAN_POINT('',(50.,-117.875,0.));
#526 = LINE('',#527,#528);
#527 = CARTESIAN_POINT('',(88.,-117.875,-8.881784197001E-15));
#528 = VECTOR('',#529,1.);
#529 = DIRECTION('',(-1.,0.,2.22044604925E-16));
#530 = ORIENTED_EDGE('',*,*,#531,.F.);
#531 = EDGE_CURVE('',#532,#524,#534,.T.);
#532 = VERTEX_POINT('',#533);
#533 = CARTESIAN_POINT('',(50.,-115.875,0.));
#534 = LINE('',#535,#536);
#535 = CARTESIAN_POINT('',(50.,-118.9375,0.));
#536 = VECTOR('',#537,1.);
#537 = DIRECTION('',(0.,-1.,0.));
#538 = ORIENTED_EDGE('',*,*,#539,.F.);
#539 = EDGE_CURVE('',#540,#532,#542,.T.);
#540 = VERTEX_POINT('',#541);
#541 = CARTESIAN_POINT('',(69.881675795554,-115.875,-3.552713678801E-15)
  );
#542 = LINE('',#543,#544);
#543 = CARTESIAN_POINT('',(88.,-115.875,-8.881784197001E-15));
#544 = VECTOR('',#545,1.);
#545 = DIRECTION('',(-1.,0.,2.22044604925E-16));
#546 = ORIENTED_EDGE('',*,*,#547,.T.);
#547 = EDGE_CURVE('',#540,#548,#550,.T.);
#548 = VERTEX_POINT('',#549);
#549 = CARTESIAN_POINT('',(71.563093530301,-111.625,-3.552713678801E-15)
  );
#550 = HYPERBOLA('',#551,16.7589421875,15.625);
#551 = AXIS2_PLACEMENT_3D('',#552,#553,#554);
#552 = CARTESIAN_POINT('',(52.548554,-120.,0.));
#553 = DIRECTION('',(2.22044604925E-16,-0.,1.));
#554 = DIRECTION('',(1.,0.,-2.22044604925E-16));
#555 = ORIENTED_EDGE('',*,*,#556,.T.);
#556 = EDGE_CURVE('',#548,#557,#559,.T.);
#557 = VERTEX_POINT('',#558);
#558 = CARTESIAN_POINT('',(50.,-111.625,0.));
#559 = LINE('',#560,#561);
#560 = CARTESIAN_POINT('',(88.,-111.625,-8.881784197001E-15));
#561 = VECTOR('',#562,1.);
#562 = DIRECTION('',(-1.,0.,2.22044604925E-16));
#563 = ORIENTED_EDGE('',*,*,#564,.F.);
#564 = EDGE_CURVE('',#565,#557,#567,.T.);
#565 = VERTEX_POINT('',#566);
#566 = CARTESIAN_POINT('',(50.,-109.625,0.));
#567 = LINE('',#568,#569);
#568 = CARTESIAN_POINT('',(50.,-115.8125,0.));
#569 = VECTOR('',#570,1.);
#570 = DIRECTION('',(0.,-1.,0.));
#571 = ORIENTED_EDGE('',*,*,#572,.F.);
#572 = EDGE_CURVE('',#573,#565,#575,.T.);
#573 = VERTEX_POINT('',#574);
#574 = CARTESIAN_POINT('',(72.665540323793,-109.625,-5.329070518201E-15)
  );
#575 = LINE('',#576,#577);
#576 = CARTESIAN_POINT('',(88.,-109.625,-8.881784197001E-15));
#577 = VECTOR('',#578,1.);
#578 = DIRECTION('',(-1.,0.,2.22044604925E-16));
#579 = ORIENTED_EDGE('',*,*,#580,.T.);
#580 = EDGE_CURVE('',#573,#581,#583,.T.);
#581 = VERTEX_POINT('',#582);
#582 = CARTESIAN_POINT('',(74.,-107.5156347778,-3.552713678801E-15));
#583 = HYPERBOLA('',#584,16.7589421875,15.625);
#584 = AXIS2_PLACEMENT_3D('',#585,#586,#587);
#585 = CARTESIAN_POINT('',(52.548554,-120.,0.));
#586 = DIRECTION('',(2.22044604925E-16,-0.,1.));
#587 = DIRECTION('',(1.,0.,-2.22044604925E-16));
#588 = ORIENTED_EDGE('',*,*,#589,.T.);
#589 = EDGE_CURVE('',#581,#590,#592,.T.);
#590 = VERTEX_POINT('',#591);
#591 = CARTESIAN_POINT('',(74.,-105.375,-5.329070518201E-15));
#592 = LINE('',#593,#594);
#593 = CARTESIAN_POINT('',(74.,-120.,-5.329070518201E-15));
#594 = VECTOR('',#595,1.);
#595 = DIRECTION('',(0.,1.,0.));
#596 = ORIENTED_EDGE('',*,*,#597,.T.);
#597 = EDGE_CURVE('',#590,#598,#600,.T.);
#598 = VERTEX_POINT('',#599);
#599 = CARTESIAN_POINT('',(50.,-105.375,0.));
#600 = LINE('',#601,#602);
#601 = CARTESIAN_POINT('',(88.,-105.375,-8.881784197001E-15));
#602 = VECTOR('',#603,1.);
#603 = DIRECTION('',(-1.,0.,2.22044604925E-16));
#604 = ORIENTED_EDGE('',*,*,#605,.F.);
#605 = EDGE_CURVE('',#606,#598,#608,.T.);
#606 = VERTEX_POINT('',#607);
#607 = CARTESIAN_POINT('',(50.,-103.375,0.));
#608 = LINE('',#609,#610);
#609 = CARTESIAN_POINT('',(50.,-112.6875,0.));
#610 = VECTOR('',#611,1.);
#611 = DIRECTION('',(0.,-1.,0.));
#612 = ORIENTED_EDGE('',*,*,#613,.F.);
#613 = EDGE_CURVE('',#614,#606,#616,.T.);
#614 = VERTEX_POINT('',#615);
#615 = CARTESIAN_POINT('',(74.,-103.375,-5.329070518201E-15));
#616 = LINE('',#617,#618);
#617 = CARTESIAN_POINT('',(88.,-103.375,-8.881784197001E-15));
#618 = VECTOR('',#619,1.);
#619 = DIRECTION('',(-1.,0.,2.22044604925E-16));
#620 = ORIENTED_EDGE('',*,*,#621,.T.);
#621 = EDGE_CURVE('',#614,#622,#624,.T.);
#622 = VERTEX_POINT('',#623);
#623 = CARTESIAN_POINT('',(74.,-99.125,-5.329070518201E-15));
#624 = LINE('',#625,#626);
#625 = CARTESIAN_POINT('',(74.,-120.,-5.329070518201E-15));
#626 = VECTOR('',#627,1.);
#627 = DIRECTION('',(0.,1.,0.));
#628 = ORIENTED_EDGE('',*,*,#629,.T.);
#629 = EDGE_CURVE('',#622,#630,#632,.T.);
#630 = VERTEX_POINT('',#631);
#631 = CARTESIAN_POINT('',(50.,-99.125,0.));
#632 = LINE('',#633,#634);
#633 = CARTESIAN_POINT('',(88.,-99.125,-8.881784197001E-15));
#634 = VECTOR('',#635,1.);
#635 = DIRECTION('',(-1.,0.,2.22044604925E-16));
#636 = ORIENTED_EDGE('',*,*,#637,.F.);
#637 = EDGE_CURVE('',#638,#630,#640,.T.);
#638 = VERTEX_POINT('',#639);
#639 = CARTESIAN_POINT('',(50.,-97.125,0.));
#640 = LINE('',#641,#642);
#641 = CARTESIAN_POINT('',(50.,-109.5625,0.));
#642 = VECTOR('',#643,1.);
#643 = DIRECTION('',(0.,-1.,0.));
#644 = ORIENTED_EDGE('',*,*,#645,.F.);
#645 = EDGE_CURVE('',#646,#638,#648,.T.);
#646 = VERTEX_POINT('',#647);
#647 = CARTESIAN_POINT('',(74.,-97.125,-5.329070518201E-15));
#648 = LINE('',#649,#650);
#649 = CARTESIAN_POINT('',(88.,-97.125,-8.881784197001E-15));
#650 = VECTOR('',#651,1.);
#651 = DIRECTION('',(-1.,0.,2.22044604925E-16));
#652 = ORIENTED_EDGE('',*,*,#653,.T.);
#653 = EDGE_CURVE('',#646,#654,#656,.T.);
#654 = VERTEX_POINT('',#655);
#655 = CARTESIAN_POINT('',(74.,-95.,-5.329070518201E-15));
#656 = LINE('',#657,#658);
#657 = CARTESIAN_POINT('',(74.,-120.,-5.329070518201E-15));
#658 = VECTOR('',#659,1.);
#659 = DIRECTION('',(0.,1.,0.));
#660 = ORIENTED_EDGE('',*,*,#661,.F.);
#661 = EDGE_CURVE('',#352,#654,#662,.T.);
#662 = LINE('',#663,#664);
#663 = CARTESIAN_POINT('',(101.,-95.,-1.06581410364E-14));
#664 = VECTOR('',#665,1.);
#665 = DIRECTION('',(1.,0.,-2.22044604925E-16));
#666 = PLANE('',#667);
#667 = AXIS2_PLACEMENT_3D('',#668,#669,#670);
#668 = CARTESIAN_POINT('',(76.,-120.,-5.329070518201E-15));
#669 = DIRECTION('',(2.22044604925E-16,0.,1.));
#670 = DIRECTION('',(-1.,0.,2.22044604925E-16));
#671 = SHELL_BASED_SURFACE_MODEL('',(#672));
#672 = OPEN_SHELL('',(#673));
#673 = ADVANCED_FACE('',(#674),#986,.T.);
#674 = FACE_BOUND('',#675,.T.);
#675 = EDGE_LOOP('',(#676,#686,#694,#702,#710,#718,#726,#734,#743,#751,
    #759,#767,#776,#784,#792,#800,#809,#817,#825,#833,#841,#849,#857,
    #865,#874,#882,#890,#898,#907,#915,#923,#931,#940,#948,#956,#964,
    #972,#980));
#676 = ORIENTED_EDGE('',*,*,#677,.F.);
#677 = EDGE_CURVE('',#678,#680,#682,.T.);
#678 = VERTEX_POINT('',#679);
#679 = CARTESIAN_POINT('',(76.,-145.,1.7763568394E-15));
#680 = VERTEX_POINT('',#681);
#681 = CARTESIAN_POINT('',(76.,-95.,1.7763568394E-15));
#682 = LINE('',#683,#684);
#683 = CARTESIAN_POINT('',(76.,-132.5,1.7763568394E-15));
#684 = VECTOR('',#685,1.);
#685 = DIRECTION('',(0.,1.,0.));
#686 = ORIENTED_EDGE('',*,*,#687,.T.);
#687 = EDGE_CURVE('',#678,#688,#690,.T.);
#688 = VERTEX_POINT('',#689);
#689 = CARTESIAN_POINT('',(124.,-145.,-8.881784197001E-15));
#690 = LINE('',#691,#692);
#691 = CARTESIAN_POINT('',(151.,-145.,-1.42108547152E-14));
#692 = VECTOR('',#693,1.);
#693 = DIRECTION('',(1.,0.,-2.22044604925E-16));
#694 = ORIENTED_EDGE('',*,*,#695,.T.);
#695 = EDGE_CURVE('',#688,#696,#698,.T.);
#696 = VERTEX_POINT('',#697);
#697 = CARTESIAN_POINT('',(124.,-142.875,-8.881784197001E-15));
#698 = LINE('',#699,#700);
#699 = CARTESIAN_POINT('',(124.,-120.,-8.881784197001E-15));
#700 = VECTOR('',#701,1.);
#701 = DIRECTION('',(0.,1.,0.));
#702 = ORIENTED_EDGE('',*,*,#703,.T.);
#703 = EDGE_CURVE('',#696,#704,#706,.T.);
#704 = VERTEX_POINT('',#705);
#705 = CARTESIAN_POINT('',(100.,-142.875,-3.552713678801E-15));
#706 = LINE('',#707,#708);
#707 = CARTESIAN_POINT('',(138.,-142.875,-1.24344978758E-14));
#708 = VECTOR('',#709,1.);
#709 = DIRECTION('',(-1.,0.,2.22044604925E-16));
#710 = ORIENTED_EDGE('',*,*,#711,.F.);
#711 = EDGE_CURVE('',#712,#704,#714,.T.);
#712 = VERTEX_POINT('',#713);
#713 = CARTESIAN_POINT('',(100.,-140.875,-3.552713678801E-15));
#714 = LINE('',#715,#716);
#715 = CARTESIAN_POINT('',(100.,-131.4375,-3.552713678801E-15));
#716 = VECTOR('',#717,1.);
#717 = DIRECTION('',(0.,-1.,0.));
#718 = ORIENTED_EDGE('',*,*,#719,.F.);
#719 = EDGE_CURVE('',#720,#712,#722,.T.);
#720 = VERTEX_POINT('',#721);
#721 = CARTESIAN_POINT('',(124.,-140.875,-8.881784197001E-15));
#722 = LINE('',#723,#724);
#723 = CARTESIAN_POINT('',(138.,-140.875,-1.24344978758E-14));
#724 = VECTOR('',#725,1.);
#725 = DIRECTION('',(-1.,0.,2.22044604925E-16));
#726 = ORIENTED_EDGE('',*,*,#727,.T.);
#727 = EDGE_CURVE('',#720,#728,#730,.T.);
#728 = VERTEX_POINT('',#729);
#729 = CARTESIAN_POINT('',(124.,-137.6666175313,-1.06581410364E-14));
#730 = LINE('',#731,#732);
#731 = CARTESIAN_POINT('',(124.,-120.,-8.881784197001E-15));
#732 = VECTOR('',#733,1.);
#733 = DIRECTION('',(0.,1.,0.));
#734 = ORIENTED_EDGE('',*,*,#735,.T.);
#735 = EDGE_CURVE('',#728,#736,#738,.T.);
#736 = VERTEX_POINT('',#737);
#737 = CARTESIAN_POINT('',(123.0198334052,-136.625,-8.881784197001E-15)
  );
#738 = HYPERBOLA('',#739,10.0553653125,9.375);
#739 = AXIS2_PLACEMENT_3D('',#740,#741,#742);
#740 = CARTESIAN_POINT('',(102.548554,-120.,-3.552713678801E-15));
#741 = DIRECTION('',(2.22044604925E-16,-0.,1.));
#742 = DIRECTION('',(1.,0.,-2.22044604925E-16));
#743 = ORIENTED_EDGE('',*,*,#744,.T.);
#744 = EDGE_CURVE('',#736,#745,#747,.T.);
#745 = VERTEX_POINT('',#746);
#746 = CARTESIAN_POINT('',(100.,-136.625,-3.552713678801E-15));
#747 = LINE('',#748,#749);
#748 = CARTESIAN_POINT('',(138.,-136.625,-1.24344978758E-14));
#749 = VECTOR('',#750,1.);
#750 = DIRECTION('',(-1.,0.,2.22044604925E-16));
#751 = ORIENTED_EDGE('',*,*,#752,.F.);
#752 = EDGE_CURVE('',#753,#745,#755,.T.);
#753 = VERTEX_POINT('',#754);
#754 = CARTESIAN_POINT('',(100.,-134.625,-3.552713678801E-15));
#755 = LINE('',#756,#757);
#756 = CARTESIAN_POINT('',(100.,-128.3125,-3.552713678801E-15));
#757 = VECTOR('',#758,1.);
#758 = DIRECTION('',(0.,-1.,0.));
#759 = ORIENTED_EDGE('',*,*,#760,.F.);
#760 = EDGE_CURVE('',#761,#753,#763,.T.);
#761 = VERTEX_POINT('',#762);
#762 = CARTESIAN_POINT('',(121.18112150464,-134.625,-7.105427357601E-15)
  );
#763 = LINE('',#764,#765);
#764 = CARTESIAN_POINT('',(138.,-134.625,-1.24344978758E-14));
#765 = VECTOR('',#766,1.);
#766 = DIRECTION('',(-1.,0.,2.22044604925E-16));
#767 = ORIENTED_EDGE('',*,*,#768,.T.);
#768 = EDGE_CURVE('',#761,#769,#771,.T.);
#769 = VERTEX_POINT('',#770);
#770 = CARTESIAN_POINT('',(117.54659944184,-130.375,-7.105427357601E-15)
  );
#771 = HYPERBOLA('',#772,10.0553653125,9.375);
#772 = AXIS2_PLACEMENT_3D('',#773,#774,#775);
#773 = CARTESIAN_POINT('',(102.548554,-120.,-3.552713678801E-15));
#774 = DIRECTION('',(2.22044604925E-16,-0.,1.));
#775 = DIRECTION('',(1.,0.,-2.22044604925E-16));
#776 = ORIENTED_EDGE('',*,*,#777,.T.);
#777 = EDGE_CURVE('',#769,#778,#780,.T.);
#778 = VERTEX_POINT('',#779);
#779 = CARTESIAN_POINT('',(100.,-130.375,-3.552713678801E-15));
#780 = LINE('',#781,#782);
#781 = CARTESIAN_POINT('',(138.,-130.375,-1.24344978758E-14));
#782 = VECTOR('',#783,1.);
#783 = DIRECTION('',(-1.,0.,2.22044604925E-16));
#784 = ORIENTED_EDGE('',*,*,#785,.F.);
#785 = EDGE_CURVE('',#786,#778,#788,.T.);
#786 = VERTEX_POINT('',#787);
#787 = CARTESIAN_POINT('',(100.,-128.375,-3.552713678801E-15));
#788 = LINE('',#789,#790);
#789 = CARTESIAN_POINT('',(100.,-125.1875,-3.552713678801E-15));
#790 = VECTOR('',#791,1.);
#791 = DIRECTION('',(0.,-1.,0.));
#792 = ORIENTED_EDGE('',*,*,#793,.F.);
#793 = EDGE_CURVE('',#794,#786,#796,.T.);
#794 = VERTEX_POINT('',#795);
#795 = CARTESIAN_POINT('',(116.03191195984,-128.375,-7.105427357601E-15)
  );
#796 = LINE('',#797,#798);
#797 = CARTESIAN_POINT('',(138.,-128.375,-1.24344978758E-14));
#798 = VECTOR('',#799,1.);
#799 = DIRECTION('',(-1.,0.,2.22044604925E-16));
#800 = ORIENTED_EDGE('',*,*,#801,.T.);
#801 = EDGE_CURVE('',#794,#802,#804,.T.);
#802 = VERTEX_POINT('',#803);
#803 = CARTESIAN_POINT('',(113.53424193946,-124.125,-5.329070518201E-15)
  );
#804 = HYPERBOLA('',#805,10.0553653125,9.375);
#805 = AXIS2_PLACEMENT_3D('',#806,#807,#808);
#806 = CARTESIAN_POINT('',(102.548554,-120.,-3.552713678801E-15));
#807 = DIRECTION('',(2.22044604925E-16,-0.,1.));
#808 = DIRECTION('',(1.,0.,-2.22044604925E-16));
#809 = ORIENTED_EDGE('',*,*,#810,.T.);
#810 = EDGE_CURVE('',#802,#811,#813,.T.);
#811 = VERTEX_POINT('',#812);
#812 = CARTESIAN_POINT('',(100.,-124.125,-3.552713678801E-15));
#813 = LINE('',#814,#815);
#814 = CARTESIAN_POINT('',(138.,-124.125,-1.24344978758E-14));
#815 = VECTOR('',#816,1.);
#816 = DIRECTION('',(-1.,0.,2.22044604925E-16));
#817 = ORIENTED_EDGE('',*,*,#818,.F.);
#818 = EDGE_CURVE('',#819,#811,#821,.T.);
#819 = VERTEX_POINT('',#820);
#820 = CARTESIAN_POINT('',(100.,-122.125,-3.552713678801E-15));
#821 = LINE('',#822,#823);
#822 = CARTESIAN_POINT('',(100.,-122.0625,-3.552713678801E-15));
#823 = VECTOR('',#824,1.);
#824 = DIRECTION('',(0.,-1.,0.));
#825 = ORIENTED_EDGE('',*,*,#826,.F.);
#826 = EDGE_CURVE('',#827,#819,#829,.T.);
#827 = VERTEX_POINT('',#828);
#828 = CARTESIAN_POINT('',(113.274277,-122.125,-5.329070518201E-15));
#829 = LINE('',#830,#831);
#830 = CARTESIAN_POINT('',(138.,-122.125,-1.24344978758E-14));
#831 = VECTOR('',#832,1.);
#832 = DIRECTION('',(-1.,0.,2.22044604925E-16));
#833 = ORIENTED_EDGE('',*,*,#834,.F.);
#834 = EDGE_CURVE('',#835,#827,#837,.T.);
#835 = VERTEX_POINT('',#836);
#836 = CARTESIAN_POINT('',(113.274277,-117.875,-5.329070518201E-15));
#837 = LINE('',#838,#839);
#838 = CARTESIAN_POINT('',(113.274277,-120.,-5.329070518201E-15));
#839 = VECTOR('',#840,1.);
#840 = DIRECTION('',(0.,-1.,0.));
#841 = ORIENTED_EDGE('',*,*,#842,.T.);
#842 = EDGE_CURVE('',#835,#843,#845,.T.);
#843 = VERTEX_POINT('',#844);
#844 = CARTESIAN_POINT('',(100.,-117.875,-3.552713678801E-15));
#845 = LINE('',#846,#847);
#846 = CARTESIAN_POINT('',(138.,-117.875,-1.24344978758E-14));
#847 = VECTOR('',#848,1.);
#848 = DIRECTION('',(-1.,0.,2.22044604925E-16));
#849 = ORIENTED_EDGE('',*,*,#850,.F.);
#850 = EDGE_CURVE('',#851,#843,#853,.T.);
#851 = VERTEX_POINT('',#852);
#852 = CARTESIAN_POINT('',(100.,-115.875,-3.552713678801E-15));
#853 = LINE('',#854,#855);
#854 = CARTESIAN_POINT('',(100.,-118.9375,-3.552713678801E-15));
#855 = VECTOR('',#856,1.);
#856 = DIRECTION('',(0.,-1.,0.));
#857 = ORIENTED_EDGE('',*,*,#858,.F.);
#858 = EDGE_CURVE('',#859,#851,#861,.T.);
#859 = VERTEX_POINT('',#860);
#860 = CARTESIAN_POINT('',(113.53424193946,-115.875,-5.329070518201E-15)
  );
#861 = LINE('',#862,#863);
#862 = CARTESIAN_POINT('',(138.,-115.875,-1.24344978758E-14));
#863 = VECTOR('',#864,1.);
#864 = DIRECTION('',(-1.,0.,2.22044604925E-16));
#865 = ORIENTED_EDGE('',*,*,#866,.T.);
#866 = EDGE_CURVE('',#859,#867,#869,.T.);
#867 = VERTEX_POINT('',#868);
#868 = CARTESIAN_POINT('',(116.03191195984,-111.625,-7.105427357601E-15)
  );
#869 = HYPERBOLA('',#870,10.0553653125,9.375);
#870 = AXIS2_PLACEMENT_3D('',#871,#872,#873);
#871 = CARTESIAN_POINT('',(102.548554,-120.,-3.552713678801E-15));
#872 = DIRECTION('',(2.22044604925E-16,-0.,1.));
#873 = DIRECTION('',(1.,0.,-2.22044604925E-16));
#874 = ORIENTED_EDGE('',*,*,#875,.T.);
#875 = EDGE_CURVE('',#867,#876,#878,.T.);
#876 = VERTEX_POINT('',#877);
#877 = CARTESIAN_POINT('',(100.,-111.625,-3.552713678801E-15));
#878 = LINE('',#879,#880);
#879 = CARTESIAN_POINT('',(138.,-111.625,-1.24344978758E-14));
#880 = VECTOR('',#881,1.);
#881 = DIRECTION('',(-1.,0.,2.22044604925E-16));
#882 = ORIENTED_EDGE('',*,*,#883,.F.);
#883 = EDGE_CURVE('',#884,#876,#886,.T.);
#884 = VERTEX_POINT('',#885);
#885 = CARTESIAN_POINT('',(100.,-109.625,-3.552713678801E-15));
#886 = LINE('',#887,#888);
#887 = CARTESIAN_POINT('',(100.,-115.8125,-3.552713678801E-15));
#888 = VECTOR('',#889,1.);
#889 = DIRECTION('',(0.,-1.,0.));
#890 = ORIENTED_EDGE('',*,*,#891,.F.);
#891 = EDGE_CURVE('',#892,#884,#894,.T.);
#892 = VERTEX_POINT('',#893);
#893 = CARTESIAN_POINT('',(117.54659944184,-109.625,-7.105427357601E-15)
  );
#894 = LINE('',#895,#896);
#895 = CARTESIAN_POINT('',(138.,-109.625,-1.24344978758E-14));
#896 = VECTOR('',#897,1.);
#897 = DIRECTION('',(-1.,0.,2.22044604925E-16));
#898 = ORIENTED_EDGE('',*,*,#899,.T.);
#899 = EDGE_CURVE('',#892,#900,#902,.T.);
#900 = VERTEX_POINT('',#901);
#901 = CARTESIAN_POINT('',(121.18112150464,-105.375,-7.105427357601E-15)
  );
#902 = HYPERBOLA('',#903,10.0553653125,9.375);
#903 = AXIS2_PLACEMENT_3D('',#904,#905,#906);
#904 = CARTESIAN_POINT('',(102.548554,-120.,-3.552713678801E-15));
#905 = DIRECTION('',(2.22044604925E-16,-0.,1.));
#906 = DIRECTION('',(1.,0.,-2.22044604925E-16));
#907 = ORIENTED_EDGE('',*,*,#908,.T.);
#908 = EDGE_CURVE('',#900,#909,#911,.T.);
#909 = VERTEX_POINT('',#910);
#910 = CARTESIAN_POINT('',(100.,-105.375,-3.552713678801E-15));
#911 = LINE('',#912,#913);
#912 = CARTESIAN_POINT('',(138.,-105.375,-1.24344978758E-14));
#913 = VECTOR('',#914,1.);
#914 = DIRECTION('',(-1.,0.,2.22044604925E-16));
#915 = ORIENTED_EDGE('',*,*,#916,.F.);
#916 = EDGE_CURVE('',#917,#909,#919,.T.);
#917 = VERTEX_POINT('',#918);
#918 = CARTESIAN_POINT('',(100.,-103.375,-3.552713678801E-15));
#919 = LINE('',#920,#921);
#920 = CARTESIAN_POINT('',(100.,-112.6875,-3.552713678801E-15));
#921 = VECTOR('',#922,1.);
#922 = DIRECTION('',(0.,-1.,0.));
#923 = ORIENTED_EDGE('',*,*,#924,.F.);
#924 = EDGE_CURVE('',#925,#917,#927,.T.);
#925 = VERTEX_POINT('',#926);
#926 = CARTESIAN_POINT('',(123.0198334052,-103.375,-8.881784197001E-15)
  );
#927 = LINE('',#928,#929);
#928 = CARTESIAN_POINT('',(138.,-103.375,-1.24344978758E-14));
#929 = VECTOR('',#930,1.);
#930 = DIRECTION('',(-1.,0.,2.22044604925E-16));
#931 = ORIENTED_EDGE('',*,*,#932,.T.);
#932 = EDGE_CURVE('',#925,#933,#935,.T.);
#933 = VERTEX_POINT('',#934);
#934 = CARTESIAN_POINT('',(124.,-102.3333824686,-1.7763568394E-15));
#935 = HYPERBOLA('',#936,10.0553653125,9.375);
#936 = AXIS2_PLACEMENT_3D('',#937,#938,#939);
#937 = CARTESIAN_POINT('',(102.548554,-120.,-3.552713678801E-15));
#938 = DIRECTION('',(2.22044604925E-16,-0.,1.));
#939 = DIRECTION('',(1.,0.,-2.22044604925E-16));
#940 = ORIENTED_EDGE('',*,*,#941,.T.);
#941 = EDGE_CURVE('',#933,#942,#944,.T.);
#942 = VERTEX_POINT('',#943);
#943 = CARTESIAN_POINT('',(124.,-99.125,-8.881784197001E-15));
#944 = LINE('',#945,#946);
#945 = CARTESIAN_POINT('',(124.,-120.,-8.881784197001E-15));
#946 = VECTOR('',#947,1.);
#947 = DIRECTION('',(0.,1.,0.));
#948 = ORIENTED_EDGE('',*,*,#949,.T.);
#949 = EDGE_CURVE('',#942,#950,#952,.T.);
#950 = VERTEX_POINT('',#951);
#951 = CARTESIAN_POINT('',(100.,-99.125,-3.552713678801E-15));
#952 = LINE('',#953,#954);
#953 = CARTESIAN_POINT('',(138.,-99.125,-1.24344978758E-14));
#954 = VECTOR('',#955,1.);
#955 = DIRECTION('',(-1.,0.,2.22044604925E-16));
#956 = ORIENTED_EDGE('',*,*,#957,.F.);
#957 = EDGE_CURVE('',#958,#950,#960,.T.);
#958 = VERTEX_POINT('',#959);
#959 = CARTESIAN_POINT('',(100.,-97.125,-3.552713678801E-15));
#960 = LINE('',#961,#962);
#961 = CARTESIAN_POINT('',(100.,-109.5625,-3.552713678801E-15));
#962 = VECTOR('',#963,1.);
#963 = DIRECTION('',(0.,-1.,0.));
#964 = ORIENTED_EDGE('',*,*,#965,.F.);
#965 = EDGE_CURVE('',#966,#958,#968,.T.);
#966 = VERTEX_POINT('',#967);
#967 = CARTESIAN_POINT('',(124.,-97.125,-8.881784197001E-15));
#968 = LINE('',#969,#970);
#969 = CARTESIAN_POINT('',(138.,-97.125,-1.24344978758E-14));
#970 = VECTOR('',#971,1.);
#971 = DIRECTION('',(-1.,0.,2.22044604925E-16));
#972 = ORIENTED_EDGE('',*,*,#973,.T.);
#973 = EDGE_CURVE('',#966,#974,#976,.T.);
#974 = VERTEX_POINT('',#975);
#975 = CARTESIAN_POINT('',(124.,-95.,-8.881784197001E-15));
#976 = LINE('',#977,#978);
#977 = CARTESIAN_POINT('',(124.,-120.,-8.881784197001E-15));
#978 = VECTOR('',#979,1.);
#979 = DIRECTION('',(0.,1.,0.));
#980 = ORIENTED_EDGE('',*,*,#981,.F.);
#981 = EDGE_CURVE('',#680,#974,#982,.T.);
#982 = LINE('',#983,#984);
#983 = CARTESIAN_POINT('',(151.,-95.,-1.42108547152E-14));
#984 = VECTOR('',#985,1.);
#985 = DIRECTION('',(1.,0.,-2.22044604925E-16));
#986 = PLANE('',#987);
#987 = AXIS2_PLACEMENT_3D('',#988,#989,#990);
#988 = CARTESIAN_POINT('',(126.,-120.,-8.881784197001E-15));
#989 = DIRECTION('',(2.22044604925E-16,0.,1.));
#990 = DIRECTION('',(-1.,0.,2.22044604925E-16));
#991 = SHELL_BASED_SURFACE_MODEL('',(#992));
#992 = OPEN_SHELL('',(#993));
#993 = ADVANCED_FACE('',(#994),#1304,.T.);
#994 = FACE_BOUND('',#995,.T.);
#995 = EDGE_LOOP('',(#996,#1006,#1014,#1022,#1030,#1038,#1046,#1054,
    #1063,#1071,#1079,#1087,#1096,#1104,#1112,#1120,#1128,#1136,#1144,
    #1152,#1160,#1168,#1176,#1184,#1192,#1200,#1208,#1216,#1225,#1233,
    #1241,#1249,#1258,#1266,#1274,#1282,#1290,#1298));
#996 = ORIENTED_EDGE('',*,*,#997,.F.);
#997 = EDGE_CURVE('',#998,#1000,#1002,.T.);
#998 = VERTEX_POINT('',#999);
#999 = CARTESIAN_POINT('',(126.,-145.,2.6645352591E-15));
#1000 = VERTEX_POINT('',#1001);
#1001 = CARTESIAN_POINT('',(126.,-95.,2.6645352591E-15));
#1002 = LINE('',#1003,#1004);
#1003 = CARTESIAN_POINT('',(126.,-132.5,2.6645352591E-15));
#1004 = VECTOR('',#1005,1.);
#1005 = DIRECTION('',(0.,1.,0.));
#1006 = ORIENTED_EDGE('',*,*,#1007,.T.);
#1007 = EDGE_CURVE('',#998,#1008,#1010,.T.);
#1008 = VERTEX_POINT('',#1009);
#1009 = CARTESIAN_POINT('',(174.,-145.,-7.993605777301E-15));
#1010 = LINE('',#1011,#1012);
#1011 = CARTESIAN_POINT('',(201.,-145.,-1.376676550535E-14));
#1012 = VECTOR('',#1013,1.);
#1013 = DIRECTION('',(1.,0.,-2.22044604925E-16));
#1014 = ORIENTED_EDGE('',*,*,#1015,.T.);
#1015 = EDGE_CURVE('',#1008,#1016,#1018,.T.);
#1016 = VERTEX_POINT('',#1017);
#1017 = CARTESIAN_POINT('',(174.,-142.875,-7.993605777301E-15));
#1018 = LINE('',#1019,#1020);
#1019 = CARTESIAN_POINT('',(174.,-120.,-7.993605777301E-15));
#1020 = VECTOR('',#1021,1.);
#1021 = DIRECTION('',(0.,1.,0.));
#1022 = ORIENTED_EDGE('',*,*,#1023,.T.);
#1023 = EDGE_CURVE('',#1016,#1024,#1026,.T.);
#1024 = VERTEX_POINT('',#1025);
#1025 = CARTESIAN_POINT('',(150.,-142.875,-2.6645352591E-15));
#1026 = LINE('',#1027,#1028);
#1027 = CARTESIAN_POINT('',(188.,-142.875,-1.110223024625E-14));
#1028 = VECTOR('',#1029,1.);
#1029 = DIRECTION('',(-1.,0.,2.22044604925E-16));
#1030 = ORIENTED_EDGE('',*,*,#1031,.F.);
#1031 = EDGE_CURVE('',#1032,#1024,#1034,.T.);
#1032 = VERTEX_POINT('',#1033);
#1033 = CARTESIAN_POINT('',(150.,-140.875,-2.6645352591E-15));
#1034 = LINE('',#1035,#1036);
#1035 = CARTESIAN_POINT('',(150.,-131.4375,-2.6645352591E-15));
#1036 = VECTOR('',#1037,1.);
#1037 = DIRECTION('',(0.,-1.,0.));
#1038 = ORIENTED_EDGE('',*,*,#1039,.F.);
#1039 = EDGE_CURVE('',#1040,#1032,#1042,.T.);
#1040 = VERTEX_POINT('',#1041);
#1041 = CARTESIAN_POINT('',(174.,-140.875,-7.993605777301E-15));
#1042 = LINE('',#1043,#1044);
#1043 = CARTESIAN_POINT('',(188.,-140.875,-1.110223024625E-14));
#1044 = VECTOR('',#1045,1.);
#1045 = DIRECTION('',(-1.,0.,2.22044604925E-16));
#1046 = ORIENTED_EDGE('',*,*,#1047,.T.);
#1047 = EDGE_CURVE('',#1040,#1048,#1050,.T.);
#1048 = VERTEX_POINT('',#1049);
#1049 = CARTESIAN_POINT('',(174.,-139.7543507865,-7.549516567451E-15));
#1050 = LINE('',#1051,#1052);
#1051 = CARTESIAN_POINT('',(174.,-120.,-7.993605777301E-15));
#1052 = VECTOR('',#1053,1.);
#1053 = DIRECTION('',(0.,1.,0.));
#1054 = ORIENTED_EDGE('',*,*,#1055,.T.);
#1055 = EDGE_CURVE('',#1048,#1056,#1058,.T.);
#1056 = VERTEX_POINT('',#1057);
#1057 = CARTESIAN_POINT('',(170.69235169088,-136.625,-7.105427357601E-15
    ));
#1058 = HYPERBOLA('',#1059,3.3517884375,3.125);
#1059 = AXIS2_PLACEMENT_3D('',#1060,#1061,#1062);
#1060 = CARTESIAN_POINT('',(152.548554,-120.,-3.10862446895E-15));
#1061 = DIRECTION('',(2.22044604925E-16,-0.,1.));
#1062 = DIRECTION('',(1.,0.,-2.22044604925E-16));
#1063 = ORIENTED_EDGE('',*,*,#1064,.T.);
#1064 = EDGE_CURVE('',#1056,#1065,#1067,.T.);
#1065 = VERTEX_POINT('',#1066);
#1066 = CARTESIAN_POINT('',(150.,-136.625,-2.6645352591E-15));
#1067 = LINE('',#1068,#1069);
#1068 = CARTESIAN_POINT('',(188.,-136.625,-1.110223024625E-14));
#1069 = VECTOR('',#1070,1.);
#1070 = DIRECTION('',(-1.,0.,2.22044604925E-16));
#1071 = ORIENTED_EDGE('',*,*,#1072,.F.);
#1072 = EDGE_CURVE('',#1073,#1065,#1075,.T.);
#1073 = VERTEX_POINT('',#1074);
#1074 = CARTESIAN_POINT('',(150.,-134.625,-2.6645352591E-15));
#1075 = LINE('',#1076,#1077);
#1076 = CARTESIAN_POINT('',(150.,-128.3125,-2.6645352591E-15));
#1077 = VECTOR('',#1078,1.);
#1078 = DIRECTION('',(0.,-1.,0.));
#1079 = ORIENTED_EDGE('',*,*,#1080,.F.);
#1080 = EDGE_CURVE('',#1081,#1073,#1083,.T.);
#1081 = VERTEX_POINT('',#1082);
#1082 = CARTESIAN_POINT('',(168.58902425424,-134.625,-6.661338147751E-15
    ));
#1083 = LINE('',#1084,#1085);
#1084 = CARTESIAN_POINT('',(188.,-134.625,-1.110223024625E-14));
#1085 = VECTOR('',#1086,1.);
#1086 = DIRECTION('',(-1.,0.,2.22044604925E-16));
#1087 = ORIENTED_EDGE('',*,*,#1088,.T.);
#1088 = EDGE_CURVE('',#1081,#1089,#1091,.T.);
#1089 = VERTEX_POINT('',#1090);
#1090 = CARTESIAN_POINT('',(164.1703215608,-130.375,-5.773159728051E-15)
  );
#1091 = HYPERBOLA('',#1092,3.3517884375,3.125);
#1092 = AXIS2_PLACEMENT_3D('',#1093,#1094,#1095);
#1093 = CARTESIAN_POINT('',(152.548554,-120.,-3.10862446895E-15));
#1094 = DIRECTION('',(2.22044604925E-16,-0.,1.));
#1095 = DIRECTION('',(1.,0.,-2.22044604925E-16));
#1096 = ORIENTED_EDGE('',*,*,#1097,.T.);
#1097 = EDGE_CURVE('',#1089,#1098,#1100,.T.);
#1098 = VERTEX_POINT('',#1099);
#1099 = CARTESIAN_POINT('',(150.,-130.375,-2.6645352591E-15));
#1100 = LINE('',#1101,#1102);
#1101 = CARTESIAN_POINT('',(188.,-130.375,-1.110223024625E-14));
#1102 = VECTOR('',#1103,1.);
#1103 = DIRECTION('',(-1.,0.,2.22044604925E-16));
#1104 = ORIENTED_EDGE('',*,*,#1105,.F.);
#1105 = EDGE_CURVE('',#1106,#1098,#1108,.T.);
#1106 = VERTEX_POINT('',#1107);
#1107 = CARTESIAN_POINT('',(150.,-128.375,-2.6645352591E-15));
#1108 = LINE('',#1109,#1110);
#1109 = CARTESIAN_POINT('',(150.,-125.1875,-2.6645352591E-15));
#1110 = VECTOR('',#1111,1.);
#1111 = DIRECTION('',(0.,-1.,0.));
#1112 = ORIENTED_EDGE('',*,*,#1113,.F.);
#1113 = EDGE_CURVE('',#1114,#1106,#1116,.T.);
#1114 = VERTEX_POINT('',#1115);
#1115 = CARTESIAN_POINT('',(163.274277,-128.375,-5.773159728051E-15));
#1116 = LINE('',#1117,#1118);
#1117 = CARTESIAN_POINT('',(188.,-128.375,-1.110223024625E-14));
#1118 = VECTOR('',#1119,1.);
#1119 = DIRECTION('',(-1.,0.,2.22044604925E-16));
#1120 = ORIENTED_EDGE('',*,*,#1121,.F.);
#1121 = EDGE_CURVE('',#1122,#1114,#1124,.T.);
#1122 = VERTEX_POINT('',#1123);
#1123 = CARTESIAN_POINT('',(163.274277,-124.125,-5.773159728051E-15));
#1124 = LINE('',#1125,#1126);
#1125 = CARTESIAN_POINT('',(163.274277,-120.,-5.773159728051E-15));
#1126 = VECTOR('',#1127,1.);
#1127 = DIRECTION('',(0.,-1.,0.));
#1128 = ORIENTED_EDGE('',*,*,#1129,.T.);
#1129 = EDGE_CURVE('',#1122,#1130,#1132,.T.);
#1130 = VERTEX_POINT('',#1131);
#1131 = CARTESIAN_POINT('',(150.,-124.125,-2.6645352591E-15));
#1132 = LINE('',#1133,#1134);
#1133 = CARTESIAN_POINT('',(188.,-124.125,-1.110223024625E-14));
#1134 = VECTOR('',#1135,1.);
#1135 = DIRECTION('',(-1.,0.,2.22044604925E-16));
#1136 = ORIENTED_EDGE('',*,*,#1137,.F.);
#1137 = EDGE_CURVE('',#1138,#1130,#1140,.T.);
#1138 = VERTEX_POINT('',#1139);
#1139 = CARTESIAN_POINT('',(150.,-122.125,-2.6645352591E-15));
#1140 = LINE('',#1141,#1142);
#1141 = CARTESIAN_POINT('',(150.,-122.0625,-2.6645352591E-15));
#1142 = VECTOR('',#1143,1.);
#1143 = DIRECTION('',(0.,-1.,0.));
#1144 = ORIENTED_EDGE('',*,*,#1145,.F.);
#1145 = EDGE_CURVE('',#1146,#1138,#1148,.T.);
#1146 = VERTEX_POINT('',#1147);
#1147 = CARTESIAN_POINT('',(163.274277,-122.125,-5.773159728051E-15));
#1148 = LINE('',#1149,#1150);
#1149 = CARTESIAN_POINT('',(188.,-122.125,-1.110223024625E-14));
#1150 = VECTOR('',#1151,1.);
#1151 = DIRECTION('',(-1.,0.,2.22044604925E-16));
#1152 = ORIENTED_EDGE('',*,*,#1153,.F.);
#1153 = EDGE_CURVE('',#1154,#1146,#1156,.T.);
#1154 = VERTEX_POINT('',#1155);
#1155 = CARTESIAN_POINT('',(163.274277,-117.875,-5.773159728051E-15));
#1156 = LINE('',#1157,#1158);
#1157 = CARTESIAN_POINT('',(163.274277,-120.,-5.773159728051E-15));
#1158 = VECTOR('',#1159,1.);
#1159 = DIRECTION('',(0.,-1.,0.));
#1160 = ORIENTED_EDGE('',*,*,#1161,.T.);
#1161 = EDGE_CURVE('',#1154,#1162,#1164,.T.);
#1162 = VERTEX_POINT('',#1163);
#1163 = CARTESIAN_POINT('',(150.,-117.875,-2.6645352591E-15));
#1164 = LINE('',#1165,#1166);
#1165 = CARTESIAN_POINT('',(188.,-117.875,-1.110223024625E-14));
#1166 = VECTOR('',#1167,1.);
#1167 = DIRECTION('',(-1.,0.,2.22044604925E-16));
#1168 = ORIENTED_EDGE('',*,*,#1169,.F.);
#1169 = EDGE_CURVE('',#1170,#1162,#1172,.T.);
#1170 = VERTEX_POINT('',#1171);
#1171 = CARTESIAN_POINT('',(150.,-115.875,-2.6645352591E-15));
#1172 = LINE('',#1173,#1174);
#1173 = CARTESIAN_POINT('',(150.,-118.9375,-2.6645352591E-15));
#1174 = VECTOR('',#1175,1.);
#1175 = DIRECTION('',(0.,-1.,0.));
#1176 = ORIENTED_EDGE('',*,*,#1177,.F.);
#1177 = EDGE_CURVE('',#1178,#1170,#1180,.T.);
#1178 = VERTEX_POINT('',#1179);
#1179 = CARTESIAN_POINT('',(163.274277,-115.875,-5.773159728051E-15));
#1180 = LINE('',#1181,#1182);
#1181 = CARTESIAN_POINT('',(188.,-115.875,-1.110223024625E-14));
#1182 = VECTOR('',#1183,1.);
#1183 = DIRECTION('',(-1.,0.,2.22044604925E-16));
#1184 = ORIENTED_EDGE('',*,*,#1185,.F.);
#1185 = EDGE_CURVE('',#1186,#1178,#1188,.T.);
#1186 = VERTEX_POINT('',#1187);
#1187 = CARTESIAN_POINT('',(163.274277,-111.625,-5.773159728051E-15));
#1188 = LINE('',#1189,#1190);
#1189 = CARTESIAN_POINT('',(163.274277,-120.,-5.773159728051E-15));
#1190 = VECTOR('',#1191,1.);
#1191 = DIRECTION('',(0.,-1.,0.));
#1192 = ORIENTED_EDGE('',*,*,#1193,.T.);
#1193 = EDGE_CURVE('',#1186,#1194,#1196,.T.);
#1194 = VERTEX_POINT('',#1195);
#1195 = CARTESIAN_POINT('',(150.,-111.625,-2.6645352591E-15));
#1196 = LINE('',#1197,#1198);
#1197 = CARTESIAN_POINT('',(188.,-111.625,-1.110223024625E-14));
#1198 = VECTOR('',#1199,1.);
#1199 = DIRECTION('',(-1.,0.,2.22044604925E-16));
#1200 = ORIENTED_EDGE('',*,*,#1201,.F.);
#1201 = EDGE_CURVE('',#1202,#1194,#1204,.T.);
#1202 = VERTEX_POINT('',#1203);
#1203 = CARTESIAN_POINT('',(150.,-109.625,-2.6645352591E-15));
#1204 = LINE('',#1205,#1206);
#1205 = CARTESIAN_POINT('',(150.,-115.8125,-2.6645352591E-15));
#1206 = VECTOR('',#1207,1.);
#1207 = DIRECTION('',(0.,-1.,0.));
#1208 = ORIENTED_EDGE('',*,*,#1209,.F.);
#1209 = EDGE_CURVE('',#1210,#1202,#1212,.T.);
#1210 = VERTEX_POINT('',#1211);
#1211 = CARTESIAN_POINT('',(164.1703215608,-109.625,-5.773159728051E-15)
  );
#1212 = LINE('',#1213,#1214);
#1213 = CARTESIAN_POINT('',(188.,-109.625,-1.110223024625E-14));
#1214 = VECTOR('',#1215,1.);
#1215 = DIRECTION('',(-1.,0.,2.22044604925E-16));
#1216 = ORIENTED_EDGE('',*,*,#1217,.T.);
#1217 = EDGE_CURVE('',#1210,#1218,#1220,.T.);
#1218 = VERTEX_POINT('',#1219);
#1219 = CARTESIAN_POINT('',(168.58902425424,-105.375,-6.661338147751E-15
    ));
#1220 = HYPERBOLA('',#1221,3.3517884375,3.125);
#1221 = AXIS2_PLACEMENT_3D('',#1222,#1223,#1224);
#1222 = CARTESIAN_POINT('',(152.548554,-120.,-3.10862446895E-15));
#1223 = DIRECTION('',(2.22044604925E-16,-0.,1.));
#1224 = DIRECTION('',(1.,0.,-2.22044604925E-16));
#1225 = ORIENTED_EDGE('',*,*,#1226,.T.);
#1226 = EDGE_CURVE('',#1218,#1227,#1229,.T.);
#1227 = VERTEX_POINT('',#1228);
#1228 = CARTESIAN_POINT('',(150.,-105.375,-2.6645352591E-15));
#1229 = LINE('',#1230,#1231);
#1230 = CARTESIAN_POINT('',(188.,-105.375,-1.110223024625E-14));
#1231 = VECTOR('',#1232,1.);
#1232 = DIRECTION('',(-1.,0.,2.22044604925E-16));
#1233 = ORIENTED_EDGE('',*,*,#1234,.F.);
#1234 = EDGE_CURVE('',#1235,#1227,#1237,.T.);
#1235 = VERTEX_POINT('',#1236);
#1236 = CARTESIAN_POINT('',(150.,-103.375,-2.6645352591E-15));
#1237 = LINE('',#1238,#1239);
#1238 = CARTESIAN_POINT('',(150.,-112.6875,-2.6645352591E-15));
#1239 = VECTOR('',#1240,1.);
#1240 = DIRECTION('',(0.,-1.,0.));
#1241 = ORIENTED_EDGE('',*,*,#1242,.F.);
#1242 = EDGE_CURVE('',#1243,#1235,#1245,.T.);
#1243 = VERTEX_POINT('',#1244);
#1244 = CARTESIAN_POINT('',(170.69235169088,-103.375,-7.105427357601E-15
    ));
#1245 = LINE('',#1246,#1247);
#1246 = CARTESIAN_POINT('',(188.,-103.375,-1.110223024625E-14));
#1247 = VECTOR('',#1248,1.);
#1248 = DIRECTION('',(-1.,0.,2.22044604925E-16));
#1249 = ORIENTED_EDGE('',*,*,#1250,.T.);
#1250 = EDGE_CURVE('',#1243,#1251,#1253,.T.);
#1251 = VERTEX_POINT('',#1252);
#1252 = CARTESIAN_POINT('',(174.,-100.2456492134,-3.10862446895E-15));
#1253 = HYPERBOLA('',#1254,3.3517884375,3.125);
#1254 = AXIS2_PLACEMENT_3D('',#1255,#1256,#1257);
#1255 = CARTESIAN_POINT('',(152.548554,-120.,-3.10862446895E-15));
#1256 = DIRECTION('',(2.22044604925E-16,-0.,1.));
#1257 = DIRECTION('',(1.,0.,-2.22044604925E-16));
#1258 = ORIENTED_EDGE('',*,*,#1259,.T.);
#1259 = EDGE_CURVE('',#1251,#1260,#1262,.T.);
#1260 = VERTEX_POINT('',#1261);
#1261 = CARTESIAN_POINT('',(174.,-99.125,-7.993605777301E-15));
#1262 = LINE('',#1263,#1264);
#1263 = CARTESIAN_POINT('',(174.,-120.,-7.993605777301E-15));
#1264 = VECTOR('',#1265,1.);
#1265 = DIRECTION('',(0.,1.,0.));
#1266 = ORIENTED_EDGE('',*,*,#1267,.T.);
#1267 = EDGE_CURVE('',#1260,#1268,#1270,.T.);
#1268 = VERTEX_POINT('',#1269);
#1269 = CARTESIAN_POINT('',(150.,-99.125,-2.6645352591E-15));
#1270 = LINE('',#1271,#1272);
#1271 = CARTESIAN_POINT('',(188.,-99.125,-1.110223024625E-14));
#1272 = VECTOR('',#1273,1.);
#1273 = DIRECTION('',(-1.,0.,2.22044604925E-16));
#1274 = ORIENTED_EDGE('',*,*,#1275,.F.);
#1275 = EDGE_CURVE('',#1276,#1268,#1278,.T.);
#1276 = VERTEX_POINT('',#1277);
#1277 = CARTESIAN_POINT('',(150.,-97.125,-2.6645352591E-15));
#1278 = LINE('',#1279,#1280);
#1279 = CARTESIAN_POINT('',(150.,-109.5625,-2.6645352591E-15));
#1280 = VECTOR('',#1281,1.);
#1281 = DIRECTION('',(0.,-1.,0.));
#1282 = ORIENTED_EDGE('',*,*,#1283,.F.);
#1283 = EDGE_CURVE('',#1284,#1276,#1286,.T.);
#1284 = VERTEX_POINT('',#1285);
#1285 = CARTESIAN_POINT('',(174.,-97.125,-7.993605777301E-15));
#1286 = LINE('',#1287,#1288);
#1287 = CARTESIAN_POINT('',(188.,-97.125,-1.110223024625E-14));
#1288 = VECTOR('',#1289,1.);
#1289 = DIRECTION('',(-1.,0.,2.22044604925E-16));
#1290 = ORIENTED_EDGE('',*,*,#1291,.T.);
#1291 = EDGE_CURVE('',#1284,#1292,#1294,.T.);
#1292 = VERTEX_POINT('',#1293);
#1293 = CARTESIAN_POINT('',(174.,-95.,-7.993605777301E-15));
#1294 = LINE('',#1295,#1296);
#1295 = CARTESIAN_POINT('',(174.,-120.,-7.993605777301E-15));
#1296 = VECTOR('',#1297,1.);
#1297 = DIRECTION('',(0.,1.,0.));
#1298 = ORIENTED_EDGE('',*,*,#1299,.F.);
#1299 = EDGE_CURVE('',#1000,#1292,#1300,.T.);
#1300 = LINE('',#1301,#1302);
#1301 = CARTESIAN_POINT('',(201.,-95.,-1.376676550535E-14));
#1302 = VECTOR('',#1303,1.);
#1303 = DIRECTION('',(1.,0.,-2.22044604925E-16));
#1304 = PLANE('',#1305);
#1305 = AXIS2_PLACEMENT_3D('',#1306,#1307,#1308);
#1306 = CARTESIAN_POINT('',(176.,-120.,-8.437694987151E-15));
#1307 = DIRECTION('',(2.22044604925E-16,0.,1.));
#1308 = DIRECTION('',(-1.,0.,2.22044604925E-16));
#1309 = SHELL_BASED_SURFACE_MODEL('',(#1310));
#1310 = OPEN_SHELL('',(#1311));
#1311 = ADVANCED_FACE('',(#1312),#1622,.T.);
#1312 = FACE_BOUND('',#1313,.T.);
#1313 = EDGE_LOOP('',(#1314,#1324,#1332,#1340,#1348,#1356,#1364,#1372,
    #1381,#1389,#1397,#1405,#1414,#1422,#1430,#1438,#1446,#1454,#1462,
    #1470,#1478,#1486,#1494,#1502,#1510,#1518,#1526,#1534,#1543,#1551,
    #1559,#1567,#1576,#1584,#1592,#1600,#1608,#1616));
#1314 = ORIENTED_EDGE('',*,*,#1315,.F.);
#1315 = EDGE_CURVE('',#1316,#1318,#1320,.T.);
#1316 = VERTEX_POINT('',#1317);
#1317 = CARTESIAN_POINT('',(176.,-145.,4.440892098501E-15));
#1318 = VERTEX_POINT('',#1319);
#1319 = CARTESIAN_POINT('',(176.,-95.,4.440892098501E-15));
#1320 = LINE('',#1321,#1322);
#1321 = CARTESIAN_POINT('',(176.,-132.5,4.440892098501E-15));
#1322 = VECTOR('',#1323,1.);
#1323 = DIRECTION('',(0.,1.,0.));
#1324 = ORIENTED_EDGE('',*,*,#1325,.T.);
#1325 = EDGE_CURVE('',#1316,#1326,#1328,.T.);
#1326 = VERTEX_POINT('',#1327);
#1327 = CARTESIAN_POINT('',(224.,-145.,-6.217248937901E-15));
#1328 = LINE('',#1329,#1330);
#1329 = CARTESIAN_POINT('',(251.,-145.,-1.199040866595E-14));
#1330 = VECTOR('',#1331,1.);
#1331 = DIRECTION('',(1.,0.,-2.22044604925E-16));
#1332 = ORIENTED_EDGE('',*,*,#1333,.T.);
#1333 = EDGE_CURVE('',#1326,#1334,#1336,.T.);
#1334 = VERTEX_POINT('',#1335);
#1335 = CARTESIAN_POINT('',(224.,-142.875,-6.217248937901E-15));
#1336 = LINE('',#1337,#1338);
#1337 = CARTESIAN_POINT('',(224.,-120.,-6.217248937901E-15));
#1338 = VECTOR('',#1339,1.);
#1339 = DIRECTION('',(0.,1.,0.));
#1340 = ORIENTED_EDGE('',*,*,#1341,.T.);
#1341 = EDGE_CURVE('',#1334,#1342,#1344,.T.);
#1342 = VERTEX_POINT('',#1343);
#1343 = CARTESIAN_POINT('',(200.,-142.875,-8.881784197001E-16));
#1344 = LINE('',#1345,#1346);
#1345 = CARTESIAN_POINT('',(238.,-142.875,-9.325873406851E-15));
#1346 = VECTOR('',#1347,1.);
#1347 = DIRECTION('',(-1.,0.,2.22044604925E-16));
#1348 = ORIENTED_EDGE('',*,*,#1349,.F.);
#1349 = EDGE_CURVE('',#1350,#1342,#1352,.T.);
#1350 = VERTEX_POINT('',#1351);
#1351 = CARTESIAN_POINT('',(200.,-140.875,-8.881784197001E-16));
#1352 = LINE('',#1353,#1354);
#1353 = CARTESIAN_POINT('',(200.,-131.4375,-8.881784197001E-16));
#1354 = VECTOR('',#1355,1.);
#1355 = DIRECTION('',(0.,-1.,0.));
#1356 = ORIENTED_EDGE('',*,*,#1357,.F.);
#1357 = EDGE_CURVE('',#1358,#1350,#1360,.T.);
#1358 = VERTEX_POINT('',#1359);
#1359 = CARTESIAN_POINT('',(224.,-140.875,-6.217248937901E-15));
#1360 = LINE('',#1361,#1362);
#1361 = CARTESIAN_POINT('',(238.,-140.875,-9.325873406851E-15));
#1362 = VECTOR('',#1363,1.);
#1363 = DIRECTION('',(-1.,0.,2.22044604925E-16));
#1364 = ORIENTED_EDGE('',*,*,#1365,.T.);
#1365 = EDGE_CURVE('',#1358,#1366,#1368,.T.);
#1366 = VERTEX_POINT('',#1367);
#1367 = CARTESIAN_POINT('',(224.,-139.7543507865,-4.440892098501E-15));
#1368 = LINE('',#1369,#1370);
#1369 = CARTESIAN_POINT('',(224.,-120.,-6.217248937901E-15));
#1370 = VECTOR('',#1371,1.);
#1371 = DIRECTION('',(0.,1.,0.));
#1372 = ORIENTED_EDGE('',*,*,#1373,.T.);
#1373 = EDGE_CURVE('',#1366,#1374,#1376,.T.);
#1374 = VERTEX_POINT('',#1375);
#1375 = CARTESIAN_POINT('',(220.69235169088,-136.625,-5.329070518201E-15
    ));
#1376 = HYPERBOLA('',#1377,3.3517884375,3.125);
#1377 = AXIS2_PLACEMENT_3D('',#1378,#1379,#1380);
#1378 = CARTESIAN_POINT('',(202.548554,-120.,-1.33226762955E-15));
#1379 = DIRECTION('',(2.22044604925E-16,-0.,1.));
#1380 = DIRECTION('',(1.,0.,-2.22044604925E-16));
#1381 = ORIENTED_EDGE('',*,*,#1382,.T.);
#1382 = EDGE_CURVE('',#1374,#1383,#1385,.T.);
#1383 = VERTEX_POINT('',#1384);
#1384 = CARTESIAN_POINT('',(200.,-136.625,-8.881784197001E-16));
#1385 = LINE('',#1386,#1387);
#1386 = CARTESIAN_POINT('',(238.,-136.625,-9.325873406851E-15));
#1387 = VECTOR('',#1388,1.);
#1388 = DIRECTION('',(-1.,0.,2.22044604925E-16));
#1389 = ORIENTED_EDGE('',*,*,#1390,.F.);
#1390 = EDGE_CURVE('',#1391,#1383,#1393,.T.);
#1391 = VERTEX_POINT('',#1392);
#1392 = CARTESIAN_POINT('',(200.,-134.625,-8.881784197001E-16));
#1393 = LINE('',#1394,#1395);
#1394 = CARTESIAN_POINT('',(200.,-128.3125,-8.881784197001E-16));
#1395 = VECTOR('',#1396,1.);
#1396 = DIRECTION('',(0.,-1.,0.));
#1397 = ORIENTED_EDGE('',*,*,#1398,.F.);
#1398 = EDGE_CURVE('',#1399,#1391,#1401,.T.);
#1399 = VERTEX_POINT('',#1400);
#1400 = CARTESIAN_POINT('',(218.58902425424,-134.625,-4.884981308351E-15
    ));
#1401 = LINE('',#1402,#1403);
#1402 = CARTESIAN_POINT('',(238.,-134.625,-9.325873406851E-15));
#1403 = VECTOR('',#1404,1.);
#1404 = DIRECTION('',(-1.,0.,2.22044604925E-16));
#1405 = ORIENTED_EDGE('',*,*,#1406,.T.);
#1406 = EDGE_CURVE('',#1399,#1407,#1409,.T.);
#1407 = VERTEX_POINT('',#1408);
#1408 = CARTESIAN_POINT('',(214.1703215608,-130.375,-3.996802888651E-15)
  );
#1409 = HYPERBOLA('',#1410,3.3517884375,3.125);
#1410 = AXIS2_PLACEMENT_3D('',#1411,#1412,#1413);
#1411 = CARTESIAN_POINT('',(202.548554,-120.,-1.33226762955E-15));
#1412 = DIRECTION('',(2.22044604925E-16,-0.,1.));
#1413 = DIRECTION('',(1.,0.,-2.22044604925E-16));
#1414 = ORIENTED_EDGE('',*,*,#1415,.T.);
#1415 = EDGE_CURVE('',#1407,#1416,#1418,.T.);
#1416 = VERTEX_POINT('',#1417);
#1417 = CARTESIAN_POINT('',(200.,-130.375,-8.881784197001E-16));
#1418 = LINE('',#1419,#1420);
#1419 = CARTESIAN_POINT('',(238.,-130.375,-9.325873406851E-15));
#1420 = VECTOR('',#1421,1.);
#1421 = DIRECTION('',(-1.,0.,2.22044604925E-16));
#1422 = ORIENTED_EDGE('',*,*,#1423,.F.);
#1423 = EDGE_CURVE('',#1424,#1416,#1426,.T.);
#1424 = VERTEX_POINT('',#1425);
#1425 = CARTESIAN_POINT('',(200.,-128.375,-8.881784197001E-16));
#1426 = LINE('',#1427,#1428);
#1427 = CARTESIAN_POINT('',(200.,-125.1875,-8.881784197001E-16));
#1428 = VECTOR('',#1429,1.);
#1429 = DIRECTION('',(0.,-1.,0.));
#1430 = ORIENTED_EDGE('',*,*,#1431,.F.);
#1431 = EDGE_CURVE('',#1432,#1424,#1434,.T.);
#1432 = VERTEX_POINT('',#1433);
#1433 = CARTESIAN_POINT('',(213.274277,-128.375,-3.996802888651E-15));
#1434 = LINE('',#1435,#1436);
#1435 = CARTESIAN_POINT('',(238.,-128.375,-9.325873406851E-15));
#1436 = VECTOR('',#1437,1.);
#1437 = DIRECTION('',(-1.,0.,2.22044604925E-16));
#1438 = ORIENTED_EDGE('',*,*,#1439,.F.);
#1439 = EDGE_CURVE('',#1440,#1432,#1442,.T.);
#1440 = VERTEX_POINT('',#1441);
#1441 = CARTESIAN_POINT('',(213.274277,-124.125,-3.996802888651E-15));
#1442 = LINE('',#1443,#1444);
#1443 = CARTESIAN_POINT('',(213.274277,-120.,-3.996802888651E-15));
#1444 = VECTOR('',#1445,1.);
#1445 = DIRECTION('',(0.,-1.,0.));
#1446 = ORIENTED_EDGE('',*,*,#1447,.T.);
#1447 = EDGE_CURVE('',#1440,#1448,#1450,.T.);
#1448 = VERTEX_POINT('',#1449);
#1449 = CARTESIAN_POINT('',(200.,-124.125,-8.881784197001E-16));
#1450 = LINE('',#1451,#1452);
#1451 = CARTESIAN_POINT('',(238.,-124.125,-9.325873406851E-15));
#1452 = VECTOR('',#1453,1.);
#1453 = DIRECTION('',(-1.,0.,2.22044604925E-16));
#1454 = ORIENTED_EDGE('',*,*,#1455,.F.);
#1455 = EDGE_CURVE('',#1456,#1448,#1458,.T.);
#1456 = VERTEX_POINT('',#1457);
#1457 = CARTESIAN_POINT('',(200.,-122.125,-8.881784197001E-16));
#1458 = LINE('',#1459,#1460);
#1459 = CARTESIAN_POINT('',(200.,-122.0625,-8.881784197001E-16));
#1460 = VECTOR('',#1461,1.);
#1461 = DIRECTION('',(0.,-1.,0.));
#1462 = ORIENTED_EDGE('',*,*,#1463,.F.);
#1463 = EDGE_CURVE('',#1464,#1456,#1466,.T.);
#1464 = VERTEX_POINT('',#1465);
#1465 = CARTESIAN_POINT('',(213.274277,-122.125,-3.996802888651E-15));
#1466 = LINE('',#1467,#1468);
#1467 = CARTESIAN_POINT('',(238.,-122.125,-9.325873406851E-15));
#1468 = VECTOR('',#1469,1.);
#1469 = DIRECTION('',(-1.,0.,2.22044604925E-16));
#1470 = ORIENTED_EDGE('',*,*,#1471,.F.);
#1471 = EDGE_CURVE('',#1472,#1464,#1474,.T.);
#1472 = VERTEX_POINT('',#1473);
#1473 = CARTESIAN_POINT('',(213.274277,-117.875,-3.996802888651E-15));
#1474 = LINE('',#1475,#1476);
#1475 = CARTESIAN_POINT('',(213.274277,-120.,-3.996802888651E-15));
#1476 = VECTOR('',#1477,1.);
#1477 = DIRECTION('',(0.,-1.,0.));
#1478 = ORIENTED_EDGE('',*,*,#1479,.T.);
#1479 = EDGE_CURVE('',#1472,#1480,#1482,.T.);
#1480 = VERTEX_POINT('',#1481);
#1481 = CARTESIAN_POINT('',(200.,-117.875,-8.881784197001E-16));
#1482 = LINE('',#1483,#1484);
#1483 = CARTESIAN_POINT('',(238.,-117.875,-9.325873406851E-15));
#1484 = VECTOR('',#1485,1.);
#1485 = DIRECTION('',(-1.,0.,2.22044604925E-16));
#1486 = ORIENTED_EDGE('',*,*,#1487,.F.);
#1487 = EDGE_CURVE('',#1488,#1480,#1490,.T.);
#1488 = VERTEX_POINT('',#1489);
#1489 = CARTESIAN_POINT('',(200.,-115.875,-8.881784197001E-16));
#1490 = LINE('',#1491,#1492);
#1491 = CARTESIAN_POINT('',(200.,-118.9375,-8.881784197001E-16));
#1492 = VECTOR('',#1493,1.);
#1493 = DIRECTION('',(0.,-1.,0.));
#1494 = ORIENTED_EDGE('',*,*,#1495,.F.);
#1495 = EDGE_CURVE('',#1496,#1488,#1498,.T.);
#1496 = VERTEX_POINT('',#1497);
#1497 = CARTESIAN_POINT('',(213.274277,-115.875,-3.996802888651E-15));
#1498 = LINE('',#1499,#1500);
#1499 = CARTESIAN_POINT('',(238.,-115.875,-9.325873406851E-15));
#1500 = VECTOR('',#1501,1.);
#1501 = DIRECTION('',(-1.,0.,2.22044604925E-16));
#1502 = ORIENTED_EDGE('',*,*,#1503,.F.);
#1503 = EDGE_CURVE('',#1504,#1496,#1506,.T.);
#1504 = VERTEX_POINT('',#1505);
#1505 = CARTESIAN_POINT('',(213.274277,-111.625,-3.996802888651E-15));
#1506 = LINE('',#1507,#1508);
#1507 = CARTESIAN_POINT('',(213.274277,-120.,-3.996802888651E-15));
#1508 = VECTOR('',#1509,1.);
#1509 = DIRECTION('',(0.,-1.,0.));
#1510 = ORIENTED_EDGE('',*,*,#1511,.T.);
#1511 = EDGE_CURVE('',#1504,#1512,#1514,.T.);
#1512 = VERTEX_POINT('',#1513);
#1513 = CARTESIAN_POINT('',(200.,-111.625,-8.881784197001E-16));
#1514 = LINE('',#1515,#1516);
#1515 = CARTESIAN_POINT('',(238.,-111.625,-9.325873406851E-15));
#1516 = VECTOR('',#1517,1.);
#1517 = DIRECTION('',(-1.,0.,2.22044604925E-16));
#1518 = ORIENTED_EDGE('',*,*,#1519,.F.);
#1519 = EDGE_CURVE('',#1520,#1512,#1522,.T.);
#1520 = VERTEX_POINT('',#1521);
#1521 = CARTESIAN_POINT('',(200.,-109.625,-8.881784197001E-16));
#1522 = LINE('',#1523,#1524);
#1523 = CARTESIAN_POINT('',(200.,-115.8125,-8.881784197001E-16));
#1524 = VECTOR('',#1525,1.);
#1525 = DIRECTION('',(0.,-1.,0.));
#1526 = ORIENTED_EDGE('',*,*,#1527,.F.);
#1527 = EDGE_CURVE('',#1528,#1520,#1530,.T.);
#1528 = VERTEX_POINT('',#1529);
#1529 = CARTESIAN_POINT('',(214.1703215608,-109.625,-3.996802888651E-15)
  );
#1530 = LINE('',#1531,#1532);
#1531 = CARTESIAN_POINT('',(238.,-109.625,-9.325873406851E-15));
#1532 = VECTOR('',#1533,1.);
#1533 = DIRECTION('',(-1.,0.,2.22044604925E-16));
#1534 = ORIENTED_EDGE('',*,*,#1535,.T.);
#1535 = EDGE_CURVE('',#1528,#1536,#1538,.T.);
#1536 = VERTEX_POINT('',#1537);
#1537 = CARTESIAN_POINT('',(218.58902425424,-105.375,-4.884981308351E-15
    ));
#1538 = HYPERBOLA('',#1539,3.3517884375,3.125);
#1539 = AXIS2_PLACEMENT_3D('',#1540,#1541,#1542);
#1540 = CARTESIAN_POINT('',(202.548554,-120.,-1.33226762955E-15));
#1541 = DIRECTION('',(2.22044604925E-16,-0.,1.));
#1542 = DIRECTION('',(1.,0.,-2.22044604925E-16));
#1543 = ORIENTED_EDGE('',*,*,#1544,.T.);
#1544 = EDGE_CURVE('',#1536,#1545,#1547,.T.);
#1545 = VERTEX_POINT('',#1546);
#1546 = CARTESIAN_POINT('',(200.,-105.375,-8.881784197001E-16));
#1547 = LINE('',#1548,#1549);
#1548 = CARTESIAN_POINT('',(238.,-105.375,-9.325873406851E-15));
#1549 = VECTOR('',#1550,1.);
#1550 = DIRECTION('',(-1.,0.,2.22044604925E-16));
#1551 = ORIENTED_EDGE('',*,*,#1552,.F.);
#1552 = EDGE_CURVE('',#1553,#1545,#1555,.T.);
#1553 = VERTEX_POINT('',#1554);
#1554 = CARTESIAN_POINT('',(200.,-103.375,-8.881784197001E-16));
#1555 = LINE('',#1556,#1557);
#1556 = CARTESIAN_POINT('',(200.,-112.6875,-8.881784197001E-16));
#1557 = VECTOR('',#1558,1.);
#1558 = DIRECTION('',(0.,-1.,0.));
#1559 = ORIENTED_EDGE('',*,*,#1560,.F.);
#1560 = EDGE_CURVE('',#1561,#1553,#1563,.T.);
#1561 = VERTEX_POINT('',#1562);
#1562 = CARTESIAN_POINT('',(220.69235169088,-103.375,-5.329070518201E-15
    ));
#1563 = LINE('',#1564,#1565);
#1564 = CARTESIAN_POINT('',(238.,-103.375,-9.325873406851E-15));
#1565 = VECTOR('',#1566,1.);
#1566 = DIRECTION('',(-1.,0.,2.22044604925E-16));
#1567 = ORIENTED_EDGE('',*,*,#1568,.T.);
#1568 = EDGE_CURVE('',#1561,#1569,#1571,.T.);
#1569 = VERTEX_POINT('',#1570);
#1570 = CARTESIAN_POINT('',(224.,-100.2456492134,-3.996802888651E-15));
#1571 = HYPERBOLA('',#1572,3.3517884375,3.125);
#1572 = AXIS2_PLACEMENT_3D('',#1573,#1574,#1575);
#1573 = CARTESIAN_POINT('',(202.548554,-120.,-1.33226762955E-15));
#1574 = DIRECTION('',(2.22044604925E-16,-0.,1.));
#1575 = DIRECTION('',(1.,0.,-2.22044604925E-16));
#1576 = ORIENTED_EDGE('',*,*,#1577,.T.);
#1577 = EDGE_CURVE('',#1569,#1578,#1580,.T.);
#1578 = VERTEX_POINT('',#1579);
#1579 = CARTESIAN_POINT('',(224.,-99.125,-6.217248937901E-15));
#1580 = LINE('',#1581,#1582);
#1581 = CARTESIAN_POINT('',(224.,-120.,-6.217248937901E-15));
#1582 = VECTOR('',#1583,1.);
#1583 = DIRECTION('',(0.,1.,0.));
#1584 = ORIENTED_EDGE('',*,*,#1585,.T.);
#1585 = EDGE_CURVE('',#1578,#1586,#1588,.T.);
#1586 = VERTEX_POINT('',#1587);
#1587 = CARTESIAN_POINT('',(200.,-99.125,-8.881784197001E-16));
#1588 = LINE('',#1589,#1590);
#1589 = CARTESIAN_POINT('',(238.,-99.125,-9.325873406851E-15));
#1590 = VECTOR('',#1591,1.);
#1591 = DIRECTION('',(-1.,0.,2.22044604925E-16));
#1592 = ORIENTED_EDGE('',*,*,#1593,.F.);
#1593 = EDGE_CURVE('',#1594,#1586,#1596,.T.);
#1594 = VERTEX_POINT('',#1595);
#1595 = CARTESIAN_POINT('',(200.,-97.125,-8.881784197001E-16));
#1596 = LINE('',#1597,#1598);
#1597 = CARTESIAN_POINT('',(200.,-109.5625,-8.881784197001E-16));
#1598 = VECTOR('',#1599,1.);
#1599 = DIRECTION('',(0.,-1.,0.));
#1600 = ORIENTED_EDGE('',*,*,#1601,.F.);
#1601 = EDGE_CURVE('',#1602,#1594,#1604,.T.);
#1602 = VERTEX_POINT('',#1603);
#1603 = CARTESIAN_POINT('',(224.,-97.125,-6.217248937901E-15));
#1604 = LINE('',#1605,#1606);
#1605 = CARTESIAN_POINT('',(238.,-97.125,-9.325873406851E-15));
#1606 = VECTOR('',#1607,1.);
#1607 = DIRECTION('',(-1.,0.,2.22044604925E-16));
#1608 = ORIENTED_EDGE('',*,*,#1609,.T.);
#1609 = EDGE_CURVE('',#1602,#1610,#1612,.T.);
#1610 = VERTEX_POINT('',#1611);
#1611 = CARTESIAN_POINT('',(224.,-95.,-6.217248937901E-15));
#1612 = LINE('',#1613,#1614);
#1613 = CARTESIAN_POINT('',(224.,-120.,-6.217248937901E-15));
#1614 = VECTOR('',#1615,1.);
#1615 = DIRECTION('',(0.,1.,0.));
#1616 = ORIENTED_EDGE('',*,*,#1617,.F.);
#1617 = EDGE_CURVE('',#1318,#1610,#1618,.T.);
#1618 = LINE('',#1619,#1620);
#1619 = CARTESIAN_POINT('',(251.,-95.,-1.199040866595E-14));
#1620 = VECTOR('',#1621,1.);
#1621 = DIRECTION('',(1.,0.,-2.22044604925E-16));
#1622 = PLANE('',#1623);
#1623 = AXIS2_PLACEMENT_3D('',#1624,#1625,#1626);
#1624 = CARTESIAN_POINT('',(226.,-120.,-6.661338147751E-15));
#1625 = DIRECTION('',(2.22044604925E-16,0.,1.));
#1626 = DIRECTION('',(-1.,0.,2.22044604925E-16));
#1627 = SHELL_BASED_SURFACE_MODEL('',(#1628));
#1628 = OPEN_SHELL('',(#1629));
#1629 = ADVANCED_FACE('',(#1630),#1942,.T.);
#1630 = FACE_BOUND('',#1631,.T.);
#1631 = EDGE_LOOP('',(#1632,#1642,#1650,#1658,#1666,#1674,#1682,#1690,
    #1699,#1707,#1715,#1723,#1732,#1740,#1748,#1756,#1765,#1773,#1781,
    #1789,#1797,#1805,#1813,#1821,#1830,#1838,#1846,#1854,#1863,#1871,
    #1879,#1887,#1896,#1904,#1912,#1920,#1928,#1936));
#1632 = ORIENTED_EDGE('',*,*,#1633,.F.);
#1633 = EDGE_CURVE('',#1634,#1636,#1638,.T.);
#1634 = VERTEX_POINT('',#1635);
#1635 = CARTESIAN_POINT('',(226.,-145.,-1.7763568394E-15));
#1636 = VERTEX_POINT('',#1637);
#1637 = CARTESIAN_POINT('',(226.,-95.,-1.7763568394E-15));
#1638 = LINE('',#1639,#1640);
#1639 = CARTESIAN_POINT('',(226.,-132.5,-1.7763568394E-15));
#1640 = VECTOR('',#1641,1.);
#1641 = DIRECTION('',(0.,1.,0.));
#1642 = ORIENTED_EDGE('',*,*,#1643,.T.);
#1643 = EDGE_CURVE('',#1634,#1644,#1646,.T.);
#1644 = VERTEX_POINT('',#1645);
#1645 = CARTESIAN_POINT('',(274.,-145.,-1.24344978758E-14));
#1646 = LINE('',#1647,#1648);
#1647 = CARTESIAN_POINT('',(301.,-145.,-1.7763568394E-14));
#1648 = VECTOR('',#1649,1.);
#1649 = DIRECTION('',(1.,0.,-2.22044604925E-16));
#1650 = ORIENTED_EDGE('',*,*,#1651,.T.);
#1651 = EDGE_CURVE('',#1644,#1652,#1654,.T.);
#1652 = VERTEX_POINT('',#1653);
#1653 = CARTESIAN_POINT('',(274.,-142.875,-1.24344978758E-14));
#1654 = LINE('',#1655,#1656);
#1655 = CARTESIAN_POINT('',(274.,-120.,-1.24344978758E-14));
#1656 = VECTOR('',#1657,1.);
#1657 = DIRECTION('',(0.,1.,0.));
#1658 = ORIENTED_EDGE('',*,*,#1659,.T.);
#1659 = EDGE_CURVE('',#1652,#1660,#1662,.T.);
#1660 = VERTEX_POINT('',#1661);
#1661 = CARTESIAN_POINT('',(250.,-142.875,-7.105427357601E-15));
#1662 = LINE('',#1663,#1664);
#1663 = CARTESIAN_POINT('',(288.,-142.875,-1.59872115546E-14));
#1664 = VECTOR('',#1665,1.);
#1665 = DIRECTION('',(-1.,0.,2.22044604925E-16));
#1666 = ORIENTED_EDGE('',*,*,#1667,.F.);
#1667 = EDGE_CURVE('',#1668,#1660,#1670,.T.);
#1668 = VERTEX_POINT('',#1669);
#1669 = CARTESIAN_POINT('',(250.,-140.875,-7.105427357601E-15));
#1670 = LINE('',#1671,#1672);
#1671 = CARTESIAN_POINT('',(250.,-131.4375,-7.105427357601E-15));
#1672 = VECTOR('',#1673,1.);
#1673 = DIRECTION('',(0.,-1.,0.));
#1674 = ORIENTED_EDGE('',*,*,#1675,.F.);
#1675 = EDGE_CURVE('',#1676,#1668,#1678,.T.);
#1676 = VERTEX_POINT('',#1677);
#1677 = CARTESIAN_POINT('',(274.,-140.875,-1.24344978758E-14));
#1678 = LINE('',#1679,#1680);
#1679 = CARTESIAN_POINT('',(288.,-140.875,-1.59872115546E-14));
#1680 = VECTOR('',#1681,1.);
#1681 = DIRECTION('',(-1.,0.,2.22044604925E-16));
#1682 = ORIENTED_EDGE('',*,*,#1683,.T.);
#1683 = EDGE_CURVE('',#1676,#1684,#1686,.T.);
#1684 = VERTEX_POINT('',#1685);
#1685 = CARTESIAN_POINT('',(274.,-137.6666175313,-8.881784197001E-15));
#1686 = LINE('',#1687,#1688);
#1687 = CARTESIAN_POINT('',(274.,-120.,-1.24344978758E-14));
#1688 = VECTOR('',#1689,1.);
#1689 = DIRECTION('',(0.,1.,0.));
#1690 = ORIENTED_EDGE('',*,*,#1691,.T.);
#1691 = EDGE_CURVE('',#1684,#1692,#1694,.T.);
#1692 = VERTEX_POINT('',#1693);
#1693 = CARTESIAN_POINT('',(273.0198334052,-136.625,-1.24344978758E-14)
  );
#1694 = HYPERBOLA('',#1695,10.0553653125,9.375);
#1695 = AXIS2_PLACEMENT_3D('',#1696,#1697,#1698);
#1696 = CARTESIAN_POINT('',(252.548554,-120.,-7.105427357601E-15));
#1697 = DIRECTION('',(2.22044604925E-16,-0.,1.));
#1698 = DIRECTION('',(1.,0.,-2.22044604925E-16));
#1699 = ORIENTED_EDGE('',*,*,#1700,.T.);
#1700 = EDGE_CURVE('',#1692,#1701,#1703,.T.);
#1701 = VERTEX_POINT('',#1702);
#1702 = CARTESIAN_POINT('',(250.,-136.625,-7.105427357601E-15));
#1703 = LINE('',#1704,#1705);
#1704 = CARTESIAN_POINT('',(288.,-136.625,-1.59872115546E-14));
#1705 = VECTOR('',#1706,1.);
#1706 = DIRECTION('',(-1.,0.,2.22044604925E-16));
#1707 = ORIENTED_EDGE('',*,*,#1708,.F.);
#1708 = EDGE_CURVE('',#1709,#1701,#1711,.T.);
#1709 = VERTEX_POINT('',#1710);
#1710 = CARTESIAN_POINT('',(250.,-134.625,-7.105427357601E-15));
#1711 = LINE('',#1712,#1713);
#1712 = CARTESIAN_POINT('',(250.,-128.3125,-7.105427357601E-15));
#1713 = VECTOR('',#1714,1.);
#1714 = DIRECTION('',(0.,-1.,0.));
#1715 = ORIENTED_EDGE('',*,*,#1716,.F.);
#1716 = EDGE_CURVE('',#1717,#1709,#1719,.T.);
#1717 = VERTEX_POINT('',#1718);
#1718 = CARTESIAN_POINT('',(271.18112150464,-134.625,-1.06581410364E-14)
  );
#1719 = LINE('',#1720,#1721);
#1720 = CARTESIAN_POINT('',(288.,-134.625,-1.59872115546E-14));
#1721 = VECTOR('',#1722,1.);
#1722 = DIRECTION('',(-1.,0.,2.22044604925E-16));
#1723 = ORIENTED_EDGE('',*,*,#1724,.T.);
#1724 = EDGE_CURVE('',#1717,#1725,#1727,.T.);
#1725 = VERTEX_POINT('',#1726);
#1726 = CARTESIAN_POINT('',(267.54659944184,-130.375,-1.06581410364E-14)
  );
#1727 = HYPERBOLA('',#1728,10.0553653125,9.375);
#1728 = AXIS2_PLACEMENT_3D('',#1729,#1730,#1731);
#1729 = CARTESIAN_POINT('',(252.548554,-120.,-7.105427357601E-15));
#1730 = DIRECTION('',(2.22044604925E-16,-0.,1.));
#1731 = DIRECTION('',(1.,0.,-2.22044604925E-16));
#1732 = ORIENTED_EDGE('',*,*,#1733,.T.);
#1733 = EDGE_CURVE('',#1725,#1734,#1736,.T.);
#1734 = VERTEX_POINT('',#1735);
#1735 = CARTESIAN_POINT('',(250.,-130.375,-7.105427357601E-15));
#1736 = LINE('',#1737,#1738);
#1737 = CARTESIAN_POINT('',(288.,-130.375,-1.59872115546E-14));
#1738 = VECTOR('',#1739,1.);
#1739 = DIRECTION('',(-1.,0.,2.22044604925E-16));
#1740 = ORIENTED_EDGE('',*,*,#1741,.F.);
#1741 = EDGE_CURVE('',#1742,#1734,#1744,.T.);
#1742 = VERTEX_POINT('',#1743);
#1743 = CARTESIAN_POINT('',(250.,-128.375,-7.105427357601E-15));
#1744 = LINE('',#1745,#1746);
#1745 = CARTESIAN_POINT('',(250.,-125.1875,-7.105427357601E-15));
#1746 = VECTOR('',#1747,1.);
#1747 = DIRECTION('',(0.,-1.,0.));
#1748 = ORIENTED_EDGE('',*,*,#1749,.F.);
#1749 = EDGE_CURVE('',#1750,#1742,#1752,.T.);
#1750 = VERTEX_POINT('',#1751);
#1751 = CARTESIAN_POINT('',(266.03191195984,-128.375,-1.06581410364E-14)
  );
#1752 = LINE('',#1753,#1754);
#1753 = CARTESIAN_POINT('',(288.,-128.375,-1.59872115546E-14));
#1754 = VECTOR('',#1755,1.);
#1755 = DIRECTION('',(-1.,0.,2.22044604925E-16));
#1756 = ORIENTED_EDGE('',*,*,#1757,.T.);
#1757 = EDGE_CURVE('',#1750,#1758,#1760,.T.);
#1758 = VERTEX_POINT('',#1759);
#1759 = CARTESIAN_POINT('',(263.53424193946,-124.125,-8.881784197001E-15
    ));
#1760 = HYPERBOLA('',#1761,10.0553653125,9.375);
#1761 = AXIS2_PLACEMENT_3D('',#1762,#1763,#1764);
#1762 = CARTESIAN_POINT('',(252.548554,-120.,-7.105427357601E-15));
#1763 = DIRECTION('',(2.22044604925E-16,-0.,1.));
#1764 = DIRECTION('',(1.,0.,-2.22044604925E-16));
#1765 = ORIENTED_EDGE('',*,*,#1766,.T.);
#1766 = EDGE_CURVE('',#1758,#1767,#1769,.T.);
#1767 = VERTEX_POINT('',#1768);
#1768 = CARTESIAN_POINT('',(250.,-124.125,-7.105427357601E-15));
#1769 = LINE('',#1770,#1771);
#1770 = CARTESIAN_POINT('',(288.,-124.125,-1.59872115546E-14));
#1771 = VECTOR('',#1772,1.);
#1772 = DIRECTION('',(-1.,0.,2.22044604925E-16));
#1773 = ORIENTED_EDGE('',*,*,#1774,.F.);
#1774 = EDGE_CURVE('',#1775,#1767,#1777,.T.);
#1775 = VERTEX_POINT('',#1776);
#1776 = CARTESIAN_POINT('',(250.,-122.125,-7.105427357601E-15));
#1777 = LINE('',#1778,#1779);
#1778 = CARTESIAN_POINT('',(250.,-122.0625,-7.105427357601E-15));
#1779 = VECTOR('',#1780,1.);
#1780 = DIRECTION('',(0.,-1.,0.));
#1781 = ORIENTED_EDGE('',*,*,#1782,.F.);
#1782 = EDGE_CURVE('',#1783,#1775,#1785,.T.);
#1783 = VERTEX_POINT('',#1784);
#1784 = CARTESIAN_POINT('',(263.274277,-122.125,-8.881784197001E-15));
#1785 = LINE('',#1786,#1787);
#1786 = CARTESIAN_POINT('',(288.,-122.125,-1.59872115546E-14));
#1787 = VECTOR('',#1788,1.);
#1788 = DIRECTION('',(-1.,0.,2.22044604925E-16));
#1789 = ORIENTED_EDGE('',*,*,#1790,.F.);
#1790 = EDGE_CURVE('',#1791,#1783,#1793,.T.);
#1791 = VERTEX_POINT('',#1792);
#1792 = CARTESIAN_POINT('',(263.274277,-117.875,-8.881784197001E-15));
#1793 = LINE('',#1794,#1795);
#1794 = CARTESIAN_POINT('',(263.274277,-120.,-8.881784197001E-15));
#1795 = VECTOR('',#1796,1.);
#1796 = DIRECTION('',(0.,-1.,0.));
#1797 = ORIENTED_EDGE('',*,*,#1798,.T.);
#1798 = EDGE_CURVE('',#1791,#1799,#1801,.T.);
#1799 = VERTEX_POINT('',#1800);
#1800 = CARTESIAN_POINT('',(250.,-117.875,-7.105427357601E-15));
#1801 = LINE('',#1802,#1803);
#1802 = CARTESIAN_POINT('',(288.,-117.875,-1.59872115546E-14));
#1803 = VECTOR('',#1804,1.);
#1804 = DIRECTION('',(-1.,0.,2.22044604925E-16));
#1805 = ORIENTED_EDGE('',*,*,#1806,.F.);
#1806 = EDGE_CURVE('',#1807,#1799,#1809,.T.);
#1807 = VERTEX_POINT('',#1808);
#1808 = CARTESIAN_POINT('',(250.,-115.875,-7.105427357601E-15));
#1809 = LINE('',#1810,#1811);
#1810 = CARTESIAN_POINT('',(250.,-118.9375,-7.105427357601E-15));
#1811 = VECTOR('',#1812,1.);
#1812 = DIRECTION('',(0.,-1.,0.));
#1813 = ORIENTED_EDGE('',*,*,#1814,.F.);
#1814 = EDGE_CURVE('',#1815,#1807,#1817,.T.);
#1815 = VERTEX_POINT('',#1816);
#1816 = CARTESIAN_POINT('',(263.53424193946,-115.875,-8.881784197001E-15
    ));
#1817 = LINE('',#1818,#1819);
#1818 = CARTESIAN_POINT('',(288.,-115.875,-1.59872115546E-14));
#1819 = VECTOR('',#1820,1.);
#1820 = DIRECTION('',(-1.,0.,2.22044604925E-16));
#1821 = ORIENTED_EDGE('',*,*,#1822,.T.);
#1822 = EDGE_CURVE('',#1815,#1823,#1825,.T.);
#1823 = VERTEX_POINT('',#1824);
#1824 = CARTESIAN_POINT('',(266.03191195984,-111.625,-1.06581410364E-14)
  );
#1825 = HYPERBOLA('',#1826,10.0553653125,9.375);
#1826 = AXIS2_PLACEMENT_3D('',#1827,#1828,#1829);
#1827 = CARTESIAN_POINT('',(252.548554,-120.,-7.105427357601E-15));
#1828 = DIRECTION('',(2.22044604925E-16,-0.,1.));
#1829 = DIRECTION('',(1.,0.,-2.22044604925E-16));
#1830 = ORIENTED_EDGE('',*,*,#1831,.T.);
#1831 = EDGE_CURVE('',#1823,#1832,#1834,.T.);
#1832 = VERTEX_POINT('',#1833);
#1833 = CARTESIAN_POINT('',(250.,-111.625,-7.105427357601E-15));
#1834 = LINE('',#1835,#1836);
#1835 = CARTESIAN_POINT('',(288.,-111.625,-1.59872115546E-14));
#1836 = VECTOR('',#1837,1.);
#1837 = DIRECTION('',(-1.,0.,2.22044604925E-16));
#1838 = ORIENTED_EDGE('',*,*,#1839,.F.);
#1839 = EDGE_CURVE('',#1840,#1832,#1842,.T.);
#1840 = VERTEX_POINT('',#1841);
#1841 = CARTESIAN_POINT('',(250.,-109.625,-7.105427357601E-15));
#1842 = LINE('',#1843,#1844);
#1843 = CARTESIAN_POINT('',(250.,-115.8125,-7.105427357601E-15));
#1844 = VECTOR('',#1845,1.);
#1845 = DIRECTION('',(0.,-1.,0.));
#1846 = ORIENTED_EDGE('',*,*,#1847,.F.);
#1847 = EDGE_CURVE('',#1848,#1840,#1850,.T.);
#1848 = VERTEX_POINT('',#1849);
#1849 = CARTESIAN_POINT('',(267.54659944184,-109.625,-1.06581410364E-14)
  );
#1850 = LINE('',#1851,#1852);
#1851 = CARTESIAN_POINT('',(288.,-109.625,-1.59872115546E-14));
#1852 = VECTOR('',#1853,1.);
#1853 = DIRECTION('',(-1.,0.,2.22044604925E-16));
#1854 = ORIENTED_EDGE('',*,*,#1855,.T.);
#1855 = EDGE_CURVE('',#1848,#1856,#1858,.T.);
#1856 = VERTEX_POINT('',#1857);
#1857 = CARTESIAN_POINT('',(271.18112150464,-105.375,-1.06581410364E-14)
  );
#1858 = HYPERBOLA('',#1859,10.0553653125,9.375);
#1859 = AXIS2_PLACEMENT_3D('',#1860,#1861,#1862);
#1860 = CARTESIAN_POINT('',(252.548554,-120.,-7.105427357601E-15));
#1861 = DIRECTION('',(2.22044604925E-16,-0.,1.));
#1862 = DIRECTION('',(1.,0.,-2.22044604925E-16));
#1863 = ORIENTED_EDGE('',*,*,#1864,.T.);
#1864 = EDGE_CURVE('',#1856,#1865,#1867,.T.);
#1865 = VERTEX_POINT('',#1866);
#1866 = CARTESIAN_POINT('',(250.,-105.375,-7.105427357601E-15));
#1867 = LINE('',#1868,#1869);
#1868 = CARTESIAN_POINT('',(288.,-105.375,-1.59872115546E-14));
#1869 = VECTOR('',#1870,1.);
#1870 = DIRECTION('',(-1.,0.,2.22044604925E-16));
#1871 = ORIENTED_EDGE('',*,*,#1872,.F.);
#1872 = EDGE_CURVE('',#1873,#1865,#1875,.T.);
#1873 = VERTEX_POINT('',#1874);
#1874 = CARTESIAN_POINT('',(250.,-103.375,-7.105427357601E-15));
#1875 = LINE('',#1876,#1877);
#1876 = CARTESIAN_POINT('',(250.,-112.6875,-7.105427357601E-15));
#1877 = VECTOR('',#1878,1.);
#1878 = DIRECTION('',(0.,-1.,0.));
#1879 = ORIENTED_EDGE('',*,*,#1880,.F.);
#1880 = EDGE_CURVE('',#1881,#1873,#1883,.T.);
#1881 = VERTEX_POINT('',#1882);
#1882 = CARTESIAN_POINT('',(273.0198334052,-103.375,-1.24344978758E-14)
  );
#1883 = LINE('',#1884,#1885);
#1884 = CARTESIAN_POINT('',(288.,-103.375,-1.59872115546E-14));
#1885 = VECTOR('',#1886,1.);
#1886 = DIRECTION('',(-1.,0.,2.22044604925E-16));
#1887 = ORIENTED_EDGE('',*,*,#1888,.T.);
#1888 = EDGE_CURVE('',#1881,#1889,#1891,.T.);
#1889 = VERTEX_POINT('',#1890);
#1890 = CARTESIAN_POINT('',(274.,-102.3333824686,3.552713678801E-15));
#1891 = HYPERBOLA('',#1892,10.0553653125,9.375);
#1892 = AXIS2_PLACEMENT_3D('',#1893,#1894,#1895);
#1893 = CARTESIAN_POINT('',(252.548554,-120.,-7.105427357601E-15));
#1894 = DIRECTION('',(2.22044604925E-16,-0.,1.));
#1895 = DIRECTION('',(1.,0.,-2.22044604925E-16));
#1896 = ORIENTED_EDGE('',*,*,#1897,.T.);
#1897 = EDGE_CURVE('',#1889,#1898,#1900,.T.);
#1898 = VERTEX_POINT('',#1899);
#1899 = CARTESIAN_POINT('',(274.,-99.125,-1.24344978758E-14));
#1900 = LINE('',#1901,#1902);
#1901 = CARTESIAN_POINT('',(274.,-120.,-1.24344978758E-14));
#1902 = VECTOR('',#1903,1.);
#1903 = DIRECTION('',(0.,1.,0.));
#1904 = ORIENTED_EDGE('',*,*,#1905,.T.);
#1905 = EDGE_CURVE('',#1898,#1906,#1908,.T.);
#1906 = VERTEX_POINT('',#1907);
#1907 = CARTESIAN_POINT('',(250.,-99.125,-7.105427357601E-15));
#1908 = LINE('',#1909,#1910);
#1909 = CARTESIAN_POINT('',(288.,-99.125,-1.59872115546E-14));
#1910 = VECTOR('',#1911,1.);
#1911 = DIRECTION('',(-1.,0.,2.22044604925E-16));
#1912 = ORIENTED_EDGE('',*,*,#1913,.F.);
#1913 = EDGE_CURVE('',#1914,#1906,#1916,.T.);
#1914 = VERTEX_POINT('',#1915);
#1915 = CARTESIAN_POINT('',(250.,-97.125,-7.105427357601E-15));
#1916 = LINE('',#1917,#1918);
#1917 = CARTESIAN_POINT('',(250.,-109.5625,-7.105427357601E-15));
#1918 = VECTOR('',#1919,1.);
#1919 = DIRECTION('',(0.,-1.,0.));
#1920 = ORIENTED_EDGE('',*,*,#1921,.F.);
#1921 = EDGE_CURVE('',#1922,#1914,#1924,.T.);
#1922 = VERTEX_POINT('',#1923);
#1923 = CARTESIAN_POINT('',(274.,-97.125,-1.24344978758E-14));
#1924 = LINE('',#1925,#1926);
#1925 = CARTESIAN_POINT('',(288.,-97.125,-1.59872115546E-14));
#1926 = VECTOR('',#1927,1.);
#1927 = DIRECTION('',(-1.,0.,2.22044604925E-16));
#1928 = ORIENTED_EDGE('',*,*,#1929,.T.);
#1929 = EDGE_CURVE('',#1922,#1930,#1932,.T.);
#1930 = VERTEX_POINT('',#1931);
#1931 = CARTESIAN_POINT('',(274.,-95.,-1.24344978758E-14));
#1932 = LINE('',#1933,#1934);
#1933 = CARTESIAN_POINT('',(274.,-120.,-1.24344978758E-14));
#1934 = VECTOR('',#1935,1.);
#1935 = DIRECTION('',(0.,1.,0.));
#1936 = ORIENTED_EDGE('',*,*,#1937,.F.);
#1937 = EDGE_CURVE('',#1636,#1930,#1938,.T.);
#1938 = LINE('',#1939,#1940);
#1939 = CARTESIAN_POINT('',(301.,-95.,-1.7763568394E-14));
#1940 = VECTOR('',#1941,1.);
#1941 = DIRECTION('',(1.,0.,-2.22044604925E-16));
#1942 = PLANE('',#1943);
#1943 = AXIS2_PLACEMENT_3D('',#1944,#1945,#1946);
#1944 = CARTESIAN_POINT('',(276.,-120.,-1.24344978758E-14));
#1945 = DIRECTION('',(2.22044604925E-16,0.,1.));
#1946 = DIRECTION('',(-1.,0.,2.22044604925E-16));
#1947 = SHELL_BASED_SURFACE_MODEL('',(#1948));
#1948 = OPEN_SHELL('',(#1949));
#1949 = ADVANCED_FACE('',(#1950),#2261,.T.);
#1950 = FACE_BOUND('',#1951,.T.);
#1951 = EDGE_LOOP('',(#1952,#1962,#1970,#1978,#1986,#1994,#2002,#2010,
    #2018,#2026,#2034,#2042,#2051,#2059,#2067,#2075,#2084,#2092,#2100,
    #2108,#2117,#2125,#2133,#2141,#2150,#2158,#2166,#2174,#2183,#2191,
    #2199,#2207,#2215,#2223,#2231,#2239,#2247,#2255));
#1952 = ORIENTED_EDGE('',*,*,#1953,.F.);
#1953 = EDGE_CURVE('',#1954,#1956,#1958,.T.);
#1954 = VERTEX_POINT('',#1955);
#1955 = CARTESIAN_POINT('',(276.,-145.,5.329070518201E-15));
#1956 = VERTEX_POINT('',#1957);
#1957 = CARTESIAN_POINT('',(276.,-95.,5.329070518201E-15));
#1958 = LINE('',#1959,#1960);
#1959 = CARTESIAN_POINT('',(276.,-132.5,5.329070518201E-15));
#1960 = VECTOR('',#1961,1.);
#1961 = DIRECTION('',(0.,1.,0.));
#1962 = ORIENTED_EDGE('',*,*,#1963,.T.);
#1963 = EDGE_CURVE('',#1954,#1964,#1966,.T.);
#1964 = VERTEX_POINT('',#1965);
#1965 = CARTESIAN_POINT('',(324.,-145.,-5.329070518201E-15));
#1966 = LINE('',#1967,#1968);
#1967 = CARTESIAN_POINT('',(351.,-145.,-1.06581410364E-14));
#1968 = VECTOR('',#1969,1.);
#1969 = DIRECTION('',(1.,0.,-2.22044604925E-16));
#1970 = ORIENTED_EDGE('',*,*,#1971,.T.);
#1971 = EDGE_CURVE('',#1964,#1972,#1974,.T.);
#1972 = VERTEX_POINT('',#1973);
#1973 = CARTESIAN_POINT('',(324.,-142.875,-5.329070518201E-15));
#1974 = LINE('',#1975,#1976);
#1975 = CARTESIAN_POINT('',(324.,-120.,-5.329070518201E-15));
#1976 = VECTOR('',#1977,1.);
#1977 = DIRECTION('',(0.,1.,0.));
#1978 = ORIENTED_EDGE('',*,*,#1979,.T.);
#1979 = EDGE_CURVE('',#1972,#1980,#1982,.T.);
#1980 = VERTEX_POINT('',#1981);
#1981 = CARTESIAN_POINT('',(300.,-142.875,0.));
#1982 = LINE('',#1983,#1984);
#1983 = CARTESIAN_POINT('',(338.,-142.875,-8.881784197001E-15));
#1984 = VECTOR('',#1985,1.);
#1985 = DIRECTION('',(-1.,0.,2.22044604925E-16));
#1986 = ORIENTED_EDGE('',*,*,#1987,.F.);
#1987 = EDGE_CURVE('',#1988,#1980,#1990,.T.);
#1988 = VERTEX_POINT('',#1989);
#1989 = CARTESIAN_POINT('',(300.,-140.875,0.));
#1990 = LINE('',#1991,#1992);
#1991 = CARTESIAN_POINT('',(300.,-131.4375,0.));
#1992 = VECTOR('',#1993,1.);
#1993 = DIRECTION('',(0.,-1.,0.));
#1994 = ORIENTED_EDGE('',*,*,#1995,.F.);
#1995 = EDGE_CURVE('',#1996,#1988,#1998,.T.);
#1996 = VERTEX_POINT('',#1997);
#1997 = CARTESIAN_POINT('',(324.,-140.875,-5.329070518201E-15));
#1998 = LINE('',#1999,#2000);
#1999 = CARTESIAN_POINT('',(338.,-140.875,-8.881784197001E-15));
#2000 = VECTOR('',#2001,1.);
#2001 = DIRECTION('',(-1.,0.,2.22044604925E-16));
#2002 = ORIENTED_EDGE('',*,*,#2003,.T.);
#2003 = EDGE_CURVE('',#1996,#2004,#2006,.T.);
#2004 = VERTEX_POINT('',#2005);
#2005 = CARTESIAN_POINT('',(324.,-136.625,-5.329070518201E-15));
#2006 = LINE('',#2007,#2008);
#2007 = CARTESIAN_POINT('',(324.,-120.,-5.329070518201E-15));
#2008 = VECTOR('',#2009,1.);
#2009 = DIRECTION('',(0.,1.,0.));
#2010 = ORIENTED_EDGE('',*,*,#2011,.T.);
#2011 = EDGE_CURVE('',#2004,#2012,#2014,.T.);
#2012 = VERTEX_POINT('',#2013);
#2013 = CARTESIAN_POINT('',(300.,-136.625,0.));
#2014 = LINE('',#2015,#2016);
#2015 = CARTESIAN_POINT('',(338.,-136.625,-8.881784197001E-15));
#2016 = VECTOR('',#2017,1.);
#2017 = DIRECTION('',(-1.,0.,2.22044604925E-16));
#2018 = ORIENTED_EDGE('',*,*,#2019,.F.);
#2019 = EDGE_CURVE('',#2020,#2012,#2022,.T.);
#2020 = VERTEX_POINT('',#2021);
#2021 = CARTESIAN_POINT('',(300.,-134.625,0.));
#2022 = LINE('',#2023,#2024);
#2023 = CARTESIAN_POINT('',(300.,-128.3125,0.));
#2024 = VECTOR('',#2025,1.);
#2025 = DIRECTION('',(0.,-1.,0.));
#2026 = ORIENTED_EDGE('',*,*,#2027,.F.);
#2027 = EDGE_CURVE('',#2028,#2020,#2030,.T.);
#2028 = VERTEX_POINT('',#2029);
#2029 = CARTESIAN_POINT('',(324.,-134.625,-5.329070518201E-15));
#2030 = LINE('',#2031,#2032);
#2031 = CARTESIAN_POINT('',(338.,-134.625,-8.881784197001E-15));
#2032 = VECTOR('',#2033,1.);
#2033 = DIRECTION('',(-1.,0.,2.22044604925E-16));
#2034 = ORIENTED_EDGE('',*,*,#2035,.T.);
#2035 = EDGE_CURVE('',#2028,#2036,#2038,.T.);
#2036 = VERTEX_POINT('',#2037);
#2037 = CARTESIAN_POINT('',(324.,-132.4843652221,-5.329070518201E-15));
#2038 = LINE('',#2039,#2040);
#2039 = CARTESIAN_POINT('',(324.,-120.,-5.329070518201E-15));
#2040 = VECTOR('',#2041,1.);
#2041 = DIRECTION('',(0.,1.,0.));
#2042 = ORIENTED_EDGE('',*,*,#2043,.T.);
#2043 = EDGE_CURVE('',#2036,#2044,#2046,.T.);
#2044 = VERTEX_POINT('',#2045);
#2045 = CARTESIAN_POINT('',(322.66554032379,-130.375,-5.329070518201E-15
    ));
#2046 = HYPERBOLA('',#2047,16.7589421875,15.625);
#2047 = AXIS2_PLACEMENT_3D('',#2048,#2049,#2050);
#2048 = CARTESIAN_POINT('',(302.548554,-120.,0.));
#2049 = DIRECTION('',(2.22044604925E-16,-0.,1.));
#2050 = DIRECTION('',(1.,0.,-2.22044604925E-16));
#2051 = ORIENTED_EDGE('',*,*,#2052,.T.);
#2052 = EDGE_CURVE('',#2044,#2053,#2055,.T.);
#2053 = VERTEX_POINT('',#2054);
#2054 = CARTESIAN_POINT('',(300.,-130.375,0.));
#2055 = LINE('',#2056,#2057);
#2056 = CARTESIAN_POINT('',(338.,-130.375,-8.881784197001E-15));
#2057 = VECTOR('',#2058,1.);
#2058 = DIRECTION('',(-1.,0.,2.22044604925E-16));
#2059 = ORIENTED_EDGE('',*,*,#2060,.F.);
#2060 = EDGE_CURVE('',#2061,#2053,#2063,.T.);
#2061 = VERTEX_POINT('',#2062);
#2062 = CARTESIAN_POINT('',(300.,-128.375,0.));
#2063 = LINE('',#2064,#2065);
#2064 = CARTESIAN_POINT('',(300.,-125.1875,0.));
#2065 = VECTOR('',#2066,1.);
#2066 = DIRECTION('',(0.,-1.,0.));
#2067 = ORIENTED_EDGE('',*,*,#2068,.F.);
#2068 = EDGE_CURVE('',#2069,#2061,#2071,.T.);
#2069 = VERTEX_POINT('',#2070);
#2070 = CARTESIAN_POINT('',(321.5630935303,-128.375,-3.552713678801E-15)
  );
#2071 = LINE('',#2072,#2073);
#2072 = CARTESIAN_POINT('',(338.,-128.375,-8.881784197001E-15));
#2073 = VECTOR('',#2074,1.);
#2074 = DIRECTION('',(-1.,0.,2.22044604925E-16));
#2075 = ORIENTED_EDGE('',*,*,#2076,.T.);
#2076 = EDGE_CURVE('',#2069,#2077,#2079,.T.);
#2077 = VERTEX_POINT('',#2078);
#2078 = CARTESIAN_POINT('',(319.88167579555,-124.125,-3.552713678801E-15
    ));
#2079 = HYPERBOLA('',#2080,16.7589421875,15.625);
#2080 = AXIS2_PLACEMENT_3D('',#2081,#2082,#2083);
#2081 = CARTESIAN_POINT('',(302.548554,-120.,0.));
#2082 = DIRECTION('',(2.22044604925E-16,-0.,1.));
#2083 = DIRECTION('',(1.,0.,-2.22044604925E-16));
#2084 = ORIENTED_EDGE('',*,*,#2085,.T.);
#2085 = EDGE_CURVE('',#2077,#2086,#2088,.T.);
#2086 = VERTEX_POINT('',#2087);
#2087 = CARTESIAN_POINT('',(300.,-124.125,0.));
#2088 = LINE('',#2089,#2090);
#2089 = CARTESIAN_POINT('',(338.,-124.125,-8.881784197001E-15));
#2090 = VECTOR('',#2091,1.);
#2091 = DIRECTION('',(-1.,0.,2.22044604925E-16));
#2092 = ORIENTED_EDGE('',*,*,#2093,.F.);
#2093 = EDGE_CURVE('',#2094,#2086,#2096,.T.);
#2094 = VERTEX_POINT('',#2095);
#2095 = CARTESIAN_POINT('',(300.,-122.125,0.));
#2096 = LINE('',#2097,#2098);
#2097 = CARTESIAN_POINT('',(300.,-122.0625,0.));
#2098 = VECTOR('',#2099,1.);
#2099 = DIRECTION('',(0.,-1.,0.));
#2100 = ORIENTED_EDGE('',*,*,#2101,.F.);
#2101 = EDGE_CURVE('',#2102,#2094,#2104,.T.);
#2102 = VERTEX_POINT('',#2103);
#2103 = CARTESIAN_POINT('',(319.46177277838,-122.125,-3.552713678801E-15
    ));
#2104 = LINE('',#2105,#2106);
#2105 = CARTESIAN_POINT('',(338.,-122.125,-8.881784197001E-15));
#2106 = VECTOR('',#2107,1.);
#2107 = DIRECTION('',(-1.,0.,2.22044604925E-16));
#2108 = ORIENTED_EDGE('',*,*,#2109,.T.);
#2109 = EDGE_CURVE('',#2102,#2110,#2112,.T.);
#2110 = VERTEX_POINT('',#2111);
#2111 = CARTESIAN_POINT('',(319.46177277838,-117.875,-3.552713678801E-15
    ));
#2112 = HYPERBOLA('',#2113,16.7589421875,15.625);
#2113 = AXIS2_PLACEMENT_3D('',#2114,#2115,#2116);
#2114 = CARTESIAN_POINT('',(302.548554,-120.,0.));
#2115 = DIRECTION('',(2.22044604925E-16,-0.,1.));
#2116 = DIRECTION('',(1.,0.,-2.22044604925E-16));
#2117 = ORIENTED_EDGE('',*,*,#2118,.T.);
#2118 = EDGE_CURVE('',#2110,#2119,#2121,.T.);
#2119 = VERTEX_POINT('',#2120);
#2120 = CARTESIAN_POINT('',(300.,-117.875,0.));
#2121 = LINE('',#2122,#2123);
#2122 = CARTESIAN_POINT('',(338.,-117.875,-8.881784197001E-15));
#2123 = VECTOR('',#2124,1.);
#2124 = DIRECTION('',(-1.,0.,2.22044604925E-16));
#2125 = ORIENTED_EDGE('',*,*,#2126,.F.);
#2126 = EDGE_CURVE('',#2127,#2119,#2129,.T.);
#2127 = VERTEX_POINT('',#2128);
#2128 = CARTESIAN_POINT('',(300.,-115.875,0.));
#2129 = LINE('',#2130,#2131);
#2130 = CARTESIAN_POINT('',(300.,-118.9375,0.));
#2131 = VECTOR('',#2132,1.);
#2132 = DIRECTION('',(0.,-1.,0.));
#2133 = ORIENTED_EDGE('',*,*,#2134,.F.);
#2134 = EDGE_CURVE('',#2135,#2127,#2137,.T.);
#2135 = VERTEX_POINT('',#2136);
#2136 = CARTESIAN_POINT('',(319.88167579555,-115.875,-3.552713678801E-15
    ));
#2137 = LINE('',#2138,#2139);
#2138 = CARTESIAN_POINT('',(338.,-115.875,-8.881784197001E-15));
#2139 = VECTOR('',#2140,1.);
#2140 = DIRECTION('',(-1.,0.,2.22044604925E-16));
#2141 = ORIENTED_EDGE('',*,*,#2142,.T.);
#2142 = EDGE_CURVE('',#2135,#2143,#2145,.T.);
#2143 = VERTEX_POINT('',#2144);
#2144 = CARTESIAN_POINT('',(321.5630935303,-111.625,-3.552713678801E-15)
  );
#2145 = HYPERBOLA('',#2146,16.7589421875,15.625);
#2146 = AXIS2_PLACEMENT_3D('',#2147,#2148,#2149);
#2147 = CARTESIAN_POINT('',(302.548554,-120.,0.));
#2148 = DIRECTION('',(2.22044604925E-16,-0.,1.));
#2149 = DIRECTION('',(1.,0.,-2.22044604925E-16));
#2150 = ORIENTED_EDGE('',*,*,#2151,.T.);
#2151 = EDGE_CURVE('',#2143,#2152,#2154,.T.);
#2152 = VERTEX_POINT('',#2153);
#2153 = CARTESIAN_POINT('',(300.,-111.625,0.));
#2154 = LINE('',#2155,#2156);
#2155 = CARTESIAN_POINT('',(338.,-111.625,-8.881784197001E-15));
#2156 = VECTOR('',#2157,1.);
#2157 = DIRECTION('',(-1.,0.,2.22044604925E-16));
#2158 = ORIENTED_EDGE('',*,*,#2159,.F.);
#2159 = EDGE_CURVE('',#2160,#2152,#2162,.T.);
#2160 = VERTEX_POINT('',#2161);
#2161 = CARTESIAN_POINT('',(300.,-109.625,0.));
#2162 = LINE('',#2163,#2164);
#2163 = CARTESIAN_POINT('',(300.,-115.8125,0.));
#2164 = VECTOR('',#2165,1.);
#2165 = DIRECTION('',(0.,-1.,0.));
#2166 = ORIENTED_EDGE('',*,*,#2167,.F.);
#2167 = EDGE_CURVE('',#2168,#2160,#2170,.T.);
#2168 = VERTEX_POINT('',#2169);
#2169 = CARTESIAN_POINT('',(322.66554032379,-109.625,-5.329070518201E-15
    ));
#2170 = LINE('',#2171,#2172);
#2171 = CARTESIAN_POINT('',(338.,-109.625,-8.881784197001E-15));
#2172 = VECTOR('',#2173,1.);
#2173 = DIRECTION('',(-1.,0.,2.22044604925E-16));
#2174 = ORIENTED_EDGE('',*,*,#2175,.T.);
#2175 = EDGE_CURVE('',#2168,#2176,#2178,.T.);
#2176 = VERTEX_POINT('',#2177);
#2177 = CARTESIAN_POINT('',(324.,-107.5156347778,-3.552713678801E-15));
#2178 = HYPERBOLA('',#2179,16.7589421875,15.625);
#2179 = AXIS2_PLACEMENT_3D('',#2180,#2181,#2182);
#2180 = CARTESIAN_POINT('',(302.548554,-120.,0.));
#2181 = DIRECTION('',(2.22044604925E-16,-0.,1.));
#2182 = DIRECTION('',(1.,0.,-2.22044604925E-16));
#2183 = ORIENTED_EDGE('',*,*,#2184,.T.);
#2184 = EDGE_CURVE('',#2176,#2185,#2187,.T.);
#2185 = VERTEX_POINT('',#2186);
#2186 = CARTESIAN_POINT('',(324.,-105.375,-5.329070518201E-15));
#2187 = LINE('',#2188,#2189);
#2188 = CARTESIAN_POINT('',(324.,-120.,-5.329070518201E-15));
#2189 = VECTOR('',#2190,1.);
#2190 = DIRECTION('',(0.,1.,0.));
#2191 = ORIENTED_EDGE('',*,*,#2192,.T.);
#2192 = EDGE_CURVE('',#2185,#2193,#2195,.T.);
#2193 = VERTEX_POINT('',#2194);
#2194 = CARTESIAN_POINT('',(300.,-105.375,0.));
#2195 = LINE('',#2196,#2197);
#2196 = CARTESIAN_POINT('',(338.,-105.375,-8.881784197001E-15));
#2197 = VECTOR('',#2198,1.);
#2198 = DIRECTION('',(-1.,0.,2.22044604925E-16));
#2199 = ORIENTED_EDGE('',*,*,#2200,.F.);
#2200 = EDGE_CURVE('',#2201,#2193,#2203,.T.);
#2201 = VERTEX_POINT('',#2202);
#2202 = CARTESIAN_POINT('',(300.,-103.375,0.));
#2203 = LINE('',#2204,#2205);
#2204 = CARTESIAN_POINT('',(300.,-112.6875,0.));
#2205 = VECTOR('',#2206,1.);
#2206 = DIRECTION('',(0.,-1.,0.));
#2207 = ORIENTED_EDGE('',*,*,#2208,.F.);
#2208 = EDGE_CURVE('',#2209,#2201,#2211,.T.);
#2209 = VERTEX_POINT('',#2210);
#2210 = CARTESIAN_POINT('',(324.,-103.375,-5.329070518201E-15));
#2211 = LINE('',#2212,#2213);
#2212 = CARTESIAN_POINT('',(338.,-103.375,-8.881784197001E-15));
#2213 = VECTOR('',#2214,1.);
#2214 = DIRECTION('',(-1.,0.,2.22044604925E-16));
#2215 = ORIENTED_EDGE('',*,*,#2216,.T.);
#2216 = EDGE_CURVE('',#2209,#2217,#2219,.T.);
#2217 = VERTEX_POINT('',#2218);
#2218 = CARTESIAN_POINT('',(324.,-99.125,-5.329070518201E-15));
#2219 = LINE('',#2220,#2221);
#2220 = CARTESIAN_POINT('',(324.,-120.,-5.329070518201E-15));
#2221 = VECTOR('',#2222,1.);
#2222 = DIRECTION('',(0.,1.,0.));
#2223 = ORIENTED_EDGE('',*,*,#2224,.T.);
#2224 = EDGE_CURVE('',#2217,#2225,#2227,.T.);
#2225 = VERTEX_POINT('',#2226);
#2226 = CARTESIAN_POINT('',(300.,-99.125,0.));
#2227 = LINE('',#2228,#2229);
#2228 = CARTESIAN_POINT('',(338.,-99.125,-8.881784197001E-15));
#2229 = VECTOR('',#2230,1.);
#2230 = DIRECTION('',(-1.,0.,2.22044604925E-16));
#2231 = ORIENTED_EDGE('',*,*,#2232,.F.);
#2232 = EDGE_CURVE('',#2233,#2225,#2235,.T.);
#2233 = VERTEX_POINT('',#2234);
#2234 = CARTESIAN_POINT('',(300.,-97.125,0.));
#2235 = LINE('',#2236,#2237);
#2236 = CARTESIAN_POINT('',(300.,-109.5625,0.));
#2237 = VECTOR('',#2238,1.);
#2238 = DIRECTION('',(0.,-1.,0.));
#2239 = ORIENTED_EDGE('',*,*,#2240,.F.);
#2240 = EDGE_CURVE('',#2241,#2233,#2243,.T.);
#2241 = VERTEX_POINT('',#2242);
#2242 = CARTESIAN_POINT('',(324.,-97.125,-5.329070518201E-15));
#2243 = LINE('',#2244,#2245);
#2244 = CARTESIAN_POINT('',(338.,-97.125,-8.881784197001E-15));
#2245 = VECTOR('',#2246,1.);
#2246 = DIRECTION('',(-1.,0.,2.22044604925E-16));
#2247 = ORIENTED_EDGE('',*,*,#2248,.T.);
#2248 = EDGE_CURVE('',#2241,#2249,#2251,.T.);
#2249 = VERTEX_POINT('',#2250);
#2250 = CARTESIAN_POINT('',(324.,-95.,-5.329070518201E-15));
#2251 = LINE('',#2252,#2253);
#2252 = CARTESIAN_POINT('',(324.,-120.,-5.329070518201E-15));
#2253 = VECTOR('',#2254,1.);
#2254 = DIRECTION('',(0.,1.,0.));
#2255 = ORIENTED_EDGE('',*,*,#2256,.F.);
#2256 = EDGE_CURVE('',#1956,#2249,#2257,.T.);
#2257 = LINE('',#2258,#2259);
#2258 = CARTESIAN_POINT('',(351.,-95.,-1.06581410364E-14));
#2259 = VECTOR('',#2260,1.);
#2260 = DIRECTION('',(1.,0.,-2.22044604925E-16));
#2261 = PLANE('',#2262);
#2262 = AXIS2_PLACEMENT_3D('',#2263,#2264,#2265);
#2263 = CARTESIAN_POINT('',(326.,-120.,-5.329070518201E-15));
#2264 = DIRECTION('',(2.22044604925E-16,0.,1.));
#2265 = DIRECTION('',(-1.,0.,2.22044604925E-16));
#2266 = SHELL_BASED_SURFACE_MODEL('',(#2267));
#2267 = OPEN_SHELL('',(#2268));
#2268 = ADVANCED_FACE('',(#2269),#2559,.T.);
#2269 = FACE_BOUND('',#2270,.T.);
#2270 = EDGE_LOOP('',(#2271,#2281,#2289,#2297,#2305,#2313,#2321,#2329,
    #2337,#2345,#2353,#2361,#2369,#2377,#2385,#2393,#2401,#2409,#2417,
    #2425,#2433,#2441,#2449,#2457,#2465,#2473,#2481,#2489,#2497,#2505,
    #2513,#2521,#2529,#2537,#2545,#2553));
#2271 = ORIENTED_EDGE('',*,*,#2272,.F.);
#2272 = EDGE_CURVE('',#2273,#2275,#2277,.T.);
#2273 = VERTEX_POINT('',#2274);
#2274 = CARTESIAN_POINT('',(326.,-145.,3.552713678801E-15));
#2275 = VERTEX_POINT('',#2276);
#2276 = CARTESIAN_POINT('',(326.,-95.,3.552713678801E-15));
#2277 = LINE('',#2278,#2279);
#2278 = CARTESIAN_POINT('',(326.,-132.5,3.552713678801E-15));
#2279 = VECTOR('',#2280,1.);
#2280 = DIRECTION('',(0.,1.,0.));
#2281 = ORIENTED_EDGE('',*,*,#2282,.T.);
#2282 = EDGE_CURVE('',#2273,#2283,#2285,.T.);
#2283 = VERTEX_POINT('',#2284);
#2284 = CARTESIAN_POINT('',(374.,-145.,-7.105427357601E-15));
#2285 = LINE('',#2286,#2287);
#2286 = CARTESIAN_POINT('',(401.,-145.,-1.42108547152E-14));
#2287 = VECTOR('',#2288,1.);
#2288 = DIRECTION('',(1.,0.,-2.22044604925E-16));
#2289 = ORIENTED_EDGE('',*,*,#2290,.T.);
#2290 = EDGE_CURVE('',#2283,#2291,#2293,.T.);
#2291 = VERTEX_POINT('',#2292);
#2292 = CARTESIAN_POINT('',(374.,-142.875,-7.105427357601E-15));
#2293 = LINE('',#2294,#2295);
#2294 = CARTESIAN_POINT('',(374.,-120.,-7.105427357601E-15));
#2295 = VECTOR('',#2296,1.);
#2296 = DIRECTION('',(0.,1.,0.));
#2297 = ORIENTED_EDGE('',*,*,#2298,.T.);
#2298 = EDGE_CURVE('',#2291,#2299,#2301,.T.);
#2299 = VERTEX_POINT('',#2300);
#2300 = CARTESIAN_POINT('',(350.,-142.875,0.));
#2301 = LINE('',#2302,#2303);
#2302 = CARTESIAN_POINT('',(388.,-142.875,-1.06581410364E-14));
#2303 = VECTOR('',#2304,1.);
#2304 = DIRECTION('',(-1.,0.,2.22044604925E-16));
#2305 = ORIENTED_EDGE('',*,*,#2306,.F.);
#2306 = EDGE_CURVE('',#2307,#2299,#2309,.T.);
#2307 = VERTEX_POINT('',#2308);
#2308 = CARTESIAN_POINT('',(350.,-140.875,0.));
#2309 = LINE('',#2310,#2311);
#2310 = CARTESIAN_POINT('',(350.,-131.4375,0.));
#2311 = VECTOR('',#2312,1.);
#2312 = DIRECTION('',(0.,-1.,0.));
#2313 = ORIENTED_EDGE('',*,*,#2314,.F.);
#2314 = EDGE_CURVE('',#2315,#2307,#2317,.T.);
#2315 = VERTEX_POINT('',#2316);
#2316 = CARTESIAN_POINT('',(374.,-140.875,-7.105427357601E-15));
#2317 = LINE('',#2318,#2319);
#2318 = CARTESIAN_POINT('',(388.,-140.875,-1.06581410364E-14));
#2319 = VECTOR('',#2320,1.);
#2320 = DIRECTION('',(-1.,0.,2.22044604925E-16));
#2321 = ORIENTED_EDGE('',*,*,#2322,.T.);
#2322 = EDGE_CURVE('',#2315,#2323,#2325,.T.);
#2323 = VERTEX_POINT('',#2324);
#2324 = CARTESIAN_POINT('',(374.,-136.625,-7.105427357601E-15));
#2325 = LINE('',#2326,#2327);
#2326 = CARTESIAN_POINT('',(374.,-120.,-7.105427357601E-15));
#2327 = VECTOR('',#2328,1.);
#2328 = DIRECTION('',(0.,1.,0.));
#2329 = ORIENTED_EDGE('',*,*,#2330,.T.);
#2330 = EDGE_CURVE('',#2323,#2331,#2333,.T.);
#2331 = VERTEX_POINT('',#2332);
#2332 = CARTESIAN_POINT('',(350.,-136.625,0.));
#2333 = LINE('',#2334,#2335);
#2334 = CARTESIAN_POINT('',(388.,-136.625,-1.06581410364E-14));
#2335 = VECTOR('',#2336,1.);
#2336 = DIRECTION('',(-1.,0.,2.22044604925E-16));
#2337 = ORIENTED_EDGE('',*,*,#2338,.F.);
#2338 = EDGE_CURVE('',#2339,#2331,#2341,.T.);
#2339 = VERTEX_POINT('',#2340);
#2340 = CARTESIAN_POINT('',(350.,-134.625,0.));
#2341 = LINE('',#2342,#2343);
#2342 = CARTESIAN_POINT('',(350.,-128.3125,0.));
#2343 = VECTOR('',#2344,1.);
#2344 = DIRECTION('',(0.,-1.,0.));
#2345 = ORIENTED_EDGE('',*,*,#2346,.F.);
#2346 = EDGE_CURVE('',#2347,#2339,#2349,.T.);
#2347 = VERTEX_POINT('',#2348);
#2348 = CARTESIAN_POINT('',(374.,-134.625,-7.105427357601E-15));
#2349 = LINE('',#2350,#2351);
#2350 = CARTESIAN_POINT('',(388.,-134.625,-1.06581410364E-14));
#2351 = VECTOR('',#2352,1.);
#2352 = DIRECTION('',(-1.,0.,2.22044604925E-16));
#2353 = ORIENTED_EDGE('',*,*,#2354,.T.);
#2354 = EDGE_CURVE('',#2347,#2355,#2357,.T.);
#2355 = VERTEX_POINT('',#2356);
#2356 = CARTESIAN_POINT('',(374.,-130.375,-7.105427357601E-15));
#2357 = LINE('',#2358,#2359);
#2358 = CARTESIAN_POINT('',(374.,-120.,-7.105427357601E-15));
#2359 = VECTOR('',#2360,1.);
#2360 = DIRECTION('',(0.,1.,0.));
#2361 = ORIENTED_EDGE('',*,*,#2362,.T.);
#2362 = EDGE_CURVE('',#2355,#2363,#2365,.T.);
#2363 = VERTEX_POINT('',#2364);
#2364 = CARTESIAN_POINT('',(350.,-130.375,0.));
#2365 = LINE('',#2366,#2367);
#2366 = CARTESIAN_POINT('',(388.,-130.375,-1.06581410364E-14));
#2367 = VECTOR('',#2368,1.);
#2368 = DIRECTION('',(-1.,0.,2.22044604925E-16));
#2369 = ORIENTED_EDGE('',*,*,#2370,.F.);
#2370 = EDGE_CURVE('',#2371,#2363,#2373,.T.);
#2371 = VERTEX_POINT('',#2372);
#2372 = CARTESIAN_POINT('',(350.,-128.375,0.));
#2373 = LINE('',#2374,#2375);
#2374 = CARTESIAN_POINT('',(350.,-125.1875,0.));
#2375 = VECTOR('',#2376,1.);
#2376 = DIRECTION('',(0.,-1.,0.));
#2377 = ORIENTED_EDGE('',*,*,#2378,.F.);
#2378 = EDGE_CURVE('',#2379,#2371,#2381,.T.);
#2379 = VERTEX_POINT('',#2380);
#2380 = CARTESIAN_POINT('',(374.,-128.375,-7.105427357601E-15));
#2381 = LINE('',#2382,#2383);
#2382 = CARTESIAN_POINT('',(388.,-128.375,-1.06581410364E-14));
#2383 = VECTOR('',#2384,1.);
#2384 = DIRECTION('',(-1.,0.,2.22044604925E-16));
#2385 = ORIENTED_EDGE('',*,*,#2386,.T.);
#2386 = EDGE_CURVE('',#2379,#2387,#2389,.T.);
#2387 = VERTEX_POINT('',#2388);
#2388 = CARTESIAN_POINT('',(374.,-124.125,-7.105427357601E-15));
#2389 = LINE('',#2390,#2391);
#2390 = CARTESIAN_POINT('',(374.,-120.,-7.105427357601E-15));
#2391 = VECTOR('',#2392,1.);
#2392 = DIRECTION('',(0.,1.,0.));
#2393 = ORIENTED_EDGE('',*,*,#2394,.T.);
#2394 = EDGE_CURVE('',#2387,#2395,#2397,.T.);
#2395 = VERTEX_POINT('',#2396);
#2396 = CARTESIAN_POINT('',(350.,-124.125,0.));
#2397 = LINE('',#2398,#2399);
#2398 = CARTESIAN_POINT('',(388.,-124.125,-1.06581410364E-14));
#2399 = VECTOR('',#2400,1.);
#2400 = DIRECTION('',(-1.,0.,2.22044604925E-16));
#2401 = ORIENTED_EDGE('',*,*,#2402,.F.);
#2402 = EDGE_CURVE('',#2403,#2395,#2405,.T.);
#2403 = VERTEX_POINT('',#2404);
#2404 = CARTESIAN_POINT('',(350.,-122.125,0.));
#2405 = LINE('',#2406,#2407);
#2406 = CARTESIAN_POINT('',(350.,-122.0625,0.));
#2407 = VECTOR('',#2408,1.);
#2408 = DIRECTION('',(0.,-1.,0.));
#2409 = ORIENTED_EDGE('',*,*,#2410,.F.);
#2410 = EDGE_CURVE('',#2411,#2403,#2413,.T.);
#2411 = VERTEX_POINT('',#2412);
#2412 = CARTESIAN_POINT('',(374.,-122.125,-7.105427357601E-15));
#2413 = LINE('',#2414,#2415);
#2414 = CARTESIAN_POINT('',(388.,-122.125,-1.06581410364E-14));
#2415 = VECTOR('',#2416,1.);
#2416 = DIRECTION('',(-1.,0.,2.22044604925E-16));
#2417 = ORIENTED_EDGE('',*,*,#2418,.T.);
#2418 = EDGE_CURVE('',#2411,#2419,#2421,.T.);
#2419 = VERTEX_POINT('',#2420);
#2420 = CARTESIAN_POINT('',(374.,-117.875,-7.105427357601E-15));
#2421 = LINE('',#2422,#2423);
#2422 = CARTESIAN_POINT('',(374.,-120.,-7.105427357601E-15));
#2423 = VECTOR('',#2424,1.);
#2424 = DIRECTION('',(0.,1.,0.));
#2425 = ORIENTED_EDGE('',*,*,#2426,.T.);
#2426 = EDGE_CURVE('',#2419,#2427,#2429,.T.);
#2427 = VERTEX_POINT('',#2428);
#2428 = CARTESIAN_POINT('',(350.,-117.875,0.));
#2429 = LINE('',#2430,#2431);
#2430 = CARTESIAN_POINT('',(388.,-117.875,-1.06581410364E-14));
#2431 = VECTOR('',#2432,1.);
#2432 = DIRECTION('',(-1.,0.,2.22044604925E-16));
#2433 = ORIENTED_EDGE('',*,*,#2434,.F.);
#2434 = EDGE_CURVE('',#2435,#2427,#2437,.T.);
#2435 = VERTEX_POINT('',#2436);
#2436 = CARTESIAN_POINT('',(350.,-115.875,0.));
#2437 = LINE('',#2438,#2439);
#2438 = CARTESIAN_POINT('',(350.,-118.9375,0.));
#2439 = VECTOR('',#2440,1.);
#2440 = DIRECTION('',(0.,-1.,0.));
#2441 = ORIENTED_EDGE('',*,*,#2442,.F.);
#2442 = EDGE_CURVE('',#2443,#2435,#2445,.T.);
#2443 = VERTEX_POINT('',#2444);
#2444 = CARTESIAN_POINT('',(374.,-115.875,-7.105427357601E-15));
#2445 = LINE('',#2446,#2447);
#2446 = CARTESIAN_POINT('',(388.,-115.875,-1.06581410364E-14));
#2447 = VECTOR('',#2448,1.);
#2448 = DIRECTION('',(-1.,0.,2.22044604925E-16));
#2449 = ORIENTED_EDGE('',*,*,#2450,.T.);
#2450 = EDGE_CURVE('',#2443,#2451,#2453,.T.);
#2451 = VERTEX_POINT('',#2452);
#2452 = CARTESIAN_POINT('',(374.,-111.625,-7.105427357601E-15));
#2453 = LINE('',#2454,#2455);
#2454 = CARTESIAN_POINT('',(374.,-120.,-7.105427357601E-15));
#2455 = VECTOR('',#2456,1.);
#2456 = DIRECTION('',(0.,1.,0.));
#2457 = ORIENTED_EDGE('',*,*,#2458,.T.);
#2458 = EDGE_CURVE('',#2451,#2459,#2461,.T.);
#2459 = VERTEX_POINT('',#2460);
#2460 = CARTESIAN_POINT('',(350.,-111.625,0.));
#2461 = LINE('',#2462,#2463);
#2462 = CARTESIAN_POINT('',(388.,-111.625,-1.06581410364E-14));
#2463 = VECTOR('',#2464,1.);
#2464 = DIRECTION('',(-1.,0.,2.22044604925E-16));
#2465 = ORIENTED_EDGE('',*,*,#2466,.F.);
#2466 = EDGE_CURVE('',#2467,#2459,#2469,.T.);
#2467 = VERTEX_POINT('',#2468);
#2468 = CARTESIAN_POINT('',(350.,-109.625,0.));
#2469 = LINE('',#2470,#2471);
#2470 = CARTESIAN_POINT('',(350.,-115.8125,0.));
#2471 = VECTOR('',#2472,1.);
#2472 = DIRECTION('',(0.,-1.,0.));
#2473 = ORIENTED_EDGE('',*,*,#2474,.F.);
#2474 = EDGE_CURVE('',#2475,#2467,#2477,.T.);
#2475 = VERTEX_POINT('',#2476);
#2476 = CARTESIAN_POINT('',(374.,-109.625,-7.105427357601E-15));
#2477 = LINE('',#2478,#2479);
#2478 = CARTESIAN_POINT('',(388.,-109.625,-1.06581410364E-14));
#2479 = VECTOR('',#2480,1.);
#2480 = DIRECTION('',(-1.,0.,2.22044604925E-16));
#2481 = ORIENTED_EDGE('',*,*,#2482,.T.);
#2482 = EDGE_CURVE('',#2475,#2483,#2485,.T.);
#2483 = VERTEX_POINT('',#2484);
#2484 = CARTESIAN_POINT('',(374.,-105.375,-7.105427357601E-15));
#2485 = LINE('',#2486,#2487);
#2486 = CARTESIAN_POINT('',(374.,-120.,-7.105427357601E-15));
#2487 = VECTOR('',#2488,1.);
#2488 = DIRECTION('',(0.,1.,0.));
#2489 = ORIENTED_EDGE('',*,*,#2490,.T.);
#2490 = EDGE_CURVE('',#2483,#2491,#2493,.T.);
#2491 = VERTEX_POINT('',#2492);
#2492 = CARTESIAN_POINT('',(350.,-105.375,0.));
#2493 = LINE('',#2494,#2495);
#2494 = CARTESIAN_POINT('',(388.,-105.375,-1.06581410364E-14));
#2495 = VECTOR('',#2496,1.);
#2496 = DIRECTION('',(-1.,0.,2.22044604925E-16));
#2497 = ORIENTED_EDGE('',*,*,#2498,.F.);
#2498 = EDGE_CURVE('',#2499,#2491,#2501,.T.);
#2499 = VERTEX_POINT('',#2500);
#2500 = CARTESIAN_POINT('',(350.,-103.375,0.));
#2501 = LINE('',#2502,#2503);
#2502 = CARTESIAN_POINT('',(350.,-112.6875,0.));
#2503 = VECTOR('',#2504,1.);
#2504 = DIRECTION('',(0.,-1.,0.));
#2505 = ORIENTED_EDGE('',*,*,#2506,.F.);
#2506 = EDGE_CURVE('',#2507,#2499,#2509,.T.);
#2507 = VERTEX_POINT('',#2508);
#2508 = CARTESIAN_POINT('',(374.,-103.375,-7.105427357601E-15));
#2509 = LINE('',#2510,#2511);
#2510 = CARTESIAN_POINT('',(388.,-103.375,-1.06581410364E-14));
#2511 = VECTOR('',#2512,1.);
#2512 = DIRECTION('',(-1.,0.,2.22044604925E-16));
#2513 = ORIENTED_EDGE('',*,*,#2514,.T.);
#2514 = EDGE_CURVE('',#2507,#2515,#2517,.T.);
#2515 = VERTEX_POINT('',#2516);
#2516 = CARTESIAN_POINT('',(374.,-99.125,-7.105427357601E-15));
#2517 = LINE('',#2518,#2519);
#2518 = CARTESIAN_POINT('',(374.,-120.,-7.105427357601E-15));
#2519 = VECTOR('',#2520,1.);
#2520 = DIRECTION('',(0.,1.,0.));
#2521 = ORIENTED_EDGE('',*,*,#2522,.T.);
#2522 = EDGE_CURVE('',#2515,#2523,#2525,.T.);
#2523 = VERTEX_POINT('',#2524);
#2524 = CARTESIAN_POINT('',(350.,-99.125,0.));
#2525 = LINE('',#2526,#2527);
#2526 = CARTESIAN_POINT('',(388.,-99.125,-1.06581410364E-14));
#2527 = VECTOR('',#2528,1.);
#2528 = DIRECTION('',(-1.,0.,2.22044604925E-16));
#2529 = ORIENTED_EDGE('',*,*,#2530,.F.);
#2530 = EDGE_CURVE('',#2531,#2523,#2533,.T.);
#2531 = VERTEX_POINT('',#2532);
#2532 = CARTESIAN_POINT('',(350.,-97.125,0.));
#2533 = LINE('',#2534,#2535);
#2534 = CARTESIAN_POINT('',(350.,-109.5625,0.));
#2535 = VECTOR('',#2536,1.);
#2536 = DIRECTION('',(0.,-1.,0.));
#2537 = ORIENTED_EDGE('',*,*,#2538,.F.);
#2538 = EDGE_CURVE('',#2539,#2531,#2541,.T.);
#2539 = VERTEX_POINT('',#2540);
#2540 = CARTESIAN_POINT('',(374.,-97.125,-7.105427357601E-15));
#2541 = LINE('',#2542,#2543);
#2542 = CARTESIAN_POINT('',(388.,-97.125,-1.06581410364E-14));
#2543 = VECTOR('',#2544,1.);
#2544 = DIRECTION('',(-1.,0.,2.22044604925E-16));
#2545 = ORIENTED_EDGE('',*,*,#2546,.T.);
#2546 = EDGE_CURVE('',#2539,#2547,#2549,.T.);
#2547 = VERTEX_POINT('',#2548);
#2548 = CARTESIAN_POINT('',(374.,-95.,-7.105427357601E-15));
#2549 = LINE('',#2550,#2551);
#2550 = CARTESIAN_POINT('',(374.,-120.,-7.105427357601E-15));
#2551 = VECTOR('',#2552,1.);
#2552 = DIRECTION('',(0.,1.,0.));
#2553 = ORIENTED_EDGE('',*,*,#2554,.F.);
#2554 = EDGE_CURVE('',#2275,#2547,#2555,.T.);
#2555 = LINE('',#2556,#2557);
#2556 = CARTESIAN_POINT('',(401.,-95.,-1.42108547152E-14));
#2557 = VECTOR('',#2558,1.);
#2558 = DIRECTION('',(1.,0.,-2.22044604925E-16));
#2559 = PLANE('',#2560);
#2560 = AXIS2_PLACEMENT_3D('',#2561,#2562,#2563);
#2561 = CARTESIAN_POINT('',(376.,-120.,-7.105427357601E-15));
#2562 = DIRECTION('',(2.22044604925E-16,0.,1.));
#2563 = DIRECTION('',(-1.,0.,2.22044604925E-16));
#2564 = ( GEOMETRIC_REPRESENTATION_CONTEXT(3) 
GLOBAL_UNCERTAINTY_ASSIGNED_CONTEXT((#2568)) 
GLOBAL_UNIT_ASSIGNED_CONTEXT((#2565,#2566,#2567)) REPRESENTATION_CONTEXT
('Context #1','3D Context with UNIT and UNCERTAINTY') );
#2565 = ( LENGTH_UNIT() NAMED_UNIT(*) SI_UNIT(.MILLI.,.METRE.) );
#2566 = ( NAMED_UNIT(*) PLANE_ANGLE_UNIT() SI_UNIT($,.RADIAN.) );
#2567 = ( NAMED_UNIT(*) SI_UNIT($,.STERADIAN.) SOLID_ANGLE_UNIT() );
#2568 = UNCERTAINTY_MEASURE_WITH_UNIT(LENGTH_MEASURE(1.E-04),#2565,
  'distance_accuracy_value','confusion accuracy');
#2569 = CONTEXT_DEPENDENT_SHAPE_REPRESENTATION(#2570,#2572);
#2570 = ( REPRESENTATION_RELATIONSHIP('','',#44,#10) 
REPRESENTATION_RELATIONSHIP_WITH_TRANSFORMATION(#2571) 
SHAPE_REPRESENTATION_RELATIONSHIP() );
#2571 = ITEM_DEFINED_TRANSFORMATION('','',#11,#15);
#2572 = PRODUCT_DEFINITION_SHAPE('Placement','Placement of an item',
  #2573);
#2573 = NEXT_ASSEMBLY_USAGE_OCCURRENCE('5','Moved y-lower-plaets','',#5,
  #39,$);
#2574 = PRODUCT_RELATED_PRODUCT_CATEGORY('part',$,(#41));
#2575 = SHAPE_DEFINITION_REPRESENTATION(#2576,#2582);
#2576 = PRODUCT_DEFINITION_SHAPE('','',#2577);
#2577 = PRODUCT_DEFINITION('design','',#2578,#2581);
#2578 = PRODUCT_DEFINITION_FORMATION('','',#2579);
#2579 = PRODUCT('Moved y-upper-plates','Moved y-upper-plates','',(#2580)
  );
#2580 = PRODUCT_CONTEXT('',#2,'mechanical');
#2581 = PRODUCT_DEFINITION_CONTEXT('part definition',#2,'design');
#2582 = SHAPE_REPRESENTATION('',(#11,#2583,#2881,#3205,#3537,#3869,#4201
    ,#4533,#4848),#5146);
#2583 = SHELL_BASED_SURFACE_MODEL('',(#2584));
#2584 = OPEN_SHELL('',(#2585));
#2585 = ADVANCED_FACE('',(#2586),#2876,.T.);
#2586 = FACE_BOUND('',#2587,.T.);
#2587 = EDGE_LOOP('',(#2588,#2598,#2606,#2614,#2622,#2630,#2638,#2646,
    #2654,#2662,#2670,#2678,#2686,#2694,#2702,#2710,#2718,#2726,#2734,
    #2742,#2750,#2758,#2766,#2774,#2782,#2790,#2798,#2806,#2814,#2822,
    #2830,#2838,#2846,#2854,#2862,#2870));
#2588 = ORIENTED_EDGE('',*,*,#2589,.F.);
#2589 = EDGE_CURVE('',#2590,#2592,#2594,.T.);
#2590 = VERTEX_POINT('',#2591);
#2591 = CARTESIAN_POINT('',(-25.,-245.,7.105427357601E-15));
#2592 = VERTEX_POINT('',#2593);
#2593 = CARTESIAN_POINT('',(-25.,-195.,7.105427357601E-15));
#2594 = LINE('',#2595,#2596);
#2595 = CARTESIAN_POINT('',(-25.,-220.,7.105427357601E-15));
#2596 = VECTOR('',#2597,1.);
#2597 = DIRECTION('',(0.,1.,0.));
#2598 = ORIENTED_EDGE('',*,*,#2599,.T.);
#2599 = EDGE_CURVE('',#2590,#2600,#2602,.T.);
#2600 = VERTEX_POINT('',#2601);
#2601 = CARTESIAN_POINT('',(25.,-245.,-3.552713678801E-15));
#2602 = LINE('',#2603,#2604);
#2603 = CARTESIAN_POINT('',(0.,-245.,0.));
#2604 = VECTOR('',#2605,1.);
#2605 = DIRECTION('',(1.,0.,-2.22044604925E-16));
#2606 = ORIENTED_EDGE('',*,*,#2607,.T.);
#2607 = EDGE_CURVE('',#2600,#2608,#2610,.T.);
#2608 = VERTEX_POINT('',#2609);
#2609 = CARTESIAN_POINT('',(25.,-242.875,-3.552713678801E-15));
#2610 = LINE('',#2611,#2612);
#2611 = CARTESIAN_POINT('',(25.,-232.5,-3.552713678801E-15));
#2612 = VECTOR('',#2613,1.);
#2613 = DIRECTION('',(0.,1.,0.));
#2614 = ORIENTED_EDGE('',*,*,#2615,.T.);
#2615 = EDGE_CURVE('',#2608,#2616,#2618,.T.);
#2616 = VERTEX_POINT('',#2617);
#2617 = CARTESIAN_POINT('',(0.,-242.875,0.));
#2618 = LINE('',#2619,#2620);
#2619 = CARTESIAN_POINT('',(12.5,-242.875,0.));
#2620 = VECTOR('',#2621,1.);
#2621 = DIRECTION('',(-1.,0.,2.22044604925E-16));
#2622 = ORIENTED_EDGE('',*,*,#2623,.F.);
#2623 = EDGE_CURVE('',#2624,#2616,#2626,.T.);
#2624 = VERTEX_POINT('',#2625);
#2625 = CARTESIAN_POINT('',(0.,-240.875,0.));
#2626 = LINE('',#2627,#2628);
#2627 = CARTESIAN_POINT('',(0.,-231.4375,0.));
#2628 = VECTOR('',#2629,1.);
#2629 = DIRECTION('',(0.,-1.,0.));
#2630 = ORIENTED_EDGE('',*,*,#2631,.F.);
#2631 = EDGE_CURVE('',#2632,#2624,#2634,.T.);
#2632 = VERTEX_POINT('',#2633);
#2633 = CARTESIAN_POINT('',(25.,-240.875,-3.552713678801E-15));
#2634 = LINE('',#2635,#2636);
#2635 = CARTESIAN_POINT('',(12.5,-240.875,0.));
#2636 = VECTOR('',#2637,1.);
#2637 = DIRECTION('',(-1.,0.,2.22044604925E-16));
#2638 = ORIENTED_EDGE('',*,*,#2639,.T.);
#2639 = EDGE_CURVE('',#2632,#2640,#2642,.T.);
#2640 = VERTEX_POINT('',#2641);
#2641 = CARTESIAN_POINT('',(25.,-236.625,-3.552713678801E-15));
#2642 = LINE('',#2643,#2644);
#2643 = CARTESIAN_POINT('',(25.,-232.5,-3.552713678801E-15));
#2644 = VECTOR('',#2645,1.);
#2645 = DIRECTION('',(0.,1.,0.));
#2646 = ORIENTED_EDGE('',*,*,#2647,.T.);
#2647 = EDGE_CURVE('',#2640,#2648,#2650,.T.);
#2648 = VERTEX_POINT('',#2649);
#2649 = CARTESIAN_POINT('',(0.,-236.625,0.));
#2650 = LINE('',#2651,#2652);
#2651 = CARTESIAN_POINT('',(12.5,-236.625,0.));
#2652 = VECTOR('',#2653,1.);
#2653 = DIRECTION('',(-1.,0.,2.22044604925E-16));
#2654 = ORIENTED_EDGE('',*,*,#2655,.F.);
#2655 = EDGE_CURVE('',#2656,#2648,#2658,.T.);
#2656 = VERTEX_POINT('',#2657);
#2657 = CARTESIAN_POINT('',(0.,-234.625,0.));
#2658 = LINE('',#2659,#2660);
#2659 = CARTESIAN_POINT('',(0.,-228.3125,0.));
#2660 = VECTOR('',#2661,1.);
#2661 = DIRECTION('',(0.,-1.,0.));
#2662 = ORIENTED_EDGE('',*,*,#2663,.F.);
#2663 = EDGE_CURVE('',#2664,#2656,#2666,.T.);
#2664 = VERTEX_POINT('',#2665);
#2665 = CARTESIAN_POINT('',(25.,-234.625,-3.552713678801E-15));
#2666 = LINE('',#2667,#2668);
#2667 = CARTESIAN_POINT('',(12.5,-234.625,0.));
#2668 = VECTOR('',#2669,1.);
#2669 = DIRECTION('',(-1.,0.,2.22044604925E-16));
#2670 = ORIENTED_EDGE('',*,*,#2671,.T.);
#2671 = EDGE_CURVE('',#2664,#2672,#2674,.T.);
#2672 = VERTEX_POINT('',#2673);
#2673 = CARTESIAN_POINT('',(25.,-230.375,-3.552713678801E-15));
#2674 = LINE('',#2675,#2676);
#2675 = CARTESIAN_POINT('',(25.,-232.5,-3.552713678801E-15));
#2676 = VECTOR('',#2677,1.);
#2677 = DIRECTION('',(0.,1.,0.));
#2678 = ORIENTED_EDGE('',*,*,#2679,.T.);
#2679 = EDGE_CURVE('',#2672,#2680,#2682,.T.);
#2680 = VERTEX_POINT('',#2681);
#2681 = CARTESIAN_POINT('',(0.,-230.375,0.));
#2682 = LINE('',#2683,#2684);
#2683 = CARTESIAN_POINT('',(12.5,-230.375,0.));
#2684 = VECTOR('',#2685,1.);
#2685 = DIRECTION('',(-1.,0.,2.22044604925E-16));
#2686 = ORIENTED_EDGE('',*,*,#2687,.F.);
#2687 = EDGE_CURVE('',#2688,#2680,#2690,.T.);
#2688 = VERTEX_POINT('',#2689);
#2689 = CARTESIAN_POINT('',(0.,-228.375,0.));
#2690 = LINE('',#2691,#2692);
#2691 = CARTESIAN_POINT('',(0.,-225.1875,0.));
#2692 = VECTOR('',#2693,1.);
#2693 = DIRECTION('',(0.,-1.,0.));
#2694 = ORIENTED_EDGE('',*,*,#2695,.F.);
#2695 = EDGE_CURVE('',#2696,#2688,#2698,.T.);
#2696 = VERTEX_POINT('',#2697);
#2697 = CARTESIAN_POINT('',(25.,-228.375,-3.552713678801E-15));
#2698 = LINE('',#2699,#2700);
#2699 = CARTESIAN_POINT('',(12.5,-228.375,0.));
#2700 = VECTOR('',#2701,1.);
#2701 = DIRECTION('',(-1.,0.,2.22044604925E-16));
#2702 = ORIENTED_EDGE('',*,*,#2703,.T.);
#2703 = EDGE_CURVE('',#2696,#2704,#2706,.T.);
#2704 = VERTEX_POINT('',#2705);
#2705 = CARTESIAN_POINT('',(25.,-224.125,-3.552713678801E-15));
#2706 = LINE('',#2707,#2708);
#2707 = CARTESIAN_POINT('',(25.,-232.5,-3.552713678801E-15));
#2708 = VECTOR('',#2709,1.);
#2709 = DIRECTION('',(0.,1.,0.));
#2710 = ORIENTED_EDGE('',*,*,#2711,.T.);
#2711 = EDGE_CURVE('',#2704,#2712,#2714,.T.);
#2712 = VERTEX_POINT('',#2713);
#2713 = CARTESIAN_POINT('',(0.,-224.125,0.));
#2714 = LINE('',#2715,#2716);
#2715 = CARTESIAN_POINT('',(12.5,-224.125,0.));
#2716 = VECTOR('',#2717,1.);
#2717 = DIRECTION('',(-1.,0.,2.22044604925E-16));
#2718 = ORIENTED_EDGE('',*,*,#2719,.F.);
#2719 = EDGE_CURVE('',#2720,#2712,#2722,.T.);
#2720 = VERTEX_POINT('',#2721);
#2721 = CARTESIAN_POINT('',(0.,-222.125,0.));
#2722 = LINE('',#2723,#2724);
#2723 = CARTESIAN_POINT('',(0.,-222.0625,0.));
#2724 = VECTOR('',#2725,1.);
#2725 = DIRECTION('',(0.,-1.,0.));
#2726 = ORIENTED_EDGE('',*,*,#2727,.F.);
#2727 = EDGE_CURVE('',#2728,#2720,#2730,.T.);
#2728 = VERTEX_POINT('',#2729);
#2729 = CARTESIAN_POINT('',(25.,-222.125,-3.552713678801E-15));
#2730 = LINE('',#2731,#2732);
#2731 = CARTESIAN_POINT('',(12.5,-222.125,0.));
#2732 = VECTOR('',#2733,1.);
#2733 = DIRECTION('',(-1.,0.,2.22044604925E-16));
#2734 = ORIENTED_EDGE('',*,*,#2735,.T.);
#2735 = EDGE_CURVE('',#2728,#2736,#2738,.T.);
#2736 = VERTEX_POINT('',#2737);
#2737 = CARTESIAN_POINT('',(25.,-217.875,-3.552713678801E-15));
#2738 = LINE('',#2739,#2740);
#2739 = CARTESIAN_POINT('',(25.,-232.5,-3.552713678801E-15));
#2740 = VECTOR('',#2741,1.);
#2741 = DIRECTION('',(0.,1.,0.));
#2742 = ORIENTED_EDGE('',*,*,#2743,.T.);
#2743 = EDGE_CURVE('',#2736,#2744,#2746,.T.);
#2744 = VERTEX_POINT('',#2745);
#2745 = CARTESIAN_POINT('',(0.,-217.875,0.));
#2746 = LINE('',#2747,#2748);
#2747 = CARTESIAN_POINT('',(12.5,-217.875,0.));
#2748 = VECTOR('',#2749,1.);
#2749 = DIRECTION('',(-1.,0.,2.22044604925E-16));
#2750 = ORIENTED_EDGE('',*,*,#2751,.F.);
#2751 = EDGE_CURVE('',#2752,#2744,#2754,.T.);
#2752 = VERTEX_POINT('',#2753);
#2753 = CARTESIAN_POINT('',(0.,-215.875,0.));
#2754 = LINE('',#2755,#2756);
#2755 = CARTESIAN_POINT('',(0.,-218.9375,0.));
#2756 = VECTOR('',#2757,1.);
#2757 = DIRECTION('',(0.,-1.,0.));
#2758 = ORIENTED_EDGE('',*,*,#2759,.F.);
#2759 = EDGE_CURVE('',#2760,#2752,#2762,.T.);
#2760 = VERTEX_POINT('',#2761);
#2761 = CARTESIAN_POINT('',(25.,-215.875,-3.552713678801E-15));
#2762 = LINE('',#2763,#2764);
#2763 = CARTESIAN_POINT('',(12.5,-215.875,0.));
#2764 = VECTOR('',#2765,1.);
#2765 = DIRECTION('',(-1.,0.,2.22044604925E-16));
#2766 = ORIENTED_EDGE('',*,*,#2767,.T.);
#2767 = EDGE_CURVE('',#2760,#2768,#2770,.T.);
#2768 = VERTEX_POINT('',#2769);
#2769 = CARTESIAN_POINT('',(25.,-211.625,-3.552713678801E-15));
#2770 = LINE('',#2771,#2772);
#2771 = CARTESIAN_POINT('',(25.,-232.5,-3.552713678801E-15));
#2772 = VECTOR('',#2773,1.);
#2773 = DIRECTION('',(0.,1.,0.));
#2774 = ORIENTED_EDGE('',*,*,#2775,.T.);
#2775 = EDGE_CURVE('',#2768,#2776,#2778,.T.);
#2776 = VERTEX_POINT('',#2777);
#2777 = CARTESIAN_POINT('',(0.,-211.625,0.));
#2778 = LINE('',#2779,#2780);
#2779 = CARTESIAN_POINT('',(12.5,-211.625,0.));
#2780 = VECTOR('',#2781,1.);
#2781 = DIRECTION('',(-1.,0.,2.22044604925E-16));
#2782 = ORIENTED_EDGE('',*,*,#2783,.F.);
#2783 = EDGE_CURVE('',#2784,#2776,#2786,.T.);
#2784 = VERTEX_POINT('',#2785);
#2785 = CARTESIAN_POINT('',(0.,-209.625,0.));
#2786 = LINE('',#2787,#2788);
#2787 = CARTESIAN_POINT('',(0.,-215.8125,0.));
#2788 = VECTOR('',#2789,1.);
#2789 = DIRECTION('',(0.,-1.,0.));
#2790 = ORIENTED_EDGE('',*,*,#2791,.F.);
#2791 = EDGE_CURVE('',#2792,#2784,#2794,.T.);
#2792 = VERTEX_POINT('',#2793);
#2793 = CARTESIAN_POINT('',(25.,-209.625,-3.552713678801E-15));
#2794 = LINE('',#2795,#2796);
#2795 = CARTESIAN_POINT('',(12.5,-209.625,0.));
#2796 = VECTOR('',#2797,1.);
#2797 = DIRECTION('',(-1.,0.,2.22044604925E-16));
#2798 = ORIENTED_EDGE('',*,*,#2799,.T.);
#2799 = EDGE_CURVE('',#2792,#2800,#2802,.T.);
#2800 = VERTEX_POINT('',#2801);
#2801 = CARTESIAN_POINT('',(25.,-205.375,-3.552713678801E-15));
#2802 = LINE('',#2803,#2804);
#2803 = CARTESIAN_POINT('',(25.,-232.5,-3.552713678801E-15));
#2804 = VECTOR('',#2805,1.);
#2805 = DIRECTION('',(0.,1.,0.));
#2806 = ORIENTED_EDGE('',*,*,#2807,.T.);
#2807 = EDGE_CURVE('',#2800,#2808,#2810,.T.);
#2808 = VERTEX_POINT('',#2809);
#2809 = CARTESIAN_POINT('',(0.,-205.375,0.));
#2810 = LINE('',#2811,#2812);
#2811 = CARTESIAN_POINT('',(12.5,-205.375,0.));
#2812 = VECTOR('',#2813,1.);
#2813 = DIRECTION('',(-1.,0.,2.22044604925E-16));
#2814 = ORIENTED_EDGE('',*,*,#2815,.F.);
#2815 = EDGE_CURVE('',#2816,#2808,#2818,.T.);
#2816 = VERTEX_POINT('',#2817);
#2817 = CARTESIAN_POINT('',(0.,-203.375,0.));
#2818 = LINE('',#2819,#2820);
#2819 = CARTESIAN_POINT('',(0.,-212.6875,0.));
#2820 = VECTOR('',#2821,1.);
#2821 = DIRECTION('',(0.,-1.,0.));
#2822 = ORIENTED_EDGE('',*,*,#2823,.F.);
#2823 = EDGE_CURVE('',#2824,#2816,#2826,.T.);
#2824 = VERTEX_POINT('',#2825);
#2825 = CARTESIAN_POINT('',(25.,-203.375,-3.552713678801E-15));
#2826 = LINE('',#2827,#2828);
#2827 = CARTESIAN_POINT('',(12.5,-203.375,0.));
#2828 = VECTOR('',#2829,1.);
#2829 = DIRECTION('',(-1.,0.,2.22044604925E-16));
#2830 = ORIENTED_EDGE('',*,*,#2831,.T.);
#2831 = EDGE_CURVE('',#2824,#2832,#2834,.T.);
#2832 = VERTEX_POINT('',#2833);
#2833 = CARTESIAN_POINT('',(25.,-199.125,-3.552713678801E-15));
#2834 = LINE('',#2835,#2836);
#2835 = CARTESIAN_POINT('',(25.,-232.5,-3.552713678801E-15));
#2836 = VECTOR('',#2837,1.);
#2837 = DIRECTION('',(0.,1.,0.));
#2838 = ORIENTED_EDGE('',*,*,#2839,.T.);
#2839 = EDGE_CURVE('',#2832,#2840,#2842,.T.);
#2840 = VERTEX_POINT('',#2841);
#2841 = CARTESIAN_POINT('',(0.,-199.125,0.));
#2842 = LINE('',#2843,#2844);
#2843 = CARTESIAN_POINT('',(12.5,-199.125,0.));
#2844 = VECTOR('',#2845,1.);
#2845 = DIRECTION('',(-1.,0.,2.22044604925E-16));
#2846 = ORIENTED_EDGE('',*,*,#2847,.F.);
#2847 = EDGE_CURVE('',#2848,#2840,#2850,.T.);
#2848 = VERTEX_POINT('',#2849);
#2849 = CARTESIAN_POINT('',(0.,-197.125,0.));
#2850 = LINE('',#2851,#2852);
#2851 = CARTESIAN_POINT('',(0.,-209.5625,0.));
#2852 = VECTOR('',#2853,1.);
#2853 = DIRECTION('',(0.,-1.,0.));
#2854 = ORIENTED_EDGE('',*,*,#2855,.F.);
#2855 = EDGE_CURVE('',#2856,#2848,#2858,.T.);
#2856 = VERTEX_POINT('',#2857);
#2857 = CARTESIAN_POINT('',(25.,-197.125,-3.552713678801E-15));
#2858 = LINE('',#2859,#2860);
#2859 = CARTESIAN_POINT('',(12.5,-197.125,0.));
#2860 = VECTOR('',#2861,1.);
#2861 = DIRECTION('',(-1.,0.,2.22044604925E-16));
#2862 = ORIENTED_EDGE('',*,*,#2863,.T.);
#2863 = EDGE_CURVE('',#2856,#2864,#2866,.T.);
#2864 = VERTEX_POINT('',#2865);
#2865 = CARTESIAN_POINT('',(25.,-195.,-3.552713678801E-15));
#2866 = LINE('',#2867,#2868);
#2867 = CARTESIAN_POINT('',(25.,-232.5,-3.552713678801E-15));
#2868 = VECTOR('',#2869,1.);
#2869 = DIRECTION('',(0.,1.,0.));
#2870 = ORIENTED_EDGE('',*,*,#2871,.F.);
#2871 = EDGE_CURVE('',#2592,#2864,#2872,.T.);
#2872 = LINE('',#2873,#2874);
#2873 = CARTESIAN_POINT('',(0.,-195.,0.));
#2874 = VECTOR('',#2875,1.);
#2875 = DIRECTION('',(1.,0.,-2.22044604925E-16));
#2876 = PLANE('',#2877);
#2877 = AXIS2_PLACEMENT_3D('',#2878,#2879,#2880);
#2878 = CARTESIAN_POINT('',(-25.,-220.,7.105427357601E-15));
#2879 = DIRECTION('',(2.22044604925E-16,0.,1.));
#2880 = DIRECTION('',(-1.,0.,2.22044604925E-16));
#2881 = SHELL_BASED_SURFACE_MODEL('',(#2882));
#2882 = OPEN_SHELL('',(#2883));
#2883 = ADVANCED_FACE('',(#2884),#3200,.T.);
#2884 = FACE_BOUND('',#2885,.T.);
#2885 = EDGE_LOOP('',(#2886,#2896,#2904,#2912,#2920,#2928,#2936,#2944,
    #2952,#2960,#2968,#2976,#2984,#2992,#3000,#3008,#3016,#3024,#3032,
    #3040,#3048,#3056,#3064,#3072,#3080,#3088,#3096,#3104,#3112,#3120,
    #3128,#3136,#3144,#3152,#3160,#3168,#3176,#3184,#3193));
#2886 = ORIENTED_EDGE('',*,*,#2887,.F.);
#2887 = EDGE_CURVE('',#2888,#2890,#2892,.T.);
#2888 = VERTEX_POINT('',#2889);
#2889 = CARTESIAN_POINT('',(47.34625190625,-245.,5.329070518201E-15));
#2890 = VERTEX_POINT('',#2891);
#2891 = CARTESIAN_POINT('',(47.34625190625,-232.4843652221,
    5.329070518201E-15));
#2892 = LINE('',#2893,#2894);
#2893 = CARTESIAN_POINT('',(47.34625190625,-220.,5.329070518201E-15));
#2894 = VECTOR('',#2895,1.);
#2895 = DIRECTION('',(0.,1.,0.));
#2896 = ORIENTED_EDGE('',*,*,#2897,.T.);
#2897 = EDGE_CURVE('',#2888,#2898,#2900,.T.);
#2898 = VERTEX_POINT('',#2899);
#2899 = CARTESIAN_POINT('',(97.34625190625,-245.,-5.329070518201E-15));
#2900 = LINE('',#2901,#2902);
#2901 = CARTESIAN_POINT('',(72.34625190625,-245.,0.));
#2902 = VECTOR('',#2903,1.);
#2903 = DIRECTION('',(1.,0.,-2.22044604925E-16));
#2904 = ORIENTED_EDGE('',*,*,#2905,.T.);
#2905 = EDGE_CURVE('',#2898,#2906,#2908,.T.);
#2906 = VERTEX_POINT('',#2907);
#2907 = CARTESIAN_POINT('',(97.34625190625,-242.875,-5.329070518201E-15)
  );
#2908 = LINE('',#2909,#2910);
#2909 = CARTESIAN_POINT('',(97.34625190625,-232.5,-5.329070518201E-15));
#2910 = VECTOR('',#2911,1.);
#2911 = DIRECTION('',(0.,1.,0.));
#2912 = ORIENTED_EDGE('',*,*,#2913,.T.);
#2913 = EDGE_CURVE('',#2906,#2914,#2916,.T.);
#2914 = VERTEX_POINT('',#2915);
#2915 = CARTESIAN_POINT('',(72.34625190625,-242.875,0.));
#2916 = LINE('',#2917,#2918);
#2917 = CARTESIAN_POINT('',(84.84625190625,-242.875,-3.552713678801E-15)
  );
#2918 = VECTOR('',#2919,1.);
#2919 = DIRECTION('',(-1.,0.,2.22044604925E-16));
#2920 = ORIENTED_EDGE('',*,*,#2921,.F.);
#2921 = EDGE_CURVE('',#2922,#2914,#2924,.T.);
#2922 = VERTEX_POINT('',#2923);
#2923 = CARTESIAN_POINT('',(72.34625190625,-240.875,0.));
#2924 = LINE('',#2925,#2926);
#2925 = CARTESIAN_POINT('',(72.34625190625,-231.4375,0.));
#2926 = VECTOR('',#2927,1.);
#2927 = DIRECTION('',(0.,-1.,0.));
#2928 = ORIENTED_EDGE('',*,*,#2929,.F.);
#2929 = EDGE_CURVE('',#2930,#2922,#2932,.T.);
#2930 = VERTEX_POINT('',#2931);
#2931 = CARTESIAN_POINT('',(97.34625190625,-240.875,-5.329070518201E-15)
  );
#2932 = LINE('',#2933,#2934);
#2933 = CARTESIAN_POINT('',(84.84625190625,-240.875,-3.552713678801E-15)
  );
#2934 = VECTOR('',#2935,1.);
#2935 = DIRECTION('',(-1.,0.,2.22044604925E-16));
#2936 = ORIENTED_EDGE('',*,*,#2937,.T.);
#2937 = EDGE_CURVE('',#2930,#2938,#2940,.T.);
#2938 = VERTEX_POINT('',#2939);
#2939 = CARTESIAN_POINT('',(97.34625190625,-236.625,-5.329070518201E-15)
  );
#2940 = LINE('',#2941,#2942);
#2941 = CARTESIAN_POINT('',(97.34625190625,-232.5,-5.329070518201E-15));
#2942 = VECTOR('',#2943,1.);
#2943 = DIRECTION('',(0.,1.,0.));
#2944 = ORIENTED_EDGE('',*,*,#2945,.T.);
#2945 = EDGE_CURVE('',#2938,#2946,#2948,.T.);
#2946 = VERTEX_POINT('',#2947);
#2947 = CARTESIAN_POINT('',(72.34625190625,-236.625,0.));
#2948 = LINE('',#2949,#2950);
#2949 = CARTESIAN_POINT('',(84.84625190625,-236.625,-3.552713678801E-15)
  );
#2950 = VECTOR('',#2951,1.);
#2951 = DIRECTION('',(-1.,0.,2.22044604925E-16));
#2952 = ORIENTED_EDGE('',*,*,#2953,.F.);
#2953 = EDGE_CURVE('',#2954,#2946,#2956,.T.);
#2954 = VERTEX_POINT('',#2955);
#2955 = CARTESIAN_POINT('',(72.34625190625,-234.625,0.));
#2956 = LINE('',#2957,#2958);
#2957 = CARTESIAN_POINT('',(72.34625190625,-228.3125,0.));
#2958 = VECTOR('',#2959,1.);
#2959 = DIRECTION('',(0.,-1.,0.));
#2960 = ORIENTED_EDGE('',*,*,#2961,.F.);
#2961 = EDGE_CURVE('',#2962,#2954,#2964,.T.);
#2962 = VERTEX_POINT('',#2963);
#2963 = CARTESIAN_POINT('',(97.34625190625,-234.625,-5.329070518201E-15)
  );
#2964 = LINE('',#2965,#2966);
#2965 = CARTESIAN_POINT('',(84.84625190625,-234.625,-3.552713678801E-15)
  );
#2966 = VECTOR('',#2967,1.);
#2967 = DIRECTION('',(-1.,0.,2.22044604925E-16));
#2968 = ORIENTED_EDGE('',*,*,#2969,.T.);
#2969 = EDGE_CURVE('',#2962,#2970,#2972,.T.);
#2970 = VERTEX_POINT('',#2971);
#2971 = CARTESIAN_POINT('',(97.34625190625,-230.375,-5.329070518201E-15)
  );
#2972 = LINE('',#2973,#2974);
#2973 = CARTESIAN_POINT('',(97.34625190625,-232.5,-5.329070518201E-15));
#2974 = VECTOR('',#2975,1.);
#2975 = DIRECTION('',(0.,1.,0.));
#2976 = ORIENTED_EDGE('',*,*,#2977,.T.);
#2977 = EDGE_CURVE('',#2970,#2978,#2980,.T.);
#2978 = VERTEX_POINT('',#2979);
#2979 = CARTESIAN_POINT('',(72.34625190625,-230.375,0.));
#2980 = LINE('',#2981,#2982);
#2981 = CARTESIAN_POINT('',(84.84625190625,-230.375,-3.552713678801E-15)
  );
#2982 = VECTOR('',#2983,1.);
#2983 = DIRECTION('',(-1.,0.,2.22044604925E-16));
#2984 = ORIENTED_EDGE('',*,*,#2985,.F.);
#2985 = EDGE_CURVE('',#2986,#2978,#2988,.T.);
#2986 = VERTEX_POINT('',#2987);
#2987 = CARTESIAN_POINT('',(72.34625190625,-228.375,0.));
#2988 = LINE('',#2989,#2990);
#2989 = CARTESIAN_POINT('',(72.34625190625,-225.1875,0.));
#2990 = VECTOR('',#2991,1.);
#2991 = DIRECTION('',(0.,-1.,0.));
#2992 = ORIENTED_EDGE('',*,*,#2993,.F.);
#2993 = EDGE_CURVE('',#2994,#2986,#2996,.T.);
#2994 = VERTEX_POINT('',#2995);
#2995 = CARTESIAN_POINT('',(97.34625190625,-228.375,-5.329070518201E-15)
  );
#2996 = LINE('',#2997,#2998);
#2997 = CARTESIAN_POINT('',(84.84625190625,-228.375,-3.552713678801E-15)
  );
#2998 = VECTOR('',#2999,1.);
#2999 = DIRECTION('',(-1.,0.,2.22044604925E-16));
#3000 = ORIENTED_EDGE('',*,*,#3001,.T.);
#3001 = EDGE_CURVE('',#2994,#3002,#3004,.T.);
#3002 = VERTEX_POINT('',#3003);
#3003 = CARTESIAN_POINT('',(97.34625190625,-224.125,-5.329070518201E-15)
  );
#3004 = LINE('',#3005,#3006);
#3005 = CARTESIAN_POINT('',(97.34625190625,-232.5,-5.329070518201E-15));
#3006 = VECTOR('',#3007,1.);
#3007 = DIRECTION('',(0.,1.,0.));
#3008 = ORIENTED_EDGE('',*,*,#3009,.T.);
#3009 = EDGE_CURVE('',#3002,#3010,#3012,.T.);
#3010 = VERTEX_POINT('',#3011);
#3011 = CARTESIAN_POINT('',(72.34625190625,-224.125,0.));
#3012 = LINE('',#3013,#3014);
#3013 = CARTESIAN_POINT('',(84.84625190625,-224.125,-3.552713678801E-15)
  );
#3014 = VECTOR('',#3015,1.);
#3015 = DIRECTION('',(-1.,0.,2.22044604925E-16));
#3016 = ORIENTED_EDGE('',*,*,#3017,.F.);
#3017 = EDGE_CURVE('',#3018,#3010,#3020,.T.);
#3018 = VERTEX_POINT('',#3019);
#3019 = CARTESIAN_POINT('',(72.34625190625,-222.125,0.));
#3020 = LINE('',#3021,#3022);
#3021 = CARTESIAN_POINT('',(72.34625190625,-222.0625,0.));
#3022 = VECTOR('',#3023,1.);
#3023 = DIRECTION('',(0.,-1.,0.));
#3024 = ORIENTED_EDGE('',*,*,#3025,.F.);
#3025 = EDGE_CURVE('',#3026,#3018,#3028,.T.);
#3026 = VERTEX_POINT('',#3027);
#3027 = CARTESIAN_POINT('',(97.34625190625,-222.125,-5.329070518201E-15)
  );
#3028 = LINE('',#3029,#3030);
#3029 = CARTESIAN_POINT('',(84.84625190625,-222.125,-3.552713678801E-15)
  );
#3030 = VECTOR('',#3031,1.);
#3031 = DIRECTION('',(-1.,0.,2.22044604925E-16));
#3032 = ORIENTED_EDGE('',*,*,#3033,.T.);
#3033 = EDGE_CURVE('',#3026,#3034,#3036,.T.);
#3034 = VERTEX_POINT('',#3035);
#3035 = CARTESIAN_POINT('',(97.34625190625,-217.875,-5.329070518201E-15)
  );
#3036 = LINE('',#3037,#3038);
#3037 = CARTESIAN_POINT('',(97.34625190625,-232.5,-5.329070518201E-15));
#3038 = VECTOR('',#3039,1.);
#3039 = DIRECTION('',(0.,1.,0.));
#3040 = ORIENTED_EDGE('',*,*,#3041,.T.);
#3041 = EDGE_CURVE('',#3034,#3042,#3044,.T.);
#3042 = VERTEX_POINT('',#3043);
#3043 = CARTESIAN_POINT('',(72.34625190625,-217.875,0.));
#3044 = LINE('',#3045,#3046);
#3045 = CARTESIAN_POINT('',(84.84625190625,-217.875,-3.552713678801E-15)
  );
#3046 = VECTOR('',#3047,1.);
#3047 = DIRECTION('',(-1.,0.,2.22044604925E-16));
#3048 = ORIENTED_EDGE('',*,*,#3049,.F.);
#3049 = EDGE_CURVE('',#3050,#3042,#3052,.T.);
#3050 = VERTEX_POINT('',#3051);
#3051 = CARTESIAN_POINT('',(72.34625190625,-215.875,0.));
#3052 = LINE('',#3053,#3054);
#3053 = CARTESIAN_POINT('',(72.34625190625,-218.9375,0.));
#3054 = VECTOR('',#3055,1.);
#3055 = DIRECTION('',(0.,-1.,0.));
#3056 = ORIENTED_EDGE('',*,*,#3057,.F.);
#3057 = EDGE_CURVE('',#3058,#3050,#3060,.T.);
#3058 = VERTEX_POINT('',#3059);
#3059 = CARTESIAN_POINT('',(97.34625190625,-215.875,-5.329070518201E-15)
  );
#3060 = LINE('',#3061,#3062);
#3061 = CARTESIAN_POINT('',(84.84625190625,-215.875,-3.552713678801E-15)
  );
#3062 = VECTOR('',#3063,1.);
#3063 = DIRECTION('',(-1.,0.,2.22044604925E-16));
#3064 = ORIENTED_EDGE('',*,*,#3065,.T.);
#3065 = EDGE_CURVE('',#3058,#3066,#3068,.T.);
#3066 = VERTEX_POINT('',#3067);
#3067 = CARTESIAN_POINT('',(97.34625190625,-211.625,-5.329070518201E-15)
  );
#3068 = LINE('',#3069,#3070);
#3069 = CARTESIAN_POINT('',(97.34625190625,-232.5,-5.329070518201E-15));
#3070 = VECTOR('',#3071,1.);
#3071 = DIRECTION('',(0.,1.,0.));
#3072 = ORIENTED_EDGE('',*,*,#3073,.T.);
#3073 = EDGE_CURVE('',#3066,#3074,#3076,.T.);
#3074 = VERTEX_POINT('',#3075);
#3075 = CARTESIAN_POINT('',(72.34625190625,-211.625,0.));
#3076 = LINE('',#3077,#3078);
#3077 = CARTESIAN_POINT('',(84.84625190625,-211.625,-3.552713678801E-15)
  );
#3078 = VECTOR('',#3079,1.);
#3079 = DIRECTION('',(-1.,0.,2.22044604925E-16));
#3080 = ORIENTED_EDGE('',*,*,#3081,.F.);
#3081 = EDGE_CURVE('',#3082,#3074,#3084,.T.);
#3082 = VERTEX_POINT('',#3083);
#3083 = CARTESIAN_POINT('',(72.34625190625,-209.625,0.));
#3084 = LINE('',#3085,#3086);
#3085 = CARTESIAN_POINT('',(72.34625190625,-215.8125,0.));
#3086 = VECTOR('',#3087,1.);
#3087 = DIRECTION('',(0.,-1.,0.));
#3088 = ORIENTED_EDGE('',*,*,#3089,.F.);
#3089 = EDGE_CURVE('',#3090,#3082,#3092,.T.);
#3090 = VERTEX_POINT('',#3091);
#3091 = CARTESIAN_POINT('',(97.34625190625,-209.625,-5.329070518201E-15)
  );
#3092 = LINE('',#3093,#3094);
#3093 = CARTESIAN_POINT('',(84.84625190625,-209.625,-3.552713678801E-15)
  );
#3094 = VECTOR('',#3095,1.);
#3095 = DIRECTION('',(-1.,0.,2.22044604925E-16));
#3096 = ORIENTED_EDGE('',*,*,#3097,.T.);
#3097 = EDGE_CURVE('',#3090,#3098,#3100,.T.);
#3098 = VERTEX_POINT('',#3099);
#3099 = CARTESIAN_POINT('',(97.34625190625,-205.375,-5.329070518201E-15)
  );
#3100 = LINE('',#3101,#3102);
#3101 = CARTESIAN_POINT('',(97.34625190625,-232.5,-5.329070518201E-15));
#3102 = VECTOR('',#3103,1.);
#3103 = DIRECTION('',(0.,1.,0.));
#3104 = ORIENTED_EDGE('',*,*,#3105,.T.);
#3105 = EDGE_CURVE('',#3098,#3106,#3108,.T.);
#3106 = VERTEX_POINT('',#3107);
#3107 = CARTESIAN_POINT('',(72.34625190625,-205.375,0.));
#3108 = LINE('',#3109,#3110);
#3109 = CARTESIAN_POINT('',(84.84625190625,-205.375,-3.552713678801E-15)
  );
#3110 = VECTOR('',#3111,1.);
#3111 = DIRECTION('',(-1.,0.,2.22044604925E-16));
#3112 = ORIENTED_EDGE('',*,*,#3113,.F.);
#3113 = EDGE_CURVE('',#3114,#3106,#3116,.T.);
#3114 = VERTEX_POINT('',#3115);
#3115 = CARTESIAN_POINT('',(72.34625190625,-203.375,0.));
#3116 = LINE('',#3117,#3118);
#3117 = CARTESIAN_POINT('',(72.34625190625,-212.6875,0.));
#3118 = VECTOR('',#3119,1.);
#3119 = DIRECTION('',(0.,-1.,0.));
#3120 = ORIENTED_EDGE('',*,*,#3121,.F.);
#3121 = EDGE_CURVE('',#3122,#3114,#3124,.T.);
#3122 = VERTEX_POINT('',#3123);
#3123 = CARTESIAN_POINT('',(97.34625190625,-203.375,-5.329070518201E-15)
  );
#3124 = LINE('',#3125,#3126);
#3125 = CARTESIAN_POINT('',(84.84625190625,-203.375,-3.552713678801E-15)
  );
#3126 = VECTOR('',#3127,1.);
#3127 = DIRECTION('',(-1.,0.,2.22044604925E-16));
#3128 = ORIENTED_EDGE('',*,*,#3129,.T.);
#3129 = EDGE_CURVE('',#3122,#3130,#3132,.T.);
#3130 = VERTEX_POINT('',#3131);
#3131 = CARTESIAN_POINT('',(97.34625190625,-199.125,-5.329070518201E-15)
  );
#3132 = LINE('',#3133,#3134);
#3133 = CARTESIAN_POINT('',(97.34625190625,-232.5,-5.329070518201E-15));
#3134 = VECTOR('',#3135,1.);
#3135 = DIRECTION('',(0.,1.,0.));
#3136 = ORIENTED_EDGE('',*,*,#3137,.T.);
#3137 = EDGE_CURVE('',#3130,#3138,#3140,.T.);
#3138 = VERTEX_POINT('',#3139);
#3139 = CARTESIAN_POINT('',(72.34625190625,-199.125,0.));
#3140 = LINE('',#3141,#3142);
#3141 = CARTESIAN_POINT('',(84.84625190625,-199.125,-3.552713678801E-15)
  );
#3142 = VECTOR('',#3143,1.);
#3143 = DIRECTION('',(-1.,0.,2.22044604925E-16));
#3144 = ORIENTED_EDGE('',*,*,#3145,.F.);
#3145 = EDGE_CURVE('',#3146,#3138,#3148,.T.);
#3146 = VERTEX_POINT('',#3147);
#3147 = CARTESIAN_POINT('',(72.34625190625,-197.125,0.));
#3148 = LINE('',#3149,#3150);
#3149 = CARTESIAN_POINT('',(72.34625190625,-209.5625,0.));
#3150 = VECTOR('',#3151,1.);
#3151 = DIRECTION('',(0.,-1.,0.));
#3152 = ORIENTED_EDGE('',*,*,#3153,.F.);
#3153 = EDGE_CURVE('',#3154,#3146,#3156,.T.);
#3154 = VERTEX_POINT('',#3155);
#3155 = CARTESIAN_POINT('',(97.34625190625,-197.125,-5.329070518201E-15)
  );
#3156 = LINE('',#3157,#3158);
#3157 = CARTESIAN_POINT('',(84.84625190625,-197.125,-3.552713678801E-15)
  );
#3158 = VECTOR('',#3159,1.);
#3159 = DIRECTION('',(-1.,0.,2.22044604925E-16));
#3160 = ORIENTED_EDGE('',*,*,#3161,.T.);
#3161 = EDGE_CURVE('',#3154,#3162,#3164,.T.);
#3162 = VERTEX_POINT('',#3163);
#3163 = CARTESIAN_POINT('',(97.34625190625,-195.,-5.329070518201E-15));
#3164 = LINE('',#3165,#3166);
#3165 = CARTESIAN_POINT('',(97.34625190625,-232.5,-5.329070518201E-15));
#3166 = VECTOR('',#3167,1.);
#3167 = DIRECTION('',(0.,1.,0.));
#3168 = ORIENTED_EDGE('',*,*,#3169,.F.);
#3169 = EDGE_CURVE('',#3170,#3162,#3172,.T.);
#3170 = VERTEX_POINT('',#3171);
#3171 = CARTESIAN_POINT('',(47.34625190625,-195.,5.329070518201E-15));
#3172 = LINE('',#3173,#3174);
#3173 = CARTESIAN_POINT('',(72.34625190625,-195.,0.));
#3174 = VECTOR('',#3175,1.);
#3175 = DIRECTION('',(1.,0.,-2.22044604925E-16));
#3176 = ORIENTED_EDGE('',*,*,#3177,.F.);
#3177 = EDGE_CURVE('',#3178,#3170,#3180,.T.);
#3178 = VERTEX_POINT('',#3179);
#3179 = CARTESIAN_POINT('',(47.34625190625,-207.5156347778,
    7.105427357601E-15));
#3180 = LINE('',#3181,#3182);
#3181 = CARTESIAN_POINT('',(47.34625190625,-220.,5.329070518201E-15));
#3182 = VECTOR('',#3183,1.);
#3183 = DIRECTION('',(0.,1.,0.));
#3184 = ORIENTED_EDGE('',*,*,#3185,.F.);
#3185 = EDGE_CURVE('',#3186,#3178,#3188,.T.);
#3186 = VERTEX_POINT('',#3187);
#3187 = CARTESIAN_POINT('',(42.65374809375,-220.,7.105427357601E-15));
#3188 = HYPERBOLA('',#3189,16.7589421875,15.625);
#3189 = AXIS2_PLACEMENT_3D('',#3190,#3191,#3192);
#3190 = CARTESIAN_POINT('',(25.89480590625,-220.,1.06581410364E-14));
#3191 = DIRECTION('',(2.22044604925E-16,-0.,1.));
#3192 = DIRECTION('',(1.,0.,-2.22044604925E-16));
#3193 = ORIENTED_EDGE('',*,*,#3194,.F.);
#3194 = EDGE_CURVE('',#2890,#3186,#3195,.T.);
#3195 = HYPERBOLA('',#3196,16.7589421875,15.625);
#3196 = AXIS2_PLACEMENT_3D('',#3197,#3198,#3199);
#3197 = CARTESIAN_POINT('',(25.89480590625,-220.,1.06581410364E-14));
#3198 = DIRECTION('',(2.22044604925E-16,-0.,1.));
#3199 = DIRECTION('',(1.,0.,-2.22044604925E-16));
#3200 = PLANE('',#3201);
#3201 = AXIS2_PLACEMENT_3D('',#3202,#3203,#3204);
#3202 = CARTESIAN_POINT('',(47.34625190625,-220.,5.329070518201E-15));
#3203 = DIRECTION('',(2.22044604925E-16,0.,1.));
#3204 = DIRECTION('',(-1.,0.,2.22044604925E-16));
#3205 = SHELL_BASED_SURFACE_MODEL('',(#3206));
#3206 = OPEN_SHELL('',(#3207));
#3207 = ADVANCED_FACE('',(#3208),#3532,.T.);
#3208 = FACE_BOUND('',#3209,.T.);
#3209 = EDGE_LOOP('',(#3210,#3220,#3228,#3236,#3244,#3252,#3260,#3268,
    #3276,#3284,#3292,#3300,#3308,#3316,#3324,#3332,#3340,#3348,#3356,
    #3364,#3372,#3380,#3388,#3396,#3404,#3412,#3420,#3428,#3436,#3444,
    #3452,#3460,#3468,#3476,#3484,#3492,#3500,#3508,#3517,#3525));
#3210 = ORIENTED_EDGE('',*,*,#3211,.F.);
#3211 = EDGE_CURVE('',#3212,#3214,#3216,.T.);
#3212 = VERTEX_POINT('',#3213);
#3213 = CARTESIAN_POINT('',(120.3628615,-245.,0.));
#3214 = VERTEX_POINT('',#3215);
#3215 = CARTESIAN_POINT('',(120.3628615,-237.6666175313,
    -1.7763568394E-15));
#3216 = LINE('',#3217,#3218);
#3217 = CARTESIAN_POINT('',(120.3628615,-220.,0.));
#3218 = VECTOR('',#3219,1.);
#3219 = DIRECTION('',(0.,1.,0.));
#3220 = ORIENTED_EDGE('',*,*,#3221,.T.);
#3221 = EDGE_CURVE('',#3212,#3222,#3224,.T.);
#3222 = VERTEX_POINT('',#3223);
#3223 = CARTESIAN_POINT('',(170.3628615,-245.,-1.06581410364E-14));
#3224 = LINE('',#3225,#3226);
#3225 = CARTESIAN_POINT('',(145.3628615,-245.,-5.329070518201E-15));
#3226 = VECTOR('',#3227,1.);
#3227 = DIRECTION('',(1.,0.,-2.22044604925E-16));
#3228 = ORIENTED_EDGE('',*,*,#3229,.T.);
#3229 = EDGE_CURVE('',#3222,#3230,#3232,.T.);
#3230 = VERTEX_POINT('',#3231);
#3231 = CARTESIAN_POINT('',(170.3628615,-242.875,-1.06581410364E-14));
#3232 = LINE('',#3233,#3234);
#3233 = CARTESIAN_POINT('',(170.3628615,-232.5,-1.06581410364E-14));
#3234 = VECTOR('',#3235,1.);
#3235 = DIRECTION('',(0.,1.,0.));
#3236 = ORIENTED_EDGE('',*,*,#3237,.T.);
#3237 = EDGE_CURVE('',#3230,#3238,#3240,.T.);
#3238 = VERTEX_POINT('',#3239);
#3239 = CARTESIAN_POINT('',(145.3628615,-242.875,-5.329070518201E-15));
#3240 = LINE('',#3241,#3242);
#3241 = CARTESIAN_POINT('',(157.8628615,-242.875,-8.881784197001E-15));
#3242 = VECTOR('',#3243,1.);
#3243 = DIRECTION('',(-1.,0.,2.22044604925E-16));
#3244 = ORIENTED_EDGE('',*,*,#3245,.F.);
#3245 = EDGE_CURVE('',#3246,#3238,#3248,.T.);
#3246 = VERTEX_POINT('',#3247);
#3247 = CARTESIAN_POINT('',(145.3628615,-240.875,-5.329070518201E-15));
#3248 = LINE('',#3249,#3250);
#3249 = CARTESIAN_POINT('',(145.3628615,-231.4375,-5.329070518201E-15));
#3250 = VECTOR('',#3251,1.);
#3251 = DIRECTION('',(0.,-1.,0.));
#3252 = ORIENTED_EDGE('',*,*,#3253,.F.);
#3253 = EDGE_CURVE('',#3254,#3246,#3256,.T.);
#3254 = VERTEX_POINT('',#3255);
#3255 = CARTESIAN_POINT('',(170.3628615,-240.875,-1.06581410364E-14));
#3256 = LINE('',#3257,#3258);
#3257 = CARTESIAN_POINT('',(157.8628615,-240.875,-8.881784197001E-15));
#3258 = VECTOR('',#3259,1.);
#3259 = DIRECTION('',(-1.,0.,2.22044604925E-16));
#3260 = ORIENTED_EDGE('',*,*,#3261,.T.);
#3261 = EDGE_CURVE('',#3254,#3262,#3264,.T.);
#3262 = VERTEX_POINT('',#3263);
#3263 = CARTESIAN_POINT('',(170.3628615,-236.625,-1.06581410364E-14));
#3264 = LINE('',#3265,#3266);
#3265 = CARTESIAN_POINT('',(170.3628615,-232.5,-1.06581410364E-14));
#3266 = VECTOR('',#3267,1.);
#3267 = DIRECTION('',(0.,1.,0.));
#3268 = ORIENTED_EDGE('',*,*,#3269,.T.);
#3269 = EDGE_CURVE('',#3262,#3270,#3272,.T.);
#3270 = VERTEX_POINT('',#3271);
#3271 = CARTESIAN_POINT('',(145.3628615,-236.625,-5.329070518201E-15));
#3272 = LINE('',#3273,#3274);
#3273 = CARTESIAN_POINT('',(157.8628615,-236.625,-8.881784197001E-15));
#3274 = VECTOR('',#3275,1.);
#3275 = DIRECTION('',(-1.,0.,2.22044604925E-16));
#3276 = ORIENTED_EDGE('',*,*,#3277,.F.);
#3277 = EDGE_CURVE('',#3278,#3270,#3280,.T.);
#3278 = VERTEX_POINT('',#3279);
#3279 = CARTESIAN_POINT('',(145.3628615,-234.625,-5.329070518201E-15));
#3280 = LINE('',#3281,#3282);
#3281 = CARTESIAN_POINT('',(145.3628615,-228.3125,-5.329070518201E-15));
#3282 = VECTOR('',#3283,1.);
#3283 = DIRECTION('',(0.,-1.,0.));
#3284 = ORIENTED_EDGE('',*,*,#3285,.F.);
#3285 = EDGE_CURVE('',#3286,#3278,#3288,.T.);
#3286 = VERTEX_POINT('',#3287);
#3287 = CARTESIAN_POINT('',(170.3628615,-234.625,-1.06581410364E-14));
#3288 = LINE('',#3289,#3290);
#3289 = CARTESIAN_POINT('',(157.8628615,-234.625,-8.881784197001E-15));
#3290 = VECTOR('',#3291,1.);
#3291 = DIRECTION('',(-1.,0.,2.22044604925E-16));
#3292 = ORIENTED_EDGE('',*,*,#3293,.T.);
#3293 = EDGE_CURVE('',#3286,#3294,#3296,.T.);
#3294 = VERTEX_POINT('',#3295);
#3295 = CARTESIAN_POINT('',(170.3628615,-230.375,-1.06581410364E-14));
#3296 = LINE('',#3297,#3298);
#3297 = CARTESIAN_POINT('',(170.3628615,-232.5,-1.06581410364E-14));
#3298 = VECTOR('',#3299,1.);
#3299 = DIRECTION('',(0.,1.,0.));
#3300 = ORIENTED_EDGE('',*,*,#3301,.T.);
#3301 = EDGE_CURVE('',#3294,#3302,#3304,.T.);
#3302 = VERTEX_POINT('',#3303);
#3303 = CARTESIAN_POINT('',(145.3628615,-230.375,-5.329070518201E-15));
#3304 = LINE('',#3305,#3306);
#3305 = CARTESIAN_POINT('',(157.8628615,-230.375,-8.881784197001E-15));
#3306 = VECTOR('',#3307,1.);
#3307 = DIRECTION('',(-1.,0.,2.22044604925E-16));
#3308 = ORIENTED_EDGE('',*,*,#3309,.F.);
#3309 = EDGE_CURVE('',#3310,#3302,#3312,.T.);
#3310 = VERTEX_POINT('',#3311);
#3311 = CARTESIAN_POINT('',(145.3628615,-228.375,-5.329070518201E-15));
#3312 = LINE('',#3313,#3314);
#3313 = CARTESIAN_POINT('',(145.3628615,-225.1875,-5.329070518201E-15));
#3314 = VECTOR('',#3315,1.);
#3315 = DIRECTION('',(0.,-1.,0.));
#3316 = ORIENTED_EDGE('',*,*,#3317,.F.);
#3317 = EDGE_CURVE('',#3318,#3310,#3320,.T.);
#3318 = VERTEX_POINT('',#3319);
#3319 = CARTESIAN_POINT('',(170.3628615,-228.375,-1.06581410364E-14));
#3320 = LINE('',#3321,#3322);
#3321 = CARTESIAN_POINT('',(157.8628615,-228.375,-8.881784197001E-15));
#3322 = VECTOR('',#3323,1.);
#3323 = DIRECTION('',(-1.,0.,2.22044604925E-16));
#3324 = ORIENTED_EDGE('',*,*,#3325,.T.);
#3325 = EDGE_CURVE('',#3318,#3326,#3328,.T.);
#3326 = VERTEX_POINT('',#3327);
#3327 = CARTESIAN_POINT('',(170.3628615,-224.125,-1.06581410364E-14));
#3328 = LINE('',#3329,#3330);
#3329 = CARTESIAN_POINT('',(170.3628615,-232.5,-1.06581410364E-14));
#3330 = VECTOR('',#3331,1.);
#3331 = DIRECTION('',(0.,1.,0.));
#3332 = ORIENTED_EDGE('',*,*,#3333,.T.);
#3333 = EDGE_CURVE('',#3326,#3334,#3336,.T.);
#3334 = VERTEX_POINT('',#3335);
#3335 = CARTESIAN_POINT('',(145.3628615,-224.125,-5.329070518201E-15));
#3336 = LINE('',#3337,#3338);
#3337 = CARTESIAN_POINT('',(157.8628615,-224.125,-8.881784197001E-15));
#3338 = VECTOR('',#3339,1.);
#3339 = DIRECTION('',(-1.,0.,2.22044604925E-16));
#3340 = ORIENTED_EDGE('',*,*,#3341,.F.);
#3341 = EDGE_CURVE('',#3342,#3334,#3344,.T.);
#3342 = VERTEX_POINT('',#3343);
#3343 = CARTESIAN_POINT('',(145.3628615,-222.125,-5.329070518201E-15));
#3344 = LINE('',#3345,#3346);
#3345 = CARTESIAN_POINT('',(145.3628615,-222.0625,-5.329070518201E-15));
#3346 = VECTOR('',#3347,1.);
#3347 = DIRECTION('',(0.,-1.,0.));
#3348 = ORIENTED_EDGE('',*,*,#3349,.F.);
#3349 = EDGE_CURVE('',#3350,#3342,#3352,.T.);
#3350 = VERTEX_POINT('',#3351);
#3351 = CARTESIAN_POINT('',(170.3628615,-222.125,-1.06581410364E-14));
#3352 = LINE('',#3353,#3354);
#3353 = CARTESIAN_POINT('',(157.8628615,-222.125,-8.881784197001E-15));
#3354 = VECTOR('',#3355,1.);
#3355 = DIRECTION('',(-1.,0.,2.22044604925E-16));
#3356 = ORIENTED_EDGE('',*,*,#3357,.T.);
#3357 = EDGE_CURVE('',#3350,#3358,#3360,.T.);
#3358 = VERTEX_POINT('',#3359);
#3359 = CARTESIAN_POINT('',(170.3628615,-217.875,-1.06581410364E-14));
#3360 = LINE('',#3361,#3362);
#3361 = CARTESIAN_POINT('',(170.3628615,-232.5,-1.06581410364E-14));
#3362 = VECTOR('',#3363,1.);
#3363 = DIRECTION('',(0.,1.,0.));
#3364 = ORIENTED_EDGE('',*,*,#3365,.T.);
#3365 = EDGE_CURVE('',#3358,#3366,#3368,.T.);
#3366 = VERTEX_POINT('',#3367);
#3367 = CARTESIAN_POINT('',(145.3628615,-217.875,-5.329070518201E-15));
#3368 = LINE('',#3369,#3370);
#3369 = CARTESIAN_POINT('',(157.8628615,-217.875,-8.881784197001E-15));
#3370 = VECTOR('',#3371,1.);
#3371 = DIRECTION('',(-1.,0.,2.22044604925E-16));
#3372 = ORIENTED_EDGE('',*,*,#3373,.F.);
#3373 = EDGE_CURVE('',#3374,#3366,#3376,.T.);
#3374 = VERTEX_POINT('',#3375);
#3375 = CARTESIAN_POINT('',(145.3628615,-215.875,-5.329070518201E-15));
#3376 = LINE('',#3377,#3378);
#3377 = CARTESIAN_POINT('',(145.3628615,-218.9375,-5.329070518201E-15));
#3378 = VECTOR('',#3379,1.);
#3379 = DIRECTION('',(0.,-1.,0.));
#3380 = ORIENTED_EDGE('',*,*,#3381,.F.);
#3381 = EDGE_CURVE('',#3382,#3374,#3384,.T.);
#3382 = VERTEX_POINT('',#3383);
#3383 = CARTESIAN_POINT('',(170.3628615,-215.875,-1.06581410364E-14));
#3384 = LINE('',#3385,#3386);
#3385 = CARTESIAN_POINT('',(157.8628615,-215.875,-8.881784197001E-15));
#3386 = VECTOR('',#3387,1.);
#3387 = DIRECTION('',(-1.,0.,2.22044604925E-16));
#3388 = ORIENTED_EDGE('',*,*,#3389,.T.);
#3389 = EDGE_CURVE('',#3382,#3390,#3392,.T.);
#3390 = VERTEX_POINT('',#3391);
#3391 = CARTESIAN_POINT('',(170.3628615,-211.625,-1.06581410364E-14));
#3392 = LINE('',#3393,#3394);
#3393 = CARTESIAN_POINT('',(170.3628615,-232.5,-1.06581410364E-14));
#3394 = VECTOR('',#3395,1.);
#3395 = DIRECTION('',(0.,1.,0.));
#3396 = ORIENTED_EDGE('',*,*,#3397,.T.);
#3397 = EDGE_CURVE('',#3390,#3398,#3400,.T.);
#3398 = VERTEX_POINT('',#3399);
#3399 = CARTESIAN_POINT('',(145.3628615,-211.625,-5.329070518201E-15));
#3400 = LINE('',#3401,#3402);
#3401 = CARTESIAN_POINT('',(157.8628615,-211.625,-8.881784197001E-15));
#3402 = VECTOR('',#3403,1.);
#3403 = DIRECTION('',(-1.,0.,2.22044604925E-16));
#3404 = ORIENTED_EDGE('',*,*,#3405,.F.);
#3405 = EDGE_CURVE('',#3406,#3398,#3408,.T.);
#3406 = VERTEX_POINT('',#3407);
#3407 = CARTESIAN_POINT('',(145.3628615,-209.625,-5.329070518201E-15));
#3408 = LINE('',#3409,#3410);
#3409 = CARTESIAN_POINT('',(145.3628615,-215.8125,-5.329070518201E-15));
#3410 = VECTOR('',#3411,1.);
#3411 = DIRECTION('',(0.,-1.,0.));
#3412 = ORIENTED_EDGE('',*,*,#3413,.F.);
#3413 = EDGE_CURVE('',#3414,#3406,#3416,.T.);
#3414 = VERTEX_POINT('',#3415);
#3415 = CARTESIAN_POINT('',(170.3628615,-209.625,-1.06581410364E-14));
#3416 = LINE('',#3417,#3418);
#3417 = CARTESIAN_POINT('',(157.8628615,-209.625,-8.881784197001E-15));
#3418 = VECTOR('',#3419,1.);
#3419 = DIRECTION('',(-1.,0.,2.22044604925E-16));
#3420 = ORIENTED_EDGE('',*,*,#3421,.T.);
#3421 = EDGE_CURVE('',#3414,#3422,#3424,.T.);
#3422 = VERTEX_POINT('',#3423);
#3423 = CARTESIAN_POINT('',(170.3628615,-205.375,-1.06581410364E-14));
#3424 = LINE('',#3425,#3426);
#3425 = CARTESIAN_POINT('',(170.3628615,-232.5,-1.06581410364E-14));
#3426 = VECTOR('',#3427,1.);
#3427 = DIRECTION('',(0.,1.,0.));
#3428 = ORIENTED_EDGE('',*,*,#3429,.T.);
#3429 = EDGE_CURVE('',#3422,#3430,#3432,.T.);
#3430 = VERTEX_POINT('',#3431);
#3431 = CARTESIAN_POINT('',(145.3628615,-205.375,-5.329070518201E-15));
#3432 = LINE('',#3433,#3434);
#3433 = CARTESIAN_POINT('',(157.8628615,-205.375,-8.881784197001E-15));
#3434 = VECTOR('',#3435,1.);
#3435 = DIRECTION('',(-1.,0.,2.22044604925E-16));
#3436 = ORIENTED_EDGE('',*,*,#3437,.F.);
#3437 = EDGE_CURVE('',#3438,#3430,#3440,.T.);
#3438 = VERTEX_POINT('',#3439);
#3439 = CARTESIAN_POINT('',(145.3628615,-203.375,-5.329070518201E-15));
#3440 = LINE('',#3441,#3442);
#3441 = CARTESIAN_POINT('',(145.3628615,-212.6875,-5.329070518201E-15));
#3442 = VECTOR('',#3443,1.);
#3443 = DIRECTION('',(0.,-1.,0.));
#3444 = ORIENTED_EDGE('',*,*,#3445,.F.);
#3445 = EDGE_CURVE('',#3446,#3438,#3448,.T.);
#3446 = VERTEX_POINT('',#3447);
#3447 = CARTESIAN_POINT('',(170.3628615,-203.375,-1.06581410364E-14));
#3448 = LINE('',#3449,#3450);
#3449 = CARTESIAN_POINT('',(157.8628615,-203.375,-8.881784197001E-15));
#3450 = VECTOR('',#3451,1.);
#3451 = DIRECTION('',(-1.,0.,2.22044604925E-16));
#3452 = ORIENTED_EDGE('',*,*,#3453,.T.);
#3453 = EDGE_CURVE('',#3446,#3454,#3456,.T.);
#3454 = VERTEX_POINT('',#3455);
#3455 = CARTESIAN_POINT('',(170.3628615,-199.125,-1.06581410364E-14));
#3456 = LINE('',#3457,#3458);
#3457 = CARTESIAN_POINT('',(170.3628615,-232.5,-1.06581410364E-14));
#3458 = VECTOR('',#3459,1.);
#3459 = DIRECTION('',(0.,1.,0.));
#3460 = ORIENTED_EDGE('',*,*,#3461,.T.);
#3461 = EDGE_CURVE('',#3454,#3462,#3464,.T.);
#3462 = VERTEX_POINT('',#3463);
#3463 = CARTESIAN_POINT('',(145.3628615,-199.125,-5.329070518201E-15));
#3464 = LINE('',#3465,#3466);
#3465 = CARTESIAN_POINT('',(157.8628615,-199.125,-8.881784197001E-15));
#3466 = VECTOR('',#3467,1.);
#3467 = DIRECTION('',(-1.,0.,2.22044604925E-16));
#3468 = ORIENTED_EDGE('',*,*,#3469,.F.);
#3469 = EDGE_CURVE('',#3470,#3462,#3472,.T.);
#3470 = VERTEX_POINT('',#3471);
#3471 = CARTESIAN_POINT('',(145.3628615,-197.125,-5.329070518201E-15));
#3472 = LINE('',#3473,#3474);
#3473 = CARTESIAN_POINT('',(145.3628615,-209.5625,-5.329070518201E-15));
#3474 = VECTOR('',#3475,1.);
#3475 = DIRECTION('',(0.,-1.,0.));
#3476 = ORIENTED_EDGE('',*,*,#3477,.F.);
#3477 = EDGE_CURVE('',#3478,#3470,#3480,.T.);
#3478 = VERTEX_POINT('',#3479);
#3479 = CARTESIAN_POINT('',(170.3628615,-197.125,-1.06581410364E-14));
#3480 = LINE('',#3481,#3482);
#3481 = CARTESIAN_POINT('',(157.8628615,-197.125,-8.881784197001E-15));
#3482 = VECTOR('',#3483,1.);
#3483 = DIRECTION('',(-1.,0.,2.22044604925E-16));
#3484 = ORIENTED_EDGE('',*,*,#3485,.T.);
#3485 = EDGE_CURVE('',#3478,#3486,#3488,.T.);
#3486 = VERTEX_POINT('',#3487);
#3487 = CARTESIAN_POINT('',(170.3628615,-195.,-1.06581410364E-14));
#3488 = LINE('',#3489,#3490);
#3489 = CARTESIAN_POINT('',(170.3628615,-232.5,-1.06581410364E-14));
#3490 = VECTOR('',#3491,1.);
#3491 = DIRECTION('',(0.,1.,0.));
#3492 = ORIENTED_EDGE('',*,*,#3493,.F.);
#3493 = EDGE_CURVE('',#3494,#3486,#3496,.T.);
#3494 = VERTEX_POINT('',#3495);
#3495 = CARTESIAN_POINT('',(120.3628615,-195.,0.));
#3496 = LINE('',#3497,#3498);
#3497 = CARTESIAN_POINT('',(145.3628615,-195.,-5.329070518201E-15));
#3498 = VECTOR('',#3499,1.);
#3499 = DIRECTION('',(1.,0.,-2.22044604925E-16));
#3500 = ORIENTED_EDGE('',*,*,#3501,.F.);
#3501 = EDGE_CURVE('',#3502,#3494,#3504,.T.);
#3502 = VERTEX_POINT('',#3503);
#3503 = CARTESIAN_POINT('',(120.3628615,-202.3333824686,
    7.105427357601E-15));
#3504 = LINE('',#3505,#3506);
#3505 = CARTESIAN_POINT('',(120.3628615,-220.,0.));
#3506 = VECTOR('',#3507,1.);
#3507 = DIRECTION('',(0.,1.,0.));
#3508 = ORIENTED_EDGE('',*,*,#3509,.F.);
#3509 = EDGE_CURVE('',#3510,#3502,#3512,.T.);
#3510 = VERTEX_POINT('',#3511);
#3511 = CARTESIAN_POINT('',(109.6371385,-216.5201472732,1.7763568394E-15
    ));
#3512 = HYPERBOLA('',#3513,10.0553653125,9.375);
#3513 = AXIS2_PLACEMENT_3D('',#3514,#3515,#3516);
#3514 = CARTESIAN_POINT('',(98.9114155,-220.,5.329070518201E-15));
#3515 = DIRECTION('',(2.22044604925E-16,-0.,1.));
#3516 = DIRECTION('',(1.,0.,-2.22044604925E-16));
#3517 = ORIENTED_EDGE('',*,*,#3518,.T.);
#3518 = EDGE_CURVE('',#3510,#3519,#3521,.T.);
#3519 = VERTEX_POINT('',#3520);
#3520 = CARTESIAN_POINT('',(109.6371385,-223.4798527267,0.));
#3521 = LINE('',#3522,#3523);
#3522 = CARTESIAN_POINT('',(109.6371385,-220.,1.7763568394E-15));
#3523 = VECTOR('',#3524,1.);
#3524 = DIRECTION('',(0.,-1.,0.));
#3525 = ORIENTED_EDGE('',*,*,#3526,.F.);
#3526 = EDGE_CURVE('',#3214,#3519,#3527,.T.);
#3527 = HYPERBOLA('',#3528,10.0553653125,9.375);
#3528 = AXIS2_PLACEMENT_3D('',#3529,#3530,#3531);
#3529 = CARTESIAN_POINT('',(98.9114155,-220.,5.329070518201E-15));
#3530 = DIRECTION('',(2.22044604925E-16,-0.,1.));
#3531 = DIRECTION('',(1.,0.,-2.22044604925E-16));
#3532 = PLANE('',#3533);
#3533 = AXIS2_PLACEMENT_3D('',#3534,#3535,#3536);
#3534 = CARTESIAN_POINT('',(120.3628615,-220.,0.));
#3535 = DIRECTION('',(2.22044604925E-16,0.,1.));
#3536 = DIRECTION('',(-1.,0.,2.22044604925E-16));
#3537 = SHELL_BASED_SURFACE_MODEL('',(#3538));
#3538 = OPEN_SHELL('',(#3539));
#3539 = ADVANCED_FACE('',(#3540),#3864,.T.);
#3540 = FACE_BOUND('',#3541,.T.);
#3541 = EDGE_LOOP('',(#3542,#3552,#3560,#3568,#3576,#3584,#3592,#3600,
    #3608,#3616,#3624,#3632,#3640,#3648,#3656,#3664,#3672,#3680,#3688,
    #3696,#3704,#3712,#3720,#3728,#3736,#3744,#3752,#3760,#3768,#3776,
    #3784,#3792,#3800,#3808,#3816,#3824,#3832,#3840,#3849,#3857));
#3542 = ORIENTED_EDGE('',*,*,#3543,.F.);
#3543 = EDGE_CURVE('',#3544,#3546,#3548,.T.);
#3544 = VERTEX_POINT('',#3545);
#3545 = CARTESIAN_POINT('',(190.3628615,-245.,1.7763568394E-15));
#3546 = VERTEX_POINT('',#3547);
#3547 = CARTESIAN_POINT('',(190.3628615,-239.7543507865,
    2.22044604925E-15));
#3548 = LINE('',#3549,#3550);
#3549 = CARTESIAN_POINT('',(190.3628615,-220.,1.7763568394E-15));
#3550 = VECTOR('',#3551,1.);
#3551 = DIRECTION('',(0.,1.,0.));
#3552 = ORIENTED_EDGE('',*,*,#3553,.T.);
#3553 = EDGE_CURVE('',#3544,#3554,#3556,.T.);
#3554 = VERTEX_POINT('',#3555);
#3555 = CARTESIAN_POINT('',(240.3628615,-245.,-9.325873406851E-15));
#3556 = LINE('',#3557,#3558);
#3557 = CARTESIAN_POINT('',(215.3628615,-245.,-3.552713678801E-15));
#3558 = VECTOR('',#3559,1.);
#3559 = DIRECTION('',(1.,0.,-2.22044604925E-16));
#3560 = ORIENTED_EDGE('',*,*,#3561,.T.);
#3561 = EDGE_CURVE('',#3554,#3562,#3564,.T.);
#3562 = VERTEX_POINT('',#3563);
#3563 = CARTESIAN_POINT('',(240.3628615,-242.875,-9.325873406851E-15));
#3564 = LINE('',#3565,#3566);
#3565 = CARTESIAN_POINT('',(240.3628615,-232.5,-9.325873406851E-15));
#3566 = VECTOR('',#3567,1.);
#3567 = DIRECTION('',(0.,1.,0.));
#3568 = ORIENTED_EDGE('',*,*,#3569,.T.);
#3569 = EDGE_CURVE('',#3562,#3570,#3572,.T.);
#3570 = VERTEX_POINT('',#3571);
#3571 = CARTESIAN_POINT('',(215.3628615,-242.875,-3.552713678801E-15));
#3572 = LINE('',#3573,#3574);
#3573 = CARTESIAN_POINT('',(227.8628615,-242.875,-6.661338147751E-15));
#3574 = VECTOR('',#3575,1.);
#3575 = DIRECTION('',(-1.,0.,2.22044604925E-16));
#3576 = ORIENTED_EDGE('',*,*,#3577,.F.);
#3577 = EDGE_CURVE('',#3578,#3570,#3580,.T.);
#3578 = VERTEX_POINT('',#3579);
#3579 = CARTESIAN_POINT('',(215.3628615,-240.875,-3.552713678801E-15));
#3580 = LINE('',#3581,#3582);
#3581 = CARTESIAN_POINT('',(215.3628615,-231.4375,-3.552713678801E-15));
#3582 = VECTOR('',#3583,1.);
#3583 = DIRECTION('',(0.,-1.,0.));
#3584 = ORIENTED_EDGE('',*,*,#3585,.F.);
#3585 = EDGE_CURVE('',#3586,#3578,#3588,.T.);
#3586 = VERTEX_POINT('',#3587);
#3587 = CARTESIAN_POINT('',(240.3628615,-240.875,-9.325873406851E-15));
#3588 = LINE('',#3589,#3590);
#3589 = CARTESIAN_POINT('',(227.8628615,-240.875,-6.661338147751E-15));
#3590 = VECTOR('',#3591,1.);
#3591 = DIRECTION('',(-1.,0.,2.22044604925E-16));
#3592 = ORIENTED_EDGE('',*,*,#3593,.T.);
#3593 = EDGE_CURVE('',#3586,#3594,#3596,.T.);
#3594 = VERTEX_POINT('',#3595);
#3595 = CARTESIAN_POINT('',(240.3628615,-236.625,-9.325873406851E-15));
#3596 = LINE('',#3597,#3598);
#3597 = CARTESIAN_POINT('',(240.3628615,-232.5,-9.325873406851E-15));
#3598 = VECTOR('',#3599,1.);
#3599 = DIRECTION('',(0.,1.,0.));
#3600 = ORIENTED_EDGE('',*,*,#3601,.T.);
#3601 = EDGE_CURVE('',#3594,#3602,#3604,.T.);
#3602 = VERTEX_POINT('',#3603);
#3603 = CARTESIAN_POINT('',(215.3628615,-236.625,-3.552713678801E-15));
#3604 = LINE('',#3605,#3606);
#3605 = CARTESIAN_POINT('',(227.8628615,-236.625,-6.661338147751E-15));
#3606 = VECTOR('',#3607,1.);
#3607 = DIRECTION('',(-1.,0.,2.22044604925E-16));
#3608 = ORIENTED_EDGE('',*,*,#3609,.F.);
#3609 = EDGE_CURVE('',#3610,#3602,#3612,.T.);
#3610 = VERTEX_POINT('',#3611);
#3611 = CARTESIAN_POINT('',(215.3628615,-234.625,-3.552713678801E-15));
#3612 = LINE('',#3613,#3614);
#3613 = CARTESIAN_POINT('',(215.3628615,-228.3125,-3.552713678801E-15));
#3614 = VECTOR('',#3615,1.);
#3615 = DIRECTION('',(0.,-1.,0.));
#3616 = ORIENTED_EDGE('',*,*,#3617,.F.);
#3617 = EDGE_CURVE('',#3618,#3610,#3620,.T.);
#3618 = VERTEX_POINT('',#3619);
#3619 = CARTESIAN_POINT('',(240.3628615,-234.625,-9.325873406851E-15));
#3620 = LINE('',#3621,#3622);
#3621 = CARTESIAN_POINT('',(227.8628615,-234.625,-6.661338147751E-15));
#3622 = VECTOR('',#3623,1.);
#3623 = DIRECTION('',(-1.,0.,2.22044604925E-16));
#3624 = ORIENTED_EDGE('',*,*,#3625,.T.);
#3625 = EDGE_CURVE('',#3618,#3626,#3628,.T.);
#3626 = VERTEX_POINT('',#3627);
#3627 = CARTESIAN_POINT('',(240.3628615,-230.375,-9.325873406851E-15));
#3628 = LINE('',#3629,#3630);
#3629 = CARTESIAN_POINT('',(240.3628615,-232.5,-9.325873406851E-15));
#3630 = VECTOR('',#3631,1.);
#3631 = DIRECTION('',(0.,1.,0.));
#3632 = ORIENTED_EDGE('',*,*,#3633,.T.);
#3633 = EDGE_CURVE('',#3626,#3634,#3636,.T.);
#3634 = VERTEX_POINT('',#3635);
#3635 = CARTESIAN_POINT('',(215.3628615,-230.375,-3.552713678801E-15));
#3636 = LINE('',#3637,#3638);
#3637 = CARTESIAN_POINT('',(227.8628615,-230.375,-6.661338147751E-15));
#3638 = VECTOR('',#3639,1.);
#3639 = DIRECTION('',(-1.,0.,2.22044604925E-16));
#3640 = ORIENTED_EDGE('',*,*,#3641,.F.);
#3641 = EDGE_CURVE('',#3642,#3634,#3644,.T.);
#3642 = VERTEX_POINT('',#3643);
#3643 = CARTESIAN_POINT('',(215.3628615,-228.375,-3.552713678801E-15));
#3644 = LINE('',#3645,#3646);
#3645 = CARTESIAN_POINT('',(215.3628615,-225.1875,-3.552713678801E-15));
#3646 = VECTOR('',#3647,1.);
#3647 = DIRECTION('',(0.,-1.,0.));
#3648 = ORIENTED_EDGE('',*,*,#3649,.F.);
#3649 = EDGE_CURVE('',#3650,#3642,#3652,.T.);
#3650 = VERTEX_POINT('',#3651);
#3651 = CARTESIAN_POINT('',(240.3628615,-228.375,-9.325873406851E-15));
#3652 = LINE('',#3653,#3654);
#3653 = CARTESIAN_POINT('',(227.8628615,-228.375,-6.661338147751E-15));
#3654 = VECTOR('',#3655,1.);
#3655 = DIRECTION('',(-1.,0.,2.22044604925E-16));
#3656 = ORIENTED_EDGE('',*,*,#3657,.T.);
#3657 = EDGE_CURVE('',#3650,#3658,#3660,.T.);
#3658 = VERTEX_POINT('',#3659);
#3659 = CARTESIAN_POINT('',(240.3628615,-224.125,-9.325873406851E-15));
#3660 = LINE('',#3661,#3662);
#3661 = CARTESIAN_POINT('',(240.3628615,-232.5,-9.325873406851E-15));
#3662 = VECTOR('',#3663,1.);
#3663 = DIRECTION('',(0.,1.,0.));
#3664 = ORIENTED_EDGE('',*,*,#3665,.T.);
#3665 = EDGE_CURVE('',#3658,#3666,#3668,.T.);
#3666 = VERTEX_POINT('',#3667);
#3667 = CARTESIAN_POINT('',(215.3628615,-224.125,-3.552713678801E-15));
#3668 = LINE('',#3669,#3670);
#3669 = CARTESIAN_POINT('',(227.8628615,-224.125,-6.661338147751E-15));
#3670 = VECTOR('',#3671,1.);
#3671 = DIRECTION('',(-1.,0.,2.22044604925E-16));
#3672 = ORIENTED_EDGE('',*,*,#3673,.F.);
#3673 = EDGE_CURVE('',#3674,#3666,#3676,.T.);
#3674 = VERTEX_POINT('',#3675);
#3675 = CARTESIAN_POINT('',(215.3628615,-222.125,-3.552713678801E-15));
#3676 = LINE('',#3677,#3678);
#3677 = CARTESIAN_POINT('',(215.3628615,-222.0625,-3.552713678801E-15));
#3678 = VECTOR('',#3679,1.);
#3679 = DIRECTION('',(0.,-1.,0.));
#3680 = ORIENTED_EDGE('',*,*,#3681,.F.);
#3681 = EDGE_CURVE('',#3682,#3674,#3684,.T.);
#3682 = VERTEX_POINT('',#3683);
#3683 = CARTESIAN_POINT('',(240.3628615,-222.125,-9.325873406851E-15));
#3684 = LINE('',#3685,#3686);
#3685 = CARTESIAN_POINT('',(227.8628615,-222.125,-6.661338147751E-15));
#3686 = VECTOR('',#3687,1.);
#3687 = DIRECTION('',(-1.,0.,2.22044604925E-16));
#3688 = ORIENTED_EDGE('',*,*,#3689,.T.);
#3689 = EDGE_CURVE('',#3682,#3690,#3692,.T.);
#3690 = VERTEX_POINT('',#3691);
#3691 = CARTESIAN_POINT('',(240.3628615,-217.875,-9.325873406851E-15));
#3692 = LINE('',#3693,#3694);
#3693 = CARTESIAN_POINT('',(240.3628615,-232.5,-9.325873406851E-15));
#3694 = VECTOR('',#3695,1.);
#3695 = DIRECTION('',(0.,1.,0.));
#3696 = ORIENTED_EDGE('',*,*,#3697,.T.);
#3697 = EDGE_CURVE('',#3690,#3698,#3700,.T.);
#3698 = VERTEX_POINT('',#3699);
#3699 = CARTESIAN_POINT('',(215.3628615,-217.875,-3.552713678801E-15));
#3700 = LINE('',#3701,#3702);
#3701 = CARTESIAN_POINT('',(227.8628615,-217.875,-6.661338147751E-15));
#3702 = VECTOR('',#3703,1.);
#3703 = DIRECTION('',(-1.,0.,2.22044604925E-16));
#3704 = ORIENTED_EDGE('',*,*,#3705,.F.);
#3705 = EDGE_CURVE('',#3706,#3698,#3708,.T.);
#3706 = VERTEX_POINT('',#3707);
#3707 = CARTESIAN_POINT('',(215.3628615,-215.875,-3.552713678801E-15));
#3708 = LINE('',#3709,#3710);
#3709 = CARTESIAN_POINT('',(215.3628615,-218.9375,-3.552713678801E-15));
#3710 = VECTOR('',#3711,1.);
#3711 = DIRECTION('',(0.,-1.,0.));
#3712 = ORIENTED_EDGE('',*,*,#3713,.F.);
#3713 = EDGE_CURVE('',#3714,#3706,#3716,.T.);
#3714 = VERTEX_POINT('',#3715);
#3715 = CARTESIAN_POINT('',(240.3628615,-215.875,-9.325873406851E-15));
#3716 = LINE('',#3717,#3718);
#3717 = CARTESIAN_POINT('',(227.8628615,-215.875,-6.661338147751E-15));
#3718 = VECTOR('',#3719,1.);
#3719 = DIRECTION('',(-1.,0.,2.22044604925E-16));
#3720 = ORIENTED_EDGE('',*,*,#3721,.T.);
#3721 = EDGE_CURVE('',#3714,#3722,#3724,.T.);
#3722 = VERTEX_POINT('',#3723);
#3723 = CARTESIAN_POINT('',(240.3628615,-211.625,-9.325873406851E-15));
#3724 = LINE('',#3725,#3726);
#3725 = CARTESIAN_POINT('',(240.3628615,-232.5,-9.325873406851E-15));
#3726 = VECTOR('',#3727,1.);
#3727 = DIRECTION('',(0.,1.,0.));
#3728 = ORIENTED_EDGE('',*,*,#3729,.T.);
#3729 = EDGE_CURVE('',#3722,#3730,#3732,.T.);
#3730 = VERTEX_POINT('',#3731);
#3731 = CARTESIAN_POINT('',(215.3628615,-211.625,-3.552713678801E-15));
#3732 = LINE('',#3733,#3734);
#3733 = CARTESIAN_POINT('',(227.8628615,-211.625,-6.661338147751E-15));
#3734 = VECTOR('',#3735,1.);
#3735 = DIRECTION('',(-1.,0.,2.22044604925E-16));
#3736 = ORIENTED_EDGE('',*,*,#3737,.F.);
#3737 = EDGE_CURVE('',#3738,#3730,#3740,.T.);
#3738 = VERTEX_POINT('',#3739);
#3739 = CARTESIAN_POINT('',(215.3628615,-209.625,-3.552713678801E-15));
#3740 = LINE('',#3741,#3742);
#3741 = CARTESIAN_POINT('',(215.3628615,-215.8125,-3.552713678801E-15));
#3742 = VECTOR('',#3743,1.);
#3743 = DIRECTION('',(0.,-1.,0.));
#3744 = ORIENTED_EDGE('',*,*,#3745,.F.);
#3745 = EDGE_CURVE('',#3746,#3738,#3748,.T.);
#3746 = VERTEX_POINT('',#3747);
#3747 = CARTESIAN_POINT('',(240.3628615,-209.625,-9.325873406851E-15));
#3748 = LINE('',#3749,#3750);
#3749 = CARTESIAN_POINT('',(227.8628615,-209.625,-6.661338147751E-15));
#3750 = VECTOR('',#3751,1.);
#3751 = DIRECTION('',(-1.,0.,2.22044604925E-16));
#3752 = ORIENTED_EDGE('',*,*,#3753,.T.);
#3753 = EDGE_CURVE('',#3746,#3754,#3756,.T.);
#3754 = VERTEX_POINT('',#3755);
#3755 = CARTESIAN_POINT('',(240.3628615,-205.375,-9.325873406851E-15));
#3756 = LINE('',#3757,#3758);
#3757 = CARTESIAN_POINT('',(240.3628615,-232.5,-9.325873406851E-15));
#3758 = VECTOR('',#3759,1.);
#3759 = DIRECTION('',(0.,1.,0.));
#3760 = ORIENTED_EDGE('',*,*,#3761,.T.);
#3761 = EDGE_CURVE('',#3754,#3762,#3764,.T.);
#3762 = VERTEX_POINT('',#3763);
#3763 = CARTESIAN_POINT('',(215.3628615,-205.375,-3.552713678801E-15));
#3764 = LINE('',#3765,#3766);
#3765 = CARTESIAN_POINT('',(227.8628615,-205.375,-6.661338147751E-15));
#3766 = VECTOR('',#3767,1.);
#3767 = DIRECTION('',(-1.,0.,2.22044604925E-16));
#3768 = ORIENTED_EDGE('',*,*,#3769,.F.);
#3769 = EDGE_CURVE('',#3770,#3762,#3772,.T.);
#3770 = VERTEX_POINT('',#3771);
#3771 = CARTESIAN_POINT('',(215.3628615,-203.375,-3.552713678801E-15));
#3772 = LINE('',#3773,#3774);
#3773 = CARTESIAN_POINT('',(215.3628615,-212.6875,-3.552713678801E-15));
#3774 = VECTOR('',#3775,1.);
#3775 = DIRECTION('',(0.,-1.,0.));
#3776 = ORIENTED_EDGE('',*,*,#3777,.F.);
#3777 = EDGE_CURVE('',#3778,#3770,#3780,.T.);
#3778 = VERTEX_POINT('',#3779);
#3779 = CARTESIAN_POINT('',(240.3628615,-203.375,-9.325873406851E-15));
#3780 = LINE('',#3781,#3782);
#3781 = CARTESIAN_POINT('',(227.8628615,-203.375,-6.661338147751E-15));
#3782 = VECTOR('',#3783,1.);
#3783 = DIRECTION('',(-1.,0.,2.22044604925E-16));
#3784 = ORIENTED_EDGE('',*,*,#3785,.T.);
#3785 = EDGE_CURVE('',#3778,#3786,#3788,.T.);
#3786 = VERTEX_POINT('',#3787);
#3787 = CARTESIAN_POINT('',(240.3628615,-199.125,-9.325873406851E-15));
#3788 = LINE('',#3789,#3790);
#3789 = CARTESIAN_POINT('',(240.3628615,-232.5,-9.325873406851E-15));
#3790 = VECTOR('',#3791,1.);
#3791 = DIRECTION('',(0.,1.,0.));
#3792 = ORIENTED_EDGE('',*,*,#3793,.T.);
#3793 = EDGE_CURVE('',#3786,#3794,#3796,.T.);
#3794 = VERTEX_POINT('',#3795);
#3795 = CARTESIAN_POINT('',(215.3628615,-199.125,-3.552713678801E-15));
#3796 = LINE('',#3797,#3798);
#3797 = CARTESIAN_POINT('',(227.8628615,-199.125,-6.661338147751E-15));
#3798 = VECTOR('',#3799,1.);
#3799 = DIRECTION('',(-1.,0.,2.22044604925E-16));
#3800 = ORIENTED_EDGE('',*,*,#3801,.F.);
#3801 = EDGE_CURVE('',#3802,#3794,#3804,.T.);
#3802 = VERTEX_POINT('',#3803);
#3803 = CARTESIAN_POINT('',(215.3628615,-197.125,-3.552713678801E-15));
#3804 = LINE('',#3805,#3806);
#3805 = CARTESIAN_POINT('',(215.3628615,-209.5625,-3.552713678801E-15));
#3806 = VECTOR('',#3807,1.);
#3807 = DIRECTION('',(0.,-1.,0.));
#3808 = ORIENTED_EDGE('',*,*,#3809,.F.);
#3809 = EDGE_CURVE('',#3810,#3802,#3812,.T.);
#3810 = VERTEX_POINT('',#3811);
#3811 = CARTESIAN_POINT('',(240.3628615,-197.125,-9.325873406851E-15));
#3812 = LINE('',#3813,#3814);
#3813 = CARTESIAN_POINT('',(227.8628615,-197.125,-6.661338147751E-15));
#3814 = VECTOR('',#3815,1.);
#3815 = DIRECTION('',(-1.,0.,2.22044604925E-16));
#3816 = ORIENTED_EDGE('',*,*,#3817,.T.);
#3817 = EDGE_CURVE('',#3810,#3818,#3820,.T.);
#3818 = VERTEX_POINT('',#3819);
#3819 = CARTESIAN_POINT('',(240.3628615,-195.,-9.325873406851E-15));
#3820 = LINE('',#3821,#3822);
#3821 = CARTESIAN_POINT('',(240.3628615,-232.5,-9.325873406851E-15));
#3822 = VECTOR('',#3823,1.);
#3823 = DIRECTION('',(0.,1.,0.));
#3824 = ORIENTED_EDGE('',*,*,#3825,.F.);
#3825 = EDGE_CURVE('',#3826,#3818,#3828,.T.);
#3826 = VERTEX_POINT('',#3827);
#3827 = CARTESIAN_POINT('',(190.3628615,-195.,1.7763568394E-15));
#3828 = LINE('',#3829,#3830);
#3829 = CARTESIAN_POINT('',(215.3628615,-195.,-3.552713678801E-15));
#3830 = VECTOR('',#3831,1.);
#3831 = DIRECTION('',(1.,0.,-2.22044604925E-16));
#3832 = ORIENTED_EDGE('',*,*,#3833,.F.);
#3833 = EDGE_CURVE('',#3834,#3826,#3836,.T.);
#3834 = VERTEX_POINT('',#3835);
#3835 = CARTESIAN_POINT('',(190.3628615,-200.2456492134,
    6.661338147751E-15));
#3836 = LINE('',#3837,#3838);
#3837 = CARTESIAN_POINT('',(190.3628615,-220.,1.7763568394E-15));
#3838 = VECTOR('',#3839,1.);
#3839 = DIRECTION('',(0.,1.,0.));
#3840 = ORIENTED_EDGE('',*,*,#3841,.F.);
#3841 = EDGE_CURVE('',#3842,#3834,#3844,.T.);
#3842 = VERTEX_POINT('',#3843);
#3843 = CARTESIAN_POINT('',(179.6371385,-210.500822404,
    8.881784197001E-15));
#3844 = HYPERBOLA('',#3845,3.3517884375,3.125);
#3845 = AXIS2_PLACEMENT_3D('',#3846,#3847,#3848);
#3846 = CARTESIAN_POINT('',(168.9114155,-220.,6.661338147751E-15));
#3847 = DIRECTION('',(2.22044604925E-16,-0.,1.));
#3848 = DIRECTION('',(1.,0.,-2.22044604925E-16));
#3849 = ORIENTED_EDGE('',*,*,#3850,.T.);
#3850 = EDGE_CURVE('',#3842,#3851,#3853,.T.);
#3851 = VERTEX_POINT('',#3852);
#3852 = CARTESIAN_POINT('',(179.6371385,-229.4991775959,
    4.440892098501E-15));
#3853 = LINE('',#3854,#3855);
#3854 = CARTESIAN_POINT('',(179.6371385,-220.,3.996802888651E-15));
#3855 = VECTOR('',#3856,1.);
#3856 = DIRECTION('',(0.,-1.,0.));
#3857 = ORIENTED_EDGE('',*,*,#3858,.F.);
#3858 = EDGE_CURVE('',#3546,#3851,#3859,.T.);
#3859 = HYPERBOLA('',#3860,3.3517884375,3.125);
#3860 = AXIS2_PLACEMENT_3D('',#3861,#3862,#3863);
#3861 = CARTESIAN_POINT('',(168.9114155,-220.,6.661338147751E-15));
#3862 = DIRECTION('',(2.22044604925E-16,-0.,1.));
#3863 = DIRECTION('',(1.,0.,-2.22044604925E-16));
#3864 = PLANE('',#3865);
#3865 = AXIS2_PLACEMENT_3D('',#3866,#3867,#3868);
#3866 = CARTESIAN_POINT('',(190.3628615,-220.,1.7763568394E-15));
#3867 = DIRECTION('',(2.22044604925E-16,0.,1.));
#3868 = DIRECTION('',(-1.,0.,2.22044604925E-16));
#3869 = SHELL_BASED_SURFACE_MODEL('',(#3870));
#3870 = OPEN_SHELL('',(#3871));
#3871 = ADVANCED_FACE('',(#3872),#4196,.T.);
#3872 = FACE_BOUND('',#3873,.T.);
#3873 = EDGE_LOOP('',(#3874,#3884,#3892,#3900,#3908,#3916,#3924,#3932,
    #3940,#3948,#3956,#3964,#3972,#3980,#3988,#3996,#4004,#4012,#4020,
    #4028,#4036,#4044,#4052,#4060,#4068,#4076,#4084,#4092,#4100,#4108,
    #4116,#4124,#4132,#4140,#4148,#4156,#4164,#4172,#4181,#4189));
#3874 = ORIENTED_EDGE('',*,*,#3875,.F.);
#3875 = EDGE_CURVE('',#3876,#3878,#3880,.T.);
#3876 = VERTEX_POINT('',#3877);
#3877 = CARTESIAN_POINT('',(260.3628615,-245.,3.552713678801E-15));
#3878 = VERTEX_POINT('',#3879);
#3879 = CARTESIAN_POINT('',(260.3628615,-239.7543507865,
    5.329070518201E-15));
#3880 = LINE('',#3881,#3882);
#3881 = CARTESIAN_POINT('',(260.3628615,-220.,3.552713678801E-15));
#3882 = VECTOR('',#3883,1.);
#3883 = DIRECTION('',(0.,1.,0.));
#3884 = ORIENTED_EDGE('',*,*,#3885,.T.);
#3885 = EDGE_CURVE('',#3876,#3886,#3888,.T.);
#3886 = VERTEX_POINT('',#3887);
#3887 = CARTESIAN_POINT('',(310.3628615,-245.,-7.549516567451E-15));
#3888 = LINE('',#3889,#3890);
#3889 = CARTESIAN_POINT('',(285.3628615,-245.,-1.7763568394E-15));
#3890 = VECTOR('',#3891,1.);
#3891 = DIRECTION('',(1.,0.,-2.22044604925E-16));
#3892 = ORIENTED_EDGE('',*,*,#3893,.T.);
#3893 = EDGE_CURVE('',#3886,#3894,#3896,.T.);
#3894 = VERTEX_POINT('',#3895);
#3895 = CARTESIAN_POINT('',(310.3628615,-242.875,-7.549516567451E-15));
#3896 = LINE('',#3897,#3898);
#3897 = CARTESIAN_POINT('',(310.3628615,-232.5,-7.549516567451E-15));
#3898 = VECTOR('',#3899,1.);
#3899 = DIRECTION('',(0.,1.,0.));
#3900 = ORIENTED_EDGE('',*,*,#3901,.T.);
#3901 = EDGE_CURVE('',#3894,#3902,#3904,.T.);
#3902 = VERTEX_POINT('',#3903);
#3903 = CARTESIAN_POINT('',(285.3628615,-242.875,-1.7763568394E-15));
#3904 = LINE('',#3905,#3906);
#3905 = CARTESIAN_POINT('',(297.8628615,-242.875,-4.884981308351E-15));
#3906 = VECTOR('',#3907,1.);
#3907 = DIRECTION('',(-1.,0.,2.22044604925E-16));
#3908 = ORIENTED_EDGE('',*,*,#3909,.F.);
#3909 = EDGE_CURVE('',#3910,#3902,#3912,.T.);
#3910 = VERTEX_POINT('',#3911);
#3911 = CARTESIAN_POINT('',(285.3628615,-240.875,-1.7763568394E-15));
#3912 = LINE('',#3913,#3914);
#3913 = CARTESIAN_POINT('',(285.3628615,-231.4375,-1.7763568394E-15));
#3914 = VECTOR('',#3915,1.);
#3915 = DIRECTION('',(0.,-1.,0.));
#3916 = ORIENTED_EDGE('',*,*,#3917,.F.);
#3917 = EDGE_CURVE('',#3918,#3910,#3920,.T.);
#3918 = VERTEX_POINT('',#3919);
#3919 = CARTESIAN_POINT('',(310.3628615,-240.875,-7.549516567451E-15));
#3920 = LINE('',#3921,#3922);
#3921 = CARTESIAN_POINT('',(297.8628615,-240.875,-4.884981308351E-15));
#3922 = VECTOR('',#3923,1.);
#3923 = DIRECTION('',(-1.,0.,2.22044604925E-16));
#3924 = ORIENTED_EDGE('',*,*,#3925,.T.);
#3925 = EDGE_CURVE('',#3918,#3926,#3928,.T.);
#3926 = VERTEX_POINT('',#3927);
#3927 = CARTESIAN_POINT('',(310.3628615,-236.625,-7.549516567451E-15));
#3928 = LINE('',#3929,#3930);
#3929 = CARTESIAN_POINT('',(310.3628615,-232.5,-7.549516567451E-15));
#3930 = VECTOR('',#3931,1.);
#3931 = DIRECTION('',(0.,1.,0.));
#3932 = ORIENTED_EDGE('',*,*,#3933,.T.);
#3933 = EDGE_CURVE('',#3926,#3934,#3936,.T.);
#3934 = VERTEX_POINT('',#3935);
#3935 = CARTESIAN_POINT('',(285.3628615,-236.625,-1.7763568394E-15));
#3936 = LINE('',#3937,#3938);
#3937 = CARTESIAN_POINT('',(297.8628615,-236.625,-4.884981308351E-15));
#3938 = VECTOR('',#3939,1.);
#3939 = DIRECTION('',(-1.,0.,2.22044604925E-16));
#3940 = ORIENTED_EDGE('',*,*,#3941,.F.);
#3941 = EDGE_CURVE('',#3942,#3934,#3944,.T.);
#3942 = VERTEX_POINT('',#3943);
#3943 = CARTESIAN_POINT('',(285.3628615,-234.625,-1.7763568394E-15));
#3944 = LINE('',#3945,#3946);
#3945 = CARTESIAN_POINT('',(285.3628615,-228.3125,-1.7763568394E-15));
#3946 = VECTOR('',#3947,1.);
#3947 = DIRECTION('',(0.,-1.,0.));
#3948 = ORIENTED_EDGE('',*,*,#3949,.F.);
#3949 = EDGE_CURVE('',#3950,#3942,#3952,.T.);
#3950 = VERTEX_POINT('',#3951);
#3951 = CARTESIAN_POINT('',(310.3628615,-234.625,-7.549516567451E-15));
#3952 = LINE('',#3953,#3954);
#3953 = CARTESIAN_POINT('',(297.8628615,-234.625,-4.884981308351E-15));
#3954 = VECTOR('',#3955,1.);
#3955 = DIRECTION('',(-1.,0.,2.22044604925E-16));
#3956 = ORIENTED_EDGE('',*,*,#3957,.T.);
#3957 = EDGE_CURVE('',#3950,#3958,#3960,.T.);
#3958 = VERTEX_POINT('',#3959);
#3959 = CARTESIAN_POINT('',(310.3628615,-230.375,-7.549516567451E-15));
#3960 = LINE('',#3961,#3962);
#3961 = CARTESIAN_POINT('',(310.3628615,-232.5,-7.549516567451E-15));
#3962 = VECTOR('',#3963,1.);
#3963 = DIRECTION('',(0.,1.,0.));
#3964 = ORIENTED_EDGE('',*,*,#3965,.T.);
#3965 = EDGE_CURVE('',#3958,#3966,#3968,.T.);
#3966 = VERTEX_POINT('',#3967);
#3967 = CARTESIAN_POINT('',(285.3628615,-230.375,-1.7763568394E-15));
#3968 = LINE('',#3969,#3970);
#3969 = CARTESIAN_POINT('',(297.8628615,-230.375,-4.884981308351E-15));
#3970 = VECTOR('',#3971,1.);
#3971 = DIRECTION('',(-1.,0.,2.22044604925E-16));
#3972 = ORIENTED_EDGE('',*,*,#3973,.F.);
#3973 = EDGE_CURVE('',#3974,#3966,#3976,.T.);
#3974 = VERTEX_POINT('',#3975);
#3975 = CARTESIAN_POINT('',(285.3628615,-228.375,-1.7763568394E-15));
#3976 = LINE('',#3977,#3978);
#3977 = CARTESIAN_POINT('',(285.3628615,-225.1875,-1.7763568394E-15));
#3978 = VECTOR('',#3979,1.);
#3979 = DIRECTION('',(0.,-1.,0.));
#3980 = ORIENTED_EDGE('',*,*,#3981,.F.);
#3981 = EDGE_CURVE('',#3982,#3974,#3984,.T.);
#3982 = VERTEX_POINT('',#3983);
#3983 = CARTESIAN_POINT('',(310.3628615,-228.375,-7.549516567451E-15));
#3984 = LINE('',#3985,#3986);
#3985 = CARTESIAN_POINT('',(297.8628615,-228.375,-4.884981308351E-15));
#3986 = VECTOR('',#3987,1.);
#3987 = DIRECTION('',(-1.,0.,2.22044604925E-16));
#3988 = ORIENTED_EDGE('',*,*,#3989,.T.);
#3989 = EDGE_CURVE('',#3982,#3990,#3992,.T.);
#3990 = VERTEX_POINT('',#3991);
#3991 = CARTESIAN_POINT('',(310.3628615,-224.125,-7.549516567451E-15));
#3992 = LINE('',#3993,#3994);
#3993 = CARTESIAN_POINT('',(310.3628615,-232.5,-7.549516567451E-15));
#3994 = VECTOR('',#3995,1.);
#3995 = DIRECTION('',(0.,1.,0.));
#3996 = ORIENTED_EDGE('',*,*,#3997,.T.);
#3997 = EDGE_CURVE('',#3990,#3998,#4000,.T.);
#3998 = VERTEX_POINT('',#3999);
#3999 = CARTESIAN_POINT('',(285.3628615,-224.125,-1.7763568394E-15));
#4000 = LINE('',#4001,#4002);
#4001 = CARTESIAN_POINT('',(297.8628615,-224.125,-4.884981308351E-15));
#4002 = VECTOR('',#4003,1.);
#4003 = DIRECTION('',(-1.,0.,2.22044604925E-16));
#4004 = ORIENTED_EDGE('',*,*,#4005,.F.);
#4005 = EDGE_CURVE('',#4006,#3998,#4008,.T.);
#4006 = VERTEX_POINT('',#4007);
#4007 = CARTESIAN_POINT('',(285.3628615,-222.125,-1.7763568394E-15));
#4008 = LINE('',#4009,#4010);
#4009 = CARTESIAN_POINT('',(285.3628615,-222.0625,-1.7763568394E-15));
#4010 = VECTOR('',#4011,1.);
#4011 = DIRECTION('',(0.,-1.,0.));
#4012 = ORIENTED_EDGE('',*,*,#4013,.F.);
#4013 = EDGE_CURVE('',#4014,#4006,#4016,.T.);
#4014 = VERTEX_POINT('',#4015);
#4015 = CARTESIAN_POINT('',(310.3628615,-222.125,-7.549516567451E-15));
#4016 = LINE('',#4017,#4018);
#4017 = CARTESIAN_POINT('',(297.8628615,-222.125,-4.884981308351E-15));
#4018 = VECTOR('',#4019,1.);
#4019 = DIRECTION('',(-1.,0.,2.22044604925E-16));
#4020 = ORIENTED_EDGE('',*,*,#4021,.T.);
#4021 = EDGE_CURVE('',#4014,#4022,#4024,.T.);
#4022 = VERTEX_POINT('',#4023);
#4023 = CARTESIAN_POINT('',(310.3628615,-217.875,-7.549516567451E-15));
#4024 = LINE('',#4025,#4026);
#4025 = CARTESIAN_POINT('',(310.3628615,-232.5,-7.549516567451E-15));
#4026 = VECTOR('',#4027,1.);
#4027 = DIRECTION('',(0.,1.,0.));
#4028 = ORIENTED_EDGE('',*,*,#4029,.T.);
#4029 = EDGE_CURVE('',#4022,#4030,#4032,.T.);
#4030 = VERTEX_POINT('',#4031);
#4031 = CARTESIAN_POINT('',(285.3628615,-217.875,-1.7763568394E-15));
#4032 = LINE('',#4033,#4034);
#4033 = CARTESIAN_POINT('',(297.8628615,-217.875,-4.884981308351E-15));
#4034 = VECTOR('',#4035,1.);
#4035 = DIRECTION('',(-1.,0.,2.22044604925E-16));
#4036 = ORIENTED_EDGE('',*,*,#4037,.F.);
#4037 = EDGE_CURVE('',#4038,#4030,#4040,.T.);
#4038 = VERTEX_POINT('',#4039);
#4039 = CARTESIAN_POINT('',(285.3628615,-215.875,-1.7763568394E-15));
#4040 = LINE('',#4041,#4042);
#4041 = CARTESIAN_POINT('',(285.3628615,-218.9375,-1.7763568394E-15));
#4042 = VECTOR('',#4043,1.);
#4043 = DIRECTION('',(0.,-1.,0.));
#4044 = ORIENTED_EDGE('',*,*,#4045,.F.);
#4045 = EDGE_CURVE('',#4046,#4038,#4048,.T.);
#4046 = VERTEX_POINT('',#4047);
#4047 = CARTESIAN_POINT('',(310.3628615,-215.875,-7.549516567451E-15));
#4048 = LINE('',#4049,#4050);
#4049 = CARTESIAN_POINT('',(297.8628615,-215.875,-4.884981308351E-15));
#4050 = VECTOR('',#4051,1.);
#4051 = DIRECTION('',(-1.,0.,2.22044604925E-16));
#4052 = ORIENTED_EDGE('',*,*,#4053,.T.);
#4053 = EDGE_CURVE('',#4046,#4054,#4056,.T.);
#4054 = VERTEX_POINT('',#4055);
#4055 = CARTESIAN_POINT('',(310.3628615,-211.625,-7.549516567451E-15));
#4056 = LINE('',#4057,#4058);
#4057 = CARTESIAN_POINT('',(310.3628615,-232.5,-7.549516567451E-15));
#4058 = VECTOR('',#4059,1.);
#4059 = DIRECTION('',(0.,1.,0.));
#4060 = ORIENTED_EDGE('',*,*,#4061,.T.);
#4061 = EDGE_CURVE('',#4054,#4062,#4064,.T.);
#4062 = VERTEX_POINT('',#4063);
#4063 = CARTESIAN_POINT('',(285.3628615,-211.625,-1.7763568394E-15));
#4064 = LINE('',#4065,#4066);
#4065 = CARTESIAN_POINT('',(297.8628615,-211.625,-4.884981308351E-15));
#4066 = VECTOR('',#4067,1.);
#4067 = DIRECTION('',(-1.,0.,2.22044604925E-16));
#4068 = ORIENTED_EDGE('',*,*,#4069,.F.);
#4069 = EDGE_CURVE('',#4070,#4062,#4072,.T.);
#4070 = VERTEX_POINT('',#4071);
#4071 = CARTESIAN_POINT('',(285.3628615,-209.625,-1.7763568394E-15));
#4072 = LINE('',#4073,#4074);
#4073 = CARTESIAN_POINT('',(285.3628615,-215.8125,-1.7763568394E-15));
#4074 = VECTOR('',#4075,1.);
#4075 = DIRECTION('',(0.,-1.,0.));
#4076 = ORIENTED_EDGE('',*,*,#4077,.F.);
#4077 = EDGE_CURVE('',#4078,#4070,#4080,.T.);
#4078 = VERTEX_POINT('',#4079);
#4079 = CARTESIAN_POINT('',(310.3628615,-209.625,-7.549516567451E-15));
#4080 = LINE('',#4081,#4082);
#4081 = CARTESIAN_POINT('',(297.8628615,-209.625,-4.884981308351E-15));
#4082 = VECTOR('',#4083,1.);
#4083 = DIRECTION('',(-1.,0.,2.22044604925E-16));
#4084 = ORIENTED_EDGE('',*,*,#4085,.T.);
#4085 = EDGE_CURVE('',#4078,#4086,#4088,.T.);
#4086 = VERTEX_POINT('',#4087);
#4087 = CARTESIAN_POINT('',(310.3628615,-205.375,-7.549516567451E-15));
#4088 = LINE('',#4089,#4090);
#4089 = CARTESIAN_POINT('',(310.3628615,-232.5,-7.549516567451E-15));
#4090 = VECTOR('',#4091,1.);
#4091 = DIRECTION('',(0.,1.,0.));
#4092 = ORIENTED_EDGE('',*,*,#4093,.T.);
#4093 = EDGE_CURVE('',#4086,#4094,#4096,.T.);
#4094 = VERTEX_POINT('',#4095);
#4095 = CARTESIAN_POINT('',(285.3628615,-205.375,-1.7763568394E-15));
#4096 = LINE('',#4097,#4098);
#4097 = CARTESIAN_POINT('',(297.8628615,-205.375,-4.884981308351E-15));
#4098 = VECTOR('',#4099,1.);
#4099 = DIRECTION('',(-1.,0.,2.22044604925E-16));
#4100 = ORIENTED_EDGE('',*,*,#4101,.F.);
#4101 = EDGE_CURVE('',#4102,#4094,#4104,.T.);
#4102 = VERTEX_POINT('',#4103);
#4103 = CARTESIAN_POINT('',(285.3628615,-203.375,-1.7763568394E-15));
#4104 = LINE('',#4105,#4106);
#4105 = CARTESIAN_POINT('',(285.3628615,-212.6875,-1.7763568394E-15));
#4106 = VECTOR('',#4107,1.);
#4107 = DIRECTION('',(0.,-1.,0.));
#4108 = ORIENTED_EDGE('',*,*,#4109,.F.);
#4109 = EDGE_CURVE('',#4110,#4102,#4112,.T.);
#4110 = VERTEX_POINT('',#4111);
#4111 = CARTESIAN_POINT('',(310.3628615,-203.375,-7.549516567451E-15));
#4112 = LINE('',#4113,#4114);
#4113 = CARTESIAN_POINT('',(297.8628615,-203.375,-4.884981308351E-15));
#4114 = VECTOR('',#4115,1.);
#4115 = DIRECTION('',(-1.,0.,2.22044604925E-16));
#4116 = ORIENTED_EDGE('',*,*,#4117,.T.);
#4117 = EDGE_CURVE('',#4110,#4118,#4120,.T.);
#4118 = VERTEX_POINT('',#4119);
#4119 = CARTESIAN_POINT('',(310.3628615,-199.125,-7.549516567451E-15));
#4120 = LINE('',#4121,#4122);
#4121 = CARTESIAN_POINT('',(310.3628615,-232.5,-7.549516567451E-15));
#4122 = VECTOR('',#4123,1.);
#4123 = DIRECTION('',(0.,1.,0.));
#4124 = ORIENTED_EDGE('',*,*,#4125,.T.);
#4125 = EDGE_CURVE('',#4118,#4126,#4128,.T.);
#4126 = VERTEX_POINT('',#4127);
#4127 = CARTESIAN_POINT('',(285.3628615,-199.125,-1.7763568394E-15));
#4128 = LINE('',#4129,#4130);
#4129 = CARTESIAN_POINT('',(297.8628615,-199.125,-4.884981308351E-15));
#4130 = VECTOR('',#4131,1.);
#4131 = DIRECTION('',(-1.,0.,2.22044604925E-16));
#4132 = ORIENTED_EDGE('',*,*,#4133,.F.);
#4133 = EDGE_CURVE('',#4134,#4126,#4136,.T.);
#4134 = VERTEX_POINT('',#4135);
#4135 = CARTESIAN_POINT('',(285.3628615,-197.125,-1.7763568394E-15));
#4136 = LINE('',#4137,#4138);
#4137 = CARTESIAN_POINT('',(285.3628615,-209.5625,-1.7763568394E-15));
#4138 = VECTOR('',#4139,1.);
#4139 = DIRECTION('',(0.,-1.,0.));
#4140 = ORIENTED_EDGE('',*,*,#4141,.F.);
#4141 = EDGE_CURVE('',#4142,#4134,#4144,.T.);
#4142 = VERTEX_POINT('',#4143);
#4143 = CARTESIAN_POINT('',(310.3628615,-197.125,-7.549516567451E-15));
#4144 = LINE('',#4145,#4146);
#4145 = CARTESIAN_POINT('',(297.8628615,-197.125,-4.884981308351E-15));
#4146 = VECTOR('',#4147,1.);
#4147 = DIRECTION('',(-1.,0.,2.22044604925E-16));
#4148 = ORIENTED_EDGE('',*,*,#4149,.T.);
#4149 = EDGE_CURVE('',#4142,#4150,#4152,.T.);
#4150 = VERTEX_POINT('',#4151);
#4151 = CARTESIAN_POINT('',(310.3628615,-195.,-7.549516567451E-15));
#4152 = LINE('',#4153,#4154);
#4153 = CARTESIAN_POINT('',(310.3628615,-232.5,-7.549516567451E-15));
#4154 = VECTOR('',#4155,1.);
#4155 = DIRECTION('',(0.,1.,0.));
#4156 = ORIENTED_EDGE('',*,*,#4157,.F.);
#4157 = EDGE_CURVE('',#4158,#4150,#4160,.T.);
#4158 = VERTEX_POINT('',#4159);
#4159 = CARTESIAN_POINT('',(260.3628615,-195.,3.552713678801E-15));
#4160 = LINE('',#4161,#4162);
#4161 = CARTESIAN_POINT('',(285.3628615,-195.,-1.7763568394E-15));
#4162 = VECTOR('',#4163,1.);
#4163 = DIRECTION('',(1.,0.,-2.22044604925E-16));
#4164 = ORIENTED_EDGE('',*,*,#4165,.F.);
#4165 = EDGE_CURVE('',#4166,#4158,#4168,.T.);
#4166 = VERTEX_POINT('',#4167);
#4167 = CARTESIAN_POINT('',(260.3628615,-200.2456492134,
    5.773159728051E-15));
#4168 = LINE('',#4169,#4170);
#4169 = CARTESIAN_POINT('',(260.3628615,-220.,3.552713678801E-15));
#4170 = VECTOR('',#4171,1.);
#4171 = DIRECTION('',(0.,1.,0.));
#4172 = ORIENTED_EDGE('',*,*,#4173,.F.);
#4173 = EDGE_CURVE('',#4174,#4166,#4176,.T.);
#4174 = VERTEX_POINT('',#4175);
#4175 = CARTESIAN_POINT('',(249.6371385,-210.500822404,
    7.993605777301E-15));
#4176 = HYPERBOLA('',#4177,3.3517884375,3.125);
#4177 = AXIS2_PLACEMENT_3D('',#4178,#4179,#4180);
#4178 = CARTESIAN_POINT('',(238.9114155,-220.,8.437694987151E-15));
#4179 = DIRECTION('',(2.22044604925E-16,-0.,1.));
#4180 = DIRECTION('',(1.,0.,-2.22044604925E-16));
#4181 = ORIENTED_EDGE('',*,*,#4182,.T.);
#4182 = EDGE_CURVE('',#4174,#4183,#4185,.T.);
#4183 = VERTEX_POINT('',#4184);
#4184 = CARTESIAN_POINT('',(249.6371385,-229.4991775959,
    6.217248937901E-15));
#4185 = LINE('',#4186,#4187);
#4186 = CARTESIAN_POINT('',(249.6371385,-220.,5.773159728051E-15));
#4187 = VECTOR('',#4188,1.);
#4188 = DIRECTION('',(0.,-1.,0.));
#4189 = ORIENTED_EDGE('',*,*,#4190,.F.);
#4190 = EDGE_CURVE('',#3878,#4183,#4191,.T.);
#4191 = HYPERBOLA('',#4192,3.3517884375,3.125);
#4192 = AXIS2_PLACEMENT_3D('',#4193,#4194,#4195);
#4193 = CARTESIAN_POINT('',(238.9114155,-220.,8.437694987151E-15));
#4194 = DIRECTION('',(2.22044604925E-16,-0.,1.));
#4195 = DIRECTION('',(1.,0.,-2.22044604925E-16));
#4196 = PLANE('',#4197);
#4197 = AXIS2_PLACEMENT_3D('',#4198,#4199,#4200);
#4198 = CARTESIAN_POINT('',(260.3628615,-220.,3.552713678801E-15));
#4199 = DIRECTION('',(2.22044604925E-16,0.,1.));
#4200 = DIRECTION('',(-1.,0.,2.22044604925E-16));
#4201 = SHELL_BASED_SURFACE_MODEL('',(#4202));
#4202 = OPEN_SHELL('',(#4203));
#4203 = ADVANCED_FACE('',(#4204),#4528,.T.);
#4204 = FACE_BOUND('',#4205,.T.);
#4205 = EDGE_LOOP('',(#4206,#4216,#4224,#4232,#4240,#4248,#4256,#4264,
    #4272,#4280,#4288,#4296,#4304,#4312,#4320,#4328,#4336,#4344,#4352,
    #4360,#4368,#4376,#4384,#4392,#4400,#4408,#4416,#4424,#4432,#4440,
    #4448,#4456,#4464,#4472,#4480,#4488,#4496,#4504,#4513,#4521));
#4206 = ORIENTED_EDGE('',*,*,#4207,.F.);
#4207 = EDGE_CURVE('',#4208,#4210,#4212,.T.);
#4208 = VERTEX_POINT('',#4209);
#4209 = CARTESIAN_POINT('',(330.3628615,-245.,-3.552713678801E-15));
#4210 = VERTEX_POINT('',#4211);
#4211 = CARTESIAN_POINT('',(330.3628615,-237.6666175313,0.));
#4212 = LINE('',#4213,#4214);
#4213 = CARTESIAN_POINT('',(330.3628615,-220.,-3.552713678801E-15));
#4214 = VECTOR('',#4215,1.);
#4215 = DIRECTION('',(0.,1.,0.));
#4216 = ORIENTED_EDGE('',*,*,#4217,.T.);
#4217 = EDGE_CURVE('',#4208,#4218,#4220,.T.);
#4218 = VERTEX_POINT('',#4219);
#4219 = CARTESIAN_POINT('',(380.3628615,-245.,-1.42108547152E-14));
#4220 = LINE('',#4221,#4222);
#4221 = CARTESIAN_POINT('',(355.3628615,-245.,-8.881784197001E-15));
#4222 = VECTOR('',#4223,1.);
#4223 = DIRECTION('',(1.,0.,-2.22044604925E-16));
#4224 = ORIENTED_EDGE('',*,*,#4225,.T.);
#4225 = EDGE_CURVE('',#4218,#4226,#4228,.T.);
#4226 = VERTEX_POINT('',#4227);
#4227 = CARTESIAN_POINT('',(380.3628615,-242.875,-1.42108547152E-14));
#4228 = LINE('',#4229,#4230);
#4229 = CARTESIAN_POINT('',(380.3628615,-232.5,-1.42108547152E-14));
#4230 = VECTOR('',#4231,1.);
#4231 = DIRECTION('',(0.,1.,0.));
#4232 = ORIENTED_EDGE('',*,*,#4233,.T.);
#4233 = EDGE_CURVE('',#4226,#4234,#4236,.T.);
#4234 = VERTEX_POINT('',#4235);
#4235 = CARTESIAN_POINT('',(355.3628615,-242.875,-8.881784197001E-15));
#4236 = LINE('',#4237,#4238);
#4237 = CARTESIAN_POINT('',(367.8628615,-242.875,-1.24344978758E-14));
#4238 = VECTOR('',#4239,1.);
#4239 = DIRECTION('',(-1.,0.,2.22044604925E-16));
#4240 = ORIENTED_EDGE('',*,*,#4241,.F.);
#4241 = EDGE_CURVE('',#4242,#4234,#4244,.T.);
#4242 = VERTEX_POINT('',#4243);
#4243 = CARTESIAN_POINT('',(355.3628615,-240.875,-8.881784197001E-15));
#4244 = LINE('',#4245,#4246);
#4245 = CARTESIAN_POINT('',(355.3628615,-231.4375,-8.881784197001E-15));
#4246 = VECTOR('',#4247,1.);
#4247 = DIRECTION('',(0.,-1.,0.));
#4248 = ORIENTED_EDGE('',*,*,#4249,.F.);
#4249 = EDGE_CURVE('',#4250,#4242,#4252,.T.);
#4250 = VERTEX_POINT('',#4251);
#4251 = CARTESIAN_POINT('',(380.3628615,-240.875,-1.42108547152E-14));
#4252 = LINE('',#4253,#4254);
#4253 = CARTESIAN_POINT('',(367.8628615,-240.875,-1.24344978758E-14));
#4254 = VECTOR('',#4255,1.);
#4255 = DIRECTION('',(-1.,0.,2.22044604925E-16));
#4256 = ORIENTED_EDGE('',*,*,#4257,.T.);
#4257 = EDGE_CURVE('',#4250,#4258,#4260,.T.);
#4258 = VERTEX_POINT('',#4259);
#4259 = CARTESIAN_POINT('',(380.3628615,-236.625,-1.42108547152E-14));
#4260 = LINE('',#4261,#4262);
#4261 = CARTESIAN_POINT('',(380.3628615,-232.5,-1.42108547152E-14));
#4262 = VECTOR('',#4263,1.);
#4263 = DIRECTION('',(0.,1.,0.));
#4264 = ORIENTED_EDGE('',*,*,#4265,.T.);
#4265 = EDGE_CURVE('',#4258,#4266,#4268,.T.);
#4266 = VERTEX_POINT('',#4267);
#4267 = CARTESIAN_POINT('',(355.3628615,-236.625,-8.881784197001E-15));
#4268 = LINE('',#4269,#4270);
#4269 = CARTESIAN_POINT('',(367.8628615,-236.625,-1.24344978758E-14));
#4270 = VECTOR('',#4271,1.);
#4271 = DIRECTION('',(-1.,0.,2.22044604925E-16));
#4272 = ORIENTED_EDGE('',*,*,#4273,.F.);
#4273 = EDGE_CURVE('',#4274,#4266,#4276,.T.);
#4274 = VERTEX_POINT('',#4275);
#4275 = CARTESIAN_POINT('',(355.3628615,-234.625,-8.881784197001E-15));
#4276 = LINE('',#4277,#4278);
#4277 = CARTESIAN_POINT('',(355.3628615,-228.3125,-8.881784197001E-15));
#4278 = VECTOR('',#4279,1.);
#4279 = DIRECTION('',(0.,-1.,0.));
#4280 = ORIENTED_EDGE('',*,*,#4281,.F.);
#4281 = EDGE_CURVE('',#4282,#4274,#4284,.T.);
#4282 = VERTEX_POINT('',#4283);
#4283 = CARTESIAN_POINT('',(380.3628615,-234.625,-1.42108547152E-14));
#4284 = LINE('',#4285,#4286);
#4285 = CARTESIAN_POINT('',(367.8628615,-234.625,-1.24344978758E-14));
#4286 = VECTOR('',#4287,1.);
#4287 = DIRECTION('',(-1.,0.,2.22044604925E-16));
#4288 = ORIENTED_EDGE('',*,*,#4289,.T.);
#4289 = EDGE_CURVE('',#4282,#4290,#4292,.T.);
#4290 = VERTEX_POINT('',#4291);
#4291 = CARTESIAN_POINT('',(380.3628615,-230.375,-1.42108547152E-14));
#4292 = LINE('',#4293,#4294);
#4293 = CARTESIAN_POINT('',(380.3628615,-232.5,-1.42108547152E-14));
#4294 = VECTOR('',#4295,1.);
#4295 = DIRECTION('',(0.,1.,0.));
#4296 = ORIENTED_EDGE('',*,*,#4297,.T.);
#4297 = EDGE_CURVE('',#4290,#4298,#4300,.T.);
#4298 = VERTEX_POINT('',#4299);
#4299 = CARTESIAN_POINT('',(355.3628615,-230.375,-8.881784197001E-15));
#4300 = LINE('',#4301,#4302);
#4301 = CARTESIAN_POINT('',(367.8628615,-230.375,-1.24344978758E-14));
#4302 = VECTOR('',#4303,1.);
#4303 = DIRECTION('',(-1.,0.,2.22044604925E-16));
#4304 = ORIENTED_EDGE('',*,*,#4305,.F.);
#4305 = EDGE_CURVE('',#4306,#4298,#4308,.T.);
#4306 = VERTEX_POINT('',#4307);
#4307 = CARTESIAN_POINT('',(355.3628615,-228.375,-8.881784197001E-15));
#4308 = LINE('',#4309,#4310);
#4309 = CARTESIAN_POINT('',(355.3628615,-225.1875,-8.881784197001E-15));
#4310 = VECTOR('',#4311,1.);
#4311 = DIRECTION('',(0.,-1.,0.));
#4312 = ORIENTED_EDGE('',*,*,#4313,.F.);
#4313 = EDGE_CURVE('',#4314,#4306,#4316,.T.);
#4314 = VERTEX_POINT('',#4315);
#4315 = CARTESIAN_POINT('',(380.3628615,-228.375,-1.42108547152E-14));
#4316 = LINE('',#4317,#4318);
#4317 = CARTESIAN_POINT('',(367.8628615,-228.375,-1.24344978758E-14));
#4318 = VECTOR('',#4319,1.);
#4319 = DIRECTION('',(-1.,0.,2.22044604925E-16));
#4320 = ORIENTED_EDGE('',*,*,#4321,.T.);
#4321 = EDGE_CURVE('',#4314,#4322,#4324,.T.);
#4322 = VERTEX_POINT('',#4323);
#4323 = CARTESIAN_POINT('',(380.3628615,-224.125,-1.42108547152E-14));
#4324 = LINE('',#4325,#4326);
#4325 = CARTESIAN_POINT('',(380.3628615,-232.5,-1.42108547152E-14));
#4326 = VECTOR('',#4327,1.);
#4327 = DIRECTION('',(0.,1.,0.));
#4328 = ORIENTED_EDGE('',*,*,#4329,.T.);
#4329 = EDGE_CURVE('',#4322,#4330,#4332,.T.);
#4330 = VERTEX_POINT('',#4331);
#4331 = CARTESIAN_POINT('',(355.3628615,-224.125,-8.881784197001E-15));
#4332 = LINE('',#4333,#4334);
#4333 = CARTESIAN_POINT('',(367.8628615,-224.125,-1.24344978758E-14));
#4334 = VECTOR('',#4335,1.);
#4335 = DIRECTION('',(-1.,0.,2.22044604925E-16));
#4336 = ORIENTED_EDGE('',*,*,#4337,.F.);
#4337 = EDGE_CURVE('',#4338,#4330,#4340,.T.);
#4338 = VERTEX_POINT('',#4339);
#4339 = CARTESIAN_POINT('',(355.3628615,-222.125,-8.881784197001E-15));
#4340 = LINE('',#4341,#4342);
#4341 = CARTESIAN_POINT('',(355.3628615,-222.0625,-8.881784197001E-15));
#4342 = VECTOR('',#4343,1.);
#4343 = DIRECTION('',(0.,-1.,0.));
#4344 = ORIENTED_EDGE('',*,*,#4345,.F.);
#4345 = EDGE_CURVE('',#4346,#4338,#4348,.T.);
#4346 = VERTEX_POINT('',#4347);
#4347 = CARTESIAN_POINT('',(380.3628615,-222.125,-1.42108547152E-14));
#4348 = LINE('',#4349,#4350);
#4349 = CARTESIAN_POINT('',(367.8628615,-222.125,-1.24344978758E-14));
#4350 = VECTOR('',#4351,1.);
#4351 = DIRECTION('',(-1.,0.,2.22044604925E-16));
#4352 = ORIENTED_EDGE('',*,*,#4353,.T.);
#4353 = EDGE_CURVE('',#4346,#4354,#4356,.T.);
#4354 = VERTEX_POINT('',#4355);
#4355 = CARTESIAN_POINT('',(380.3628615,-217.875,-1.42108547152E-14));
#4356 = LINE('',#4357,#4358);
#4357 = CARTESIAN_POINT('',(380.3628615,-232.5,-1.42108547152E-14));
#4358 = VECTOR('',#4359,1.);
#4359 = DIRECTION('',(0.,1.,0.));
#4360 = ORIENTED_EDGE('',*,*,#4361,.T.);
#4361 = EDGE_CURVE('',#4354,#4362,#4364,.T.);
#4362 = VERTEX_POINT('',#4363);
#4363 = CARTESIAN_POINT('',(355.3628615,-217.875,-8.881784197001E-15));
#4364 = LINE('',#4365,#4366);
#4365 = CARTESIAN_POINT('',(367.8628615,-217.875,-1.24344978758E-14));
#4366 = VECTOR('',#4367,1.);
#4367 = DIRECTION('',(-1.,0.,2.22044604925E-16));
#4368 = ORIENTED_EDGE('',*,*,#4369,.F.);
#4369 = EDGE_CURVE('',#4370,#4362,#4372,.T.);
#4370 = VERTEX_POINT('',#4371);
#4371 = CARTESIAN_POINT('',(355.3628615,-215.875,-8.881784197001E-15));
#4372 = LINE('',#4373,#4374);
#4373 = CARTESIAN_POINT('',(355.3628615,-218.9375,-8.881784197001E-15));
#4374 = VECTOR('',#4375,1.);
#4375 = DIRECTION('',(0.,-1.,0.));
#4376 = ORIENTED_EDGE('',*,*,#4377,.F.);
#4377 = EDGE_CURVE('',#4378,#4370,#4380,.T.);
#4378 = VERTEX_POINT('',#4379);
#4379 = CARTESIAN_POINT('',(380.3628615,-215.875,-1.42108547152E-14));
#4380 = LINE('',#4381,#4382);
#4381 = CARTESIAN_POINT('',(367.8628615,-215.875,-1.24344978758E-14));
#4382 = VECTOR('',#4383,1.);
#4383 = DIRECTION('',(-1.,0.,2.22044604925E-16));
#4384 = ORIENTED_EDGE('',*,*,#4385,.T.);
#4385 = EDGE_CURVE('',#4378,#4386,#4388,.T.);
#4386 = VERTEX_POINT('',#4387);
#4387 = CARTESIAN_POINT('',(380.3628615,-211.625,-1.42108547152E-14));
#4388 = LINE('',#4389,#4390);
#4389 = CARTESIAN_POINT('',(380.3628615,-232.5,-1.42108547152E-14));
#4390 = VECTOR('',#4391,1.);
#4391 = DIRECTION('',(0.,1.,0.));
#4392 = ORIENTED_EDGE('',*,*,#4393,.T.);
#4393 = EDGE_CURVE('',#4386,#4394,#4396,.T.);
#4394 = VERTEX_POINT('',#4395);
#4395 = CARTESIAN_POINT('',(355.3628615,-211.625,-8.881784197001E-15));
#4396 = LINE('',#4397,#4398);
#4397 = CARTESIAN_POINT('',(367.8628615,-211.625,-1.24344978758E-14));
#4398 = VECTOR('',#4399,1.);
#4399 = DIRECTION('',(-1.,0.,2.22044604925E-16));
#4400 = ORIENTED_EDGE('',*,*,#4401,.F.);
#4401 = EDGE_CURVE('',#4402,#4394,#4404,.T.);
#4402 = VERTEX_POINT('',#4403);
#4403 = CARTESIAN_POINT('',(355.3628615,-209.625,-8.881784197001E-15));
#4404 = LINE('',#4405,#4406);
#4405 = CARTESIAN_POINT('',(355.3628615,-215.8125,-8.881784197001E-15));
#4406 = VECTOR('',#4407,1.);
#4407 = DIRECTION('',(0.,-1.,0.));
#4408 = ORIENTED_EDGE('',*,*,#4409,.F.);
#4409 = EDGE_CURVE('',#4410,#4402,#4412,.T.);
#4410 = VERTEX_POINT('',#4411);
#4411 = CARTESIAN_POINT('',(380.3628615,-209.625,-1.42108547152E-14));
#4412 = LINE('',#4413,#4414);
#4413 = CARTESIAN_POINT('',(367.8628615,-209.625,-1.24344978758E-14));
#4414 = VECTOR('',#4415,1.);
#4415 = DIRECTION('',(-1.,0.,2.22044604925E-16));
#4416 = ORIENTED_EDGE('',*,*,#4417,.T.);
#4417 = EDGE_CURVE('',#4410,#4418,#4420,.T.);
#4418 = VERTEX_POINT('',#4419);
#4419 = CARTESIAN_POINT('',(380.3628615,-205.375,-1.42108547152E-14));
#4420 = LINE('',#4421,#4422);
#4421 = CARTESIAN_POINT('',(380.3628615,-232.5,-1.42108547152E-14));
#4422 = VECTOR('',#4423,1.);
#4423 = DIRECTION('',(0.,1.,0.));
#4424 = ORIENTED_EDGE('',*,*,#4425,.T.);
#4425 = EDGE_CURVE('',#4418,#4426,#4428,.T.);
#4426 = VERTEX_POINT('',#4427);
#4427 = CARTESIAN_POINT('',(355.3628615,-205.375,-8.881784197001E-15));
#4428 = LINE('',#4429,#4430);
#4429 = CARTESIAN_POINT('',(367.8628615,-205.375,-1.24344978758E-14));
#4430 = VECTOR('',#4431,1.);
#4431 = DIRECTION('',(-1.,0.,2.22044604925E-16));
#4432 = ORIENTED_EDGE('',*,*,#4433,.F.);
#4433 = EDGE_CURVE('',#4434,#4426,#4436,.T.);
#4434 = VERTEX_POINT('',#4435);
#4435 = CARTESIAN_POINT('',(355.3628615,-203.375,-8.881784197001E-15));
#4436 = LINE('',#4437,#4438);
#4437 = CARTESIAN_POINT('',(355.3628615,-212.6875,-8.881784197001E-15));
#4438 = VECTOR('',#4439,1.);
#4439 = DIRECTION('',(0.,-1.,0.));
#4440 = ORIENTED_EDGE('',*,*,#4441,.F.);
#4441 = EDGE_CURVE('',#4442,#4434,#4444,.T.);
#4442 = VERTEX_POINT('',#4443);
#4443 = CARTESIAN_POINT('',(380.3628615,-203.375,-1.42108547152E-14));
#4444 = LINE('',#4445,#4446);
#4445 = CARTESIAN_POINT('',(367.8628615,-203.375,-1.24344978758E-14));
#4446 = VECTOR('',#4447,1.);
#4447 = DIRECTION('',(-1.,0.,2.22044604925E-16));
#4448 = ORIENTED_EDGE('',*,*,#4449,.T.);
#4449 = EDGE_CURVE('',#4442,#4450,#4452,.T.);
#4450 = VERTEX_POINT('',#4451);
#4451 = CARTESIAN_POINT('',(380.3628615,-199.125,-1.42108547152E-14));
#4452 = LINE('',#4453,#4454);
#4453 = CARTESIAN_POINT('',(380.3628615,-232.5,-1.42108547152E-14));
#4454 = VECTOR('',#4455,1.);
#4455 = DIRECTION('',(0.,1.,0.));
#4456 = ORIENTED_EDGE('',*,*,#4457,.T.);
#4457 = EDGE_CURVE('',#4450,#4458,#4460,.T.);
#4458 = VERTEX_POINT('',#4459);
#4459 = CARTESIAN_POINT('',(355.3628615,-199.125,-8.881784197001E-15));
#4460 = LINE('',#4461,#4462);
#4461 = CARTESIAN_POINT('',(367.8628615,-199.125,-1.24344978758E-14));
#4462 = VECTOR('',#4463,1.);
#4463 = DIRECTION('',(-1.,0.,2.22044604925E-16));
#4464 = ORIENTED_EDGE('',*,*,#4465,.F.);
#4465 = EDGE_CURVE('',#4466,#4458,#4468,.T.);
#4466 = VERTEX_POINT('',#4467);
#4467 = CARTESIAN_POINT('',(355.3628615,-197.125,-8.881784197001E-15));
#4468 = LINE('',#4469,#4470);
#4469 = CARTESIAN_POINT('',(355.3628615,-209.5625,-8.881784197001E-15));
#4470 = VECTOR('',#4471,1.);
#4471 = DIRECTION('',(0.,-1.,0.));
#4472 = ORIENTED_EDGE('',*,*,#4473,.F.);
#4473 = EDGE_CURVE('',#4474,#4466,#4476,.T.);
#4474 = VERTEX_POINT('',#4475);
#4475 = CARTESIAN_POINT('',(380.3628615,-197.125,-1.42108547152E-14));
#4476 = LINE('',#4477,#4478);
#4477 = CARTESIAN_POINT('',(367.8628615,-197.125,-1.24344978758E-14));
#4478 = VECTOR('',#4479,1.);
#4479 = DIRECTION('',(-1.,0.,2.22044604925E-16));
#4480 = ORIENTED_EDGE('',*,*,#4481,.T.);
#4481 = EDGE_CURVE('',#4474,#4482,#4484,.T.);
#4482 = VERTEX_POINT('',#4483);
#4483 = CARTESIAN_POINT('',(380.3628615,-195.,-1.42108547152E-14));
#4484 = LINE('',#4485,#4486);
#4485 = CARTESIAN_POINT('',(380.3628615,-232.5,-1.42108547152E-14));
#4486 = VECTOR('',#4487,1.);
#4487 = DIRECTION('',(0.,1.,0.));
#4488 = ORIENTED_EDGE('',*,*,#4489,.F.);
#4489 = EDGE_CURVE('',#4490,#4482,#4492,.T.);
#4490 = VERTEX_POINT('',#4491);
#4491 = CARTESIAN_POINT('',(330.3628615,-195.,-3.552713678801E-15));
#4492 = LINE('',#4493,#4494);
#4493 = CARTESIAN_POINT('',(355.3628615,-195.,-8.881784197001E-15));
#4494 = VECTOR('',#4495,1.);
#4495 = DIRECTION('',(1.,0.,-2.22044604925E-16));
#4496 = ORIENTED_EDGE('',*,*,#4497,.F.);
#4497 = EDGE_CURVE('',#4498,#4490,#4500,.T.);
#4498 = VERTEX_POINT('',#4499);
#4499 = CARTESIAN_POINT('',(330.3628615,-202.3333824686,
    1.24344978758E-14));
#4500 = LINE('',#4501,#4502);
#4501 = CARTESIAN_POINT('',(330.3628615,-220.,-3.552713678801E-15));
#4502 = VECTOR('',#4503,1.);
#4503 = DIRECTION('',(0.,1.,0.));
#4504 = ORIENTED_EDGE('',*,*,#4505,.F.);
#4505 = EDGE_CURVE('',#4506,#4498,#4508,.T.);
#4506 = VERTEX_POINT('',#4507);
#4507 = CARTESIAN_POINT('',(319.6371385,-216.5201472732,0.));
#4508 = HYPERBOLA('',#4509,10.0553653125,9.375);
#4509 = AXIS2_PLACEMENT_3D('',#4510,#4511,#4512);
#4510 = CARTESIAN_POINT('',(308.9114155,-220.,1.7763568394E-15));
#4511 = DIRECTION('',(2.22044604925E-16,-0.,1.));
#4512 = DIRECTION('',(1.,0.,-2.22044604925E-16));
#4513 = ORIENTED_EDGE('',*,*,#4514,.T.);
#4514 = EDGE_CURVE('',#4506,#4515,#4517,.T.);
#4515 = VERTEX_POINT('',#4516);
#4516 = CARTESIAN_POINT('',(319.6371385,-223.4798527267,
    -3.552713678801E-15));
#4517 = LINE('',#4518,#4519);
#4518 = CARTESIAN_POINT('',(319.6371385,-220.,-1.7763568394E-15));
#4519 = VECTOR('',#4520,1.);
#4520 = DIRECTION('',(0.,-1.,0.));
#4521 = ORIENTED_EDGE('',*,*,#4522,.F.);
#4522 = EDGE_CURVE('',#4210,#4515,#4523,.T.);
#4523 = HYPERBOLA('',#4524,10.0553653125,9.375);
#4524 = AXIS2_PLACEMENT_3D('',#4525,#4526,#4527);
#4525 = CARTESIAN_POINT('',(308.9114155,-220.,1.7763568394E-15));
#4526 = DIRECTION('',(2.22044604925E-16,-0.,1.));
#4527 = DIRECTION('',(1.,0.,-2.22044604925E-16));
#4528 = PLANE('',#4529);
#4529 = AXIS2_PLACEMENT_3D('',#4530,#4531,#4532);
#4530 = CARTESIAN_POINT('',(330.3628615,-220.,-3.552713678801E-15));
#4531 = DIRECTION('',(2.22044604925E-16,0.,1.));
#4532 = DIRECTION('',(-1.,0.,2.22044604925E-16));
#4533 = SHELL_BASED_SURFACE_MODEL('',(#4534));
#4534 = OPEN_SHELL('',(#4535));
#4535 = ADVANCED_FACE('',(#4536),#4843,.T.);
#4536 = FACE_BOUND('',#4537,.T.);
#4537 = EDGE_LOOP('',(#4538,#4548,#4556,#4564,#4572,#4580,#4588,#4596,
    #4604,#4612,#4620,#4628,#4636,#4644,#4652,#4660,#4668,#4676,#4684,
    #4692,#4700,#4708,#4716,#4724,#4732,#4740,#4748,#4756,#4764,#4772,
    #4780,#4788,#4796,#4804,#4812,#4820,#4828,#4836));
#4538 = ORIENTED_EDGE('',*,*,#4539,.F.);
#4539 = EDGE_CURVE('',#4540,#4542,#4544,.T.);
#4540 = VERTEX_POINT('',#4541);
#4541 = CARTESIAN_POINT('',(397.34625190625,-245.,5.329070518201E-15));
#4542 = VERTEX_POINT('',#4543);
#4543 = CARTESIAN_POINT('',(397.34625190625,-232.4843652221,
    5.329070518201E-15));
#4544 = LINE('',#4545,#4546);
#4545 = CARTESIAN_POINT('',(397.34625190625,-220.,5.329070518201E-15));
#4546 = VECTOR('',#4547,1.);
#4547 = DIRECTION('',(0.,1.,0.));
#4548 = ORIENTED_EDGE('',*,*,#4549,.T.);
#4549 = EDGE_CURVE('',#4540,#4550,#4552,.T.);
#4550 = VERTEX_POINT('',#4551);
#4551 = CARTESIAN_POINT('',(447.34625190625,-245.,-5.329070518201E-15));
#4552 = LINE('',#4553,#4554);
#4553 = CARTESIAN_POINT('',(422.34625190625,-245.,0.));
#4554 = VECTOR('',#4555,1.);
#4555 = DIRECTION('',(1.,0.,-2.22044604925E-16));
#4556 = ORIENTED_EDGE('',*,*,#4557,.T.);
#4557 = EDGE_CURVE('',#4550,#4558,#4560,.T.);
#4558 = VERTEX_POINT('',#4559);
#4559 = CARTESIAN_POINT('',(447.34625190625,-242.875,-5.329070518201E-15
    ));
#4560 = LINE('',#4561,#4562);
#4561 = CARTESIAN_POINT('',(447.34625190625,-232.5,-5.329070518201E-15)
  );
#4562 = VECTOR('',#4563,1.);
#4563 = DIRECTION('',(0.,1.,0.));
#4564 = ORIENTED_EDGE('',*,*,#4565,.T.);
#4565 = EDGE_CURVE('',#4558,#4566,#4568,.T.);
#4566 = VERTEX_POINT('',#4567);
#4567 = CARTESIAN_POINT('',(422.34625190625,-242.875,0.));
#4568 = LINE('',#4569,#4570);
#4569 = CARTESIAN_POINT('',(434.84625190625,-242.875,-3.552713678801E-15
    ));
#4570 = VECTOR('',#4571,1.);
#4571 = DIRECTION('',(-1.,0.,2.22044604925E-16));
#4572 = ORIENTED_EDGE('',*,*,#4573,.F.);
#4573 = EDGE_CURVE('',#4574,#4566,#4576,.T.);
#4574 = VERTEX_POINT('',#4575);
#4575 = CARTESIAN_POINT('',(422.34625190625,-240.875,0.));
#4576 = LINE('',#4577,#4578);
#4577 = CARTESIAN_POINT('',(422.34625190625,-231.4375,0.));
#4578 = VECTOR('',#4579,1.);
#4579 = DIRECTION('',(0.,-1.,0.));
#4580 = ORIENTED_EDGE('',*,*,#4581,.F.);
#4581 = EDGE_CURVE('',#4582,#4574,#4584,.T.);
#4582 = VERTEX_POINT('',#4583);
#4583 = CARTESIAN_POINT('',(447.34625190625,-240.875,-5.329070518201E-15
    ));
#4584 = LINE('',#4585,#4586);
#4585 = CARTESIAN_POINT('',(434.84625190625,-240.875,-3.552713678801E-15
    ));
#4586 = VECTOR('',#4587,1.);
#4587 = DIRECTION('',(-1.,0.,2.22044604925E-16));
#4588 = ORIENTED_EDGE('',*,*,#4589,.T.);
#4589 = EDGE_CURVE('',#4582,#4590,#4592,.T.);
#4590 = VERTEX_POINT('',#4591);
#4591 = CARTESIAN_POINT('',(447.34625190625,-236.625,-5.329070518201E-15
    ));
#4592 = LINE('',#4593,#4594);
#4593 = CARTESIAN_POINT('',(447.34625190625,-232.5,-5.329070518201E-15)
  );
#4594 = VECTOR('',#4595,1.);
#4595 = DIRECTION('',(0.,1.,0.));
#4596 = ORIENTED_EDGE('',*,*,#4597,.T.);
#4597 = EDGE_CURVE('',#4590,#4598,#4600,.T.);
#4598 = VERTEX_POINT('',#4599);
#4599 = CARTESIAN_POINT('',(422.34625190625,-236.625,0.));
#4600 = LINE('',#4601,#4602);
#4601 = CARTESIAN_POINT('',(434.84625190625,-236.625,-3.552713678801E-15
    ));
#4602 = VECTOR('',#4603,1.);
#4603 = DIRECTION('',(-1.,0.,2.22044604925E-16));
#4604 = ORIENTED_EDGE('',*,*,#4605,.F.);
#4605 = EDGE_CURVE('',#4606,#4598,#4608,.T.);
#4606 = VERTEX_POINT('',#4607);
#4607 = CARTESIAN_POINT('',(422.34625190625,-234.625,0.));
#4608 = LINE('',#4609,#4610);
#4609 = CARTESIAN_POINT('',(422.34625190625,-228.3125,0.));
#4610 = VECTOR('',#4611,1.);
#4611 = DIRECTION('',(0.,-1.,0.));
#4612 = ORIENTED_EDGE('',*,*,#4613,.F.);
#4613 = EDGE_CURVE('',#4614,#4606,#4616,.T.);
#4614 = VERTEX_POINT('',#4615);
#4615 = CARTESIAN_POINT('',(447.34625190625,-234.625,-5.329070518201E-15
    ));
#4616 = LINE('',#4617,#4618);
#4617 = CARTESIAN_POINT('',(434.84625190625,-234.625,-3.552713678801E-15
    ));
#4618 = VECTOR('',#4619,1.);
#4619 = DIRECTION('',(-1.,0.,2.22044604925E-16));
#4620 = ORIENTED_EDGE('',*,*,#4621,.T.);
#4621 = EDGE_CURVE('',#4614,#4622,#4624,.T.);
#4622 = VERTEX_POINT('',#4623);
#4623 = CARTESIAN_POINT('',(447.34625190625,-230.375,-5.329070518201E-15
    ));
#4624 = LINE('',#4625,#4626);
#4625 = CARTESIAN_POINT('',(447.34625190625,-232.5,-5.329070518201E-15)
  );
#4626 = VECTOR('',#4627,1.);
#4627 = DIRECTION('',(0.,1.,0.));
#4628 = ORIENTED_EDGE('',*,*,#4629,.T.);
#4629 = EDGE_CURVE('',#4622,#4630,#4632,.T.);
#4630 = VERTEX_POINT('',#4631);
#4631 = CARTESIAN_POINT('',(422.34625190625,-230.375,0.));
#4632 = LINE('',#4633,#4634);
#4633 = CARTESIAN_POINT('',(434.84625190625,-230.375,-3.552713678801E-15
    ));
#4634 = VECTOR('',#4635,1.);
#4635 = DIRECTION('',(-1.,0.,2.22044604925E-16));
#4636 = ORIENTED_EDGE('',*,*,#4637,.F.);
#4637 = EDGE_CURVE('',#4638,#4630,#4640,.T.);
#4638 = VERTEX_POINT('',#4639);
#4639 = CARTESIAN_POINT('',(422.34625190625,-228.375,0.));
#4640 = LINE('',#4641,#4642);
#4641 = CARTESIAN_POINT('',(422.34625190625,-225.1875,0.));
#4642 = VECTOR('',#4643,1.);
#4643 = DIRECTION('',(0.,-1.,0.));
#4644 = ORIENTED_EDGE('',*,*,#4645,.F.);
#4645 = EDGE_CURVE('',#4646,#4638,#4648,.T.);
#4646 = VERTEX_POINT('',#4647);
#4647 = CARTESIAN_POINT('',(447.34625190625,-228.375,-5.329070518201E-15
    ));
#4648 = LINE('',#4649,#4650);
#4649 = CARTESIAN_POINT('',(434.84625190625,-228.375,-3.552713678801E-15
    ));
#4650 = VECTOR('',#4651,1.);
#4651 = DIRECTION('',(-1.,0.,2.22044604925E-16));
#4652 = ORIENTED_EDGE('',*,*,#4653,.T.);
#4653 = EDGE_CURVE('',#4646,#4654,#4656,.T.);
#4654 = VERTEX_POINT('',#4655);
#4655 = CARTESIAN_POINT('',(447.34625190625,-224.125,-5.329070518201E-15
    ));
#4656 = LINE('',#4657,#4658);
#4657 = CARTESIAN_POINT('',(447.34625190625,-232.5,-5.329070518201E-15)
  );
#4658 = VECTOR('',#4659,1.);
#4659 = DIRECTION('',(0.,1.,0.));
#4660 = ORIENTED_EDGE('',*,*,#4661,.T.);
#4661 = EDGE_CURVE('',#4654,#4662,#4664,.T.);
#4662 = VERTEX_POINT('',#4663);
#4663 = CARTESIAN_POINT('',(422.34625190625,-224.125,0.));
#4664 = LINE('',#4665,#4666);
#4665 = CARTESIAN_POINT('',(434.84625190625,-224.125,-3.552713678801E-15
    ));
#4666 = VECTOR('',#4667,1.);
#4667 = DIRECTION('',(-1.,0.,2.22044604925E-16));
#4668 = ORIENTED_EDGE('',*,*,#4669,.F.);
#4669 = EDGE_CURVE('',#4670,#4662,#4672,.T.);
#4670 = VERTEX_POINT('',#4671);
#4671 = CARTESIAN_POINT('',(422.34625190625,-222.125,0.));
#4672 = LINE('',#4673,#4674);
#4673 = CARTESIAN_POINT('',(422.34625190625,-222.0625,0.));
#4674 = VECTOR('',#4675,1.);
#4675 = DIRECTION('',(0.,-1.,0.));
#4676 = ORIENTED_EDGE('',*,*,#4677,.F.);
#4677 = EDGE_CURVE('',#4678,#4670,#4680,.T.);
#4678 = VERTEX_POINT('',#4679);
#4679 = CARTESIAN_POINT('',(447.34625190625,-222.125,-5.329070518201E-15
    ));
#4680 = LINE('',#4681,#4682);
#4681 = CARTESIAN_POINT('',(434.84625190625,-222.125,-3.552713678801E-15
    ));
#4682 = VECTOR('',#4683,1.);
#4683 = DIRECTION('',(-1.,0.,2.22044604925E-16));
#4684 = ORIENTED_EDGE('',*,*,#4685,.T.);
#4685 = EDGE_CURVE('',#4678,#4686,#4688,.T.);
#4686 = VERTEX_POINT('',#4687);
#4687 = CARTESIAN_POINT('',(447.34625190625,-217.875,-5.329070518201E-15
    ));
#4688 = LINE('',#4689,#4690);
#4689 = CARTESIAN_POINT('',(447.34625190625,-232.5,-5.329070518201E-15)
  );
#4690 = VECTOR('',#4691,1.);
#4691 = DIRECTION('',(0.,1.,0.));
#4692 = ORIENTED_EDGE('',*,*,#4693,.T.);
#4693 = EDGE_CURVE('',#4686,#4694,#4696,.T.);
#4694 = VERTEX_POINT('',#4695);
#4695 = CARTESIAN_POINT('',(422.34625190625,-217.875,0.));
#4696 = LINE('',#4697,#4698);
#4697 = CARTESIAN_POINT('',(434.84625190625,-217.875,-3.552713678801E-15
    ));
#4698 = VECTOR('',#4699,1.);
#4699 = DIRECTION('',(-1.,0.,2.22044604925E-16));
#4700 = ORIENTED_EDGE('',*,*,#4701,.F.);
#4701 = EDGE_CURVE('',#4702,#4694,#4704,.T.);
#4702 = VERTEX_POINT('',#4703);
#4703 = CARTESIAN_POINT('',(422.34625190625,-215.875,0.));
#4704 = LINE('',#4705,#4706);
#4705 = CARTESIAN_POINT('',(422.34625190625,-218.9375,0.));
#4706 = VECTOR('',#4707,1.);
#4707 = DIRECTION('',(0.,-1.,0.));
#4708 = ORIENTED_EDGE('',*,*,#4709,.F.);
#4709 = EDGE_CURVE('',#4710,#4702,#4712,.T.);
#4710 = VERTEX_POINT('',#4711);
#4711 = CARTESIAN_POINT('',(447.34625190625,-215.875,-5.329070518201E-15
    ));
#4712 = LINE('',#4713,#4714);
#4713 = CARTESIAN_POINT('',(434.84625190625,-215.875,-3.552713678801E-15
    ));
#4714 = VECTOR('',#4715,1.);
#4715 = DIRECTION('',(-1.,0.,2.22044604925E-16));
#4716 = ORIENTED_EDGE('',*,*,#4717,.T.);
#4717 = EDGE_CURVE('',#4710,#4718,#4720,.T.);
#4718 = VERTEX_POINT('',#4719);
#4719 = CARTESIAN_POINT('',(447.34625190625,-211.625,-5.329070518201E-15
    ));
#4720 = LINE('',#4721,#4722);
#4721 = CARTESIAN_POINT('',(447.34625190625,-232.5,-5.329070518201E-15)
  );
#4722 = VECTOR('',#4723,1.);
#4723 = DIRECTION('',(0.,1.,0.));
#4724 = ORIENTED_EDGE('',*,*,#4725,.T.);
#4725 = EDGE_CURVE('',#4718,#4726,#4728,.T.);
#4726 = VERTEX_POINT('',#4727);
#4727 = CARTESIAN_POINT('',(422.34625190625,-211.625,0.));
#4728 = LINE('',#4729,#4730);
#4729 = CARTESIAN_POINT('',(434.84625190625,-211.625,-3.552713678801E-15
    ));
#4730 = VECTOR('',#4731,1.);
#4731 = DIRECTION('',(-1.,0.,2.22044604925E-16));
#4732 = ORIENTED_EDGE('',*,*,#4733,.F.);
#4733 = EDGE_CURVE('',#4734,#4726,#4736,.T.);
#4734 = VERTEX_POINT('',#4735);
#4735 = CARTESIAN_POINT('',(422.34625190625,-209.625,0.));
#4736 = LINE('',#4737,#4738);
#4737 = CARTESIAN_POINT('',(422.34625190625,-215.8125,0.));
#4738 = VECTOR('',#4739,1.);
#4739 = DIRECTION('',(0.,-1.,0.));
#4740 = ORIENTED_EDGE('',*,*,#4741,.F.);
#4741 = EDGE_CURVE('',#4742,#4734,#4744,.T.);
#4742 = VERTEX_POINT('',#4743);
#4743 = CARTESIAN_POINT('',(447.34625190625,-209.625,-5.329070518201E-15
    ));
#4744 = LINE('',#4745,#4746);
#4745 = CARTESIAN_POINT('',(434.84625190625,-209.625,-3.552713678801E-15
    ));
#4746 = VECTOR('',#4747,1.);
#4747 = DIRECTION('',(-1.,0.,2.22044604925E-16));
#4748 = ORIENTED_EDGE('',*,*,#4749,.T.);
#4749 = EDGE_CURVE('',#4742,#4750,#4752,.T.);
#4750 = VERTEX_POINT('',#4751);
#4751 = CARTESIAN_POINT('',(447.34625190625,-205.375,-5.329070518201E-15
    ));
#4752 = LINE('',#4753,#4754);
#4753 = CARTESIAN_POINT('',(447.34625190625,-232.5,-5.329070518201E-15)
  );
#4754 = VECTOR('',#4755,1.);
#4755 = DIRECTION('',(0.,1.,0.));
#4756 = ORIENTED_EDGE('',*,*,#4757,.T.);
#4757 = EDGE_CURVE('',#4750,#4758,#4760,.T.);
#4758 = VERTEX_POINT('',#4759);
#4759 = CARTESIAN_POINT('',(422.34625190625,-205.375,0.));
#4760 = LINE('',#4761,#4762);
#4761 = CARTESIAN_POINT('',(434.84625190625,-205.375,-3.552713678801E-15
    ));
#4762 = VECTOR('',#4763,1.);
#4763 = DIRECTION('',(-1.,0.,2.22044604925E-16));
#4764 = ORIENTED_EDGE('',*,*,#4765,.F.);
#4765 = EDGE_CURVE('',#4766,#4758,#4768,.T.);
#4766 = VERTEX_POINT('',#4767);
#4767 = CARTESIAN_POINT('',(422.34625190625,-203.375,0.));
#4768 = LINE('',#4769,#4770);
#4769 = CARTESIAN_POINT('',(422.34625190625,-212.6875,0.));
#4770 = VECTOR('',#4771,1.);
#4771 = DIRECTION('',(0.,-1.,0.));
#4772 = ORIENTED_EDGE('',*,*,#4773,.F.);
#4773 = EDGE_CURVE('',#4774,#4766,#4776,.T.);
#4774 = VERTEX_POINT('',#4775);
#4775 = CARTESIAN_POINT('',(447.34625190625,-203.375,-5.329070518201E-15
    ));
#4776 = LINE('',#4777,#4778);
#4777 = CARTESIAN_POINT('',(434.84625190625,-203.375,-3.552713678801E-15
    ));
#4778 = VECTOR('',#4779,1.);
#4779 = DIRECTION('',(-1.,0.,2.22044604925E-16));
#4780 = ORIENTED_EDGE('',*,*,#4781,.T.);
#4781 = EDGE_CURVE('',#4774,#4782,#4784,.T.);
#4782 = VERTEX_POINT('',#4783);
#4783 = CARTESIAN_POINT('',(447.34625190625,-199.125,-5.329070518201E-15
    ));
#4784 = LINE('',#4785,#4786);
#4785 = CARTESIAN_POINT('',(447.34625190625,-232.5,-5.329070518201E-15)
  );
#4786 = VECTOR('',#4787,1.);
#4787 = DIRECTION('',(0.,1.,0.));
#4788 = ORIENTED_EDGE('',*,*,#4789,.T.);
#4789 = EDGE_CURVE('',#4782,#4790,#4792,.T.);
#4790 = VERTEX_POINT('',#4791);
#4791 = CARTESIAN_POINT('',(422.34625190625,-199.125,0.));
#4792 = LINE('',#4793,#4794);
#4793 = CARTESIAN_POINT('',(434.84625190625,-199.125,-3.552713678801E-15
    ));
#4794 = VECTOR('',#4795,1.);
#4795 = DIRECTION('',(-1.,0.,2.22044604925E-16));
#4796 = ORIENTED_EDGE('',*,*,#4797,.F.);
#4797 = EDGE_CURVE('',#4798,#4790,#4800,.T.);
#4798 = VERTEX_POINT('',#4799);
#4799 = CARTESIAN_POINT('',(422.34625190625,-197.125,0.));
#4800 = LINE('',#4801,#4802);
#4801 = CARTESIAN_POINT('',(422.34625190625,-209.5625,0.));
#4802 = VECTOR('',#4803,1.);
#4803 = DIRECTION('',(0.,-1.,0.));
#4804 = ORIENTED_EDGE('',*,*,#4805,.F.);
#4805 = EDGE_CURVE('',#4806,#4798,#4808,.T.);
#4806 = VERTEX_POINT('',#4807);
#4807 = CARTESIAN_POINT('',(447.34625190625,-197.125,-5.329070518201E-15
    ));
#4808 = LINE('',#4809,#4810);
#4809 = CARTESIAN_POINT('',(434.84625190625,-197.125,-3.552713678801E-15
    ));
#4810 = VECTOR('',#4811,1.);
#4811 = DIRECTION('',(-1.,0.,2.22044604925E-16));
#4812 = ORIENTED_EDGE('',*,*,#4813,.T.);
#4813 = EDGE_CURVE('',#4806,#4814,#4816,.T.);
#4814 = VERTEX_POINT('',#4815);
#4815 = CARTESIAN_POINT('',(447.34625190625,-195.,-5.329070518201E-15));
#4816 = LINE('',#4817,#4818);
#4817 = CARTESIAN_POINT('',(447.34625190625,-232.5,-5.329070518201E-15)
  );
#4818 = VECTOR('',#4819,1.);
#4819 = DIRECTION('',(0.,1.,0.));
#4820 = ORIENTED_EDGE('',*,*,#4821,.F.);
#4821 = EDGE_CURVE('',#4822,#4814,#4824,.T.);
#4822 = VERTEX_POINT('',#4823);
#4823 = CARTESIAN_POINT('',(397.34625190625,-195.,5.329070518201E-15));
#4824 = LINE('',#4825,#4826);
#4825 = CARTESIAN_POINT('',(422.34625190625,-195.,0.));
#4826 = VECTOR('',#4827,1.);
#4827 = DIRECTION('',(1.,0.,-2.22044604925E-16));
#4828 = ORIENTED_EDGE('',*,*,#4829,.F.);
#4829 = EDGE_CURVE('',#4830,#4822,#4832,.T.);
#4830 = VERTEX_POINT('',#4831);
#4831 = CARTESIAN_POINT('',(397.34625190625,-207.5156347778,
    7.105427357601E-15));
#4832 = LINE('',#4833,#4834);
#4833 = CARTESIAN_POINT('',(397.34625190625,-220.,5.329070518201E-15));
#4834 = VECTOR('',#4835,1.);
#4835 = DIRECTION('',(0.,1.,0.));
#4836 = ORIENTED_EDGE('',*,*,#4837,.F.);
#4837 = EDGE_CURVE('',#4542,#4830,#4838,.T.);
#4838 = HYPERBOLA('',#4839,16.7589421875,15.625);
#4839 = AXIS2_PLACEMENT_3D('',#4840,#4841,#4842);
#4840 = CARTESIAN_POINT('',(375.89480590625,-220.,1.06581410364E-14));
#4841 = DIRECTION('',(2.22044604925E-16,-0.,1.));
#4842 = DIRECTION('',(1.,0.,-2.22044604925E-16));
#4843 = PLANE('',#4844);
#4844 = AXIS2_PLACEMENT_3D('',#4845,#4846,#4847);
#4845 = CARTESIAN_POINT('',(397.34625190625,-220.,5.329070518201E-15));
#4846 = DIRECTION('',(2.22044604925E-16,0.,1.));
#4847 = DIRECTION('',(-1.,0.,2.22044604925E-16));
#4848 = SHELL_BASED_SURFACE_MODEL('',(#4849));
#4849 = OPEN_SHELL('',(#4850));
#4850 = ADVANCED_FACE('',(#4851),#5141,.T.);
#4851 = FACE_BOUND('',#4852,.T.);
#4852 = EDGE_LOOP('',(#4853,#4863,#4871,#4879,#4887,#4895,#4903,#4911,
    #4919,#4927,#4935,#4943,#4951,#4959,#4967,#4975,#4983,#4991,#4999,
    #5007,#5015,#5023,#5031,#5039,#5047,#5055,#5063,#5071,#5079,#5087,
    #5095,#5103,#5111,#5119,#5127,#5135));
#4853 = ORIENTED_EDGE('',*,*,#4854,.F.);
#4854 = EDGE_CURVE('',#4855,#4857,#4859,.T.);
#4855 = VERTEX_POINT('',#4856);
#4856 = CARTESIAN_POINT('',(465.,-245.,7.105427357601E-15));
#4857 = VERTEX_POINT('',#4858);
#4858 = CARTESIAN_POINT('',(465.,-195.,7.105427357601E-15));
#4859 = LINE('',#4860,#4861);
#4860 = CARTESIAN_POINT('',(465.,-220.,7.105427357601E-15));
#4861 = VECTOR('',#4862,1.);
#4862 = DIRECTION('',(0.,1.,0.));
#4863 = ORIENTED_EDGE('',*,*,#4864,.T.);
#4864 = EDGE_CURVE('',#4855,#4865,#4867,.T.);
#4865 = VERTEX_POINT('',#4866);
#4866 = CARTESIAN_POINT('',(515.,-245.,-3.552713678801E-15));
#4867 = LINE('',#4868,#4869);
#4868 = CARTESIAN_POINT('',(490.,-245.,0.));
#4869 = VECTOR('',#4870,1.);
#4870 = DIRECTION('',(1.,0.,-2.22044604925E-16));
#4871 = ORIENTED_EDGE('',*,*,#4872,.T.);
#4872 = EDGE_CURVE('',#4865,#4873,#4875,.T.);
#4873 = VERTEX_POINT('',#4874);
#4874 = CARTESIAN_POINT('',(515.,-242.875,-3.552713678801E-15));
#4875 = LINE('',#4876,#4877);
#4876 = CARTESIAN_POINT('',(515.,-232.5,-3.552713678801E-15));
#4877 = VECTOR('',#4878,1.);
#4878 = DIRECTION('',(0.,1.,0.));
#4879 = ORIENTED_EDGE('',*,*,#4880,.T.);
#4880 = EDGE_CURVE('',#4873,#4881,#4883,.T.);
#4881 = VERTEX_POINT('',#4882);
#4882 = CARTESIAN_POINT('',(490.,-242.875,0.));
#4883 = LINE('',#4884,#4885);
#4884 = CARTESIAN_POINT('',(502.5,-242.875,0.));
#4885 = VECTOR('',#4886,1.);
#4886 = DIRECTION('',(-1.,0.,2.22044604925E-16));
#4887 = ORIENTED_EDGE('',*,*,#4888,.F.);
#4888 = EDGE_CURVE('',#4889,#4881,#4891,.T.);
#4889 = VERTEX_POINT('',#4890);
#4890 = CARTESIAN_POINT('',(490.,-240.875,0.));
#4891 = LINE('',#4892,#4893);
#4892 = CARTESIAN_POINT('',(490.,-231.4375,0.));
#4893 = VECTOR('',#4894,1.);
#4894 = DIRECTION('',(0.,-1.,0.));
#4895 = ORIENTED_EDGE('',*,*,#4896,.F.);
#4896 = EDGE_CURVE('',#4897,#4889,#4899,.T.);
#4897 = VERTEX_POINT('',#4898);
#4898 = CARTESIAN_POINT('',(515.,-240.875,-3.552713678801E-15));
#4899 = LINE('',#4900,#4901);
#4900 = CARTESIAN_POINT('',(502.5,-240.875,0.));
#4901 = VECTOR('',#4902,1.);
#4902 = DIRECTION('',(-1.,0.,2.22044604925E-16));
#4903 = ORIENTED_EDGE('',*,*,#4904,.T.);
#4904 = EDGE_CURVE('',#4897,#4905,#4907,.T.);
#4905 = VERTEX_POINT('',#4906);
#4906 = CARTESIAN_POINT('',(515.,-236.625,-3.552713678801E-15));
#4907 = LINE('',#4908,#4909);
#4908 = CARTESIAN_POINT('',(515.,-232.5,-3.552713678801E-15));
#4909 = VECTOR('',#4910,1.);
#4910 = DIRECTION('',(0.,1.,0.));
#4911 = ORIENTED_EDGE('',*,*,#4912,.T.);
#4912 = EDGE_CURVE('',#4905,#4913,#4915,.T.);
#4913 = VERTEX_POINT('',#4914);
#4914 = CARTESIAN_POINT('',(490.,-236.625,0.));
#4915 = LINE('',#4916,#4917);
#4916 = CARTESIAN_POINT('',(502.5,-236.625,0.));
#4917 = VECTOR('',#4918,1.);
#4918 = DIRECTION('',(-1.,0.,2.22044604925E-16));
#4919 = ORIENTED_EDGE('',*,*,#4920,.F.);
#4920 = EDGE_CURVE('',#4921,#4913,#4923,.T.);
#4921 = VERTEX_POINT('',#4922);
#4922 = CARTESIAN_POINT('',(490.,-234.625,0.));
#4923 = LINE('',#4924,#4925);
#4924 = CARTESIAN_POINT('',(490.,-228.3125,0.));
#4925 = VECTOR('',#4926,1.);
#4926 = DIRECTION('',(0.,-1.,0.));
#4927 = ORIENTED_EDGE('',*,*,#4928,.F.);
#4928 = EDGE_CURVE('',#4929,#4921,#4931,.T.);
#4929 = VERTEX_POINT('',#4930);
#4930 = CARTESIAN_POINT('',(515.,-234.625,-3.552713678801E-15));
#4931 = LINE('',#4932,#4933);
#4932 = CARTESIAN_POINT('',(502.5,-234.625,0.));
#4933 = VECTOR('',#4934,1.);
#4934 = DIRECTION('',(-1.,0.,2.22044604925E-16));
#4935 = ORIENTED_EDGE('',*,*,#4936,.T.);
#4936 = EDGE_CURVE('',#4929,#4937,#4939,.T.);
#4937 = VERTEX_POINT('',#4938);
#4938 = CARTESIAN_POINT('',(515.,-230.375,-3.552713678801E-15));
#4939 = LINE('',#4940,#4941);
#4940 = CARTESIAN_POINT('',(515.,-232.5,-3.552713678801E-15));
#4941 = VECTOR('',#4942,1.);
#4942 = DIRECTION('',(0.,1.,0.));
#4943 = ORIENTED_EDGE('',*,*,#4944,.T.);
#4944 = EDGE_CURVE('',#4937,#4945,#4947,.T.);
#4945 = VERTEX_POINT('',#4946);
#4946 = CARTESIAN_POINT('',(490.,-230.375,0.));
#4947 = LINE('',#4948,#4949);
#4948 = CARTESIAN_POINT('',(502.5,-230.375,0.));
#4949 = VECTOR('',#4950,1.);
#4950 = DIRECTION('',(-1.,0.,2.22044604925E-16));
#4951 = ORIENTED_EDGE('',*,*,#4952,.F.);
#4952 = EDGE_CURVE('',#4953,#4945,#4955,.T.);
#4953 = VERTEX_POINT('',#4954);
#4954 = CARTESIAN_POINT('',(490.,-228.375,0.));
#4955 = LINE('',#4956,#4957);
#4956 = CARTESIAN_POINT('',(490.,-225.1875,0.));
#4957 = VECTOR('',#4958,1.);
#4958 = DIRECTION('',(0.,-1.,0.));
#4959 = ORIENTED_EDGE('',*,*,#4960,.F.);
#4960 = EDGE_CURVE('',#4961,#4953,#4963,.T.);
#4961 = VERTEX_POINT('',#4962);
#4962 = CARTESIAN_POINT('',(515.,-228.375,-3.552713678801E-15));
#4963 = LINE('',#4964,#4965);
#4964 = CARTESIAN_POINT('',(502.5,-228.375,0.));
#4965 = VECTOR('',#4966,1.);
#4966 = DIRECTION('',(-1.,0.,2.22044604925E-16));
#4967 = ORIENTED_EDGE('',*,*,#4968,.T.);
#4968 = EDGE_CURVE('',#4961,#4969,#4971,.T.);
#4969 = VERTEX_POINT('',#4970);
#4970 = CARTESIAN_POINT('',(515.,-224.125,-3.552713678801E-15));
#4971 = LINE('',#4972,#4973);
#4972 = CARTESIAN_POINT('',(515.,-232.5,-3.552713678801E-15));
#4973 = VECTOR('',#4974,1.);
#4974 = DIRECTION('',(0.,1.,0.));
#4975 = ORIENTED_EDGE('',*,*,#4976,.T.);
#4976 = EDGE_CURVE('',#4969,#4977,#4979,.T.);
#4977 = VERTEX_POINT('',#4978);
#4978 = CARTESIAN_POINT('',(490.,-224.125,0.));
#4979 = LINE('',#4980,#4981);
#4980 = CARTESIAN_POINT('',(502.5,-224.125,0.));
#4981 = VECTOR('',#4982,1.);
#4982 = DIRECTION('',(-1.,0.,2.22044604925E-16));
#4983 = ORIENTED_EDGE('',*,*,#4984,.F.);
#4984 = EDGE_CURVE('',#4985,#4977,#4987,.T.);
#4985 = VERTEX_POINT('',#4986);
#4986 = CARTESIAN_POINT('',(490.,-222.125,0.));
#4987 = LINE('',#4988,#4989);
#4988 = CARTESIAN_POINT('',(490.,-222.0625,0.));
#4989 = VECTOR('',#4990,1.);
#4990 = DIRECTION('',(0.,-1.,0.));
#4991 = ORIENTED_EDGE('',*,*,#4992,.F.);
#4992 = EDGE_CURVE('',#4993,#4985,#4995,.T.);
#4993 = VERTEX_POINT('',#4994);
#4994 = CARTESIAN_POINT('',(515.,-222.125,-3.552713678801E-15));
#4995 = LINE('',#4996,#4997);
#4996 = CARTESIAN_POINT('',(502.5,-222.125,0.));
#4997 = VECTOR('',#4998,1.);
#4998 = DIRECTION('',(-1.,0.,2.22044604925E-16));
#4999 = ORIENTED_EDGE('',*,*,#5000,.T.);
#5000 = EDGE_CURVE('',#4993,#5001,#5003,.T.);
#5001 = VERTEX_POINT('',#5002);
#5002 = CARTESIAN_POINT('',(515.,-217.875,-3.552713678801E-15));
#5003 = LINE('',#5004,#5005);
#5004 = CARTESIAN_POINT('',(515.,-232.5,-3.552713678801E-15));
#5005 = VECTOR('',#5006,1.);
#5006 = DIRECTION('',(0.,1.,0.));
#5007 = ORIENTED_EDGE('',*,*,#5008,.T.);
#5008 = EDGE_CURVE('',#5001,#5009,#5011,.T.);
#5009 = VERTEX_POINT('',#5010);
#5010 = CARTESIAN_POINT('',(490.,-217.875,0.));
#5011 = LINE('',#5012,#5013);
#5012 = CARTESIAN_POINT('',(502.5,-217.875,0.));
#5013 = VECTOR('',#5014,1.);
#5014 = DIRECTION('',(-1.,0.,2.22044604925E-16));
#5015 = ORIENTED_EDGE('',*,*,#5016,.F.);
#5016 = EDGE_CURVE('',#5017,#5009,#5019,.T.);
#5017 = VERTEX_POINT('',#5018);
#5018 = CARTESIAN_POINT('',(490.,-215.875,0.));
#5019 = LINE('',#5020,#5021);
#5020 = CARTESIAN_POINT('',(490.,-218.9375,0.));
#5021 = VECTOR('',#5022,1.);
#5022 = DIRECTION('',(0.,-1.,0.));
#5023 = ORIENTED_EDGE('',*,*,#5024,.F.);
#5024 = EDGE_CURVE('',#5025,#5017,#5027,.T.);
#5025 = VERTEX_POINT('',#5026);
#5026 = CARTESIAN_POINT('',(515.,-215.875,-3.552713678801E-15));
#5027 = LINE('',#5028,#5029);
#5028 = CARTESIAN_POINT('',(502.5,-215.875,0.));
#5029 = VECTOR('',#5030,1.);
#5030 = DIRECTION('',(-1.,0.,2.22044604925E-16));
#5031 = ORIENTED_EDGE('',*,*,#5032,.T.);
#5032 = EDGE_CURVE('',#5025,#5033,#5035,.T.);
#5033 = VERTEX_POINT('',#5034);
#5034 = CARTESIAN_POINT('',(515.,-211.625,-3.552713678801E-15));
#5035 = LINE('',#5036,#5037);
#5036 = CARTESIAN_POINT('',(515.,-232.5,-3.552713678801E-15));
#5037 = VECTOR('',#5038,1.);
#5038 = DIRECTION('',(0.,1.,0.));
#5039 = ORIENTED_EDGE('',*,*,#5040,.T.);
#5040 = EDGE_CURVE('',#5033,#5041,#5043,.T.);
#5041 = VERTEX_POINT('',#5042);
#5042 = CARTESIAN_POINT('',(490.,-211.625,0.));
#5043 = LINE('',#5044,#5045);
#5044 = CARTESIAN_POINT('',(502.5,-211.625,0.));
#5045 = VECTOR('',#5046,1.);
#5046 = DIRECTION('',(-1.,0.,2.22044604925E-16));
#5047 = ORIENTED_EDGE('',*,*,#5048,.F.);
#5048 = EDGE_CURVE('',#5049,#5041,#5051,.T.);
#5049 = VERTEX_POINT('',#5050);
#5050 = CARTESIAN_POINT('',(490.,-209.625,0.));
#5051 = LINE('',#5052,#5053);
#5052 = CARTESIAN_POINT('',(490.,-215.8125,0.));
#5053 = VECTOR('',#5054,1.);
#5054 = DIRECTION('',(0.,-1.,0.));
#5055 = ORIENTED_EDGE('',*,*,#5056,.F.);
#5056 = EDGE_CURVE('',#5057,#5049,#5059,.T.);
#5057 = VERTEX_POINT('',#5058);
#5058 = CARTESIAN_POINT('',(515.,-209.625,-3.552713678801E-15));
#5059 = LINE('',#5060,#5061);
#5060 = CARTESIAN_POINT('',(502.5,-209.625,0.));
#5061 = VECTOR('',#5062,1.);
#5062 = DIRECTION('',(-1.,0.,2.22044604925E-16));
#5063 = ORIENTED_EDGE('',*,*,#5064,.T.);
#5064 = EDGE_CURVE('',#5057,#5065,#5067,.T.);
#5065 = VERTEX_POINT('',#5066);
#5066 = CARTESIAN_POINT('',(515.,-205.375,-3.552713678801E-15));
#5067 = LINE('',#5068,#5069);
#5068 = CARTESIAN_POINT('',(515.,-232.5,-3.552713678801E-15));
#5069 = VECTOR('',#5070,1.);
#5070 = DIRECTION('',(0.,1.,0.));
#5071 = ORIENTED_EDGE('',*,*,#5072,.T.);
#5072 = EDGE_CURVE('',#5065,#5073,#5075,.T.);
#5073 = VERTEX_POINT('',#5074);
#5074 = CARTESIAN_POINT('',(490.,-205.375,0.));
#5075 = LINE('',#5076,#5077);
#5076 = CARTESIAN_POINT('',(502.5,-205.375,0.));
#5077 = VECTOR('',#5078,1.);
#5078 = DIRECTION('',(-1.,0.,2.22044604925E-16));
#5079 = ORIENTED_EDGE('',*,*,#5080,.F.);
#5080 = EDGE_CURVE('',#5081,#5073,#5083,.T.);
#5081 = VERTEX_POINT('',#5082);
#5082 = CARTESIAN_POINT('',(490.,-203.375,0.));
#5083 = LINE('',#5084,#5085);
#5084 = CARTESIAN_POINT('',(490.,-212.6875,0.));
#5085 = VECTOR('',#5086,1.);
#5086 = DIRECTION('',(0.,-1.,0.));
#5087 = ORIENTED_EDGE('',*,*,#5088,.F.);
#5088 = EDGE_CURVE('',#5089,#5081,#5091,.T.);
#5089 = VERTEX_POINT('',#5090);
#5090 = CARTESIAN_POINT('',(515.,-203.375,-3.552713678801E-15));
#5091 = LINE('',#5092,#5093);
#5092 = CARTESIAN_POINT('',(502.5,-203.375,0.));
#5093 = VECTOR('',#5094,1.);
#5094 = DIRECTION('',(-1.,0.,2.22044604925E-16));
#5095 = ORIENTED_EDGE('',*,*,#5096,.T.);
#5096 = EDGE_CURVE('',#5089,#5097,#5099,.T.);
#5097 = VERTEX_POINT('',#5098);
#5098 = CARTESIAN_POINT('',(515.,-199.125,-3.552713678801E-15));
#5099 = LINE('',#5100,#5101);
#5100 = CARTESIAN_POINT('',(515.,-232.5,-3.552713678801E-15));
#5101 = VECTOR('',#5102,1.);
#5102 = DIRECTION('',(0.,1.,0.));
#5103 = ORIENTED_EDGE('',*,*,#5104,.T.);
#5104 = EDGE_CURVE('',#5097,#5105,#5107,.T.);
#5105 = VERTEX_POINT('',#5106);
#5106 = CARTESIAN_POINT('',(490.,-199.125,0.));
#5107 = LINE('',#5108,#5109);
#5108 = CARTESIAN_POINT('',(502.5,-199.125,0.));
#5109 = VECTOR('',#5110,1.);
#5110 = DIRECTION('',(-1.,0.,2.22044604925E-16));
#5111 = ORIENTED_EDGE('',*,*,#5112,.F.);
#5112 = EDGE_CURVE('',#5113,#5105,#5115,.T.);
#5113 = VERTEX_POINT('',#5114);
#5114 = CARTESIAN_POINT('',(490.,-197.125,0.));
#5115 = LINE('',#5116,#5117);
#5116 = CARTESIAN_POINT('',(490.,-209.5625,0.));
#5117 = VECTOR('',#5118,1.);
#5118 = DIRECTION('',(0.,-1.,0.));
#5119 = ORIENTED_EDGE('',*,*,#5120,.F.);
#5120 = EDGE_CURVE('',#5121,#5113,#5123,.T.);
#5121 = VERTEX_POINT('',#5122);
#5122 = CARTESIAN_POINT('',(515.,-197.125,-3.552713678801E-15));
#5123 = LINE('',#5124,#5125);
#5124 = CARTESIAN_POINT('',(502.5,-197.125,0.));
#5125 = VECTOR('',#5126,1.);
#5126 = DIRECTION('',(-1.,0.,2.22044604925E-16));
#5127 = ORIENTED_EDGE('',*,*,#5128,.T.);
#5128 = EDGE_CURVE('',#5121,#5129,#5131,.T.);
#5129 = VERTEX_POINT('',#5130);
#5130 = CARTESIAN_POINT('',(515.,-195.,-3.552713678801E-15));
#5131 = LINE('',#5132,#5133);
#5132 = CARTESIAN_POINT('',(515.,-232.5,-3.552713678801E-15));
#5133 = VECTOR('',#5134,1.);
#5134 = DIRECTION('',(0.,1.,0.));
#5135 = ORIENTED_EDGE('',*,*,#5136,.F.);
#5136 = EDGE_CURVE('',#4857,#5129,#5137,.T.);
#5137 = LINE('',#5138,#5139);
#5138 = CARTESIAN_POINT('',(490.,-195.,0.));
#5139 = VECTOR('',#5140,1.);
#5140 = DIRECTION('',(1.,0.,-2.22044604925E-16));
#5141 = PLANE('',#5142);
#5142 = AXIS2_PLACEMENT_3D('',#5143,#5144,#5145);
#5143 = CARTESIAN_POINT('',(465.,-220.,7.105427357601E-15));
#5144 = DIRECTION('',(2.22044604925E-16,0.,1.));
#5145 = DIRECTION('',(-1.,0.,2.22044604925E-16));
#5146 = ( GEOMETRIC_REPRESENTATION_CONTEXT(3) 
GLOBAL_UNCERTAINTY_ASSIGNED_CONTEXT((#5150)) 
GLOBAL_UNIT_ASSIGNED_CONTEXT((#5147,#5148,#5149)) REPRESENTATION_CONTEXT
('Context #1','3D Context with UNIT and UNCERTAINTY') );
#5147 = ( LENGTH_UNIT() NAMED_UNIT(*) SI_UNIT(.MILLI.,.METRE.) );
#5148 = ( NAMED_UNIT(*) PLANE_ANGLE_UNIT() SI_UNIT($,.RADIAN.) );
#5149 = ( NAMED_UNIT(*) SI_UNIT($,.STERADIAN.) SOLID_ANGLE_UNIT() );
#5150 = UNCERTAINTY_MEASURE_WITH_UNIT(LENGTH_MEASURE(1.E-04),#5147,
  'distance_accuracy_value','confusion accuracy');
#5151 = CONTEXT_DEPENDENT_SHAPE_REPRESENTATION(#5152,#5154);
#5152 = ( REPRESENTATION_RELATIONSHIP('','',#2582,#10) 
REPRESENTATION_RELATIONSHIP_WITH_TRANSFORMATION(#5153) 
SHAPE_REPRESENTATION_RELATIONSHIP() );
#5153 = ITEM_DEFINED_TRANSFORMATION('','',#11,#19);
#5154 = PRODUCT_DEFINITION_SHAPE('Placement','Placement of an item',
  #5155);
#5155 = NEXT_ASSEMBLY_USAGE_OCCURRENCE('6','Moved y-upper-plates','',#5,
  #2577,$);
#5156 = PRODUCT_RELATED_PRODUCT_CATEGORY('part',$,(#2579));
#5157 = SHAPE_DEFINITION_REPRESENTATION(#5158,#5164);
#5158 = PRODUCT_DEFINITION_SHAPE('','',#5159);
#5159 = PRODUCT_DEFINITION('design','',#5160,#5163);
#5160 = PRODUCT_DEFINITION_FORMATION('','',#5161);
#5161 = PRODUCT('Moved x-lower-plates','Moved x-lower-plates','',(#5162)
  );
#5162 = PRODUCT_CONTEXT('',#2,'mechanical');
#5163 = PRODUCT_DEFINITION_CONTEXT('part definition',#2,'design');
#5164 = SHAPE_REPRESENTATION('',(#11,#5165,#5463,#5778,#6110,#6442,#6774
    ,#7106,#7421),#7719);
#5165 = SHELL_BASED_SURFACE_MODEL('',(#5166));
#5166 = OPEN_SHELL('',(#5167));
#5167 = ADVANCED_FACE('',(#5168),#5458,.T.);
#5168 = FACE_BOUND('',#5169,.T.);
#5169 = EDGE_LOOP('',(#5170,#5180,#5188,#5196,#5204,#5212,#5220,#5228,
    #5236,#5244,#5252,#5260,#5268,#5276,#5284,#5292,#5300,#5308,#5316,
    #5324,#5332,#5340,#5348,#5356,#5364,#5372,#5380,#5388,#5396,#5404,
    #5412,#5420,#5428,#5436,#5444,#5452));
#5170 = ORIENTED_EDGE('',*,*,#5171,.F.);
#5171 = EDGE_CURVE('',#5172,#5174,#5176,.T.);
#5172 = VERTEX_POINT('',#5173);
#5173 = CARTESIAN_POINT('',(-25.,-298.2857142857,-3.552713678801E-15));
#5174 = VERTEX_POINT('',#5175);
#5175 = CARTESIAN_POINT('',(-25.,-346.2857142857,7.105427357601E-15));
#5176 = LINE('',#5177,#5178);
#5177 = CARTESIAN_POINT('',(-25.,-271.2857142857,-1.06581410364E-14));
#5178 = VECTOR('',#5179,1.);
#5179 = DIRECTION('',(0.,-1.,2.22044604925E-16));
#5180 = ORIENTED_EDGE('',*,*,#5181,.T.);
#5181 = EDGE_CURVE('',#5172,#5182,#5184,.T.);
#5182 = VERTEX_POINT('',#5183);
#5183 = CARTESIAN_POINT('',(25.,-298.2857142857,-3.552713678801E-15));
#5184 = LINE('',#5185,#5186);
#5185 = CARTESIAN_POINT('',(0.,-298.2857142857,-3.552713678801E-15));
#5186 = VECTOR('',#5187,1.);
#5187 = DIRECTION('',(1.,-0.,0.));
#5188 = ORIENTED_EDGE('',*,*,#5189,.T.);
#5189 = EDGE_CURVE('',#5182,#5190,#5192,.T.);
#5190 = VERTEX_POINT('',#5191);
#5191 = CARTESIAN_POINT('',(25.,-346.2857142857,7.105427357601E-15));
#5192 = LINE('',#5193,#5194);
#5193 = CARTESIAN_POINT('',(25.,-271.2857142857,-1.06581410364E-14));
#5194 = VECTOR('',#5195,1.);
#5195 = DIRECTION('',(0.,-1.,2.22044604925E-16));
#5196 = ORIENTED_EDGE('',*,*,#5197,.F.);
#5197 = EDGE_CURVE('',#5198,#5190,#5200,.T.);
#5198 = VERTEX_POINT('',#5199);
#5199 = CARTESIAN_POINT('',(22.875,-346.2857142857,7.105427357601E-15));
#5200 = LINE('',#5201,#5202);
#5201 = CARTESIAN_POINT('',(12.5,-346.2857142857,7.105427357601E-15));
#5202 = VECTOR('',#5203,1.);
#5203 = DIRECTION('',(1.,-0.,0.));
#5204 = ORIENTED_EDGE('',*,*,#5205,.T.);
#5205 = EDGE_CURVE('',#5198,#5206,#5208,.T.);
#5206 = VERTEX_POINT('',#5207);
#5207 = CARTESIAN_POINT('',(22.875,-322.2857142857,3.552713678801E-15));
#5208 = LINE('',#5209,#5210);
#5209 = CARTESIAN_POINT('',(22.875,-334.2857142857,3.552713678801E-15));
#5210 = VECTOR('',#5211,1.);
#5211 = DIRECTION('',(0.,1.,-2.22044604925E-16));
#5212 = ORIENTED_EDGE('',*,*,#5213,.T.);
#5213 = EDGE_CURVE('',#5206,#5214,#5216,.T.);
#5214 = VERTEX_POINT('',#5215);
#5215 = CARTESIAN_POINT('',(20.875,-322.2857142857,3.552713678801E-15));
#5216 = LINE('',#5217,#5218);
#5217 = CARTESIAN_POINT('',(11.4375,-322.2857142857,3.552713678801E-15)
  );
#5218 = VECTOR('',#5219,1.);
#5219 = DIRECTION('',(-1.,0.,0.));
#5220 = ORIENTED_EDGE('',*,*,#5221,.F.);
#5221 = EDGE_CURVE('',#5222,#5214,#5224,.T.);
#5222 = VERTEX_POINT('',#5223);
#5223 = CARTESIAN_POINT('',(20.875,-346.2857142857,7.105427357601E-15));
#5224 = LINE('',#5225,#5226);
#5225 = CARTESIAN_POINT('',(20.875,-334.2857142857,3.552713678801E-15));
#5226 = VECTOR('',#5227,1.);
#5227 = DIRECTION('',(0.,1.,-2.22044604925E-16));
#5228 = ORIENTED_EDGE('',*,*,#5229,.F.);
#5229 = EDGE_CURVE('',#5230,#5222,#5232,.T.);
#5230 = VERTEX_POINT('',#5231);
#5231 = CARTESIAN_POINT('',(16.625,-346.2857142857,7.105427357601E-15));
#5232 = LINE('',#5233,#5234);
#5233 = CARTESIAN_POINT('',(12.5,-346.2857142857,7.105427357601E-15));
#5234 = VECTOR('',#5235,1.);
#5235 = DIRECTION('',(1.,-0.,0.));
#5236 = ORIENTED_EDGE('',*,*,#5237,.T.);
#5237 = EDGE_CURVE('',#5230,#5238,#5240,.T.);
#5238 = VERTEX_POINT('',#5239);
#5239 = CARTESIAN_POINT('',(16.625,-322.2857142857,3.552713678801E-15));
#5240 = LINE('',#5241,#5242);
#5241 = CARTESIAN_POINT('',(16.625,-334.2857142857,3.552713678801E-15));
#5242 = VECTOR('',#5243,1.);
#5243 = DIRECTION('',(0.,1.,-2.22044604925E-16));
#5244 = ORIENTED_EDGE('',*,*,#5245,.T.);
#5245 = EDGE_CURVE('',#5238,#5246,#5248,.T.);
#5246 = VERTEX_POINT('',#5247);
#5247 = CARTESIAN_POINT('',(14.625,-322.2857142857,3.552713678801E-15));
#5248 = LINE('',#5249,#5250);
#5249 = CARTESIAN_POINT('',(8.3125,-322.2857142857,3.552713678801E-15));
#5250 = VECTOR('',#5251,1.);
#5251 = DIRECTION('',(-1.,0.,0.));
#5252 = ORIENTED_EDGE('',*,*,#5253,.F.);
#5253 = EDGE_CURVE('',#5254,#5246,#5256,.T.);
#5254 = VERTEX_POINT('',#5255);
#5255 = CARTESIAN_POINT('',(14.625,-346.2857142857,7.105427357601E-15));
#5256 = LINE('',#5257,#5258);
#5257 = CARTESIAN_POINT('',(14.625,-334.2857142857,3.552713678801E-15));
#5258 = VECTOR('',#5259,1.);
#5259 = DIRECTION('',(0.,1.,-2.22044604925E-16));
#5260 = ORIENTED_EDGE('',*,*,#5261,.F.);
#5261 = EDGE_CURVE('',#5262,#5254,#5264,.T.);
#5262 = VERTEX_POINT('',#5263);
#5263 = CARTESIAN_POINT('',(10.375,-346.2857142857,7.105427357601E-15));
#5264 = LINE('',#5265,#5266);
#5265 = CARTESIAN_POINT('',(12.5,-346.2857142857,7.105427357601E-15));
#5266 = VECTOR('',#5267,1.);
#5267 = DIRECTION('',(1.,-0.,0.));
#5268 = ORIENTED_EDGE('',*,*,#5269,.T.);
#5269 = EDGE_CURVE('',#5262,#5270,#5272,.T.);
#5270 = VERTEX_POINT('',#5271);
#5271 = CARTESIAN_POINT('',(10.375,-322.2857142857,3.552713678801E-15));
#5272 = LINE('',#5273,#5274);
#5273 = CARTESIAN_POINT('',(10.375,-334.2857142857,3.552713678801E-15));
#5274 = VECTOR('',#5275,1.);
#5275 = DIRECTION('',(0.,1.,-2.22044604925E-16));
#5276 = ORIENTED_EDGE('',*,*,#5277,.T.);
#5277 = EDGE_CURVE('',#5270,#5278,#5280,.T.);
#5278 = VERTEX_POINT('',#5279);
#5279 = CARTESIAN_POINT('',(8.375,-322.2857142857,3.552713678801E-15));
#5280 = LINE('',#5281,#5282);
#5281 = CARTESIAN_POINT('',(5.1875,-322.2857142857,3.552713678801E-15));
#5282 = VECTOR('',#5283,1.);
#5283 = DIRECTION('',(-1.,0.,0.));
#5284 = ORIENTED_EDGE('',*,*,#5285,.F.);
#5285 = EDGE_CURVE('',#5286,#5278,#5288,.T.);
#5286 = VERTEX_POINT('',#5287);
#5287 = CARTESIAN_POINT('',(8.375,-346.2857142857,7.105427357601E-15));
#5288 = LINE('',#5289,#5290);
#5289 = CARTESIAN_POINT('',(8.375,-334.2857142857,3.552713678801E-15));
#5290 = VECTOR('',#5291,1.);
#5291 = DIRECTION('',(0.,1.,-2.22044604925E-16));
#5292 = ORIENTED_EDGE('',*,*,#5293,.F.);
#5293 = EDGE_CURVE('',#5294,#5286,#5296,.T.);
#5294 = VERTEX_POINT('',#5295);
#5295 = CARTESIAN_POINT('',(4.125,-346.2857142857,7.105427357601E-15));
#5296 = LINE('',#5297,#5298);
#5297 = CARTESIAN_POINT('',(12.5,-346.2857142857,7.105427357601E-15));
#5298 = VECTOR('',#5299,1.);
#5299 = DIRECTION('',(1.,-0.,0.));
#5300 = ORIENTED_EDGE('',*,*,#5301,.T.);
#5301 = EDGE_CURVE('',#5294,#5302,#5304,.T.);
#5302 = VERTEX_POINT('',#5303);
#5303 = CARTESIAN_POINT('',(4.125,-322.2857142857,3.552713678801E-15));
#5304 = LINE('',#5305,#5306);
#5305 = CARTESIAN_POINT('',(4.125,-334.2857142857,3.552713678801E-15));
#5306 = VECTOR('',#5307,1.);
#5307 = DIRECTION('',(0.,1.,-2.22044604925E-16));
#5308 = ORIENTED_EDGE('',*,*,#5309,.T.);
#5309 = EDGE_CURVE('',#5302,#5310,#5312,.T.);
#5310 = VERTEX_POINT('',#5311);
#5311 = CARTESIAN_POINT('',(2.125,-322.2857142857,3.552713678801E-15));
#5312 = LINE('',#5313,#5314);
#5313 = CARTESIAN_POINT('',(2.0625,-322.2857142857,3.552713678801E-15));
#5314 = VECTOR('',#5315,1.);
#5315 = DIRECTION('',(-1.,0.,0.));
#5316 = ORIENTED_EDGE('',*,*,#5317,.F.);
#5317 = EDGE_CURVE('',#5318,#5310,#5320,.T.);
#5318 = VERTEX_POINT('',#5319);
#5319 = CARTESIAN_POINT('',(2.125,-346.2857142857,7.105427357601E-15));
#5320 = LINE('',#5321,#5322);
#5321 = CARTESIAN_POINT('',(2.125,-334.2857142857,3.552713678801E-15));
#5322 = VECTOR('',#5323,1.);
#5323 = DIRECTION('',(0.,1.,-2.22044604925E-16));
#5324 = ORIENTED_EDGE('',*,*,#5325,.F.);
#5325 = EDGE_CURVE('',#5326,#5318,#5328,.T.);
#5326 = VERTEX_POINT('',#5327);
#5327 = CARTESIAN_POINT('',(-2.125,-346.2857142857,7.105427357601E-15));
#5328 = LINE('',#5329,#5330);
#5329 = CARTESIAN_POINT('',(12.5,-346.2857142857,7.105427357601E-15));
#5330 = VECTOR('',#5331,1.);
#5331 = DIRECTION('',(1.,-0.,0.));
#5332 = ORIENTED_EDGE('',*,*,#5333,.T.);
#5333 = EDGE_CURVE('',#5326,#5334,#5336,.T.);
#5334 = VERTEX_POINT('',#5335);
#5335 = CARTESIAN_POINT('',(-2.125,-322.2857142857,3.552713678801E-15));
#5336 = LINE('',#5337,#5338);
#5337 = CARTESIAN_POINT('',(-2.125,-334.2857142857,3.552713678801E-15));
#5338 = VECTOR('',#5339,1.);
#5339 = DIRECTION('',(0.,1.,-2.22044604925E-16));
#5340 = ORIENTED_EDGE('',*,*,#5341,.T.);
#5341 = EDGE_CURVE('',#5334,#5342,#5344,.T.);
#5342 = VERTEX_POINT('',#5343);
#5343 = CARTESIAN_POINT('',(-4.125,-322.2857142857,3.552713678801E-15));
#5344 = LINE('',#5345,#5346);
#5345 = CARTESIAN_POINT('',(-1.0625,-322.2857142857,3.552713678801E-15)
  );
#5346 = VECTOR('',#5347,1.);
#5347 = DIRECTION('',(-1.,0.,0.));
#5348 = ORIENTED_EDGE('',*,*,#5349,.F.);
#5349 = EDGE_CURVE('',#5350,#5342,#5352,.T.);
#5350 = VERTEX_POINT('',#5351);
#5351 = CARTESIAN_POINT('',(-4.125,-346.2857142857,7.105427357601E-15));
#5352 = LINE('',#5353,#5354);
#5353 = CARTESIAN_POINT('',(-4.125,-334.2857142857,3.552713678801E-15));
#5354 = VECTOR('',#5355,1.);
#5355 = DIRECTION('',(0.,1.,-2.22044604925E-16));
#5356 = ORIENTED_EDGE('',*,*,#5357,.F.);
#5357 = EDGE_CURVE('',#5358,#5350,#5360,.T.);
#5358 = VERTEX_POINT('',#5359);
#5359 = CARTESIAN_POINT('',(-8.375,-346.2857142857,7.105427357601E-15));
#5360 = LINE('',#5361,#5362);
#5361 = CARTESIAN_POINT('',(12.5,-346.2857142857,7.105427357601E-15));
#5362 = VECTOR('',#5363,1.);
#5363 = DIRECTION('',(1.,-0.,0.));
#5364 = ORIENTED_EDGE('',*,*,#5365,.T.);
#5365 = EDGE_CURVE('',#5358,#5366,#5368,.T.);
#5366 = VERTEX_POINT('',#5367);
#5367 = CARTESIAN_POINT('',(-8.375,-322.2857142857,3.552713678801E-15));
#5368 = LINE('',#5369,#5370);
#5369 = CARTESIAN_POINT('',(-8.375,-334.2857142857,3.552713678801E-15));
#5370 = VECTOR('',#5371,1.);
#5371 = DIRECTION('',(0.,1.,-2.22044604925E-16));
#5372 = ORIENTED_EDGE('',*,*,#5373,.T.);
#5373 = EDGE_CURVE('',#5366,#5374,#5376,.T.);
#5374 = VERTEX_POINT('',#5375);
#5375 = CARTESIAN_POINT('',(-10.375,-322.2857142857,3.552713678801E-15)
  );
#5376 = LINE('',#5377,#5378);
#5377 = CARTESIAN_POINT('',(-4.1875,-322.2857142857,3.552713678801E-15)
  );
#5378 = VECTOR('',#5379,1.);
#5379 = DIRECTION('',(-1.,0.,0.));
#5380 = ORIENTED_EDGE('',*,*,#5381,.F.);
#5381 = EDGE_CURVE('',#5382,#5374,#5384,.T.);
#5382 = VERTEX_POINT('',#5383);
#5383 = CARTESIAN_POINT('',(-10.375,-346.2857142857,7.105427357601E-15)
  );
#5384 = LINE('',#5385,#5386);
#5385 = CARTESIAN_POINT('',(-10.375,-334.2857142857,3.552713678801E-15)
  );
#5386 = VECTOR('',#5387,1.);
#5387 = DIRECTION('',(0.,1.,-2.22044604925E-16));
#5388 = ORIENTED_EDGE('',*,*,#5389,.F.);
#5389 = EDGE_CURVE('',#5390,#5382,#5392,.T.);
#5390 = VERTEX_POINT('',#5391);
#5391 = CARTESIAN_POINT('',(-14.625,-346.2857142857,7.105427357601E-15)
  );
#5392 = LINE('',#5393,#5394);
#5393 = CARTESIAN_POINT('',(12.5,-346.2857142857,7.105427357601E-15));
#5394 = VECTOR('',#5395,1.);
#5395 = DIRECTION('',(1.,-0.,0.));
#5396 = ORIENTED_EDGE('',*,*,#5397,.T.);
#5397 = EDGE_CURVE('',#5390,#5398,#5400,.T.);
#5398 = VERTEX_POINT('',#5399);
#5399 = CARTESIAN_POINT('',(-14.625,-322.2857142857,3.552713678801E-15)
  );
#5400 = LINE('',#5401,#5402);
#5401 = CARTESIAN_POINT('',(-14.625,-334.2857142857,3.552713678801E-15)
  );
#5402 = VECTOR('',#5403,1.);
#5403 = DIRECTION('',(0.,1.,-2.22044604925E-16));
#5404 = ORIENTED_EDGE('',*,*,#5405,.T.);
#5405 = EDGE_CURVE('',#5398,#5406,#5408,.T.);
#5406 = VERTEX_POINT('',#5407);
#5407 = CARTESIAN_POINT('',(-16.625,-322.2857142857,3.552713678801E-15)
  );
#5408 = LINE('',#5409,#5410);
#5409 = CARTESIAN_POINT('',(-7.3125,-322.2857142857,3.552713678801E-15)
  );
#5410 = VECTOR('',#5411,1.);
#5411 = DIRECTION('',(-1.,0.,0.));
#5412 = ORIENTED_EDGE('',*,*,#5413,.F.);
#5413 = EDGE_CURVE('',#5414,#5406,#5416,.T.);
#5414 = VERTEX_POINT('',#5415);
#5415 = CARTESIAN_POINT('',(-16.625,-346.2857142857,7.105427357601E-15)
  );
#5416 = LINE('',#5417,#5418);
#5417 = CARTESIAN_POINT('',(-16.625,-334.2857142857,3.552713678801E-15)
  );
#5418 = VECTOR('',#5419,1.);
#5419 = DIRECTION('',(0.,1.,-2.22044604925E-16));
#5420 = ORIENTED_EDGE('',*,*,#5421,.F.);
#5421 = EDGE_CURVE('',#5422,#5414,#5424,.T.);
#5422 = VERTEX_POINT('',#5423);
#5423 = CARTESIAN_POINT('',(-20.875,-346.2857142857,7.105427357601E-15)
  );
#5424 = LINE('',#5425,#5426);
#5425 = CARTESIAN_POINT('',(12.5,-346.2857142857,7.105427357601E-15));
#5426 = VECTOR('',#5427,1.);
#5427 = DIRECTION('',(1.,-0.,0.));
#5428 = ORIENTED_EDGE('',*,*,#5429,.T.);
#5429 = EDGE_CURVE('',#5422,#5430,#5432,.T.);
#5430 = VERTEX_POINT('',#5431);
#5431 = CARTESIAN_POINT('',(-20.875,-322.2857142857,3.552713678801E-15)
  );
#5432 = LINE('',#5433,#5434);
#5433 = CARTESIAN_POINT('',(-20.875,-334.2857142857,3.552713678801E-15)
  );
#5434 = VECTOR('',#5435,1.);
#5435 = DIRECTION('',(0.,1.,-2.22044604925E-16));
#5436 = ORIENTED_EDGE('',*,*,#5437,.T.);
#5437 = EDGE_CURVE('',#5430,#5438,#5440,.T.);
#5438 = VERTEX_POINT('',#5439);
#5439 = CARTESIAN_POINT('',(-22.875,-322.2857142857,3.552713678801E-15)
  );
#5440 = LINE('',#5441,#5442);
#5441 = CARTESIAN_POINT('',(-10.4375,-322.2857142857,3.552713678801E-15)
  );
#5442 = VECTOR('',#5443,1.);
#5443 = DIRECTION('',(-1.,0.,0.));
#5444 = ORIENTED_EDGE('',*,*,#5445,.F.);
#5445 = EDGE_CURVE('',#5446,#5438,#5448,.T.);
#5446 = VERTEX_POINT('',#5447);
#5447 = CARTESIAN_POINT('',(-22.875,-346.2857142857,7.105427357601E-15)
  );
#5448 = LINE('',#5449,#5450);
#5449 = CARTESIAN_POINT('',(-22.875,-334.2857142857,3.552713678801E-15)
  );
#5450 = VECTOR('',#5451,1.);
#5451 = DIRECTION('',(0.,1.,-2.22044604925E-16));
#5452 = ORIENTED_EDGE('',*,*,#5453,.F.);
#5453 = EDGE_CURVE('',#5174,#5446,#5454,.T.);
#5454 = LINE('',#5455,#5456);
#5455 = CARTESIAN_POINT('',(12.5,-346.2857142857,7.105427357601E-15));
#5456 = VECTOR('',#5457,1.);
#5457 = DIRECTION('',(1.,-0.,0.));
#5458 = PLANE('',#5459);
#5459 = AXIS2_PLACEMENT_3D('',#5460,#5461,#5462);
#5460 = CARTESIAN_POINT('',(0.,-296.2857142857,-3.552713678801E-15));
#5461 = DIRECTION('',(0.,-2.22044604925E-16,-1.));
#5462 = DIRECTION('',(0.,-1.,2.22044604925E-16));
#5463 = SHELL_BASED_SURFACE_MODEL('',(#5464));
#5464 = OPEN_SHELL('',(#5465));
#5465 = ADVANCED_FACE('',(#5466),#5773,.T.);
#5466 = FACE_BOUND('',#5467,.T.);
#5467 = EDGE_LOOP('',(#5468,#5478,#5486,#5495,#5503,#5511,#5519,#5527,
    #5535,#5543,#5551,#5559,#5567,#5575,#5583,#5591,#5599,#5607,#5615,
    #5623,#5631,#5639,#5647,#5655,#5663,#5671,#5679,#5687,#5695,#5703,
    #5711,#5719,#5727,#5735,#5743,#5751,#5759,#5767));
#5468 = ORIENTED_EDGE('',*,*,#5469,.F.);
#5469 = EDGE_CURVE('',#5470,#5472,#5474,.T.);
#5470 = VERTEX_POINT('',#5471);
#5471 = CARTESIAN_POINT('',(35.,-297.5060972065,-5.329070518201E-15));
#5472 = VERTEX_POINT('',#5473);
#5473 = CARTESIAN_POINT('',(35.,-345.5060972065,5.329070518201E-15));
#5474 = LINE('',#5475,#5476);
#5475 = CARTESIAN_POINT('',(35.,-270.5060972065,-1.06581410364E-14));
#5476 = VECTOR('',#5477,1.);
#5477 = DIRECTION('',(0.,-1.,2.22044604925E-16));
#5478 = ORIENTED_EDGE('',*,*,#5479,.T.);
#5479 = EDGE_CURVE('',#5470,#5480,#5482,.T.);
#5480 = VERTEX_POINT('',#5481);
#5481 = CARTESIAN_POINT('',(47.515634777851,-297.5060972065,
    -3.552713678801E-15));
#5482 = LINE('',#5483,#5484);
#5483 = CARTESIAN_POINT('',(60.,-297.5060972065,-5.329070518201E-15));
#5484 = VECTOR('',#5485,1.);
#5485 = DIRECTION('',(1.,-0.,0.));
#5486 = ORIENTED_EDGE('',*,*,#5487,.T.);
#5487 = EDGE_CURVE('',#5480,#5488,#5490,.T.);
#5488 = VERTEX_POINT('',#5489);
#5489 = CARTESIAN_POINT('',(72.484365222149,-297.5060972065,
    -5.329070518201E-15));
#5490 = HYPERBOLA('',#5491,16.7589421875,15.625);
#5491 = AXIS2_PLACEMENT_3D('',#5492,#5493,#5494);
#5492 = CARTESIAN_POINT('',(60.,-318.9575432065,0.));
#5493 = DIRECTION('',(0.,-2.22044604925E-16,-1.));
#5494 = DIRECTION('',(0.,1.,-2.22044604925E-16));
#5495 = ORIENTED_EDGE('',*,*,#5496,.T.);
#5496 = EDGE_CURVE('',#5488,#5497,#5499,.T.);
#5497 = VERTEX_POINT('',#5498);
#5498 = CARTESIAN_POINT('',(85.,-297.5060972065,-5.329070518201E-15));
#5499 = LINE('',#5500,#5501);
#5500 = CARTESIAN_POINT('',(60.,-297.5060972065,-5.329070518201E-15));
#5501 = VECTOR('',#5502,1.);
#5502 = DIRECTION('',(1.,-0.,0.));
#5503 = ORIENTED_EDGE('',*,*,#5504,.T.);
#5504 = EDGE_CURVE('',#5497,#5505,#5507,.T.);
#5505 = VERTEX_POINT('',#5506);
#5506 = CARTESIAN_POINT('',(85.,-345.5060972065,5.329070518201E-15));
#5507 = LINE('',#5508,#5509);
#5508 = CARTESIAN_POINT('',(85.,-270.5060972065,-1.06581410364E-14));
#5509 = VECTOR('',#5510,1.);
#5510 = DIRECTION('',(0.,-1.,2.22044604925E-16));
#5511 = ORIENTED_EDGE('',*,*,#5512,.F.);
#5512 = EDGE_CURVE('',#5513,#5505,#5515,.T.);
#5513 = VERTEX_POINT('',#5514);
#5514 = CARTESIAN_POINT('',(82.875,-345.5060972065,5.329070518201E-15));
#5515 = LINE('',#5516,#5517);
#5516 = CARTESIAN_POINT('',(72.5,-345.5060972065,5.329070518201E-15));
#5517 = VECTOR('',#5518,1.);
#5518 = DIRECTION('',(1.,-0.,0.));
#5519 = ORIENTED_EDGE('',*,*,#5520,.T.);
#5520 = EDGE_CURVE('',#5513,#5521,#5523,.T.);
#5521 = VERTEX_POINT('',#5522);
#5522 = CARTESIAN_POINT('',(82.875,-321.5060972065,0.));
#5523 = LINE('',#5524,#5525);
#5524 = CARTESIAN_POINT('',(82.875,-333.5060972065,3.552713678801E-15));
#5525 = VECTOR('',#5526,1.);
#5526 = DIRECTION('',(0.,1.,-2.22044604925E-16));
#5527 = ORIENTED_EDGE('',*,*,#5528,.T.);
#5528 = EDGE_CURVE('',#5521,#5529,#5531,.T.);
#5529 = VERTEX_POINT('',#5530);
#5530 = CARTESIAN_POINT('',(80.875,-321.5060972065,0.));
#5531 = LINE('',#5532,#5533);
#5532 = CARTESIAN_POINT('',(71.4375,-321.5060972065,0.));
#5533 = VECTOR('',#5534,1.);
#5534 = DIRECTION('',(-1.,0.,0.));
#5535 = ORIENTED_EDGE('',*,*,#5536,.F.);
#5536 = EDGE_CURVE('',#5537,#5529,#5539,.T.);
#5537 = VERTEX_POINT('',#5538);
#5538 = CARTESIAN_POINT('',(80.875,-345.5060972065,5.329070518201E-15));
#5539 = LINE('',#5540,#5541);
#5540 = CARTESIAN_POINT('',(80.875,-333.5060972065,3.552713678801E-15));
#5541 = VECTOR('',#5542,1.);
#5542 = DIRECTION('',(0.,1.,-2.22044604925E-16));
#5543 = ORIENTED_EDGE('',*,*,#5544,.F.);
#5544 = EDGE_CURVE('',#5545,#5537,#5547,.T.);
#5545 = VERTEX_POINT('',#5546);
#5546 = CARTESIAN_POINT('',(76.625,-345.5060972065,5.329070518201E-15));
#5547 = LINE('',#5548,#5549);
#5548 = CARTESIAN_POINT('',(72.5,-345.5060972065,5.329070518201E-15));
#5549 = VECTOR('',#5550,1.);
#5550 = DIRECTION('',(1.,-0.,0.));
#5551 = ORIENTED_EDGE('',*,*,#5552,.T.);
#5552 = EDGE_CURVE('',#5545,#5553,#5555,.T.);
#5553 = VERTEX_POINT('',#5554);
#5554 = CARTESIAN_POINT('',(76.625,-321.5060972065,0.));
#5555 = LINE('',#5556,#5557);
#5556 = CARTESIAN_POINT('',(76.625,-333.5060972065,3.552713678801E-15));
#5557 = VECTOR('',#5558,1.);
#5558 = DIRECTION('',(0.,1.,-2.22044604925E-16));
#5559 = ORIENTED_EDGE('',*,*,#5560,.T.);
#5560 = EDGE_CURVE('',#5553,#5561,#5563,.T.);
#5561 = VERTEX_POINT('',#5562);
#5562 = CARTESIAN_POINT('',(74.625,-321.5060972065,0.));
#5563 = LINE('',#5564,#5565);
#5564 = CARTESIAN_POINT('',(68.3125,-321.5060972065,0.));
#5565 = VECTOR('',#5566,1.);
#5566 = DIRECTION('',(-1.,0.,0.));
#5567 = ORIENTED_EDGE('',*,*,#5568,.F.);
#5568 = EDGE_CURVE('',#5569,#5561,#5571,.T.);
#5569 = VERTEX_POINT('',#5570);
#5570 = CARTESIAN_POINT('',(74.625,-345.5060972065,5.329070518201E-15));
#5571 = LINE('',#5572,#5573);
#5572 = CARTESIAN_POINT('',(74.625,-333.5060972065,3.552713678801E-15));
#5573 = VECTOR('',#5574,1.);
#5574 = DIRECTION('',(0.,1.,-2.22044604925E-16));
#5575 = ORIENTED_EDGE('',*,*,#5576,.F.);
#5576 = EDGE_CURVE('',#5577,#5569,#5579,.T.);
#5577 = VERTEX_POINT('',#5578);
#5578 = CARTESIAN_POINT('',(70.375,-345.5060972065,5.329070518201E-15));
#5579 = LINE('',#5580,#5581);
#5580 = CARTESIAN_POINT('',(72.5,-345.5060972065,5.329070518201E-15));
#5581 = VECTOR('',#5582,1.);
#5582 = DIRECTION('',(1.,-0.,0.));
#5583 = ORIENTED_EDGE('',*,*,#5584,.T.);
#5584 = EDGE_CURVE('',#5577,#5585,#5587,.T.);
#5585 = VERTEX_POINT('',#5586);
#5586 = CARTESIAN_POINT('',(70.375,-321.5060972065,0.));
#5587 = LINE('',#5588,#5589);
#5588 = CARTESIAN_POINT('',(70.375,-333.5060972065,3.552713678801E-15));
#5589 = VECTOR('',#5590,1.);
#5590 = DIRECTION('',(0.,1.,-2.22044604925E-16));
#5591 = ORIENTED_EDGE('',*,*,#5592,.T.);
#5592 = EDGE_CURVE('',#5585,#5593,#5595,.T.);
#5593 = VERTEX_POINT('',#5594);
#5594 = CARTESIAN_POINT('',(68.375,-321.5060972065,0.));
#5595 = LINE('',#5596,#5597);
#5596 = CARTESIAN_POINT('',(65.1875,-321.5060972065,0.));
#5597 = VECTOR('',#5598,1.);
#5598 = DIRECTION('',(-1.,0.,0.));
#5599 = ORIENTED_EDGE('',*,*,#5600,.F.);
#5600 = EDGE_CURVE('',#5601,#5593,#5603,.T.);
#5601 = VERTEX_POINT('',#5602);
#5602 = CARTESIAN_POINT('',(68.375,-345.5060972065,5.329070518201E-15));
#5603 = LINE('',#5604,#5605);
#5604 = CARTESIAN_POINT('',(68.375,-333.5060972065,3.552713678801E-15));
#5605 = VECTOR('',#5606,1.);
#5606 = DIRECTION('',(0.,1.,-2.22044604925E-16));
#5607 = ORIENTED_EDGE('',*,*,#5608,.F.);
#5608 = EDGE_CURVE('',#5609,#5601,#5611,.T.);
#5609 = VERTEX_POINT('',#5610);
#5610 = CARTESIAN_POINT('',(64.125,-345.5060972065,5.329070518201E-15));
#5611 = LINE('',#5612,#5613);
#5612 = CARTESIAN_POINT('',(72.5,-345.5060972065,5.329070518201E-15));
#5613 = VECTOR('',#5614,1.);
#5614 = DIRECTION('',(1.,-0.,0.));
#5615 = ORIENTED_EDGE('',*,*,#5616,.T.);
#5616 = EDGE_CURVE('',#5609,#5617,#5619,.T.);
#5617 = VERTEX_POINT('',#5618);
#5618 = CARTESIAN_POINT('',(64.125,-321.5060972065,0.));
#5619 = LINE('',#5620,#5621);
#5620 = CARTESIAN_POINT('',(64.125,-333.5060972065,3.552713678801E-15));
#5621 = VECTOR('',#5622,1.);
#5622 = DIRECTION('',(0.,1.,-2.22044604925E-16));
#5623 = ORIENTED_EDGE('',*,*,#5624,.T.);
#5624 = EDGE_CURVE('',#5617,#5625,#5627,.T.);
#5625 = VERTEX_POINT('',#5626);
#5626 = CARTESIAN_POINT('',(62.125,-321.5060972065,0.));
#5627 = LINE('',#5628,#5629);
#5628 = CARTESIAN_POINT('',(62.0625,-321.5060972065,0.));
#5629 = VECTOR('',#5630,1.);
#5630 = DIRECTION('',(-1.,0.,0.));
#5631 = ORIENTED_EDGE('',*,*,#5632,.F.);
#5632 = EDGE_CURVE('',#5633,#5625,#5635,.T.);
#5633 = VERTEX_POINT('',#5634);
#5634 = CARTESIAN_POINT('',(62.125,-345.5060972065,5.329070518201E-15));
#5635 = LINE('',#5636,#5637);
#5636 = CARTESIAN_POINT('',(62.125,-333.5060972065,3.552713678801E-15));
#5637 = VECTOR('',#5638,1.);
#5638 = DIRECTION('',(0.,1.,-2.22044604925E-16));
#5639 = ORIENTED_EDGE('',*,*,#5640,.F.);
#5640 = EDGE_CURVE('',#5641,#5633,#5643,.T.);
#5641 = VERTEX_POINT('',#5642);
#5642 = CARTESIAN_POINT('',(57.875,-345.5060972065,5.329070518201E-15));
#5643 = LINE('',#5644,#5645);
#5644 = CARTESIAN_POINT('',(72.5,-345.5060972065,5.329070518201E-15));
#5645 = VECTOR('',#5646,1.);
#5646 = DIRECTION('',(1.,-0.,0.));
#5647 = ORIENTED_EDGE('',*,*,#5648,.T.);
#5648 = EDGE_CURVE('',#5641,#5649,#5651,.T.);
#5649 = VERTEX_POINT('',#5650);
#5650 = CARTESIAN_POINT('',(57.875,-321.5060972065,0.));
#5651 = LINE('',#5652,#5653);
#5652 = CARTESIAN_POINT('',(57.875,-333.5060972065,3.552713678801E-15));
#5653 = VECTOR('',#5654,1.);
#5654 = DIRECTION('',(0.,1.,-2.22044604925E-16));
#5655 = ORIENTED_EDGE('',*,*,#5656,.T.);
#5656 = EDGE_CURVE('',#5649,#5657,#5659,.T.);
#5657 = VERTEX_POINT('',#5658);
#5658 = CARTESIAN_POINT('',(55.875,-321.5060972065,0.));
#5659 = LINE('',#5660,#5661);
#5660 = CARTESIAN_POINT('',(58.9375,-321.5060972065,0.));
#5661 = VECTOR('',#5662,1.);
#5662 = DIRECTION('',(-1.,0.,0.));
#5663 = ORIENTED_EDGE('',*,*,#5664,.F.);
#5664 = EDGE_CURVE('',#5665,#5657,#5667,.T.);
#5665 = VERTEX_POINT('',#5666);
#5666 = CARTESIAN_POINT('',(55.875,-345.5060972065,5.329070518201E-15));
#5667 = LINE('',#5668,#5669);
#5668 = CARTESIAN_POINT('',(55.875,-333.5060972065,3.552713678801E-15));
#5669 = VECTOR('',#5670,1.);
#5670 = DIRECTION('',(0.,1.,-2.22044604925E-16));
#5671 = ORIENTED_EDGE('',*,*,#5672,.F.);
#5672 = EDGE_CURVE('',#5673,#5665,#5675,.T.);
#5673 = VERTEX_POINT('',#5674);
#5674 = CARTESIAN_POINT('',(51.625,-345.5060972065,5.329070518201E-15));
#5675 = LINE('',#5676,#5677);
#5676 = CARTESIAN_POINT('',(72.5,-345.5060972065,5.329070518201E-15));
#5677 = VECTOR('',#5678,1.);
#5678 = DIRECTION('',(1.,-0.,0.));
#5679 = ORIENTED_EDGE('',*,*,#5680,.T.);
#5680 = EDGE_CURVE('',#5673,#5681,#5683,.T.);
#5681 = VERTEX_POINT('',#5682);
#5682 = CARTESIAN_POINT('',(51.625,-321.5060972065,0.));
#5683 = LINE('',#5684,#5685);
#5684 = CARTESIAN_POINT('',(51.625,-333.5060972065,3.552713678801E-15));
#5685 = VECTOR('',#5686,1.);
#5686 = DIRECTION('',(0.,1.,-2.22044604925E-16));
#5687 = ORIENTED_EDGE('',*,*,#5688,.T.);
#5688 = EDGE_CURVE('',#5681,#5689,#5691,.T.);
#5689 = VERTEX_POINT('',#5690);
#5690 = CARTESIAN_POINT('',(49.625,-321.5060972065,0.));
#5691 = LINE('',#5692,#5693);
#5692 = CARTESIAN_POINT('',(55.8125,-321.5060972065,0.));
#5693 = VECTOR('',#5694,1.);
#5694 = DIRECTION('',(-1.,0.,0.));
#5695 = ORIENTED_EDGE('',*,*,#5696,.F.);
#5696 = EDGE_CURVE('',#5697,#5689,#5699,.T.);
#5697 = VERTEX_POINT('',#5698);
#5698 = CARTESIAN_POINT('',(49.625,-345.5060972065,5.329070518201E-15));
#5699 = LINE('',#5700,#5701);
#5700 = CARTESIAN_POINT('',(49.625,-333.5060972065,3.552713678801E-15));
#5701 = VECTOR('',#5702,1.);
#5702 = DIRECTION('',(0.,1.,-2.22044604925E-16));
#5703 = ORIENTED_EDGE('',*,*,#5704,.F.);
#5704 = EDGE_CURVE('',#5705,#5697,#5707,.T.);
#5705 = VERTEX_POINT('',#5706);
#5706 = CARTESIAN_POINT('',(45.375,-345.5060972065,5.329070518201E-15));
#5707 = LINE('',#5708,#5709);
#5708 = CARTESIAN_POINT('',(72.5,-345.5060972065,5.329070518201E-15));
#5709 = VECTOR('',#5710,1.);
#5710 = DIRECTION('',(1.,-0.,0.));
#5711 = ORIENTED_EDGE('',*,*,#5712,.T.);
#5712 = EDGE_CURVE('',#5705,#5713,#5715,.T.);
#5713 = VERTEX_POINT('',#5714);
#5714 = CARTESIAN_POINT('',(45.375,-321.5060972065,0.));
#5715 = LINE('',#5716,#5717);
#5716 = CARTESIAN_POINT('',(45.375,-333.5060972065,3.552713678801E-15));
#5717 = VECTOR('',#5718,1.);
#5718 = DIRECTION('',(0.,1.,-2.22044604925E-16));
#5719 = ORIENTED_EDGE('',*,*,#5720,.T.);
#5720 = EDGE_CURVE('',#5713,#5721,#5723,.T.);
#5721 = VERTEX_POINT('',#5722);
#5722 = CARTESIAN_POINT('',(43.375,-321.5060972065,0.));
#5723 = LINE('',#5724,#5725);
#5724 = CARTESIAN_POINT('',(52.6875,-321.5060972065,0.));
#5725 = VECTOR('',#5726,1.);
#5726 = DIRECTION('',(-1.,0.,0.));
#5727 = ORIENTED_EDGE('',*,*,#5728,.F.);
#5728 = EDGE_CURVE('',#5729,#5721,#5731,.T.);
#5729 = VERTEX_POINT('',#5730);
#5730 = CARTESIAN_POINT('',(43.375,-345.5060972065,5.329070518201E-15));
#5731 = LINE('',#5732,#5733);
#5732 = CARTESIAN_POINT('',(43.375,-333.5060972065,3.552713678801E-15));
#5733 = VECTOR('',#5734,1.);
#5734 = DIRECTION('',(0.,1.,-2.22044604925E-16));
#5735 = ORIENTED_EDGE('',*,*,#5736,.F.);
#5736 = EDGE_CURVE('',#5737,#5729,#5739,.T.);
#5737 = VERTEX_POINT('',#5738);
#5738 = CARTESIAN_POINT('',(39.125,-345.5060972065,5.329070518201E-15));
#5739 = LINE('',#5740,#5741);
#5740 = CARTESIAN_POINT('',(72.5,-345.5060972065,5.329070518201E-15));
#5741 = VECTOR('',#5742,1.);
#5742 = DIRECTION('',(1.,-0.,0.));
#5743 = ORIENTED_EDGE('',*,*,#5744,.T.);
#5744 = EDGE_CURVE('',#5737,#5745,#5747,.T.);
#5745 = VERTEX_POINT('',#5746);
#5746 = CARTESIAN_POINT('',(39.125,-321.5060972065,0.));
#5747 = LINE('',#5748,#5749);
#5748 = CARTESIAN_POINT('',(39.125,-333.5060972065,3.552713678801E-15));
#5749 = VECTOR('',#5750,1.);
#5750 = DIRECTION('',(0.,1.,-2.22044604925E-16));
#5751 = ORIENTED_EDGE('',*,*,#5752,.T.);
#5752 = EDGE_CURVE('',#5745,#5753,#5755,.T.);
#5753 = VERTEX_POINT('',#5754);
#5754 = CARTESIAN_POINT('',(37.125,-321.5060972065,0.));
#5755 = LINE('',#5756,#5757);
#5756 = CARTESIAN_POINT('',(49.5625,-321.5060972065,0.));
#5757 = VECTOR('',#5758,1.);
#5758 = DIRECTION('',(-1.,0.,0.));
#5759 = ORIENTED_EDGE('',*,*,#5760,.F.);
#5760 = EDGE_CURVE('',#5761,#5753,#5763,.T.);
#5761 = VERTEX_POINT('',#5762);
#5762 = CARTESIAN_POINT('',(37.125,-345.5060972065,5.329070518201E-15));
#5763 = LINE('',#5764,#5765);
#5764 = CARTESIAN_POINT('',(37.125,-333.5060972065,3.552713678801E-15));
#5765 = VECTOR('',#5766,1.);
#5766 = DIRECTION('',(0.,1.,-2.22044604925E-16));
#5767 = ORIENTED_EDGE('',*,*,#5768,.F.);
#5768 = EDGE_CURVE('',#5472,#5761,#5769,.T.);
#5769 = LINE('',#5770,#5771);
#5770 = CARTESIAN_POINT('',(72.5,-345.5060972065,5.329070518201E-15));
#5771 = VECTOR('',#5772,1.);
#5772 = DIRECTION('',(1.,-0.,0.));
#5773 = PLANE('',#5774);
#5774 = AXIS2_PLACEMENT_3D('',#5775,#5776,#5777);
#5775 = CARTESIAN_POINT('',(60.,-295.5060972065,-5.329070518201E-15));
#5776 = DIRECTION('',(0.,-2.22044604925E-16,-1.));
#5777 = DIRECTION('',(0.,-1.,2.22044604925E-16));
#5778 = SHELL_BASED_SURFACE_MODEL('',(#5779));
#5779 = OPEN_SHELL('',(#5780));
#5780 = ADVANCED_FACE('',(#5781),#6105,.T.);
#5781 = FACE_BOUND('',#5782,.T.);
#5782 = EDGE_LOOP('',(#5783,#5793,#5801,#5810,#5818,#5827,#5835,#5843,
    #5851,#5859,#5867,#5875,#5883,#5891,#5899,#5907,#5915,#5923,#5931,
    #5939,#5947,#5955,#5963,#5971,#5979,#5987,#5995,#6003,#6011,#6019,
    #6027,#6035,#6043,#6051,#6059,#6067,#6075,#6083,#6091,#6099));
#5783 = ORIENTED_EDGE('',*,*,#5784,.F.);
#5784 = EDGE_CURVE('',#5785,#5787,#5789,.T.);
#5785 = VERTEX_POINT('',#5786);
#5786 = CARTESIAN_POINT('',(95.,-295.8800995317,-5.329070518201E-15));
#5787 = VERTEX_POINT('',#5788);
#5788 = CARTESIAN_POINT('',(95.,-343.8800995317,5.329070518201E-15));
#5789 = LINE('',#5790,#5791);
#5790 = CARTESIAN_POINT('',(95.,-268.8800995317,-1.06581410364E-14));
#5791 = VECTOR('',#5792,1.);
#5792 = DIRECTION('',(0.,-1.,2.22044604925E-16));
#5793 = ORIENTED_EDGE('',*,*,#5794,.T.);
#5794 = EDGE_CURVE('',#5785,#5795,#5797,.T.);
#5795 = VERTEX_POINT('',#5796);
#5796 = CARTESIAN_POINT('',(102.33338246862,-295.8800995317,
    -7.105427357601E-15));
#5797 = LINE('',#5798,#5799);
#5798 = CARTESIAN_POINT('',(120.,-295.8800995317,-5.329070518201E-15));
#5799 = VECTOR('',#5800,1.);
#5800 = DIRECTION('',(1.,-0.,0.));
#5801 = ORIENTED_EDGE('',*,*,#5802,.T.);
#5802 = EDGE_CURVE('',#5795,#5803,#5805,.T.);
#5803 = VERTEX_POINT('',#5804);
#5804 = CARTESIAN_POINT('',(116.52014727323,-306.6058225317,
    -1.7763568394E-15));
#5805 = HYPERBOLA('',#5806,10.0553653125,9.375);
#5806 = AXIS2_PLACEMENT_3D('',#5807,#5808,#5809);
#5807 = CARTESIAN_POINT('',(120.,-317.3315455317,0.));
#5808 = DIRECTION('',(0.,-2.22044604925E-16,-1.));
#5809 = DIRECTION('',(0.,1.,-2.22044604925E-16));
#5810 = ORIENTED_EDGE('',*,*,#5811,.F.);
#5811 = EDGE_CURVE('',#5812,#5803,#5814,.T.);
#5812 = VERTEX_POINT('',#5813);
#5813 = CARTESIAN_POINT('',(123.47985272676,-306.6058225317,
    -3.552713678801E-15));
#5814 = LINE('',#5815,#5816);
#5815 = CARTESIAN_POINT('',(120.,-306.6058225317,-1.7763568394E-15));
#5816 = VECTOR('',#5817,1.);
#5817 = DIRECTION('',(-1.,0.,0.));
#5818 = ORIENTED_EDGE('',*,*,#5819,.T.);
#5819 = EDGE_CURVE('',#5812,#5820,#5822,.T.);
#5820 = VERTEX_POINT('',#5821);
#5821 = CARTESIAN_POINT('',(137.66661753137,-295.8800995317,
    -5.329070518201E-15));
#5822 = HYPERBOLA('',#5823,10.0553653125,9.375);
#5823 = AXIS2_PLACEMENT_3D('',#5824,#5825,#5826);
#5824 = CARTESIAN_POINT('',(120.,-317.3315455317,0.));
#5825 = DIRECTION('',(0.,-2.22044604925E-16,-1.));
#5826 = DIRECTION('',(0.,1.,-2.22044604925E-16));
#5827 = ORIENTED_EDGE('',*,*,#5828,.T.);
#5828 = EDGE_CURVE('',#5820,#5829,#5831,.T.);
#5829 = VERTEX_POINT('',#5830);
#5830 = CARTESIAN_POINT('',(145.,-295.8800995317,-5.329070518201E-15));
#5831 = LINE('',#5832,#5833);
#5832 = CARTESIAN_POINT('',(120.,-295.8800995317,-5.329070518201E-15));
#5833 = VECTOR('',#5834,1.);
#5834 = DIRECTION('',(1.,-0.,0.));
#5835 = ORIENTED_EDGE('',*,*,#5836,.T.);
#5836 = EDGE_CURVE('',#5829,#5837,#5839,.T.);
#5837 = VERTEX_POINT('',#5838);
#5838 = CARTESIAN_POINT('',(145.,-343.8800995317,5.329070518201E-15));
#5839 = LINE('',#5840,#5841);
#5840 = CARTESIAN_POINT('',(145.,-268.8800995317,-1.06581410364E-14));
#5841 = VECTOR('',#5842,1.);
#5842 = DIRECTION('',(0.,-1.,2.22044604925E-16));
#5843 = ORIENTED_EDGE('',*,*,#5844,.F.);
#5844 = EDGE_CURVE('',#5845,#5837,#5847,.T.);
#5845 = VERTEX_POINT('',#5846);
#5846 = CARTESIAN_POINT('',(142.875,-343.8800995317,5.329070518201E-15)
  );
#5847 = LINE('',#5848,#5849);
#5848 = CARTESIAN_POINT('',(132.5,-343.8800995317,5.329070518201E-15));
#5849 = VECTOR('',#5850,1.);
#5850 = DIRECTION('',(1.,-0.,0.));
#5851 = ORIENTED_EDGE('',*,*,#5852,.T.);
#5852 = EDGE_CURVE('',#5845,#5853,#5855,.T.);
#5853 = VERTEX_POINT('',#5854);
#5854 = CARTESIAN_POINT('',(142.875,-319.8800995317,0.));
#5855 = LINE('',#5856,#5857);
#5856 = CARTESIAN_POINT('',(142.875,-331.8800995317,3.552713678801E-15)
  );
#5857 = VECTOR('',#5858,1.);
#5858 = DIRECTION('',(0.,1.,-2.22044604925E-16));
#5859 = ORIENTED_EDGE('',*,*,#5860,.T.);
#5860 = EDGE_CURVE('',#5853,#5861,#5863,.T.);
#5861 = VERTEX_POINT('',#5862);
#5862 = CARTESIAN_POINT('',(140.875,-319.8800995317,0.));
#5863 = LINE('',#5864,#5865);
#5864 = CARTESIAN_POINT('',(131.4375,-319.8800995317,0.));
#5865 = VECTOR('',#5866,1.);
#5866 = DIRECTION('',(-1.,0.,0.));
#5867 = ORIENTED_EDGE('',*,*,#5868,.F.);
#5868 = EDGE_CURVE('',#5869,#5861,#5871,.T.);
#5869 = VERTEX_POINT('',#5870);
#5870 = CARTESIAN_POINT('',(140.875,-343.8800995317,5.329070518201E-15)
  );
#5871 = LINE('',#5872,#5873);
#5872 = CARTESIAN_POINT('',(140.875,-331.8800995317,3.552713678801E-15)
  );
#5873 = VECTOR('',#5874,1.);
#5874 = DIRECTION('',(0.,1.,-2.22044604925E-16));
#5875 = ORIENTED_EDGE('',*,*,#5876,.F.);
#5876 = EDGE_CURVE('',#5877,#5869,#5879,.T.);
#5877 = VERTEX_POINT('',#5878);
#5878 = CARTESIAN_POINT('',(136.625,-343.8800995317,5.329070518201E-15)
  );
#5879 = LINE('',#5880,#5881);
#5880 = CARTESIAN_POINT('',(132.5,-343.8800995317,5.329070518201E-15));
#5881 = VECTOR('',#5882,1.);
#5882 = DIRECTION('',(1.,-0.,0.));
#5883 = ORIENTED_EDGE('',*,*,#5884,.T.);
#5884 = EDGE_CURVE('',#5877,#5885,#5887,.T.);
#5885 = VERTEX_POINT('',#5886);
#5886 = CARTESIAN_POINT('',(136.625,-319.8800995317,0.));
#5887 = LINE('',#5888,#5889);
#5888 = CARTESIAN_POINT('',(136.625,-331.8800995317,3.552713678801E-15)
  );
#5889 = VECTOR('',#5890,1.);
#5890 = DIRECTION('',(0.,1.,-2.22044604925E-16));
#5891 = ORIENTED_EDGE('',*,*,#5892,.T.);
#5892 = EDGE_CURVE('',#5885,#5893,#5895,.T.);
#5893 = VERTEX_POINT('',#5894);
#5894 = CARTESIAN_POINT('',(134.625,-319.8800995317,0.));
#5895 = LINE('',#5896,#5897);
#5896 = CARTESIAN_POINT('',(128.3125,-319.8800995317,0.));
#5897 = VECTOR('',#5898,1.);
#5898 = DIRECTION('',(-1.,0.,0.));
#5899 = ORIENTED_EDGE('',*,*,#5900,.F.);
#5900 = EDGE_CURVE('',#5901,#5893,#5903,.T.);
#5901 = VERTEX_POINT('',#5902);
#5902 = CARTESIAN_POINT('',(134.625,-343.8800995317,5.329070518201E-15)
  );
#5903 = LINE('',#5904,#5905);
#5904 = CARTESIAN_POINT('',(134.625,-331.8800995317,3.552713678801E-15)
  );
#5905 = VECTOR('',#5906,1.);
#5906 = DIRECTION('',(0.,1.,-2.22044604925E-16));
#5907 = ORIENTED_EDGE('',*,*,#5908,.F.);
#5908 = EDGE_CURVE('',#5909,#5901,#5911,.T.);
#5909 = VERTEX_POINT('',#5910);
#5910 = CARTESIAN_POINT('',(130.375,-343.8800995317,5.329070518201E-15)
  );
#5911 = LINE('',#5912,#5913);
#5912 = CARTESIAN_POINT('',(132.5,-343.8800995317,5.329070518201E-15));
#5913 = VECTOR('',#5914,1.);
#5914 = DIRECTION('',(1.,-0.,0.));
#5915 = ORIENTED_EDGE('',*,*,#5916,.T.);
#5916 = EDGE_CURVE('',#5909,#5917,#5919,.T.);
#5917 = VERTEX_POINT('',#5918);
#5918 = CARTESIAN_POINT('',(130.375,-319.8800995317,0.));
#5919 = LINE('',#5920,#5921);
#5920 = CARTESIAN_POINT('',(130.375,-331.8800995317,3.552713678801E-15)
  );
#5921 = VECTOR('',#5922,1.);
#5922 = DIRECTION('',(0.,1.,-2.22044604925E-16));
#5923 = ORIENTED_EDGE('',*,*,#5924,.T.);
#5924 = EDGE_CURVE('',#5917,#5925,#5927,.T.);
#5925 = VERTEX_POINT('',#5926);
#5926 = CARTESIAN_POINT('',(128.375,-319.8800995317,0.));
#5927 = LINE('',#5928,#5929);
#5928 = CARTESIAN_POINT('',(125.1875,-319.8800995317,0.));
#5929 = VECTOR('',#5930,1.);
#5930 = DIRECTION('',(-1.,0.,0.));
#5931 = ORIENTED_EDGE('',*,*,#5932,.F.);
#5932 = EDGE_CURVE('',#5933,#5925,#5935,.T.);
#5933 = VERTEX_POINT('',#5934);
#5934 = CARTESIAN_POINT('',(128.375,-343.8800995317,5.329070518201E-15)
  );
#5935 = LINE('',#5936,#5937);
#5936 = CARTESIAN_POINT('',(128.375,-331.8800995317,3.552713678801E-15)
  );
#5937 = VECTOR('',#5938,1.);
#5938 = DIRECTION('',(0.,1.,-2.22044604925E-16));
#5939 = ORIENTED_EDGE('',*,*,#5940,.F.);
#5940 = EDGE_CURVE('',#5941,#5933,#5943,.T.);
#5941 = VERTEX_POINT('',#5942);
#5942 = CARTESIAN_POINT('',(124.125,-343.8800995317,5.329070518201E-15)
  );
#5943 = LINE('',#5944,#5945);
#5944 = CARTESIAN_POINT('',(132.5,-343.8800995317,5.329070518201E-15));
#5945 = VECTOR('',#5946,1.);
#5946 = DIRECTION('',(1.,-0.,0.));
#5947 = ORIENTED_EDGE('',*,*,#5948,.T.);
#5948 = EDGE_CURVE('',#5941,#5949,#5951,.T.);
#5949 = VERTEX_POINT('',#5950);
#5950 = CARTESIAN_POINT('',(124.125,-319.8800995317,0.));
#5951 = LINE('',#5952,#5953);
#5952 = CARTESIAN_POINT('',(124.125,-331.8800995317,3.552713678801E-15)
  );
#5953 = VECTOR('',#5954,1.);
#5954 = DIRECTION('',(0.,1.,-2.22044604925E-16));
#5955 = ORIENTED_EDGE('',*,*,#5956,.T.);
#5956 = EDGE_CURVE('',#5949,#5957,#5959,.T.);
#5957 = VERTEX_POINT('',#5958);
#5958 = CARTESIAN_POINT('',(122.125,-319.8800995317,0.));
#5959 = LINE('',#5960,#5961);
#5960 = CARTESIAN_POINT('',(122.0625,-319.8800995317,0.));
#5961 = VECTOR('',#5962,1.);
#5962 = DIRECTION('',(-1.,0.,0.));
#5963 = ORIENTED_EDGE('',*,*,#5964,.F.);
#5964 = EDGE_CURVE('',#5965,#5957,#5967,.T.);
#5965 = VERTEX_POINT('',#5966);
#5966 = CARTESIAN_POINT('',(122.125,-343.8800995317,5.329070518201E-15)
  );
#5967 = LINE('',#5968,#5969);
#5968 = CARTESIAN_POINT('',(122.125,-331.8800995317,3.552713678801E-15)
  );
#5969 = VECTOR('',#5970,1.);
#5970 = DIRECTION('',(0.,1.,-2.22044604925E-16));
#5971 = ORIENTED_EDGE('',*,*,#5972,.F.);
#5972 = EDGE_CURVE('',#5973,#5965,#5975,.T.);
#5973 = VERTEX_POINT('',#5974);
#5974 = CARTESIAN_POINT('',(117.875,-343.8800995317,5.329070518201E-15)
  );
#5975 = LINE('',#5976,#5977);
#5976 = CARTESIAN_POINT('',(132.5,-343.8800995317,5.329070518201E-15));
#5977 = VECTOR('',#5978,1.);
#5978 = DIRECTION('',(1.,-0.,0.));
#5979 = ORIENTED_EDGE('',*,*,#5980,.T.);
#5980 = EDGE_CURVE('',#5973,#5981,#5983,.T.);
#5981 = VERTEX_POINT('',#5982);
#5982 = CARTESIAN_POINT('',(117.875,-319.8800995317,0.));
#5983 = LINE('',#5984,#5985);
#5984 = CARTESIAN_POINT('',(117.875,-331.8800995317,3.552713678801E-15)
  );
#5985 = VECTOR('',#5986,1.);
#5986 = DIRECTION('',(0.,1.,-2.22044604925E-16));
#5987 = ORIENTED_EDGE('',*,*,#5988,.T.);
#5988 = EDGE_CURVE('',#5981,#5989,#5991,.T.);
#5989 = VERTEX_POINT('',#5990);
#5990 = CARTESIAN_POINT('',(115.875,-319.8800995317,0.));
#5991 = LINE('',#5992,#5993);
#5992 = CARTESIAN_POINT('',(118.9375,-319.8800995317,0.));
#5993 = VECTOR('',#5994,1.);
#5994 = DIRECTION('',(-1.,0.,0.));
#5995 = ORIENTED_EDGE('',*,*,#5996,.F.);
#5996 = EDGE_CURVE('',#5997,#5989,#5999,.T.);
#5997 = VERTEX_POINT('',#5998);
#5998 = CARTESIAN_POINT('',(115.875,-343.8800995317,5.329070518201E-15)
  );
#5999 = LINE('',#6000,#6001);
#6000 = CARTESIAN_POINT('',(115.875,-331.8800995317,3.552713678801E-15)
  );
#6001 = VECTOR('',#6002,1.);
#6002 = DIRECTION('',(0.,1.,-2.22044604925E-16));
#6003 = ORIENTED_EDGE('',*,*,#6004,.F.);
#6004 = EDGE_CURVE('',#6005,#5997,#6007,.T.);
#6005 = VERTEX_POINT('',#6006);
#6006 = CARTESIAN_POINT('',(111.625,-343.8800995317,5.329070518201E-15)
  );
#6007 = LINE('',#6008,#6009);
#6008 = CARTESIAN_POINT('',(132.5,-343.8800995317,5.329070518201E-15));
#6009 = VECTOR('',#6010,1.);
#6010 = DIRECTION('',(1.,-0.,0.));
#6011 = ORIENTED_EDGE('',*,*,#6012,.T.);
#6012 = EDGE_CURVE('',#6005,#6013,#6015,.T.);
#6013 = VERTEX_POINT('',#6014);
#6014 = CARTESIAN_POINT('',(111.625,-319.8800995317,0.));
#6015 = LINE('',#6016,#6017);
#6016 = CARTESIAN_POINT('',(111.625,-331.8800995317,3.552713678801E-15)
  );
#6017 = VECTOR('',#6018,1.);
#6018 = DIRECTION('',(0.,1.,-2.22044604925E-16));
#6019 = ORIENTED_EDGE('',*,*,#6020,.T.);
#6020 = EDGE_CURVE('',#6013,#6021,#6023,.T.);
#6021 = VERTEX_POINT('',#6022);
#6022 = CARTESIAN_POINT('',(109.625,-319.8800995317,0.));
#6023 = LINE('',#6024,#6025);
#6024 = CARTESIAN_POINT('',(115.8125,-319.8800995317,0.));
#6025 = VECTOR('',#6026,1.);
#6026 = DIRECTION('',(-1.,0.,0.));
#6027 = ORIENTED_EDGE('',*,*,#6028,.F.);
#6028 = EDGE_CURVE('',#6029,#6021,#6031,.T.);
#6029 = VERTEX_POINT('',#6030);
#6030 = CARTESIAN_POINT('',(109.625,-343.8800995317,5.329070518201E-15)
  );
#6031 = LINE('',#6032,#6033);
#6032 = CARTESIAN_POINT('',(109.625,-331.8800995317,3.552713678801E-15)
  );
#6033 = VECTOR('',#6034,1.);
#6034 = DIRECTION('',(0.,1.,-2.22044604925E-16));
#6035 = ORIENTED_EDGE('',*,*,#6036,.F.);
#6036 = EDGE_CURVE('',#6037,#6029,#6039,.T.);
#6037 = VERTEX_POINT('',#6038);
#6038 = CARTESIAN_POINT('',(105.375,-343.8800995317,5.329070518201E-15)
  );
#6039 = LINE('',#6040,#6041);
#6040 = CARTESIAN_POINT('',(132.5,-343.8800995317,5.329070518201E-15));
#6041 = VECTOR('',#6042,1.);
#6042 = DIRECTION('',(1.,-0.,0.));
#6043 = ORIENTED_EDGE('',*,*,#6044,.T.);
#6044 = EDGE_CURVE('',#6037,#6045,#6047,.T.);
#6045 = VERTEX_POINT('',#6046);
#6046 = CARTESIAN_POINT('',(105.375,-319.8800995317,0.));
#6047 = LINE('',#6048,#6049);
#6048 = CARTESIAN_POINT('',(105.375,-331.8800995317,3.552713678801E-15)
  );
#6049 = VECTOR('',#6050,1.);
#6050 = DIRECTION('',(0.,1.,-2.22044604925E-16));
#6051 = ORIENTED_EDGE('',*,*,#6052,.T.);
#6052 = EDGE_CURVE('',#6045,#6053,#6055,.T.);
#6053 = VERTEX_POINT('',#6054);
#6054 = CARTESIAN_POINT('',(103.375,-319.8800995317,0.));
#6055 = LINE('',#6056,#6057);
#6056 = CARTESIAN_POINT('',(112.6875,-319.8800995317,0.));
#6057 = VECTOR('',#6058,1.);
#6058 = DIRECTION('',(-1.,0.,0.));
#6059 = ORIENTED_EDGE('',*,*,#6060,.F.);
#6060 = EDGE_CURVE('',#6061,#6053,#6063,.T.);
#6061 = VERTEX_POINT('',#6062);
#6062 = CARTESIAN_POINT('',(103.375,-343.8800995317,5.329070518201E-15)
  );
#6063 = LINE('',#6064,#6065);
#6064 = CARTESIAN_POINT('',(103.375,-331.8800995317,3.552713678801E-15)
  );
#6065 = VECTOR('',#6066,1.);
#6066 = DIRECTION('',(0.,1.,-2.22044604925E-16));
#6067 = ORIENTED_EDGE('',*,*,#6068,.F.);
#6068 = EDGE_CURVE('',#6069,#6061,#6071,.T.);
#6069 = VERTEX_POINT('',#6070);
#6070 = CARTESIAN_POINT('',(99.125,-343.8800995317,5.329070518201E-15));
#6071 = LINE('',#6072,#6073);
#6072 = CARTESIAN_POINT('',(132.5,-343.8800995317,5.329070518201E-15));
#6073 = VECTOR('',#6074,1.);
#6074 = DIRECTION('',(1.,-0.,0.));
#6075 = ORIENTED_EDGE('',*,*,#6076,.T.);
#6076 = EDGE_CURVE('',#6069,#6077,#6079,.T.);
#6077 = VERTEX_POINT('',#6078);
#6078 = CARTESIAN_POINT('',(99.125,-319.8800995317,0.));
#6079 = LINE('',#6080,#6081);
#6080 = CARTESIAN_POINT('',(99.125,-331.8800995317,3.552713678801E-15));
#6081 = VECTOR('',#6082,1.);
#6082 = DIRECTION('',(0.,1.,-2.22044604925E-16));
#6083 = ORIENTED_EDGE('',*,*,#6084,.T.);
#6084 = EDGE_CURVE('',#6077,#6085,#6087,.T.);
#6085 = VERTEX_POINT('',#6086);
#6086 = CARTESIAN_POINT('',(97.125,-319.8800995317,0.));
#6087 = LINE('',#6088,#6089);
#6088 = CARTESIAN_POINT('',(109.5625,-319.8800995317,0.));
#6089 = VECTOR('',#6090,1.);
#6090 = DIRECTION('',(-1.,0.,0.));
#6091 = ORIENTED_EDGE('',*,*,#6092,.F.);
#6092 = EDGE_CURVE('',#6093,#6085,#6095,.T.);
#6093 = VERTEX_POINT('',#6094);
#6094 = CARTESIAN_POINT('',(97.125,-343.8800995317,5.329070518201E-15));
#6095 = LINE('',#6096,#6097);
#6096 = CARTESIAN_POINT('',(97.125,-331.8800995317,3.552713678801E-15));
#6097 = VECTOR('',#6098,1.);
#6098 = DIRECTION('',(0.,1.,-2.22044604925E-16));
#6099 = ORIENTED_EDGE('',*,*,#6100,.F.);
#6100 = EDGE_CURVE('',#5787,#6093,#6101,.T.);
#6101 = LINE('',#6102,#6103);
#6102 = CARTESIAN_POINT('',(132.5,-343.8800995317,5.329070518201E-15));
#6103 = VECTOR('',#6104,1.);
#6104 = DIRECTION('',(1.,-0.,0.));
#6105 = PLANE('',#6106);
#6106 = AXIS2_PLACEMENT_3D('',#6107,#6108,#6109);
#6107 = CARTESIAN_POINT('',(120.,-293.8800995317,-5.329070518201E-15));
#6108 = DIRECTION('',(0.,-2.22044604925E-16,-1.));
#6109 = DIRECTION('',(0.,-1.,2.22044604925E-16));
#6110 = SHELL_BASED_SURFACE_MODEL('',(#6111));
#6111 = OPEN_SHELL('',(#6112));
#6112 = ADVANCED_FACE('',(#6113),#6437,.T.);
#6113 = FACE_BOUND('',#6114,.T.);
#6114 = EDGE_LOOP('',(#6115,#6125,#6133,#6142,#6150,#6159,#6167,#6175,
    #6183,#6191,#6199,#6207,#6215,#6223,#6231,#6239,#6247,#6255,#6263,
    #6271,#6279,#6287,#6295,#6303,#6311,#6319,#6327,#6335,#6343,#6351,
    #6359,#6367,#6375,#6383,#6391,#6399,#6407,#6415,#6423,#6431));
#6115 = ORIENTED_EDGE('',*,*,#6116,.F.);
#6116 = EDGE_CURVE('',#6117,#6119,#6121,.T.);
#6117 = VERTEX_POINT('',#6118);
#6118 = CARTESIAN_POINT('',(155.,-295.1489556533,-5.329070518201E-15));
#6119 = VERTEX_POINT('',#6120);
#6120 = CARTESIAN_POINT('',(155.,-343.1489556533,5.329070518201E-15));
#6121 = LINE('',#6122,#6123);
#6122 = CARTESIAN_POINT('',(155.,-268.1489556533,-1.110223024625E-14));
#6123 = VECTOR('',#6124,1.);
#6124 = DIRECTION('',(0.,-1.,2.22044604925E-16));
#6125 = ORIENTED_EDGE('',*,*,#6126,.T.);
#6126 = EDGE_CURVE('',#6117,#6127,#6129,.T.);
#6127 = VERTEX_POINT('',#6128);
#6128 = CARTESIAN_POINT('',(160.2456492134,-295.1489556533,
    -4.440892098501E-15));
#6129 = LINE('',#6130,#6131);
#6130 = CARTESIAN_POINT('',(180.,-295.1489556533,-5.329070518201E-15));
#6131 = VECTOR('',#6132,1.);
#6132 = DIRECTION('',(1.,-0.,0.));
#6133 = ORIENTED_EDGE('',*,*,#6134,.T.);
#6134 = EDGE_CURVE('',#6127,#6135,#6137,.T.);
#6135 = VERTEX_POINT('',#6136);
#6136 = CARTESIAN_POINT('',(170.50082240401,-305.8746786533,
    -1.33226762955E-15));
#6137 = HYPERBOLA('',#6138,3.3517884375,3.125);
#6138 = AXIS2_PLACEMENT_3D('',#6139,#6140,#6141);
#6139 = CARTESIAN_POINT('',(180.,-316.6004016533,-4.440892098501E-16));
#6140 = DIRECTION('',(0.,-2.22044604925E-16,-1.));
#6141 = DIRECTION('',(0.,1.,-2.22044604925E-16));
#6142 = ORIENTED_EDGE('',*,*,#6143,.F.);
#6143 = EDGE_CURVE('',#6144,#6135,#6146,.T.);
#6144 = VERTEX_POINT('',#6145);
#6145 = CARTESIAN_POINT('',(189.49917759598,-305.8746786533,
    -3.10862446895E-15));
#6146 = LINE('',#6147,#6148);
#6147 = CARTESIAN_POINT('',(180.,-305.8746786533,-3.10862446895E-15));
#6148 = VECTOR('',#6149,1.);
#6149 = DIRECTION('',(-1.,0.,0.));
#6150 = ORIENTED_EDGE('',*,*,#6151,.T.);
#6151 = EDGE_CURVE('',#6144,#6152,#6154,.T.);
#6152 = VERTEX_POINT('',#6153);
#6153 = CARTESIAN_POINT('',(199.75435078659,-295.1489556533,
    -5.329070518201E-15));
#6154 = HYPERBOLA('',#6155,3.3517884375,3.125);
#6155 = AXIS2_PLACEMENT_3D('',#6156,#6157,#6158);
#6156 = CARTESIAN_POINT('',(180.,-316.6004016533,-4.440892098501E-16));
#6157 = DIRECTION('',(0.,-2.22044604925E-16,-1.));
#6158 = DIRECTION('',(0.,1.,-2.22044604925E-16));
#6159 = ORIENTED_EDGE('',*,*,#6160,.T.);
#6160 = EDGE_CURVE('',#6152,#6161,#6163,.T.);
#6161 = VERTEX_POINT('',#6162);
#6162 = CARTESIAN_POINT('',(205.,-295.1489556533,-5.329070518201E-15));
#6163 = LINE('',#6164,#6165);
#6164 = CARTESIAN_POINT('',(180.,-295.1489556533,-5.329070518201E-15));
#6165 = VECTOR('',#6166,1.);
#6166 = DIRECTION('',(1.,-0.,0.));
#6167 = ORIENTED_EDGE('',*,*,#6168,.T.);
#6168 = EDGE_CURVE('',#6161,#6169,#6171,.T.);
#6169 = VERTEX_POINT('',#6170);
#6170 = CARTESIAN_POINT('',(205.,-343.1489556533,5.329070518201E-15));
#6171 = LINE('',#6172,#6173);
#6172 = CARTESIAN_POINT('',(205.,-268.1489556533,-1.110223024625E-14));
#6173 = VECTOR('',#6174,1.);
#6174 = DIRECTION('',(0.,-1.,2.22044604925E-16));
#6175 = ORIENTED_EDGE('',*,*,#6176,.F.);
#6176 = EDGE_CURVE('',#6177,#6169,#6179,.T.);
#6177 = VERTEX_POINT('',#6178);
#6178 = CARTESIAN_POINT('',(202.875,-343.1489556533,5.329070518201E-15)
  );
#6179 = LINE('',#6180,#6181);
#6180 = CARTESIAN_POINT('',(192.5,-343.1489556533,5.329070518201E-15));
#6181 = VECTOR('',#6182,1.);
#6182 = DIRECTION('',(1.,-0.,0.));
#6183 = ORIENTED_EDGE('',*,*,#6184,.T.);
#6184 = EDGE_CURVE('',#6177,#6185,#6187,.T.);
#6185 = VERTEX_POINT('',#6186);
#6186 = CARTESIAN_POINT('',(202.875,-319.1489556533,0.));
#6187 = LINE('',#6188,#6189);
#6188 = CARTESIAN_POINT('',(202.875,-331.1489556533,2.6645352591E-15));
#6189 = VECTOR('',#6190,1.);
#6190 = DIRECTION('',(0.,1.,-2.22044604925E-16));
#6191 = ORIENTED_EDGE('',*,*,#6192,.T.);
#6192 = EDGE_CURVE('',#6185,#6193,#6195,.T.);
#6193 = VERTEX_POINT('',#6194);
#6194 = CARTESIAN_POINT('',(200.875,-319.1489556533,0.));
#6195 = LINE('',#6196,#6197);
#6196 = CARTESIAN_POINT('',(191.4375,-319.1489556533,0.));
#6197 = VECTOR('',#6198,1.);
#6198 = DIRECTION('',(-1.,0.,0.));
#6199 = ORIENTED_EDGE('',*,*,#6200,.F.);
#6200 = EDGE_CURVE('',#6201,#6193,#6203,.T.);
#6201 = VERTEX_POINT('',#6202);
#6202 = CARTESIAN_POINT('',(200.875,-343.1489556533,5.329070518201E-15)
  );
#6203 = LINE('',#6204,#6205);
#6204 = CARTESIAN_POINT('',(200.875,-331.1489556533,2.6645352591E-15));
#6205 = VECTOR('',#6206,1.);
#6206 = DIRECTION('',(0.,1.,-2.22044604925E-16));
#6207 = ORIENTED_EDGE('',*,*,#6208,.F.);
#6208 = EDGE_CURVE('',#6209,#6201,#6211,.T.);
#6209 = VERTEX_POINT('',#6210);
#6210 = CARTESIAN_POINT('',(196.625,-343.1489556533,5.329070518201E-15)
  );
#6211 = LINE('',#6212,#6213);
#6212 = CARTESIAN_POINT('',(192.5,-343.1489556533,5.329070518201E-15));
#6213 = VECTOR('',#6214,1.);
#6214 = DIRECTION('',(1.,-0.,0.));
#6215 = ORIENTED_EDGE('',*,*,#6216,.T.);
#6216 = EDGE_CURVE('',#6209,#6217,#6219,.T.);
#6217 = VERTEX_POINT('',#6218);
#6218 = CARTESIAN_POINT('',(196.625,-319.1489556533,0.));
#6219 = LINE('',#6220,#6221);
#6220 = CARTESIAN_POINT('',(196.625,-331.1489556533,2.6645352591E-15));
#6221 = VECTOR('',#6222,1.);
#6222 = DIRECTION('',(0.,1.,-2.22044604925E-16));
#6223 = ORIENTED_EDGE('',*,*,#6224,.T.);
#6224 = EDGE_CURVE('',#6217,#6225,#6227,.T.);
#6225 = VERTEX_POINT('',#6226);
#6226 = CARTESIAN_POINT('',(194.625,-319.1489556533,0.));
#6227 = LINE('',#6228,#6229);
#6228 = CARTESIAN_POINT('',(188.3125,-319.1489556533,0.));
#6229 = VECTOR('',#6230,1.);
#6230 = DIRECTION('',(-1.,0.,0.));
#6231 = ORIENTED_EDGE('',*,*,#6232,.F.);
#6232 = EDGE_CURVE('',#6233,#6225,#6235,.T.);
#6233 = VERTEX_POINT('',#6234);
#6234 = CARTESIAN_POINT('',(194.625,-343.1489556533,5.329070518201E-15)
  );
#6235 = LINE('',#6236,#6237);
#6236 = CARTESIAN_POINT('',(194.625,-331.1489556533,2.6645352591E-15));
#6237 = VECTOR('',#6238,1.);
#6238 = DIRECTION('',(0.,1.,-2.22044604925E-16));
#6239 = ORIENTED_EDGE('',*,*,#6240,.F.);
#6240 = EDGE_CURVE('',#6241,#6233,#6243,.T.);
#6241 = VERTEX_POINT('',#6242);
#6242 = CARTESIAN_POINT('',(190.375,-343.1489556533,5.329070518201E-15)
  );
#6243 = LINE('',#6244,#6245);
#6244 = CARTESIAN_POINT('',(192.5,-343.1489556533,5.329070518201E-15));
#6245 = VECTOR('',#6246,1.);
#6246 = DIRECTION('',(1.,-0.,0.));
#6247 = ORIENTED_EDGE('',*,*,#6248,.T.);
#6248 = EDGE_CURVE('',#6241,#6249,#6251,.T.);
#6249 = VERTEX_POINT('',#6250);
#6250 = CARTESIAN_POINT('',(190.375,-319.1489556533,0.));
#6251 = LINE('',#6252,#6253);
#6252 = CARTESIAN_POINT('',(190.375,-331.1489556533,2.6645352591E-15));
#6253 = VECTOR('',#6254,1.);
#6254 = DIRECTION('',(0.,1.,-2.22044604925E-16));
#6255 = ORIENTED_EDGE('',*,*,#6256,.T.);
#6256 = EDGE_CURVE('',#6249,#6257,#6259,.T.);
#6257 = VERTEX_POINT('',#6258);
#6258 = CARTESIAN_POINT('',(188.375,-319.1489556533,0.));
#6259 = LINE('',#6260,#6261);
#6260 = CARTESIAN_POINT('',(185.1875,-319.1489556533,0.));
#6261 = VECTOR('',#6262,1.);
#6262 = DIRECTION('',(-1.,0.,0.));
#6263 = ORIENTED_EDGE('',*,*,#6264,.F.);
#6264 = EDGE_CURVE('',#6265,#6257,#6267,.T.);
#6265 = VERTEX_POINT('',#6266);
#6266 = CARTESIAN_POINT('',(188.375,-343.1489556533,5.329070518201E-15)
  );
#6267 = LINE('',#6268,#6269);
#6268 = CARTESIAN_POINT('',(188.375,-331.1489556533,2.6645352591E-15));
#6269 = VECTOR('',#6270,1.);
#6270 = DIRECTION('',(0.,1.,-2.22044604925E-16));
#6271 = ORIENTED_EDGE('',*,*,#6272,.F.);
#6272 = EDGE_CURVE('',#6273,#6265,#6275,.T.);
#6273 = VERTEX_POINT('',#6274);
#6274 = CARTESIAN_POINT('',(184.125,-343.1489556533,5.329070518201E-15)
  );
#6275 = LINE('',#6276,#6277);
#6276 = CARTESIAN_POINT('',(192.5,-343.1489556533,5.329070518201E-15));
#6277 = VECTOR('',#6278,1.);
#6278 = DIRECTION('',(1.,-0.,0.));
#6279 = ORIENTED_EDGE('',*,*,#6280,.T.);
#6280 = EDGE_CURVE('',#6273,#6281,#6283,.T.);
#6281 = VERTEX_POINT('',#6282);
#6282 = CARTESIAN_POINT('',(184.125,-319.1489556533,0.));
#6283 = LINE('',#6284,#6285);
#6284 = CARTESIAN_POINT('',(184.125,-331.1489556533,2.6645352591E-15));
#6285 = VECTOR('',#6286,1.);
#6286 = DIRECTION('',(0.,1.,-2.22044604925E-16));
#6287 = ORIENTED_EDGE('',*,*,#6288,.T.);
#6288 = EDGE_CURVE('',#6281,#6289,#6291,.T.);
#6289 = VERTEX_POINT('',#6290);
#6290 = CARTESIAN_POINT('',(182.125,-319.1489556533,0.));
#6291 = LINE('',#6292,#6293);
#6292 = CARTESIAN_POINT('',(182.0625,-319.1489556533,0.));
#6293 = VECTOR('',#6294,1.);
#6294 = DIRECTION('',(-1.,0.,0.));
#6295 = ORIENTED_EDGE('',*,*,#6296,.F.);
#6296 = EDGE_CURVE('',#6297,#6289,#6299,.T.);
#6297 = VERTEX_POINT('',#6298);
#6298 = CARTESIAN_POINT('',(182.125,-343.1489556533,5.329070518201E-15)
  );
#6299 = LINE('',#6300,#6301);
#6300 = CARTESIAN_POINT('',(182.125,-331.1489556533,2.6645352591E-15));
#6301 = VECTOR('',#6302,1.);
#6302 = DIRECTION('',(0.,1.,-2.22044604925E-16));
#6303 = ORIENTED_EDGE('',*,*,#6304,.F.);
#6304 = EDGE_CURVE('',#6305,#6297,#6307,.T.);
#6305 = VERTEX_POINT('',#6306);
#6306 = CARTESIAN_POINT('',(177.875,-343.1489556533,5.329070518201E-15)
  );
#6307 = LINE('',#6308,#6309);
#6308 = CARTESIAN_POINT('',(192.5,-343.1489556533,5.329070518201E-15));
#6309 = VECTOR('',#6310,1.);
#6310 = DIRECTION('',(1.,-0.,0.));
#6311 = ORIENTED_EDGE('',*,*,#6312,.T.);
#6312 = EDGE_CURVE('',#6305,#6313,#6315,.T.);
#6313 = VERTEX_POINT('',#6314);
#6314 = CARTESIAN_POINT('',(177.875,-319.1489556533,0.));
#6315 = LINE('',#6316,#6317);
#6316 = CARTESIAN_POINT('',(177.875,-331.1489556533,2.6645352591E-15));
#6317 = VECTOR('',#6318,1.);
#6318 = DIRECTION('',(0.,1.,-2.22044604925E-16));
#6319 = ORIENTED_EDGE('',*,*,#6320,.T.);
#6320 = EDGE_CURVE('',#6313,#6321,#6323,.T.);
#6321 = VERTEX_POINT('',#6322);
#6322 = CARTESIAN_POINT('',(175.875,-319.1489556533,0.));
#6323 = LINE('',#6324,#6325);
#6324 = CARTESIAN_POINT('',(178.9375,-319.1489556533,0.));
#6325 = VECTOR('',#6326,1.);
#6326 = DIRECTION('',(-1.,0.,0.));
#6327 = ORIENTED_EDGE('',*,*,#6328,.F.);
#6328 = EDGE_CURVE('',#6329,#6321,#6331,.T.);
#6329 = VERTEX_POINT('',#6330);
#6330 = CARTESIAN_POINT('',(175.875,-343.1489556533,5.329070518201E-15)
  );
#6331 = LINE('',#6332,#6333);
#6332 = CARTESIAN_POINT('',(175.875,-331.1489556533,2.6645352591E-15));
#6333 = VECTOR('',#6334,1.);
#6334 = DIRECTION('',(0.,1.,-2.22044604925E-16));
#6335 = ORIENTED_EDGE('',*,*,#6336,.F.);
#6336 = EDGE_CURVE('',#6337,#6329,#6339,.T.);
#6337 = VERTEX_POINT('',#6338);
#6338 = CARTESIAN_POINT('',(171.625,-343.1489556533,5.329070518201E-15)
  );
#6339 = LINE('',#6340,#6341);
#6340 = CARTESIAN_POINT('',(192.5,-343.1489556533,5.329070518201E-15));
#6341 = VECTOR('',#6342,1.);
#6342 = DIRECTION('',(1.,-0.,0.));
#6343 = ORIENTED_EDGE('',*,*,#6344,.T.);
#6344 = EDGE_CURVE('',#6337,#6345,#6347,.T.);
#6345 = VERTEX_POINT('',#6346);
#6346 = CARTESIAN_POINT('',(171.625,-319.1489556533,0.));
#6347 = LINE('',#6348,#6349);
#6348 = CARTESIAN_POINT('',(171.625,-331.1489556533,2.6645352591E-15));
#6349 = VECTOR('',#6350,1.);
#6350 = DIRECTION('',(0.,1.,-2.22044604925E-16));
#6351 = ORIENTED_EDGE('',*,*,#6352,.T.);
#6352 = EDGE_CURVE('',#6345,#6353,#6355,.T.);
#6353 = VERTEX_POINT('',#6354);
#6354 = CARTESIAN_POINT('',(169.625,-319.1489556533,0.));
#6355 = LINE('',#6356,#6357);
#6356 = CARTESIAN_POINT('',(175.8125,-319.1489556533,0.));
#6357 = VECTOR('',#6358,1.);
#6358 = DIRECTION('',(-1.,0.,0.));
#6359 = ORIENTED_EDGE('',*,*,#6360,.F.);
#6360 = EDGE_CURVE('',#6361,#6353,#6363,.T.);
#6361 = VERTEX_POINT('',#6362);
#6362 = CARTESIAN_POINT('',(169.625,-343.1489556533,5.329070518201E-15)
  );
#6363 = LINE('',#6364,#6365);
#6364 = CARTESIAN_POINT('',(169.625,-331.1489556533,2.6645352591E-15));
#6365 = VECTOR('',#6366,1.);
#6366 = DIRECTION('',(0.,1.,-2.22044604925E-16));
#6367 = ORIENTED_EDGE('',*,*,#6368,.F.);
#6368 = EDGE_CURVE('',#6369,#6361,#6371,.T.);
#6369 = VERTEX_POINT('',#6370);
#6370 = CARTESIAN_POINT('',(165.375,-343.1489556533,5.329070518201E-15)
  );
#6371 = LINE('',#6372,#6373);
#6372 = CARTESIAN_POINT('',(192.5,-343.1489556533,5.329070518201E-15));
#6373 = VECTOR('',#6374,1.);
#6374 = DIRECTION('',(1.,-0.,0.));
#6375 = ORIENTED_EDGE('',*,*,#6376,.T.);
#6376 = EDGE_CURVE('',#6369,#6377,#6379,.T.);
#6377 = VERTEX_POINT('',#6378);
#6378 = CARTESIAN_POINT('',(165.375,-319.1489556533,0.));
#6379 = LINE('',#6380,#6381);
#6380 = CARTESIAN_POINT('',(165.375,-331.1489556533,2.6645352591E-15));
#6381 = VECTOR('',#6382,1.);
#6382 = DIRECTION('',(0.,1.,-2.22044604925E-16));
#6383 = ORIENTED_EDGE('',*,*,#6384,.T.);
#6384 = EDGE_CURVE('',#6377,#6385,#6387,.T.);
#6385 = VERTEX_POINT('',#6386);
#6386 = CARTESIAN_POINT('',(163.375,-319.1489556533,0.));
#6387 = LINE('',#6388,#6389);
#6388 = CARTESIAN_POINT('',(172.6875,-319.1489556533,0.));
#6389 = VECTOR('',#6390,1.);
#6390 = DIRECTION('',(-1.,0.,0.));
#6391 = ORIENTED_EDGE('',*,*,#6392,.F.);
#6392 = EDGE_CURVE('',#6393,#6385,#6395,.T.);
#6393 = VERTEX_POINT('',#6394);
#6394 = CARTESIAN_POINT('',(163.375,-343.1489556533,5.329070518201E-15)
  );
#6395 = LINE('',#6396,#6397);
#6396 = CARTESIAN_POINT('',(163.375,-331.1489556533,2.6645352591E-15));
#6397 = VECTOR('',#6398,1.);
#6398 = DIRECTION('',(0.,1.,-2.22044604925E-16));
#6399 = ORIENTED_EDGE('',*,*,#6400,.F.);
#6400 = EDGE_CURVE('',#6401,#6393,#6403,.T.);
#6401 = VERTEX_POINT('',#6402);
#6402 = CARTESIAN_POINT('',(159.125,-343.1489556533,5.329070518201E-15)
  );
#6403 = LINE('',#6404,#6405);
#6404 = CARTESIAN_POINT('',(192.5,-343.1489556533,5.329070518201E-15));
#6405 = VECTOR('',#6406,1.);
#6406 = DIRECTION('',(1.,-0.,0.));
#6407 = ORIENTED_EDGE('',*,*,#6408,.T.);
#6408 = EDGE_CURVE('',#6401,#6409,#6411,.T.);
#6409 = VERTEX_POINT('',#6410);
#6410 = CARTESIAN_POINT('',(159.125,-319.1489556533,0.));
#6411 = LINE('',#6412,#6413);
#6412 = CARTESIAN_POINT('',(159.125,-331.1489556533,2.6645352591E-15));
#6413 = VECTOR('',#6414,1.);
#6414 = DIRECTION('',(0.,1.,-2.22044604925E-16));
#6415 = ORIENTED_EDGE('',*,*,#6416,.T.);
#6416 = EDGE_CURVE('',#6409,#6417,#6419,.T.);
#6417 = VERTEX_POINT('',#6418);
#6418 = CARTESIAN_POINT('',(157.125,-319.1489556533,0.));
#6419 = LINE('',#6420,#6421);
#6420 = CARTESIAN_POINT('',(169.5625,-319.1489556533,0.));
#6421 = VECTOR('',#6422,1.);
#6422 = DIRECTION('',(-1.,0.,0.));
#6423 = ORIENTED_EDGE('',*,*,#6424,.F.);
#6424 = EDGE_CURVE('',#6425,#6417,#6427,.T.);
#6425 = VERTEX_POINT('',#6426);
#6426 = CARTESIAN_POINT('',(157.125,-343.1489556533,5.329070518201E-15)
  );
#6427 = LINE('',#6428,#6429);
#6428 = CARTESIAN_POINT('',(157.125,-331.1489556533,2.6645352591E-15));
#6429 = VECTOR('',#6430,1.);
#6430 = DIRECTION('',(0.,1.,-2.22044604925E-16));
#6431 = ORIENTED_EDGE('',*,*,#6432,.F.);
#6432 = EDGE_CURVE('',#6119,#6425,#6433,.T.);
#6433 = LINE('',#6434,#6435);
#6434 = CARTESIAN_POINT('',(192.5,-343.1489556533,5.329070518201E-15));
#6435 = VECTOR('',#6436,1.);
#6436 = DIRECTION('',(1.,-0.,0.));
#6437 = PLANE('',#6438);
#6438 = AXIS2_PLACEMENT_3D('',#6439,#6440,#6441);
#6439 = CARTESIAN_POINT('',(180.,-293.1489556533,-5.773159728051E-15));
#6440 = DIRECTION('',(0.,-2.22044604925E-16,-1.));
#6441 = DIRECTION('',(0.,-1.,2.22044604925E-16));
#6442 = SHELL_BASED_SURFACE_MODEL('',(#6443));
#6443 = OPEN_SHELL('',(#6444));
#6444 = ADVANCED_FACE('',(#6445),#6769,.T.);
#6445 = FACE_BOUND('',#6446,.T.);
#6446 = EDGE_LOOP('',(#6447,#6457,#6465,#6474,#6482,#6491,#6499,#6507,
    #6515,#6523,#6531,#6539,#6547,#6555,#6563,#6571,#6579,#6587,#6595,
    #6603,#6611,#6619,#6627,#6635,#6643,#6651,#6659,#6667,#6675,#6683,
    #6691,#6699,#6707,#6715,#6723,#6731,#6739,#6747,#6755,#6763));
#6447 = ORIENTED_EDGE('',*,*,#6448,.F.);
#6448 = EDGE_CURVE('',#6449,#6451,#6453,.T.);
#6449 = VERTEX_POINT('',#6450);
#6450 = CARTESIAN_POINT('',(215.,-295.1489556533,-5.329070518201E-15));
#6451 = VERTEX_POINT('',#6452);
#6452 = CARTESIAN_POINT('',(215.,-343.1489556533,5.329070518201E-15));
#6453 = LINE('',#6454,#6455);
#6454 = CARTESIAN_POINT('',(215.,-268.1489556533,-1.110223024625E-14));
#6455 = VECTOR('',#6456,1.);
#6456 = DIRECTION('',(0.,-1.,2.22044604925E-16));
#6457 = ORIENTED_EDGE('',*,*,#6458,.T.);
#6458 = EDGE_CURVE('',#6449,#6459,#6461,.T.);
#6459 = VERTEX_POINT('',#6460);
#6460 = CARTESIAN_POINT('',(220.2456492134,-295.1489556533,
    -1.33226762955E-15));
#6461 = LINE('',#6462,#6463);
#6462 = CARTESIAN_POINT('',(240.,-295.1489556533,-5.329070518201E-15));
#6463 = VECTOR('',#6464,1.);
#6464 = DIRECTION('',(1.,-0.,0.));
#6465 = ORIENTED_EDGE('',*,*,#6466,.T.);
#6466 = EDGE_CURVE('',#6459,#6467,#6469,.T.);
#6467 = VERTEX_POINT('',#6468);
#6468 = CARTESIAN_POINT('',(230.50082240401,-305.8746786533,
    -3.10862446895E-15));
#6469 = HYPERBOLA('',#6470,3.3517884375,3.125);
#6470 = AXIS2_PLACEMENT_3D('',#6471,#6472,#6473);
#6471 = CARTESIAN_POINT('',(240.,-316.6004016533,-4.440892098501E-16));
#6472 = DIRECTION('',(0.,-2.22044604925E-16,-1.));
#6473 = DIRECTION('',(0.,1.,-2.22044604925E-16));
#6474 = ORIENTED_EDGE('',*,*,#6475,.F.);
#6475 = EDGE_CURVE('',#6476,#6467,#6478,.T.);
#6476 = VERTEX_POINT('',#6477);
#6477 = CARTESIAN_POINT('',(249.49917759598,-305.8746786533,
    -5.773159728051E-15));
#6478 = LINE('',#6479,#6480);
#6479 = CARTESIAN_POINT('',(240.,-305.8746786533,-3.10862446895E-15));
#6480 = VECTOR('',#6481,1.);
#6481 = DIRECTION('',(-1.,0.,0.));
#6482 = ORIENTED_EDGE('',*,*,#6483,.T.);
#6483 = EDGE_CURVE('',#6476,#6484,#6486,.T.);
#6484 = VERTEX_POINT('',#6485);
#6485 = CARTESIAN_POINT('',(259.75435078659,-295.1489556533,
    -8.881784197001E-15));
#6486 = HYPERBOLA('',#6487,3.3517884375,3.125);
#6487 = AXIS2_PLACEMENT_3D('',#6488,#6489,#6490);
#6488 = CARTESIAN_POINT('',(240.,-316.6004016533,-4.440892098501E-16));
#6489 = DIRECTION('',(0.,-2.22044604925E-16,-1.));
#6490 = DIRECTION('',(0.,1.,-2.22044604925E-16));
#6491 = ORIENTED_EDGE('',*,*,#6492,.T.);
#6492 = EDGE_CURVE('',#6484,#6493,#6495,.T.);
#6493 = VERTEX_POINT('',#6494);
#6494 = CARTESIAN_POINT('',(265.,-295.1489556533,-5.329070518201E-15));
#6495 = LINE('',#6496,#6497);
#6496 = CARTESIAN_POINT('',(240.,-295.1489556533,-5.329070518201E-15));
#6497 = VECTOR('',#6498,1.);
#6498 = DIRECTION('',(1.,-0.,0.));
#6499 = ORIENTED_EDGE('',*,*,#6500,.T.);
#6500 = EDGE_CURVE('',#6493,#6501,#6503,.T.);
#6501 = VERTEX_POINT('',#6502);
#6502 = CARTESIAN_POINT('',(265.,-343.1489556533,5.329070518201E-15));
#6503 = LINE('',#6504,#6505);
#6504 = CARTESIAN_POINT('',(265.,-268.1489556533,-1.110223024625E-14));
#6505 = VECTOR('',#6506,1.);
#6506 = DIRECTION('',(0.,-1.,2.22044604925E-16));
#6507 = ORIENTED_EDGE('',*,*,#6508,.F.);
#6508 = EDGE_CURVE('',#6509,#6501,#6511,.T.);
#6509 = VERTEX_POINT('',#6510);
#6510 = CARTESIAN_POINT('',(262.875,-343.1489556533,5.329070518201E-15)
  );
#6511 = LINE('',#6512,#6513);
#6512 = CARTESIAN_POINT('',(252.5,-343.1489556533,5.329070518201E-15));
#6513 = VECTOR('',#6514,1.);
#6514 = DIRECTION('',(1.,-0.,0.));
#6515 = ORIENTED_EDGE('',*,*,#6516,.T.);
#6516 = EDGE_CURVE('',#6509,#6517,#6519,.T.);
#6517 = VERTEX_POINT('',#6518);
#6518 = CARTESIAN_POINT('',(262.875,-319.1489556533,0.));
#6519 = LINE('',#6520,#6521);
#6520 = CARTESIAN_POINT('',(262.875,-331.1489556533,2.6645352591E-15));
#6521 = VECTOR('',#6522,1.);
#6522 = DIRECTION('',(0.,1.,-2.22044604925E-16));
#6523 = ORIENTED_EDGE('',*,*,#6524,.T.);
#6524 = EDGE_CURVE('',#6517,#6525,#6527,.T.);
#6525 = VERTEX_POINT('',#6526);
#6526 = CARTESIAN_POINT('',(260.875,-319.1489556533,0.));
#6527 = LINE('',#6528,#6529);
#6528 = CARTESIAN_POINT('',(251.4375,-319.1489556533,0.));
#6529 = VECTOR('',#6530,1.);
#6530 = DIRECTION('',(-1.,0.,0.));
#6531 = ORIENTED_EDGE('',*,*,#6532,.F.);
#6532 = EDGE_CURVE('',#6533,#6525,#6535,.T.);
#6533 = VERTEX_POINT('',#6534);
#6534 = CARTESIAN_POINT('',(260.875,-343.1489556533,5.329070518201E-15)
  );
#6535 = LINE('',#6536,#6537);
#6536 = CARTESIAN_POINT('',(260.875,-331.1489556533,2.6645352591E-15));
#6537 = VECTOR('',#6538,1.);
#6538 = DIRECTION('',(0.,1.,-2.22044604925E-16));
#6539 = ORIENTED_EDGE('',*,*,#6540,.F.);
#6540 = EDGE_CURVE('',#6541,#6533,#6543,.T.);
#6541 = VERTEX_POINT('',#6542);
#6542 = CARTESIAN_POINT('',(256.625,-343.1489556533,5.329070518201E-15)
  );
#6543 = LINE('',#6544,#6545);
#6544 = CARTESIAN_POINT('',(252.5,-343.1489556533,5.329070518201E-15));
#6545 = VECTOR('',#6546,1.);
#6546 = DIRECTION('',(1.,-0.,0.));
#6547 = ORIENTED_EDGE('',*,*,#6548,.T.);
#6548 = EDGE_CURVE('',#6541,#6549,#6551,.T.);
#6549 = VERTEX_POINT('',#6550);
#6550 = CARTESIAN_POINT('',(256.625,-319.1489556533,0.));
#6551 = LINE('',#6552,#6553);
#6552 = CARTESIAN_POINT('',(256.625,-331.1489556533,2.6645352591E-15));
#6553 = VECTOR('',#6554,1.);
#6554 = DIRECTION('',(0.,1.,-2.22044604925E-16));
#6555 = ORIENTED_EDGE('',*,*,#6556,.T.);
#6556 = EDGE_CURVE('',#6549,#6557,#6559,.T.);
#6557 = VERTEX_POINT('',#6558);
#6558 = CARTESIAN_POINT('',(254.625,-319.1489556533,0.));
#6559 = LINE('',#6560,#6561);
#6560 = CARTESIAN_POINT('',(248.3125,-319.1489556533,0.));
#6561 = VECTOR('',#6562,1.);
#6562 = DIRECTION('',(-1.,0.,0.));
#6563 = ORIENTED_EDGE('',*,*,#6564,.F.);
#6564 = EDGE_CURVE('',#6565,#6557,#6567,.T.);
#6565 = VERTEX_POINT('',#6566);
#6566 = CARTESIAN_POINT('',(254.625,-343.1489556533,5.329070518201E-15)
  );
#6567 = LINE('',#6568,#6569);
#6568 = CARTESIAN_POINT('',(254.625,-331.1489556533,2.6645352591E-15));
#6569 = VECTOR('',#6570,1.);
#6570 = DIRECTION('',(0.,1.,-2.22044604925E-16));
#6571 = ORIENTED_EDGE('',*,*,#6572,.F.);
#6572 = EDGE_CURVE('',#6573,#6565,#6575,.T.);
#6573 = VERTEX_POINT('',#6574);
#6574 = CARTESIAN_POINT('',(250.375,-343.1489556533,5.329070518201E-15)
  );
#6575 = LINE('',#6576,#6577);
#6576 = CARTESIAN_POINT('',(252.5,-343.1489556533,5.329070518201E-15));
#6577 = VECTOR('',#6578,1.);
#6578 = DIRECTION('',(1.,-0.,0.));
#6579 = ORIENTED_EDGE('',*,*,#6580,.T.);
#6580 = EDGE_CURVE('',#6573,#6581,#6583,.T.);
#6581 = VERTEX_POINT('',#6582);
#6582 = CARTESIAN_POINT('',(250.375,-319.1489556533,0.));
#6583 = LINE('',#6584,#6585);
#6584 = CARTESIAN_POINT('',(250.375,-331.1489556533,2.6645352591E-15));
#6585 = VECTOR('',#6586,1.);
#6586 = DIRECTION('',(0.,1.,-2.22044604925E-16));
#6587 = ORIENTED_EDGE('',*,*,#6588,.T.);
#6588 = EDGE_CURVE('',#6581,#6589,#6591,.T.);
#6589 = VERTEX_POINT('',#6590);
#6590 = CARTESIAN_POINT('',(248.375,-319.1489556533,0.));
#6591 = LINE('',#6592,#6593);
#6592 = CARTESIAN_POINT('',(245.1875,-319.1489556533,0.));
#6593 = VECTOR('',#6594,1.);
#6594 = DIRECTION('',(-1.,0.,0.));
#6595 = ORIENTED_EDGE('',*,*,#6596,.F.);
#6596 = EDGE_CURVE('',#6597,#6589,#6599,.T.);
#6597 = VERTEX_POINT('',#6598);
#6598 = CARTESIAN_POINT('',(248.375,-343.1489556533,5.329070518201E-15)
  );
#6599 = LINE('',#6600,#6601);
#6600 = CARTESIAN_POINT('',(248.375,-331.1489556533,2.6645352591E-15));
#6601 = VECTOR('',#6602,1.);
#6602 = DIRECTION('',(0.,1.,-2.22044604925E-16));
#6603 = ORIENTED_EDGE('',*,*,#6604,.F.);
#6604 = EDGE_CURVE('',#6605,#6597,#6607,.T.);
#6605 = VERTEX_POINT('',#6606);
#6606 = CARTESIAN_POINT('',(244.125,-343.1489556533,5.329070518201E-15)
  );
#6607 = LINE('',#6608,#6609);
#6608 = CARTESIAN_POINT('',(252.5,-343.1489556533,5.329070518201E-15));
#6609 = VECTOR('',#6610,1.);
#6610 = DIRECTION('',(1.,-0.,0.));
#6611 = ORIENTED_EDGE('',*,*,#6612,.T.);
#6612 = EDGE_CURVE('',#6605,#6613,#6615,.T.);
#6613 = VERTEX_POINT('',#6614);
#6614 = CARTESIAN_POINT('',(244.125,-319.1489556533,0.));
#6615 = LINE('',#6616,#6617);
#6616 = CARTESIAN_POINT('',(244.125,-331.1489556533,2.6645352591E-15));
#6617 = VECTOR('',#6618,1.);
#6618 = DIRECTION('',(0.,1.,-2.22044604925E-16));
#6619 = ORIENTED_EDGE('',*,*,#6620,.T.);
#6620 = EDGE_CURVE('',#6613,#6621,#6623,.T.);
#6621 = VERTEX_POINT('',#6622);
#6622 = CARTESIAN_POINT('',(242.125,-319.1489556533,0.));
#6623 = LINE('',#6624,#6625);
#6624 = CARTESIAN_POINT('',(242.0625,-319.1489556533,0.));
#6625 = VECTOR('',#6626,1.);
#6626 = DIRECTION('',(-1.,0.,0.));
#6627 = ORIENTED_EDGE('',*,*,#6628,.F.);
#6628 = EDGE_CURVE('',#6629,#6621,#6631,.T.);
#6629 = VERTEX_POINT('',#6630);
#6630 = CARTESIAN_POINT('',(242.125,-343.1489556533,5.329070518201E-15)
  );
#6631 = LINE('',#6632,#6633);
#6632 = CARTESIAN_POINT('',(242.125,-331.1489556533,2.6645352591E-15));
#6633 = VECTOR('',#6634,1.);
#6634 = DIRECTION('',(0.,1.,-2.22044604925E-16));
#6635 = ORIENTED_EDGE('',*,*,#6636,.F.);
#6636 = EDGE_CURVE('',#6637,#6629,#6639,.T.);
#6637 = VERTEX_POINT('',#6638);
#6638 = CARTESIAN_POINT('',(237.875,-343.1489556533,5.329070518201E-15)
  );
#6639 = LINE('',#6640,#6641);
#6640 = CARTESIAN_POINT('',(252.5,-343.1489556533,5.329070518201E-15));
#6641 = VECTOR('',#6642,1.);
#6642 = DIRECTION('',(1.,-0.,0.));
#6643 = ORIENTED_EDGE('',*,*,#6644,.T.);
#6644 = EDGE_CURVE('',#6637,#6645,#6647,.T.);
#6645 = VERTEX_POINT('',#6646);
#6646 = CARTESIAN_POINT('',(237.875,-319.1489556533,0.));
#6647 = LINE('',#6648,#6649);
#6648 = CARTESIAN_POINT('',(237.875,-331.1489556533,2.6645352591E-15));
#6649 = VECTOR('',#6650,1.);
#6650 = DIRECTION('',(0.,1.,-2.22044604925E-16));
#6651 = ORIENTED_EDGE('',*,*,#6652,.T.);
#6652 = EDGE_CURVE('',#6645,#6653,#6655,.T.);
#6653 = VERTEX_POINT('',#6654);
#6654 = CARTESIAN_POINT('',(235.875,-319.1489556533,0.));
#6655 = LINE('',#6656,#6657);
#6656 = CARTESIAN_POINT('',(238.9375,-319.1489556533,0.));
#6657 = VECTOR('',#6658,1.);
#6658 = DIRECTION('',(-1.,0.,0.));
#6659 = ORIENTED_EDGE('',*,*,#6660,.F.);
#6660 = EDGE_CURVE('',#6661,#6653,#6663,.T.);
#6661 = VERTEX_POINT('',#6662);
#6662 = CARTESIAN_POINT('',(235.875,-343.1489556533,5.329070518201E-15)
  );
#6663 = LINE('',#6664,#6665);
#6664 = CARTESIAN_POINT('',(235.875,-331.1489556533,2.6645352591E-15));
#6665 = VECTOR('',#6666,1.);
#6666 = DIRECTION('',(0.,1.,-2.22044604925E-16));
#6667 = ORIENTED_EDGE('',*,*,#6668,.F.);
#6668 = EDGE_CURVE('',#6669,#6661,#6671,.T.);
#6669 = VERTEX_POINT('',#6670);
#6670 = CARTESIAN_POINT('',(231.625,-343.1489556533,5.329070518201E-15)
  );
#6671 = LINE('',#6672,#6673);
#6672 = CARTESIAN_POINT('',(252.5,-343.1489556533,5.329070518201E-15));
#6673 = VECTOR('',#6674,1.);
#6674 = DIRECTION('',(1.,-0.,0.));
#6675 = ORIENTED_EDGE('',*,*,#6676,.T.);
#6676 = EDGE_CURVE('',#6669,#6677,#6679,.T.);
#6677 = VERTEX_POINT('',#6678);
#6678 = CARTESIAN_POINT('',(231.625,-319.1489556533,0.));
#6679 = LINE('',#6680,#6681);
#6680 = CARTESIAN_POINT('',(231.625,-331.1489556533,2.6645352591E-15));
#6681 = VECTOR('',#6682,1.);
#6682 = DIRECTION('',(0.,1.,-2.22044604925E-16));
#6683 = ORIENTED_EDGE('',*,*,#6684,.T.);
#6684 = EDGE_CURVE('',#6677,#6685,#6687,.T.);
#6685 = VERTEX_POINT('',#6686);
#6686 = CARTESIAN_POINT('',(229.625,-319.1489556533,0.));
#6687 = LINE('',#6688,#6689);
#6688 = CARTESIAN_POINT('',(235.8125,-319.1489556533,0.));
#6689 = VECTOR('',#6690,1.);
#6690 = DIRECTION('',(-1.,0.,0.));
#6691 = ORIENTED_EDGE('',*,*,#6692,.F.);
#6692 = EDGE_CURVE('',#6693,#6685,#6695,.T.);
#6693 = VERTEX_POINT('',#6694);
#6694 = CARTESIAN_POINT('',(229.625,-343.1489556533,5.329070518201E-15)
  );
#6695 = LINE('',#6696,#6697);
#6696 = CARTESIAN_POINT('',(229.625,-331.1489556533,2.6645352591E-15));
#6697 = VECTOR('',#6698,1.);
#6698 = DIRECTION('',(0.,1.,-2.22044604925E-16));
#6699 = ORIENTED_EDGE('',*,*,#6700,.F.);
#6700 = EDGE_CURVE('',#6701,#6693,#6703,.T.);
#6701 = VERTEX_POINT('',#6702);
#6702 = CARTESIAN_POINT('',(225.375,-343.1489556533,5.329070518201E-15)
  );
#6703 = LINE('',#6704,#6705);
#6704 = CARTESIAN_POINT('',(252.5,-343.1489556533,5.329070518201E-15));
#6705 = VECTOR('',#6706,1.);
#6706 = DIRECTION('',(1.,-0.,0.));
#6707 = ORIENTED_EDGE('',*,*,#6708,.T.);
#6708 = EDGE_CURVE('',#6701,#6709,#6711,.T.);
#6709 = VERTEX_POINT('',#6710);
#6710 = CARTESIAN_POINT('',(225.375,-319.1489556533,0.));
#6711 = LINE('',#6712,#6713);
#6712 = CARTESIAN_POINT('',(225.375,-331.1489556533,2.6645352591E-15));
#6713 = VECTOR('',#6714,1.);
#6714 = DIRECTION('',(0.,1.,-2.22044604925E-16));
#6715 = ORIENTED_EDGE('',*,*,#6716,.T.);
#6716 = EDGE_CURVE('',#6709,#6717,#6719,.T.);
#6717 = VERTEX_POINT('',#6718);
#6718 = CARTESIAN_POINT('',(223.375,-319.1489556533,0.));
#6719 = LINE('',#6720,#6721);
#6720 = CARTESIAN_POINT('',(232.6875,-319.1489556533,0.));
#6721 = VECTOR('',#6722,1.);
#6722 = DIRECTION('',(-1.,0.,0.));
#6723 = ORIENTED_EDGE('',*,*,#6724,.F.);
#6724 = EDGE_CURVE('',#6725,#6717,#6727,.T.);
#6725 = VERTEX_POINT('',#6726);
#6726 = CARTESIAN_POINT('',(223.375,-343.1489556533,5.329070518201E-15)
  );
#6727 = LINE('',#6728,#6729);
#6728 = CARTESIAN_POINT('',(223.375,-331.1489556533,2.6645352591E-15));
#6729 = VECTOR('',#6730,1.);
#6730 = DIRECTION('',(0.,1.,-2.22044604925E-16));
#6731 = ORIENTED_EDGE('',*,*,#6732,.F.);
#6732 = EDGE_CURVE('',#6733,#6725,#6735,.T.);
#6733 = VERTEX_POINT('',#6734);
#6734 = CARTESIAN_POINT('',(219.125,-343.1489556533,5.329070518201E-15)
  );
#6735 = LINE('',#6736,#6737);
#6736 = CARTESIAN_POINT('',(252.5,-343.1489556533,5.329070518201E-15));
#6737 = VECTOR('',#6738,1.);
#6738 = DIRECTION('',(1.,-0.,0.));
#6739 = ORIENTED_EDGE('',*,*,#6740,.T.);
#6740 = EDGE_CURVE('',#6733,#6741,#6743,.T.);
#6741 = VERTEX_POINT('',#6742);
#6742 = CARTESIAN_POINT('',(219.125,-319.1489556533,0.));
#6743 = LINE('',#6744,#6745);
#6744 = CARTESIAN_POINT('',(219.125,-331.1489556533,2.6645352591E-15));
#6745 = VECTOR('',#6746,1.);
#6746 = DIRECTION('',(0.,1.,-2.22044604925E-16));
#6747 = ORIENTED_EDGE('',*,*,#6748,.T.);
#6748 = EDGE_CURVE('',#6741,#6749,#6751,.T.);
#6749 = VERTEX_POINT('',#6750);
#6750 = CARTESIAN_POINT('',(217.125,-319.1489556533,0.));
#6751 = LINE('',#6752,#6753);
#6752 = CARTESIAN_POINT('',(229.5625,-319.1489556533,0.));
#6753 = VECTOR('',#6754,1.);
#6754 = DIRECTION('',(-1.,0.,0.));
#6755 = ORIENTED_EDGE('',*,*,#6756,.F.);
#6756 = EDGE_CURVE('',#6757,#6749,#6759,.T.);
#6757 = VERTEX_POINT('',#6758);
#6758 = CARTESIAN_POINT('',(217.125,-343.1489556533,5.329070518201E-15)
  );
#6759 = LINE('',#6760,#6761);
#6760 = CARTESIAN_POINT('',(217.125,-331.1489556533,2.6645352591E-15));
#6761 = VECTOR('',#6762,1.);
#6762 = DIRECTION('',(0.,1.,-2.22044604925E-16));
#6763 = ORIENTED_EDGE('',*,*,#6764,.F.);
#6764 = EDGE_CURVE('',#6451,#6757,#6765,.T.);
#6765 = LINE('',#6766,#6767);
#6766 = CARTESIAN_POINT('',(252.5,-343.1489556533,5.329070518201E-15));
#6767 = VECTOR('',#6768,1.);
#6768 = DIRECTION('',(1.,-0.,0.));
#6769 = PLANE('',#6770);
#6770 = AXIS2_PLACEMENT_3D('',#6771,#6772,#6773);
#6771 = CARTESIAN_POINT('',(240.,-293.1489556533,-5.773159728051E-15));
#6772 = DIRECTION('',(0.,-2.22044604925E-16,-1.));
#6773 = DIRECTION('',(0.,-1.,2.22044604925E-16));
#6774 = SHELL_BASED_SURFACE_MODEL('',(#6775));
#6775 = OPEN_SHELL('',(#6776));
#6776 = ADVANCED_FACE('',(#6777),#7101,.T.);
#6777 = FACE_BOUND('',#6778,.T.);
#6778 = EDGE_LOOP('',(#6779,#6789,#6797,#6806,#6814,#6823,#6831,#6839,
    #6847,#6855,#6863,#6871,#6879,#6887,#6895,#6903,#6911,#6919,#6927,
    #6935,#6943,#6951,#6959,#6967,#6975,#6983,#6991,#6999,#7007,#7015,
    #7023,#7031,#7039,#7047,#7055,#7063,#7071,#7079,#7087,#7095));
#6779 = ORIENTED_EDGE('',*,*,#6780,.F.);
#6780 = EDGE_CURVE('',#6781,#6783,#6785,.T.);
#6781 = VERTEX_POINT('',#6782);
#6782 = CARTESIAN_POINT('',(275.,-295.8800995317,-5.329070518201E-15));
#6783 = VERTEX_POINT('',#6784);
#6784 = CARTESIAN_POINT('',(275.,-343.8800995317,5.329070518201E-15));
#6785 = LINE('',#6786,#6787);
#6786 = CARTESIAN_POINT('',(275.,-268.8800995317,-1.06581410364E-14));
#6787 = VECTOR('',#6788,1.);
#6788 = DIRECTION('',(0.,-1.,2.22044604925E-16));
#6789 = ORIENTED_EDGE('',*,*,#6790,.T.);
#6790 = EDGE_CURVE('',#6781,#6791,#6793,.T.);
#6791 = VERTEX_POINT('',#6792);
#6792 = CARTESIAN_POINT('',(282.33338246862,-295.8800995317,0.));
#6793 = LINE('',#6794,#6795);
#6794 = CARTESIAN_POINT('',(300.,-295.8800995317,-5.329070518201E-15));
#6795 = VECTOR('',#6796,1.);
#6796 = DIRECTION('',(1.,-0.,0.));
#6797 = ORIENTED_EDGE('',*,*,#6798,.T.);
#6798 = EDGE_CURVE('',#6791,#6799,#6801,.T.);
#6799 = VERTEX_POINT('',#6800);
#6800 = CARTESIAN_POINT('',(296.52014727323,-306.6058225317,
    -1.7763568394E-15));
#6801 = HYPERBOLA('',#6802,10.0553653125,9.375);
#6802 = AXIS2_PLACEMENT_3D('',#6803,#6804,#6805);
#6803 = CARTESIAN_POINT('',(300.,-317.3315455317,0.));
#6804 = DIRECTION('',(0.,-2.22044604925E-16,-1.));
#6805 = DIRECTION('',(0.,1.,-2.22044604925E-16));
#6806 = ORIENTED_EDGE('',*,*,#6807,.F.);
#6807 = EDGE_CURVE('',#6808,#6799,#6810,.T.);
#6808 = VERTEX_POINT('',#6809);
#6809 = CARTESIAN_POINT('',(303.47985272676,-306.6058225317,
    -3.552713678801E-15));
#6810 = LINE('',#6811,#6812);
#6811 = CARTESIAN_POINT('',(300.,-306.6058225317,-1.7763568394E-15));
#6812 = VECTOR('',#6813,1.);
#6813 = DIRECTION('',(-1.,0.,0.));
#6814 = ORIENTED_EDGE('',*,*,#6815,.T.);
#6815 = EDGE_CURVE('',#6808,#6816,#6818,.T.);
#6816 = VERTEX_POINT('',#6817);
#6817 = CARTESIAN_POINT('',(317.66661753137,-295.8800995317,
    -5.329070518201E-15));
#6818 = HYPERBOLA('',#6819,10.0553653125,9.375);
#6819 = AXIS2_PLACEMENT_3D('',#6820,#6821,#6822);
#6820 = CARTESIAN_POINT('',(300.,-317.3315455317,0.));
#6821 = DIRECTION('',(0.,-2.22044604925E-16,-1.));
#6822 = DIRECTION('',(0.,1.,-2.22044604925E-16));
#6823 = ORIENTED_EDGE('',*,*,#6824,.T.);
#6824 = EDGE_CURVE('',#6816,#6825,#6827,.T.);
#6825 = VERTEX_POINT('',#6826);
#6826 = CARTESIAN_POINT('',(325.,-295.8800995317,-5.329070518201E-15));
#6827 = LINE('',#6828,#6829);
#6828 = CARTESIAN_POINT('',(300.,-295.8800995317,-5.329070518201E-15));
#6829 = VECTOR('',#6830,1.);
#6830 = DIRECTION('',(1.,-0.,0.));
#6831 = ORIENTED_EDGE('',*,*,#6832,.T.);
#6832 = EDGE_CURVE('',#6825,#6833,#6835,.T.);
#6833 = VERTEX_POINT('',#6834);
#6834 = CARTESIAN_POINT('',(325.,-343.8800995317,5.329070518201E-15));
#6835 = LINE('',#6836,#6837);
#6836 = CARTESIAN_POINT('',(325.,-268.8800995317,-1.06581410364E-14));
#6837 = VECTOR('',#6838,1.);
#6838 = DIRECTION('',(0.,-1.,2.22044604925E-16));
#6839 = ORIENTED_EDGE('',*,*,#6840,.F.);
#6840 = EDGE_CURVE('',#6841,#6833,#6843,.T.);
#6841 = VERTEX_POINT('',#6842);
#6842 = CARTESIAN_POINT('',(322.875,-343.8800995317,5.329070518201E-15)
  );
#6843 = LINE('',#6844,#6845);
#6844 = CARTESIAN_POINT('',(312.5,-343.8800995317,5.329070518201E-15));
#6845 = VECTOR('',#6846,1.);
#6846 = DIRECTION('',(1.,-0.,0.));
#6847 = ORIENTED_EDGE('',*,*,#6848,.T.);
#6848 = EDGE_CURVE('',#6841,#6849,#6851,.T.);
#6849 = VERTEX_POINT('',#6850);
#6850 = CARTESIAN_POINT('',(322.875,-319.8800995317,0.));
#6851 = LINE('',#6852,#6853);
#6852 = CARTESIAN_POINT('',(322.875,-331.8800995317,3.552713678801E-15)
  );
#6853 = VECTOR('',#6854,1.);
#6854 = DIRECTION('',(0.,1.,-2.22044604925E-16));
#6855 = ORIENTED_EDGE('',*,*,#6856,.T.);
#6856 = EDGE_CURVE('',#6849,#6857,#6859,.T.);
#6857 = VERTEX_POINT('',#6858);
#6858 = CARTESIAN_POINT('',(320.875,-319.8800995317,0.));
#6859 = LINE('',#6860,#6861);
#6860 = CARTESIAN_POINT('',(311.4375,-319.8800995317,0.));
#6861 = VECTOR('',#6862,1.);
#6862 = DIRECTION('',(-1.,0.,0.));
#6863 = ORIENTED_EDGE('',*,*,#6864,.F.);
#6864 = EDGE_CURVE('',#6865,#6857,#6867,.T.);
#6865 = VERTEX_POINT('',#6866);
#6866 = CARTESIAN_POINT('',(320.875,-343.8800995317,5.329070518201E-15)
  );
#6867 = LINE('',#6868,#6869);
#6868 = CARTESIAN_POINT('',(320.875,-331.8800995317,3.552713678801E-15)
  );
#6869 = VECTOR('',#6870,1.);
#6870 = DIRECTION('',(0.,1.,-2.22044604925E-16));
#6871 = ORIENTED_EDGE('',*,*,#6872,.F.);
#6872 = EDGE_CURVE('',#6873,#6865,#6875,.T.);
#6873 = VERTEX_POINT('',#6874);
#6874 = CARTESIAN_POINT('',(316.625,-343.8800995317,5.329070518201E-15)
  );
#6875 = LINE('',#6876,#6877);
#6876 = CARTESIAN_POINT('',(312.5,-343.8800995317,5.329070518201E-15));
#6877 = VECTOR('',#6878,1.);
#6878 = DIRECTION('',(1.,-0.,0.));
#6879 = ORIENTED_EDGE('',*,*,#6880,.T.);
#6880 = EDGE_CURVE('',#6873,#6881,#6883,.T.);
#6881 = VERTEX_POINT('',#6882);
#6882 = CARTESIAN_POINT('',(316.625,-319.8800995317,0.));
#6883 = LINE('',#6884,#6885);
#6884 = CARTESIAN_POINT('',(316.625,-331.8800995317,3.552713678801E-15)
  );
#6885 = VECTOR('',#6886,1.);
#6886 = DIRECTION('',(0.,1.,-2.22044604925E-16));
#6887 = ORIENTED_EDGE('',*,*,#6888,.T.);
#6888 = EDGE_CURVE('',#6881,#6889,#6891,.T.);
#6889 = VERTEX_POINT('',#6890);
#6890 = CARTESIAN_POINT('',(314.625,-319.8800995317,0.));
#6891 = LINE('',#6892,#6893);
#6892 = CARTESIAN_POINT('',(308.3125,-319.8800995317,0.));
#6893 = VECTOR('',#6894,1.);
#6894 = DIRECTION('',(-1.,0.,0.));
#6895 = ORIENTED_EDGE('',*,*,#6896,.F.);
#6896 = EDGE_CURVE('',#6897,#6889,#6899,.T.);
#6897 = VERTEX_POINT('',#6898);
#6898 = CARTESIAN_POINT('',(314.625,-343.8800995317,5.329070518201E-15)
  );
#6899 = LINE('',#6900,#6901);
#6900 = CARTESIAN_POINT('',(314.625,-331.8800995317,3.552713678801E-15)
  );
#6901 = VECTOR('',#6902,1.);
#6902 = DIRECTION('',(0.,1.,-2.22044604925E-16));
#6903 = ORIENTED_EDGE('',*,*,#6904,.F.);
#6904 = EDGE_CURVE('',#6905,#6897,#6907,.T.);
#6905 = VERTEX_POINT('',#6906);
#6906 = CARTESIAN_POINT('',(310.375,-343.8800995317,5.329070518201E-15)
  );
#6907 = LINE('',#6908,#6909);
#6908 = CARTESIAN_POINT('',(312.5,-343.8800995317,5.329070518201E-15));
#6909 = VECTOR('',#6910,1.);
#6910 = DIRECTION('',(1.,-0.,0.));
#6911 = ORIENTED_EDGE('',*,*,#6912,.T.);
#6912 = EDGE_CURVE('',#6905,#6913,#6915,.T.);
#6913 = VERTEX_POINT('',#6914);
#6914 = CARTESIAN_POINT('',(310.375,-319.8800995317,0.));
#6915 = LINE('',#6916,#6917);
#6916 = CARTESIAN_POINT('',(310.375,-331.8800995317,3.552713678801E-15)
  );
#6917 = VECTOR('',#6918,1.);
#6918 = DIRECTION('',(0.,1.,-2.22044604925E-16));
#6919 = ORIENTED_EDGE('',*,*,#6920,.T.);
#6920 = EDGE_CURVE('',#6913,#6921,#6923,.T.);
#6921 = VERTEX_POINT('',#6922);
#6922 = CARTESIAN_POINT('',(308.375,-319.8800995317,0.));
#6923 = LINE('',#6924,#6925);
#6924 = CARTESIAN_POINT('',(305.1875,-319.8800995317,0.));
#6925 = VECTOR('',#6926,1.);
#6926 = DIRECTION('',(-1.,0.,0.));
#6927 = ORIENTED_EDGE('',*,*,#6928,.F.);
#6928 = EDGE_CURVE('',#6929,#6921,#6931,.T.);
#6929 = VERTEX_POINT('',#6930);
#6930 = CARTESIAN_POINT('',(308.375,-343.8800995317,5.329070518201E-15)
  );
#6931 = LINE('',#6932,#6933);
#6932 = CARTESIAN_POINT('',(308.375,-331.8800995317,3.552713678801E-15)
  );
#6933 = VECTOR('',#6934,1.);
#6934 = DIRECTION('',(0.,1.,-2.22044604925E-16));
#6935 = ORIENTED_EDGE('',*,*,#6936,.F.);
#6936 = EDGE_CURVE('',#6937,#6929,#6939,.T.);
#6937 = VERTEX_POINT('',#6938);
#6938 = CARTESIAN_POINT('',(304.125,-343.8800995317,5.329070518201E-15)
  );
#6939 = LINE('',#6940,#6941);
#6940 = CARTESIAN_POINT('',(312.5,-343.8800995317,5.329070518201E-15));
#6941 = VECTOR('',#6942,1.);
#6942 = DIRECTION('',(1.,-0.,0.));
#6943 = ORIENTED_EDGE('',*,*,#6944,.T.);
#6944 = EDGE_CURVE('',#6937,#6945,#6947,.T.);
#6945 = VERTEX_POINT('',#6946);
#6946 = CARTESIAN_POINT('',(304.125,-319.8800995317,0.));
#6947 = LINE('',#6948,#6949);
#6948 = CARTESIAN_POINT('',(304.125,-331.8800995317,3.552713678801E-15)
  );
#6949 = VECTOR('',#6950,1.);
#6950 = DIRECTION('',(0.,1.,-2.22044604925E-16));
#6951 = ORIENTED_EDGE('',*,*,#6952,.T.);
#6952 = EDGE_CURVE('',#6945,#6953,#6955,.T.);
#6953 = VERTEX_POINT('',#6954);
#6954 = CARTESIAN_POINT('',(302.125,-319.8800995317,0.));
#6955 = LINE('',#6956,#6957);
#6956 = CARTESIAN_POINT('',(302.0625,-319.8800995317,0.));
#6957 = VECTOR('',#6958,1.);
#6958 = DIRECTION('',(-1.,0.,0.));
#6959 = ORIENTED_EDGE('',*,*,#6960,.F.);
#6960 = EDGE_CURVE('',#6961,#6953,#6963,.T.);
#6961 = VERTEX_POINT('',#6962);
#6962 = CARTESIAN_POINT('',(302.125,-343.8800995317,5.329070518201E-15)
  );
#6963 = LINE('',#6964,#6965);
#6964 = CARTESIAN_POINT('',(302.125,-331.8800995317,3.552713678801E-15)
  );
#6965 = VECTOR('',#6966,1.);
#6966 = DIRECTION('',(0.,1.,-2.22044604925E-16));
#6967 = ORIENTED_EDGE('',*,*,#6968,.F.);
#6968 = EDGE_CURVE('',#6969,#6961,#6971,.T.);
#6969 = VERTEX_POINT('',#6970);
#6970 = CARTESIAN_POINT('',(297.875,-343.8800995317,5.329070518201E-15)
  );
#6971 = LINE('',#6972,#6973);
#6972 = CARTESIAN_POINT('',(312.5,-343.8800995317,5.329070518201E-15));
#6973 = VECTOR('',#6974,1.);
#6974 = DIRECTION('',(1.,-0.,0.));
#6975 = ORIENTED_EDGE('',*,*,#6976,.T.);
#6976 = EDGE_CURVE('',#6969,#6977,#6979,.T.);
#6977 = VERTEX_POINT('',#6978);
#6978 = CARTESIAN_POINT('',(297.875,-319.8800995317,0.));
#6979 = LINE('',#6980,#6981);
#6980 = CARTESIAN_POINT('',(297.875,-331.8800995317,3.552713678801E-15)
  );
#6981 = VECTOR('',#6982,1.);
#6982 = DIRECTION('',(0.,1.,-2.22044604925E-16));
#6983 = ORIENTED_EDGE('',*,*,#6984,.T.);
#6984 = EDGE_CURVE('',#6977,#6985,#6987,.T.);
#6985 = VERTEX_POINT('',#6986);
#6986 = CARTESIAN_POINT('',(295.875,-319.8800995317,0.));
#6987 = LINE('',#6988,#6989);
#6988 = CARTESIAN_POINT('',(298.9375,-319.8800995317,0.));
#6989 = VECTOR('',#6990,1.);
#6990 = DIRECTION('',(-1.,0.,0.));
#6991 = ORIENTED_EDGE('',*,*,#6992,.F.);
#6992 = EDGE_CURVE('',#6993,#6985,#6995,.T.);
#6993 = VERTEX_POINT('',#6994);
#6994 = CARTESIAN_POINT('',(295.875,-343.8800995317,5.329070518201E-15)
  );
#6995 = LINE('',#6996,#6997);
#6996 = CARTESIAN_POINT('',(295.875,-331.8800995317,3.552713678801E-15)
  );
#6997 = VECTOR('',#6998,1.);
#6998 = DIRECTION('',(0.,1.,-2.22044604925E-16));
#6999 = ORIENTED_EDGE('',*,*,#7000,.F.);
#7000 = EDGE_CURVE('',#7001,#6993,#7003,.T.);
#7001 = VERTEX_POINT('',#7002);
#7002 = CARTESIAN_POINT('',(291.625,-343.8800995317,5.329070518201E-15)
  );
#7003 = LINE('',#7004,#7005);
#7004 = CARTESIAN_POINT('',(312.5,-343.8800995317,5.329070518201E-15));
#7005 = VECTOR('',#7006,1.);
#7006 = DIRECTION('',(1.,-0.,0.));
#7007 = ORIENTED_EDGE('',*,*,#7008,.T.);
#7008 = EDGE_CURVE('',#7001,#7009,#7011,.T.);
#7009 = VERTEX_POINT('',#7010);
#7010 = CARTESIAN_POINT('',(291.625,-319.8800995317,0.));
#7011 = LINE('',#7012,#7013);
#7012 = CARTESIAN_POINT('',(291.625,-331.8800995317,3.552713678801E-15)
  );
#7013 = VECTOR('',#7014,1.);
#7014 = DIRECTION('',(0.,1.,-2.22044604925E-16));
#7015 = ORIENTED_EDGE('',*,*,#7016,.T.);
#7016 = EDGE_CURVE('',#7009,#7017,#7019,.T.);
#7017 = VERTEX_POINT('',#7018);
#7018 = CARTESIAN_POINT('',(289.625,-319.8800995317,0.));
#7019 = LINE('',#7020,#7021);
#7020 = CARTESIAN_POINT('',(295.8125,-319.8800995317,0.));
#7021 = VECTOR('',#7022,1.);
#7022 = DIRECTION('',(-1.,0.,0.));
#7023 = ORIENTED_EDGE('',*,*,#7024,.F.);
#7024 = EDGE_CURVE('',#7025,#7017,#7027,.T.);
#7025 = VERTEX_POINT('',#7026);
#7026 = CARTESIAN_POINT('',(289.625,-343.8800995317,5.329070518201E-15)
  );
#7027 = LINE('',#7028,#7029);
#7028 = CARTESIAN_POINT('',(289.625,-331.8800995317,3.552713678801E-15)
  );
#7029 = VECTOR('',#7030,1.);
#7030 = DIRECTION('',(0.,1.,-2.22044604925E-16));
#7031 = ORIENTED_EDGE('',*,*,#7032,.F.);
#7032 = EDGE_CURVE('',#7033,#7025,#7035,.T.);
#7033 = VERTEX_POINT('',#7034);
#7034 = CARTESIAN_POINT('',(285.375,-343.8800995317,5.329070518201E-15)
  );
#7035 = LINE('',#7036,#7037);
#7036 = CARTESIAN_POINT('',(312.5,-343.8800995317,5.329070518201E-15));
#7037 = VECTOR('',#7038,1.);
#7038 = DIRECTION('',(1.,-0.,0.));
#7039 = ORIENTED_EDGE('',*,*,#7040,.T.);
#7040 = EDGE_CURVE('',#7033,#7041,#7043,.T.);
#7041 = VERTEX_POINT('',#7042);
#7042 = CARTESIAN_POINT('',(285.375,-319.8800995317,0.));
#7043 = LINE('',#7044,#7045);
#7044 = CARTESIAN_POINT('',(285.375,-331.8800995317,3.552713678801E-15)
  );
#7045 = VECTOR('',#7046,1.);
#7046 = DIRECTION('',(0.,1.,-2.22044604925E-16));
#7047 = ORIENTED_EDGE('',*,*,#7048,.T.);
#7048 = EDGE_CURVE('',#7041,#7049,#7051,.T.);
#7049 = VERTEX_POINT('',#7050);
#7050 = CARTESIAN_POINT('',(283.375,-319.8800995317,0.));
#7051 = LINE('',#7052,#7053);
#7052 = CARTESIAN_POINT('',(292.6875,-319.8800995317,0.));
#7053 = VECTOR('',#7054,1.);
#7054 = DIRECTION('',(-1.,0.,0.));
#7055 = ORIENTED_EDGE('',*,*,#7056,.F.);
#7056 = EDGE_CURVE('',#7057,#7049,#7059,.T.);
#7057 = VERTEX_POINT('',#7058);
#7058 = CARTESIAN_POINT('',(283.375,-343.8800995317,5.329070518201E-15)
  );
#7059 = LINE('',#7060,#7061);
#7060 = CARTESIAN_POINT('',(283.375,-331.8800995317,3.552713678801E-15)
  );
#7061 = VECTOR('',#7062,1.);
#7062 = DIRECTION('',(0.,1.,-2.22044604925E-16));
#7063 = ORIENTED_EDGE('',*,*,#7064,.F.);
#7064 = EDGE_CURVE('',#7065,#7057,#7067,.T.);
#7065 = VERTEX_POINT('',#7066);
#7066 = CARTESIAN_POINT('',(279.125,-343.8800995317,5.329070518201E-15)
  );
#7067 = LINE('',#7068,#7069);
#7068 = CARTESIAN_POINT('',(312.5,-343.8800995317,5.329070518201E-15));
#7069 = VECTOR('',#7070,1.);
#7070 = DIRECTION('',(1.,-0.,0.));
#7071 = ORIENTED_EDGE('',*,*,#7072,.T.);
#7072 = EDGE_CURVE('',#7065,#7073,#7075,.T.);
#7073 = VERTEX_POINT('',#7074);
#7074 = CARTESIAN_POINT('',(279.125,-319.8800995317,0.));
#7075 = LINE('',#7076,#7077);
#7076 = CARTESIAN_POINT('',(279.125,-331.8800995317,3.552713678801E-15)
  );
#7077 = VECTOR('',#7078,1.);
#7078 = DIRECTION('',(0.,1.,-2.22044604925E-16));
#7079 = ORIENTED_EDGE('',*,*,#7080,.T.);
#7080 = EDGE_CURVE('',#7073,#7081,#7083,.T.);
#7081 = VERTEX_POINT('',#7082);
#7082 = CARTESIAN_POINT('',(277.125,-319.8800995317,0.));
#7083 = LINE('',#7084,#7085);
#7084 = CARTESIAN_POINT('',(289.5625,-319.8800995317,0.));
#7085 = VECTOR('',#7086,1.);
#7086 = DIRECTION('',(-1.,0.,0.));
#7087 = ORIENTED_EDGE('',*,*,#7088,.F.);
#7088 = EDGE_CURVE('',#7089,#7081,#7091,.T.);
#7089 = VERTEX_POINT('',#7090);
#7090 = CARTESIAN_POINT('',(277.125,-343.8800995317,5.329070518201E-15)
  );
#7091 = LINE('',#7092,#7093);
#7092 = CARTESIAN_POINT('',(277.125,-331.8800995317,3.552713678801E-15)
  );
#7093 = VECTOR('',#7094,1.);
#7094 = DIRECTION('',(0.,1.,-2.22044604925E-16));
#7095 = ORIENTED_EDGE('',*,*,#7096,.F.);
#7096 = EDGE_CURVE('',#6783,#7089,#7097,.T.);
#7097 = LINE('',#7098,#7099);
#7098 = CARTESIAN_POINT('',(312.5,-343.8800995317,5.329070518201E-15));
#7099 = VECTOR('',#7100,1.);
#7100 = DIRECTION('',(1.,-0.,0.));
#7101 = PLANE('',#7102);
#7102 = AXIS2_PLACEMENT_3D('',#7103,#7104,#7105);
#7103 = CARTESIAN_POINT('',(300.,-293.8800995317,-5.329070518201E-15));
#7104 = DIRECTION('',(0.,-2.22044604925E-16,-1.));
#7105 = DIRECTION('',(0.,-1.,2.22044604925E-16));
#7106 = SHELL_BASED_SURFACE_MODEL('',(#7107));
#7107 = OPEN_SHELL('',(#7108));
#7108 = ADVANCED_FACE('',(#7109),#7416,.T.);
#7109 = FACE_BOUND('',#7110,.T.);
#7110 = EDGE_LOOP('',(#7111,#7121,#7129,#7138,#7146,#7154,#7162,#7170,
    #7178,#7186,#7194,#7202,#7210,#7218,#7226,#7234,#7242,#7250,#7258,
    #7266,#7274,#7282,#7290,#7298,#7306,#7314,#7322,#7330,#7338,#7346,
    #7354,#7362,#7370,#7378,#7386,#7394,#7402,#7410));
#7111 = ORIENTED_EDGE('',*,*,#7112,.F.);
#7112 = EDGE_CURVE('',#7113,#7115,#7117,.T.);
#7113 = VERTEX_POINT('',#7114);
#7114 = CARTESIAN_POINT('',(335.,-297.5060972065,-5.329070518201E-15));
#7115 = VERTEX_POINT('',#7116);
#7116 = CARTESIAN_POINT('',(335.,-345.5060972065,5.329070518201E-15));
#7117 = LINE('',#7118,#7119);
#7118 = CARTESIAN_POINT('',(335.,-270.5060972065,-1.06581410364E-14));
#7119 = VECTOR('',#7120,1.);
#7120 = DIRECTION('',(0.,-1.,2.22044604925E-16));
#7121 = ORIENTED_EDGE('',*,*,#7122,.T.);
#7122 = EDGE_CURVE('',#7113,#7123,#7125,.T.);
#7123 = VERTEX_POINT('',#7124);
#7124 = CARTESIAN_POINT('',(347.51563477785,-297.5060972065,
    -3.552713678801E-15));
#7125 = LINE('',#7126,#7127);
#7126 = CARTESIAN_POINT('',(360.,-297.5060972065,-5.329070518201E-15));
#7127 = VECTOR('',#7128,1.);
#7128 = DIRECTION('',(1.,-0.,0.));
#7129 = ORIENTED_EDGE('',*,*,#7130,.T.);
#7130 = EDGE_CURVE('',#7123,#7131,#7133,.T.);
#7131 = VERTEX_POINT('',#7132);
#7132 = CARTESIAN_POINT('',(372.48436522214,-297.5060972065,
    -7.105427357601E-15));
#7133 = HYPERBOLA('',#7134,16.7589421875,15.625);
#7134 = AXIS2_PLACEMENT_3D('',#7135,#7136,#7137);
#7135 = CARTESIAN_POINT('',(360.,-318.9575432065,0.));
#7136 = DIRECTION('',(0.,-2.22044604925E-16,-1.));
#7137 = DIRECTION('',(0.,1.,-2.22044604925E-16));
#7138 = ORIENTED_EDGE('',*,*,#7139,.T.);
#7139 = EDGE_CURVE('',#7131,#7140,#7142,.T.);
#7140 = VERTEX_POINT('',#7141);
#7141 = CARTESIAN_POINT('',(385.,-297.5060972065,-5.329070518201E-15));
#7142 = LINE('',#7143,#7144);
#7143 = CARTESIAN_POINT('',(360.,-297.5060972065,-5.329070518201E-15));
#7144 = VECTOR('',#7145,1.);
#7145 = DIRECTION('',(1.,-0.,0.));
#7146 = ORIENTED_EDGE('',*,*,#7147,.T.);
#7147 = EDGE_CURVE('',#7140,#7148,#7150,.T.);
#7148 = VERTEX_POINT('',#7149);
#7149 = CARTESIAN_POINT('',(385.,-345.5060972065,5.329070518201E-15));
#7150 = LINE('',#7151,#7152);
#7151 = CARTESIAN_POINT('',(385.,-270.5060972065,-1.06581410364E-14));
#7152 = VECTOR('',#7153,1.);
#7153 = DIRECTION('',(0.,-1.,2.22044604925E-16));
#7154 = ORIENTED_EDGE('',*,*,#7155,.F.);
#7155 = EDGE_CURVE('',#7156,#7148,#7158,.T.);
#7156 = VERTEX_POINT('',#7157);
#7157 = CARTESIAN_POINT('',(382.875,-345.5060972065,5.329070518201E-15)
  );
#7158 = LINE('',#7159,#7160);
#7159 = CARTESIAN_POINT('',(372.5,-345.5060972065,5.329070518201E-15));
#7160 = VECTOR('',#7161,1.);
#7161 = DIRECTION('',(1.,-0.,0.));
#7162 = ORIENTED_EDGE('',*,*,#7163,.T.);
#7163 = EDGE_CURVE('',#7156,#7164,#7166,.T.);
#7164 = VERTEX_POINT('',#7165);
#7165 = CARTESIAN_POINT('',(382.875,-321.5060972065,0.));
#7166 = LINE('',#7167,#7168);
#7167 = CARTESIAN_POINT('',(382.875,-333.5060972065,3.552713678801E-15)
  );
#7168 = VECTOR('',#7169,1.);
#7169 = DIRECTION('',(0.,1.,-2.22044604925E-16));
#7170 = ORIENTED_EDGE('',*,*,#7171,.T.);
#7171 = EDGE_CURVE('',#7164,#7172,#7174,.T.);
#7172 = VERTEX_POINT('',#7173);
#7173 = CARTESIAN_POINT('',(380.875,-321.5060972065,0.));
#7174 = LINE('',#7175,#7176);
#7175 = CARTESIAN_POINT('',(371.4375,-321.5060972065,0.));
#7176 = VECTOR('',#7177,1.);
#7177 = DIRECTION('',(-1.,0.,0.));
#7178 = ORIENTED_EDGE('',*,*,#7179,.F.);
#7179 = EDGE_CURVE('',#7180,#7172,#7182,.T.);
#7180 = VERTEX_POINT('',#7181);
#7181 = CARTESIAN_POINT('',(380.875,-345.5060972065,5.329070518201E-15)
  );
#7182 = LINE('',#7183,#7184);
#7183 = CARTESIAN_POINT('',(380.875,-333.5060972065,3.552713678801E-15)
  );
#7184 = VECTOR('',#7185,1.);
#7185 = DIRECTION('',(0.,1.,-2.22044604925E-16));
#7186 = ORIENTED_EDGE('',*,*,#7187,.F.);
#7187 = EDGE_CURVE('',#7188,#7180,#7190,.T.);
#7188 = VERTEX_POINT('',#7189);
#7189 = CARTESIAN_POINT('',(376.625,-345.5060972065,5.329070518201E-15)
  );
#7190 = LINE('',#7191,#7192);
#7191 = CARTESIAN_POINT('',(372.5,-345.5060972065,5.329070518201E-15));
#7192 = VECTOR('',#7193,1.);
#7193 = DIRECTION('',(1.,-0.,0.));
#7194 = ORIENTED_EDGE('',*,*,#7195,.T.);
#7195 = EDGE_CURVE('',#7188,#7196,#7198,.T.);
#7196 = VERTEX_POINT('',#7197);
#7197 = CARTESIAN_POINT('',(376.625,-321.5060972065,0.));
#7198 = LINE('',#7199,#7200);
#7199 = CARTESIAN_POINT('',(376.625,-333.5060972065,3.552713678801E-15)
  );
#7200 = VECTOR('',#7201,1.);
#7201 = DIRECTION('',(0.,1.,-2.22044604925E-16));
#7202 = ORIENTED_EDGE('',*,*,#7203,.T.);
#7203 = EDGE_CURVE('',#7196,#7204,#7206,.T.);
#7204 = VERTEX_POINT('',#7205);
#7205 = CARTESIAN_POINT('',(374.625,-321.5060972065,0.));
#7206 = LINE('',#7207,#7208);
#7207 = CARTESIAN_POINT('',(368.3125,-321.5060972065,0.));
#7208 = VECTOR('',#7209,1.);
#7209 = DIRECTION('',(-1.,0.,0.));
#7210 = ORIENTED_EDGE('',*,*,#7211,.F.);
#7211 = EDGE_CURVE('',#7212,#7204,#7214,.T.);
#7212 = VERTEX_POINT('',#7213);
#7213 = CARTESIAN_POINT('',(374.625,-345.5060972065,5.329070518201E-15)
  );
#7214 = LINE('',#7215,#7216);
#7215 = CARTESIAN_POINT('',(374.625,-333.5060972065,3.552713678801E-15)
  );
#7216 = VECTOR('',#7217,1.);
#7217 = DIRECTION('',(0.,1.,-2.22044604925E-16));
#7218 = ORIENTED_EDGE('',*,*,#7219,.F.);
#7219 = EDGE_CURVE('',#7220,#7212,#7222,.T.);
#7220 = VERTEX_POINT('',#7221);
#7221 = CARTESIAN_POINT('',(370.375,-345.5060972065,5.329070518201E-15)
  );
#7222 = LINE('',#7223,#7224);
#7223 = CARTESIAN_POINT('',(372.5,-345.5060972065,5.329070518201E-15));
#7224 = VECTOR('',#7225,1.);
#7225 = DIRECTION('',(1.,-0.,0.));
#7226 = ORIENTED_EDGE('',*,*,#7227,.T.);
#7227 = EDGE_CURVE('',#7220,#7228,#7230,.T.);
#7228 = VERTEX_POINT('',#7229);
#7229 = CARTESIAN_POINT('',(370.375,-321.5060972065,0.));
#7230 = LINE('',#7231,#7232);
#7231 = CARTESIAN_POINT('',(370.375,-333.5060972065,3.552713678801E-15)
  );
#7232 = VECTOR('',#7233,1.);
#7233 = DIRECTION('',(0.,1.,-2.22044604925E-16));
#7234 = ORIENTED_EDGE('',*,*,#7235,.T.);
#7235 = EDGE_CURVE('',#7228,#7236,#7238,.T.);
#7236 = VERTEX_POINT('',#7237);
#7237 = CARTESIAN_POINT('',(368.375,-321.5060972065,0.));
#7238 = LINE('',#7239,#7240);
#7239 = CARTESIAN_POINT('',(365.1875,-321.5060972065,0.));
#7240 = VECTOR('',#7241,1.);
#7241 = DIRECTION('',(-1.,0.,0.));
#7242 = ORIENTED_EDGE('',*,*,#7243,.F.);
#7243 = EDGE_CURVE('',#7244,#7236,#7246,.T.);
#7244 = VERTEX_POINT('',#7245);
#7245 = CARTESIAN_POINT('',(368.375,-345.5060972065,5.329070518201E-15)
  );
#7246 = LINE('',#7247,#7248);
#7247 = CARTESIAN_POINT('',(368.375,-333.5060972065,3.552713678801E-15)
  );
#7248 = VECTOR('',#7249,1.);
#7249 = DIRECTION('',(0.,1.,-2.22044604925E-16));
#7250 = ORIENTED_EDGE('',*,*,#7251,.F.);
#7251 = EDGE_CURVE('',#7252,#7244,#7254,.T.);
#7252 = VERTEX_POINT('',#7253);
#7253 = CARTESIAN_POINT('',(364.125,-345.5060972065,5.329070518201E-15)
  );
#7254 = LINE('',#7255,#7256);
#7255 = CARTESIAN_POINT('',(372.5,-345.5060972065,5.329070518201E-15));
#7256 = VECTOR('',#7257,1.);
#7257 = DIRECTION('',(1.,-0.,0.));
#7258 = ORIENTED_EDGE('',*,*,#7259,.T.);
#7259 = EDGE_CURVE('',#7252,#7260,#7262,.T.);
#7260 = VERTEX_POINT('',#7261);
#7261 = CARTESIAN_POINT('',(364.125,-321.5060972065,0.));
#7262 = LINE('',#7263,#7264);
#7263 = CARTESIAN_POINT('',(364.125,-333.5060972065,3.552713678801E-15)
  );
#7264 = VECTOR('',#7265,1.);
#7265 = DIRECTION('',(0.,1.,-2.22044604925E-16));
#7266 = ORIENTED_EDGE('',*,*,#7267,.T.);
#7267 = EDGE_CURVE('',#7260,#7268,#7270,.T.);
#7268 = VERTEX_POINT('',#7269);
#7269 = CARTESIAN_POINT('',(362.125,-321.5060972065,0.));
#7270 = LINE('',#7271,#7272);
#7271 = CARTESIAN_POINT('',(362.0625,-321.5060972065,0.));
#7272 = VECTOR('',#7273,1.);
#7273 = DIRECTION('',(-1.,0.,0.));
#7274 = ORIENTED_EDGE('',*,*,#7275,.F.);
#7275 = EDGE_CURVE('',#7276,#7268,#7278,.T.);
#7276 = VERTEX_POINT('',#7277);
#7277 = CARTESIAN_POINT('',(362.125,-345.5060972065,5.329070518201E-15)
  );
#7278 = LINE('',#7279,#7280);
#7279 = CARTESIAN_POINT('',(362.125,-333.5060972065,3.552713678801E-15)
  );
#7280 = VECTOR('',#7281,1.);
#7281 = DIRECTION('',(0.,1.,-2.22044604925E-16));
#7282 = ORIENTED_EDGE('',*,*,#7283,.F.);
#7283 = EDGE_CURVE('',#7284,#7276,#7286,.T.);
#7284 = VERTEX_POINT('',#7285);
#7285 = CARTESIAN_POINT('',(357.875,-345.5060972065,5.329070518201E-15)
  );
#7286 = LINE('',#7287,#7288);
#7287 = CARTESIAN_POINT('',(372.5,-345.5060972065,5.329070518201E-15));
#7288 = VECTOR('',#7289,1.);
#7289 = DIRECTION('',(1.,-0.,0.));
#7290 = ORIENTED_EDGE('',*,*,#7291,.T.);
#7291 = EDGE_CURVE('',#7284,#7292,#7294,.T.);
#7292 = VERTEX_POINT('',#7293);
#7293 = CARTESIAN_POINT('',(357.875,-321.5060972065,0.));
#7294 = LINE('',#7295,#7296);
#7295 = CARTESIAN_POINT('',(357.875,-333.5060972065,3.552713678801E-15)
  );
#7296 = VECTOR('',#7297,1.);
#7297 = DIRECTION('',(0.,1.,-2.22044604925E-16));
#7298 = ORIENTED_EDGE('',*,*,#7299,.T.);
#7299 = EDGE_CURVE('',#7292,#7300,#7302,.T.);
#7300 = VERTEX_POINT('',#7301);
#7301 = CARTESIAN_POINT('',(355.875,-321.5060972065,0.));
#7302 = LINE('',#7303,#7304);
#7303 = CARTESIAN_POINT('',(358.9375,-321.5060972065,0.));
#7304 = VECTOR('',#7305,1.);
#7305 = DIRECTION('',(-1.,0.,0.));
#7306 = ORIENTED_EDGE('',*,*,#7307,.F.);
#7307 = EDGE_CURVE('',#7308,#7300,#7310,.T.);
#7308 = VERTEX_POINT('',#7309);
#7309 = CARTESIAN_POINT('',(355.875,-345.5060972065,5.329070518201E-15)
  );
#7310 = LINE('',#7311,#7312);
#7311 = CARTESIAN_POINT('',(355.875,-333.5060972065,3.552713678801E-15)
  );
#7312 = VECTOR('',#7313,1.);
#7313 = DIRECTION('',(0.,1.,-2.22044604925E-16));
#7314 = ORIENTED_EDGE('',*,*,#7315,.F.);
#7315 = EDGE_CURVE('',#7316,#7308,#7318,.T.);
#7316 = VERTEX_POINT('',#7317);
#7317 = CARTESIAN_POINT('',(351.625,-345.5060972065,5.329070518201E-15)
  );
#7318 = LINE('',#7319,#7320);
#7319 = CARTESIAN_POINT('',(372.5,-345.5060972065,5.329070518201E-15));
#7320 = VECTOR('',#7321,1.);
#7321 = DIRECTION('',(1.,-0.,0.));
#7322 = ORIENTED_EDGE('',*,*,#7323,.T.);
#7323 = EDGE_CURVE('',#7316,#7324,#7326,.T.);
#7324 = VERTEX_POINT('',#7325);
#7325 = CARTESIAN_POINT('',(351.625,-321.5060972065,0.));
#7326 = LINE('',#7327,#7328);
#7327 = CARTESIAN_POINT('',(351.625,-333.5060972065,3.552713678801E-15)
  );
#7328 = VECTOR('',#7329,1.);
#7329 = DIRECTION('',(0.,1.,-2.22044604925E-16));
#7330 = ORIENTED_EDGE('',*,*,#7331,.T.);
#7331 = EDGE_CURVE('',#7324,#7332,#7334,.T.);
#7332 = VERTEX_POINT('',#7333);
#7333 = CARTESIAN_POINT('',(349.625,-321.5060972065,0.));
#7334 = LINE('',#7335,#7336);
#7335 = CARTESIAN_POINT('',(355.8125,-321.5060972065,0.));
#7336 = VECTOR('',#7337,1.);
#7337 = DIRECTION('',(-1.,0.,0.));
#7338 = ORIENTED_EDGE('',*,*,#7339,.F.);
#7339 = EDGE_CURVE('',#7340,#7332,#7342,.T.);
#7340 = VERTEX_POINT('',#7341);
#7341 = CARTESIAN_POINT('',(349.625,-345.5060972065,5.329070518201E-15)
  );
#7342 = LINE('',#7343,#7344);
#7343 = CARTESIAN_POINT('',(349.625,-333.5060972065,3.552713678801E-15)
  );
#7344 = VECTOR('',#7345,1.);
#7345 = DIRECTION('',(0.,1.,-2.22044604925E-16));
#7346 = ORIENTED_EDGE('',*,*,#7347,.F.);
#7347 = EDGE_CURVE('',#7348,#7340,#7350,.T.);
#7348 = VERTEX_POINT('',#7349);
#7349 = CARTESIAN_POINT('',(345.375,-345.5060972065,5.329070518201E-15)
  );
#7350 = LINE('',#7351,#7352);
#7351 = CARTESIAN_POINT('',(372.5,-345.5060972065,5.329070518201E-15));
#7352 = VECTOR('',#7353,1.);
#7353 = DIRECTION('',(1.,-0.,0.));
#7354 = ORIENTED_EDGE('',*,*,#7355,.T.);
#7355 = EDGE_CURVE('',#7348,#7356,#7358,.T.);
#7356 = VERTEX_POINT('',#7357);
#7357 = CARTESIAN_POINT('',(345.375,-321.5060972065,0.));
#7358 = LINE('',#7359,#7360);
#7359 = CARTESIAN_POINT('',(345.375,-333.5060972065,3.552713678801E-15)
  );
#7360 = VECTOR('',#7361,1.);
#7361 = DIRECTION('',(0.,1.,-2.22044604925E-16));
#7362 = ORIENTED_EDGE('',*,*,#7363,.T.);
#7363 = EDGE_CURVE('',#7356,#7364,#7366,.T.);
#7364 = VERTEX_POINT('',#7365);
#7365 = CARTESIAN_POINT('',(343.375,-321.5060972065,0.));
#7366 = LINE('',#7367,#7368);
#7367 = CARTESIAN_POINT('',(352.6875,-321.5060972065,0.));
#7368 = VECTOR('',#7369,1.);
#7369 = DIRECTION('',(-1.,0.,0.));
#7370 = ORIENTED_EDGE('',*,*,#7371,.F.);
#7371 = EDGE_CURVE('',#7372,#7364,#7374,.T.);
#7372 = VERTEX_POINT('',#7373);
#7373 = CARTESIAN_POINT('',(343.375,-345.5060972065,5.329070518201E-15)
  );
#7374 = LINE('',#7375,#7376);
#7375 = CARTESIAN_POINT('',(343.375,-333.5060972065,3.552713678801E-15)
  );
#7376 = VECTOR('',#7377,1.);
#7377 = DIRECTION('',(0.,1.,-2.22044604925E-16));
#7378 = ORIENTED_EDGE('',*,*,#7379,.F.);
#7379 = EDGE_CURVE('',#7380,#7372,#7382,.T.);
#7380 = VERTEX_POINT('',#7381);
#7381 = CARTESIAN_POINT('',(339.125,-345.5060972065,5.329070518201E-15)
  );
#7382 = LINE('',#7383,#7384);
#7383 = CARTESIAN_POINT('',(372.5,-345.5060972065,5.329070518201E-15));
#7384 = VECTOR('',#7385,1.);
#7385 = DIRECTION('',(1.,-0.,0.));
#7386 = ORIENTED_EDGE('',*,*,#7387,.T.);
#7387 = EDGE_CURVE('',#7380,#7388,#7390,.T.);
#7388 = VERTEX_POINT('',#7389);
#7389 = CARTESIAN_POINT('',(339.125,-321.5060972065,0.));
#7390 = LINE('',#7391,#7392);
#7391 = CARTESIAN_POINT('',(339.125,-333.5060972065,3.552713678801E-15)
  );
#7392 = VECTOR('',#7393,1.);
#7393 = DIRECTION('',(0.,1.,-2.22044604925E-16));
#7394 = ORIENTED_EDGE('',*,*,#7395,.T.);
#7395 = EDGE_CURVE('',#7388,#7396,#7398,.T.);
#7396 = VERTEX_POINT('',#7397);
#7397 = CARTESIAN_POINT('',(337.125,-321.5060972065,0.));
#7398 = LINE('',#7399,#7400);
#7399 = CARTESIAN_POINT('',(349.5625,-321.5060972065,0.));
#7400 = VECTOR('',#7401,1.);
#7401 = DIRECTION('',(-1.,0.,0.));
#7402 = ORIENTED_EDGE('',*,*,#7403,.F.);
#7403 = EDGE_CURVE('',#7404,#7396,#7406,.T.);
#7404 = VERTEX_POINT('',#7405);
#7405 = CARTESIAN_POINT('',(337.125,-345.5060972065,5.329070518201E-15)
  );
#7406 = LINE('',#7407,#7408);
#7407 = CARTESIAN_POINT('',(337.125,-333.5060972065,3.552713678801E-15)
  );
#7408 = VECTOR('',#7409,1.);
#7409 = DIRECTION('',(0.,1.,-2.22044604925E-16));
#7410 = ORIENTED_EDGE('',*,*,#7411,.F.);
#7411 = EDGE_CURVE('',#7115,#7404,#7412,.T.);
#7412 = LINE('',#7413,#7414);
#7413 = CARTESIAN_POINT('',(372.5,-345.5060972065,5.329070518201E-15));
#7414 = VECTOR('',#7415,1.);
#7415 = DIRECTION('',(1.,-0.,0.));
#7416 = PLANE('',#7417);
#7417 = AXIS2_PLACEMENT_3D('',#7418,#7419,#7420);
#7418 = CARTESIAN_POINT('',(360.,-295.5060972065,-5.329070518201E-15));
#7419 = DIRECTION('',(0.,-2.22044604925E-16,-1.));
#7420 = DIRECTION('',(0.,-1.,2.22044604925E-16));
#7421 = SHELL_BASED_SURFACE_MODEL('',(#7422));
#7422 = OPEN_SHELL('',(#7423));
#7423 = ADVANCED_FACE('',(#7424),#7714,.T.);
#7424 = FACE_BOUND('',#7425,.T.);
#7425 = EDGE_LOOP('',(#7426,#7436,#7444,#7452,#7460,#7468,#7476,#7484,
    #7492,#7500,#7508,#7516,#7524,#7532,#7540,#7548,#7556,#7564,#7572,
    #7580,#7588,#7596,#7604,#7612,#7620,#7628,#7636,#7644,#7652,#7660,
    #7668,#7676,#7684,#7692,#7700,#7708));
#7426 = ORIENTED_EDGE('',*,*,#7427,.F.);
#7427 = EDGE_CURVE('',#7428,#7430,#7432,.T.);
#7428 = VERTEX_POINT('',#7429);
#7429 = CARTESIAN_POINT('',(395.,-298.2857142857,-3.552713678801E-15));
#7430 = VERTEX_POINT('',#7431);
#7431 = CARTESIAN_POINT('',(395.,-346.2857142857,7.105427357601E-15));
#7432 = LINE('',#7433,#7434);
#7433 = CARTESIAN_POINT('',(395.,-271.2857142857,-1.06581410364E-14));
#7434 = VECTOR('',#7435,1.);
#7435 = DIRECTION('',(0.,-1.,2.22044604925E-16));
#7436 = ORIENTED_EDGE('',*,*,#7437,.T.);
#7437 = EDGE_CURVE('',#7428,#7438,#7440,.T.);
#7438 = VERTEX_POINT('',#7439);
#7439 = CARTESIAN_POINT('',(445.,-298.2857142857,-3.552713678801E-15));
#7440 = LINE('',#7441,#7442);
#7441 = CARTESIAN_POINT('',(420.,-298.2857142857,-3.552713678801E-15));
#7442 = VECTOR('',#7443,1.);
#7443 = DIRECTION('',(1.,-0.,0.));
#7444 = ORIENTED_EDGE('',*,*,#7445,.T.);
#7445 = EDGE_CURVE('',#7438,#7446,#7448,.T.);
#7446 = VERTEX_POINT('',#7447);
#7447 = CARTESIAN_POINT('',(445.,-346.2857142857,7.105427357601E-15));
#7448 = LINE('',#7449,#7450);
#7449 = CARTESIAN_POINT('',(445.,-271.2857142857,-1.06581410364E-14));
#7450 = VECTOR('',#7451,1.);
#7451 = DIRECTION('',(0.,-1.,2.22044604925E-16));
#7452 = ORIENTED_EDGE('',*,*,#7453,.F.);
#7453 = EDGE_CURVE('',#7454,#7446,#7456,.T.);
#7454 = VERTEX_POINT('',#7455);
#7455 = CARTESIAN_POINT('',(442.875,-346.2857142857,7.105427357601E-15)
  );
#7456 = LINE('',#7457,#7458);
#7457 = CARTESIAN_POINT('',(432.5,-346.2857142857,7.105427357601E-15));
#7458 = VECTOR('',#7459,1.);
#7459 = DIRECTION('',(1.,-0.,0.));
#7460 = ORIENTED_EDGE('',*,*,#7461,.T.);
#7461 = EDGE_CURVE('',#7454,#7462,#7464,.T.);
#7462 = VERTEX_POINT('',#7463);
#7463 = CARTESIAN_POINT('',(442.875,-322.2857142857,3.552713678801E-15)
  );
#7464 = LINE('',#7465,#7466);
#7465 = CARTESIAN_POINT('',(442.875,-334.2857142857,3.552713678801E-15)
  );
#7466 = VECTOR('',#7467,1.);
#7467 = DIRECTION('',(0.,1.,-2.22044604925E-16));
#7468 = ORIENTED_EDGE('',*,*,#7469,.T.);
#7469 = EDGE_CURVE('',#7462,#7470,#7472,.T.);
#7470 = VERTEX_POINT('',#7471);
#7471 = CARTESIAN_POINT('',(440.875,-322.2857142857,3.552713678801E-15)
  );
#7472 = LINE('',#7473,#7474);
#7473 = CARTESIAN_POINT('',(431.4375,-322.2857142857,3.552713678801E-15)
  );
#7474 = VECTOR('',#7475,1.);
#7475 = DIRECTION('',(-1.,0.,0.));
#7476 = ORIENTED_EDGE('',*,*,#7477,.F.);
#7477 = EDGE_CURVE('',#7478,#7470,#7480,.T.);
#7478 = VERTEX_POINT('',#7479);
#7479 = CARTESIAN_POINT('',(440.875,-346.2857142857,7.105427357601E-15)
  );
#7480 = LINE('',#7481,#7482);
#7481 = CARTESIAN_POINT('',(440.875,-334.2857142857,3.552713678801E-15)
  );
#7482 = VECTOR('',#7483,1.);
#7483 = DIRECTION('',(0.,1.,-2.22044604925E-16));
#7484 = ORIENTED_EDGE('',*,*,#7485,.F.);
#7485 = EDGE_CURVE('',#7486,#7478,#7488,.T.);
#7486 = VERTEX_POINT('',#7487);
#7487 = CARTESIAN_POINT('',(436.625,-346.2857142857,7.105427357601E-15)
  );
#7488 = LINE('',#7489,#7490);
#7489 = CARTESIAN_POINT('',(432.5,-346.2857142857,7.105427357601E-15));
#7490 = VECTOR('',#7491,1.);
#7491 = DIRECTION('',(1.,-0.,0.));
#7492 = ORIENTED_EDGE('',*,*,#7493,.T.);
#7493 = EDGE_CURVE('',#7486,#7494,#7496,.T.);
#7494 = VERTEX_POINT('',#7495);
#7495 = CARTESIAN_POINT('',(436.625,-322.2857142857,3.552713678801E-15)
  );
#7496 = LINE('',#7497,#7498);
#7497 = CARTESIAN_POINT('',(436.625,-334.2857142857,3.552713678801E-15)
  );
#7498 = VECTOR('',#7499,1.);
#7499 = DIRECTION('',(0.,1.,-2.22044604925E-16));
#7500 = ORIENTED_EDGE('',*,*,#7501,.T.);
#7501 = EDGE_CURVE('',#7494,#7502,#7504,.T.);
#7502 = VERTEX_POINT('',#7503);
#7503 = CARTESIAN_POINT('',(434.625,-322.2857142857,3.552713678801E-15)
  );
#7504 = LINE('',#7505,#7506);
#7505 = CARTESIAN_POINT('',(428.3125,-322.2857142857,3.552713678801E-15)
  );
#7506 = VECTOR('',#7507,1.);
#7507 = DIRECTION('',(-1.,0.,0.));
#7508 = ORIENTED_EDGE('',*,*,#7509,.F.);
#7509 = EDGE_CURVE('',#7510,#7502,#7512,.T.);
#7510 = VERTEX_POINT('',#7511);
#7511 = CARTESIAN_POINT('',(434.625,-346.2857142857,7.105427357601E-15)
  );
#7512 = LINE('',#7513,#7514);
#7513 = CARTESIAN_POINT('',(434.625,-334.2857142857,3.552713678801E-15)
  );
#7514 = VECTOR('',#7515,1.);
#7515 = DIRECTION('',(0.,1.,-2.22044604925E-16));
#7516 = ORIENTED_EDGE('',*,*,#7517,.F.);
#7517 = EDGE_CURVE('',#7518,#7510,#7520,.T.);
#7518 = VERTEX_POINT('',#7519);
#7519 = CARTESIAN_POINT('',(430.375,-346.2857142857,7.105427357601E-15)
  );
#7520 = LINE('',#7521,#7522);
#7521 = CARTESIAN_POINT('',(432.5,-346.2857142857,7.105427357601E-15));
#7522 = VECTOR('',#7523,1.);
#7523 = DIRECTION('',(1.,-0.,0.));
#7524 = ORIENTED_EDGE('',*,*,#7525,.T.);
#7525 = EDGE_CURVE('',#7518,#7526,#7528,.T.);
#7526 = VERTEX_POINT('',#7527);
#7527 = CARTESIAN_POINT('',(430.375,-322.2857142857,3.552713678801E-15)
  );
#7528 = LINE('',#7529,#7530);
#7529 = CARTESIAN_POINT('',(430.375,-334.2857142857,3.552713678801E-15)
  );
#7530 = VECTOR('',#7531,1.);
#7531 = DIRECTION('',(0.,1.,-2.22044604925E-16));
#7532 = ORIENTED_EDGE('',*,*,#7533,.T.);
#7533 = EDGE_CURVE('',#7526,#7534,#7536,.T.);
#7534 = VERTEX_POINT('',#7535);
#7535 = CARTESIAN_POINT('',(428.375,-322.2857142857,3.552713678801E-15)
  );
#7536 = LINE('',#7537,#7538);
#7537 = CARTESIAN_POINT('',(425.1875,-322.2857142857,3.552713678801E-15)
  );
#7538 = VECTOR('',#7539,1.);
#7539 = DIRECTION('',(-1.,0.,0.));
#7540 = ORIENTED_EDGE('',*,*,#7541,.F.);
#7541 = EDGE_CURVE('',#7542,#7534,#7544,.T.);
#7542 = VERTEX_POINT('',#7543);
#7543 = CARTESIAN_POINT('',(428.375,-346.2857142857,7.105427357601E-15)
  );
#7544 = LINE('',#7545,#7546);
#7545 = CARTESIAN_POINT('',(428.375,-334.2857142857,3.552713678801E-15)
  );
#7546 = VECTOR('',#7547,1.);
#7547 = DIRECTION('',(0.,1.,-2.22044604925E-16));
#7548 = ORIENTED_EDGE('',*,*,#7549,.F.);
#7549 = EDGE_CURVE('',#7550,#7542,#7552,.T.);
#7550 = VERTEX_POINT('',#7551);
#7551 = CARTESIAN_POINT('',(424.125,-346.2857142857,7.105427357601E-15)
  );
#7552 = LINE('',#7553,#7554);
#7553 = CARTESIAN_POINT('',(432.5,-346.2857142857,7.105427357601E-15));
#7554 = VECTOR('',#7555,1.);
#7555 = DIRECTION('',(1.,-0.,0.));
#7556 = ORIENTED_EDGE('',*,*,#7557,.T.);
#7557 = EDGE_CURVE('',#7550,#7558,#7560,.T.);
#7558 = VERTEX_POINT('',#7559);
#7559 = CARTESIAN_POINT('',(424.125,-322.2857142857,3.552713678801E-15)
  );
#7560 = LINE('',#7561,#7562);
#7561 = CARTESIAN_POINT('',(424.125,-334.2857142857,3.552713678801E-15)
  );
#7562 = VECTOR('',#7563,1.);
#7563 = DIRECTION('',(0.,1.,-2.22044604925E-16));
#7564 = ORIENTED_EDGE('',*,*,#7565,.T.);
#7565 = EDGE_CURVE('',#7558,#7566,#7568,.T.);
#7566 = VERTEX_POINT('',#7567);
#7567 = CARTESIAN_POINT('',(422.125,-322.2857142857,3.552713678801E-15)
  );
#7568 = LINE('',#7569,#7570);
#7569 = CARTESIAN_POINT('',(422.0625,-322.2857142857,3.552713678801E-15)
  );
#7570 = VECTOR('',#7571,1.);
#7571 = DIRECTION('',(-1.,0.,0.));
#7572 = ORIENTED_EDGE('',*,*,#7573,.F.);
#7573 = EDGE_CURVE('',#7574,#7566,#7576,.T.);
#7574 = VERTEX_POINT('',#7575);
#7575 = CARTESIAN_POINT('',(422.125,-346.2857142857,7.105427357601E-15)
  );
#7576 = LINE('',#7577,#7578);
#7577 = CARTESIAN_POINT('',(422.125,-334.2857142857,3.552713678801E-15)
  );
#7578 = VECTOR('',#7579,1.);
#7579 = DIRECTION('',(0.,1.,-2.22044604925E-16));
#7580 = ORIENTED_EDGE('',*,*,#7581,.F.);
#7581 = EDGE_CURVE('',#7582,#7574,#7584,.T.);
#7582 = VERTEX_POINT('',#7583);
#7583 = CARTESIAN_POINT('',(417.875,-346.2857142857,7.105427357601E-15)
  );
#7584 = LINE('',#7585,#7586);
#7585 = CARTESIAN_POINT('',(432.5,-346.2857142857,7.105427357601E-15));
#7586 = VECTOR('',#7587,1.);
#7587 = DIRECTION('',(1.,-0.,0.));
#7588 = ORIENTED_EDGE('',*,*,#7589,.T.);
#7589 = EDGE_CURVE('',#7582,#7590,#7592,.T.);
#7590 = VERTEX_POINT('',#7591);
#7591 = CARTESIAN_POINT('',(417.875,-322.2857142857,3.552713678801E-15)
  );
#7592 = LINE('',#7593,#7594);
#7593 = CARTESIAN_POINT('',(417.875,-334.2857142857,3.552713678801E-15)
  );
#7594 = VECTOR('',#7595,1.);
#7595 = DIRECTION('',(0.,1.,-2.22044604925E-16));
#7596 = ORIENTED_EDGE('',*,*,#7597,.T.);
#7597 = EDGE_CURVE('',#7590,#7598,#7600,.T.);
#7598 = VERTEX_POINT('',#7599);
#7599 = CARTESIAN_POINT('',(415.875,-322.2857142857,3.552713678801E-15)
  );
#7600 = LINE('',#7601,#7602);
#7601 = CARTESIAN_POINT('',(418.9375,-322.2857142857,3.552713678801E-15)
  );
#7602 = VECTOR('',#7603,1.);
#7603 = DIRECTION('',(-1.,0.,0.));
#7604 = ORIENTED_EDGE('',*,*,#7605,.F.);
#7605 = EDGE_CURVE('',#7606,#7598,#7608,.T.);
#7606 = VERTEX_POINT('',#7607);
#7607 = CARTESIAN_POINT('',(415.875,-346.2857142857,7.105427357601E-15)
  );
#7608 = LINE('',#7609,#7610);
#7609 = CARTESIAN_POINT('',(415.875,-334.2857142857,3.552713678801E-15)
  );
#7610 = VECTOR('',#7611,1.);
#7611 = DIRECTION('',(0.,1.,-2.22044604925E-16));
#7612 = ORIENTED_EDGE('',*,*,#7613,.F.);
#7613 = EDGE_CURVE('',#7614,#7606,#7616,.T.);
#7614 = VERTEX_POINT('',#7615);
#7615 = CARTESIAN_POINT('',(411.625,-346.2857142857,7.105427357601E-15)
  );
#7616 = LINE('',#7617,#7618);
#7617 = CARTESIAN_POINT('',(432.5,-346.2857142857,7.105427357601E-15));
#7618 = VECTOR('',#7619,1.);
#7619 = DIRECTION('',(1.,-0.,0.));
#7620 = ORIENTED_EDGE('',*,*,#7621,.T.);
#7621 = EDGE_CURVE('',#7614,#7622,#7624,.T.);
#7622 = VERTEX_POINT('',#7623);
#7623 = CARTESIAN_POINT('',(411.625,-322.2857142857,3.552713678801E-15)
  );
#7624 = LINE('',#7625,#7626);
#7625 = CARTESIAN_POINT('',(411.625,-334.2857142857,3.552713678801E-15)
  );
#7626 = VECTOR('',#7627,1.);
#7627 = DIRECTION('',(0.,1.,-2.22044604925E-16));
#7628 = ORIENTED_EDGE('',*,*,#7629,.T.);
#7629 = EDGE_CURVE('',#7622,#7630,#7632,.T.);
#7630 = VERTEX_POINT('',#7631);
#7631 = CARTESIAN_POINT('',(409.625,-322.2857142857,3.552713678801E-15)
  );
#7632 = LINE('',#7633,#7634);
#7633 = CARTESIAN_POINT('',(415.8125,-322.2857142857,3.552713678801E-15)
  );
#7634 = VECTOR('',#7635,1.);
#7635 = DIRECTION('',(-1.,0.,0.));
#7636 = ORIENTED_EDGE('',*,*,#7637,.F.);
#7637 = EDGE_CURVE('',#7638,#7630,#7640,.T.);
#7638 = VERTEX_POINT('',#7639);
#7639 = CARTESIAN_POINT('',(409.625,-346.2857142857,7.105427357601E-15)
  );
#7640 = LINE('',#7641,#7642);
#7641 = CARTESIAN_POINT('',(409.625,-334.2857142857,3.552713678801E-15)
  );
#7642 = VECTOR('',#7643,1.);
#7643 = DIRECTION('',(0.,1.,-2.22044604925E-16));
#7644 = ORIENTED_EDGE('',*,*,#7645,.F.);
#7645 = EDGE_CURVE('',#7646,#7638,#7648,.T.);
#7646 = VERTEX_POINT('',#7647);
#7647 = CARTESIAN_POINT('',(405.375,-346.2857142857,7.105427357601E-15)
  );
#7648 = LINE('',#7649,#7650);
#7649 = CARTESIAN_POINT('',(432.5,-346.2857142857,7.105427357601E-15));
#7650 = VECTOR('',#7651,1.);
#7651 = DIRECTION('',(1.,-0.,0.));
#7652 = ORIENTED_EDGE('',*,*,#7653,.T.);
#7653 = EDGE_CURVE('',#7646,#7654,#7656,.T.);
#7654 = VERTEX_POINT('',#7655);
#7655 = CARTESIAN_POINT('',(405.375,-322.2857142857,3.552713678801E-15)
  );
#7656 = LINE('',#7657,#7658);
#7657 = CARTESIAN_POINT('',(405.375,-334.2857142857,3.552713678801E-15)
  );
#7658 = VECTOR('',#7659,1.);
#7659 = DIRECTION('',(0.,1.,-2.22044604925E-16));
#7660 = ORIENTED_EDGE('',*,*,#7661,.T.);
#7661 = EDGE_CURVE('',#7654,#7662,#7664,.T.);
#7662 = VERTEX_POINT('',#7663);
#7663 = CARTESIAN_POINT('',(403.375,-322.2857142857,3.552713678801E-15)
  );
#7664 = LINE('',#7665,#7666);
#7665 = CARTESIAN_POINT('',(412.6875,-322.2857142857,3.552713678801E-15)
  );
#7666 = VECTOR('',#7667,1.);
#7667 = DIRECTION('',(-1.,0.,0.));
#7668 = ORIENTED_EDGE('',*,*,#7669,.F.);
#7669 = EDGE_CURVE('',#7670,#7662,#7672,.T.);
#7670 = VERTEX_POINT('',#7671);
#7671 = CARTESIAN_POINT('',(403.375,-346.2857142857,7.105427357601E-15)
  );
#7672 = LINE('',#7673,#7674);
#7673 = CARTESIAN_POINT('',(403.375,-334.2857142857,3.552713678801E-15)
  );
#7674 = VECTOR('',#7675,1.);
#7675 = DIRECTION('',(0.,1.,-2.22044604925E-16));
#7676 = ORIENTED_EDGE('',*,*,#7677,.F.);
#7677 = EDGE_CURVE('',#7678,#7670,#7680,.T.);
#7678 = VERTEX_POINT('',#7679);
#7679 = CARTESIAN_POINT('',(399.125,-346.2857142857,7.105427357601E-15)
  );
#7680 = LINE('',#7681,#7682);
#7681 = CARTESIAN_POINT('',(432.5,-346.2857142857,7.105427357601E-15));
#7682 = VECTOR('',#7683,1.);
#7683 = DIRECTION('',(1.,-0.,0.));
#7684 = ORIENTED_EDGE('',*,*,#7685,.T.);
#7685 = EDGE_CURVE('',#7678,#7686,#7688,.T.);
#7686 = VERTEX_POINT('',#7687);
#7687 = CARTESIAN_POINT('',(399.125,-322.2857142857,3.552713678801E-15)
  );
#7688 = LINE('',#7689,#7690);
#7689 = CARTESIAN_POINT('',(399.125,-334.2857142857,3.552713678801E-15)
  );
#7690 = VECTOR('',#7691,1.);
#7691 = DIRECTION('',(0.,1.,-2.22044604925E-16));
#7692 = ORIENTED_EDGE('',*,*,#7693,.T.);
#7693 = EDGE_CURVE('',#7686,#7694,#7696,.T.);
#7694 = VERTEX_POINT('',#7695);
#7695 = CARTESIAN_POINT('',(397.125,-322.2857142857,3.552713678801E-15)
  );
#7696 = LINE('',#7697,#7698);
#7697 = CARTESIAN_POINT('',(409.5625,-322.2857142857,3.552713678801E-15)
  );
#7698 = VECTOR('',#7699,1.);
#7699 = DIRECTION('',(-1.,0.,0.));
#7700 = ORIENTED_EDGE('',*,*,#7701,.F.);
#7701 = EDGE_CURVE('',#7702,#7694,#7704,.T.);
#7702 = VERTEX_POINT('',#7703);
#7703 = CARTESIAN_POINT('',(397.125,-346.2857142857,7.105427357601E-15)
  );
#7704 = LINE('',#7705,#7706);
#7705 = CARTESIAN_POINT('',(397.125,-334.2857142857,3.552713678801E-15)
  );
#7706 = VECTOR('',#7707,1.);
#7707 = DIRECTION('',(0.,1.,-2.22044604925E-16));
#7708 = ORIENTED_EDGE('',*,*,#7709,.F.);
#7709 = EDGE_CURVE('',#7430,#7702,#7710,.T.);
#7710 = LINE('',#7711,#7712);
#7711 = CARTESIAN_POINT('',(432.5,-346.2857142857,7.105427357601E-15));
#7712 = VECTOR('',#7713,1.);
#7713 = DIRECTION('',(1.,-0.,0.));
#7714 = PLANE('',#7715);
#7715 = AXIS2_PLACEMENT_3D('',#7716,#7717,#7718);
#7716 = CARTESIAN_POINT('',(420.,-296.2857142857,-3.552713678801E-15));
#7717 = DIRECTION('',(0.,-2.22044604925E-16,-1.));
#7718 = DIRECTION('',(0.,-1.,2.22044604925E-16));
#7719 = ( GEOMETRIC_REPRESENTATION_CONTEXT(3) 
GLOBAL_UNCERTAINTY_ASSIGNED_CONTEXT((#7723)) 
GLOBAL_UNIT_ASSIGNED_CONTEXT((#7720,#7721,#7722)) REPRESENTATION_CONTEXT
('Context #1','3D Context with UNIT and UNCERTAINTY') );
#7720 = ( LENGTH_UNIT() NAMED_UNIT(*) SI_UNIT(.MILLI.,.METRE.) );
#7721 = ( NAMED_UNIT(*) PLANE_ANGLE_UNIT() SI_UNIT($,.RADIAN.) );
#7722 = ( NAMED_UNIT(*) SI_UNIT($,.STERADIAN.) SOLID_ANGLE_UNIT() );
#7723 = UNCERTAINTY_MEASURE_WITH_UNIT(LENGTH_MEASURE(1.E-04),#7720,
  'distance_accuracy_value','confusion accuracy');
#7724 = CONTEXT_DEPENDENT_SHAPE_REPRESENTATION(#7725,#7727);
#7725 = ( REPRESENTATION_RELATIONSHIP('','',#5164,#10) 
REPRESENTATION_RELATIONSHIP_WITH_TRANSFORMATION(#7726) 
SHAPE_REPRESENTATION_RELATIONSHIP() );
#7726 = ITEM_DEFINED_TRANSFORMATION('','',#11,#23);
#7727 = PRODUCT_DEFINITION_SHAPE('Placement','Placement of an item',
  #7728);
#7728 = NEXT_ASSEMBLY_USAGE_OCCURRENCE('7','Moved x-lower-plates','',#5,
  #5159,$);
#7729 = PRODUCT_RELATED_PRODUCT_CATEGORY('part',$,(#5161));
#7730 = SHAPE_DEFINITION_REPRESENTATION(#7731,#7737);
#7731 = PRODUCT_DEFINITION_SHAPE('','',#7732);
#7732 = PRODUCT_DEFINITION('design','',#7733,#7736);
#7733 = PRODUCT_DEFINITION_FORMATION('','',#7734);
#7734 = PRODUCT('Moved x-upper-plates','Moved x-upper-plates','',(#7735)
  );
#7735 = PRODUCT_CONTEXT('',#2,'mechanical');
#7736 = PRODUCT_DEFINITION_CONTEXT('part definition',#2,'design');
#7737 = SHAPE_REPRESENTATION('',(#11,#7738,#8036,#8355,#8675,#8993,#9311
    ,#9631,#9950),#10248);
#7738 = SHELL_BASED_SURFACE_MODEL('',(#7739));
#7739 = OPEN_SHELL('',(#7740));
#7740 = ADVANCED_FACE('',(#7741),#8031,.T.);
#7741 = FACE_BOUND('',#7742,.T.);
#7742 = EDGE_LOOP('',(#7743,#7753,#7761,#7769,#7777,#7785,#7793,#7801,
    #7809,#7817,#7825,#7833,#7841,#7849,#7857,#7865,#7873,#7881,#7889,
    #7897,#7905,#7913,#7921,#7929,#7937,#7945,#7953,#7961,#7969,#7977,
    #7985,#7993,#8001,#8009,#8017,#8025));
#7743 = ORIENTED_EDGE('',*,*,#7744,.F.);
#7744 = EDGE_CURVE('',#7745,#7747,#7749,.T.);
#7745 = VERTEX_POINT('',#7746);
#7746 = CARTESIAN_POINT('',(-25.,-397.3809523809,1.7763568394E-14));
#7747 = VERTEX_POINT('',#7748);
#7748 = CARTESIAN_POINT('',(-25.,-447.3809523809,2.84217094304E-14));
#7749 = LINE('',#7750,#7751);
#7750 = CARTESIAN_POINT('',(-25.,-422.3809523809,2.13162820728E-14));
#7751 = VECTOR('',#7752,1.);
#7752 = DIRECTION('',(0.,-1.,2.22044604925E-16));
#7753 = ORIENTED_EDGE('',*,*,#7754,.T.);
#7754 = EDGE_CURVE('',#7745,#7755,#7757,.T.);
#7755 = VERTEX_POINT('',#7756);
#7756 = CARTESIAN_POINT('',(25.,-397.3809523809,1.7763568394E-14));
#7757 = LINE('',#7758,#7759);
#7758 = CARTESIAN_POINT('',(12.5,-397.3809523809,1.7763568394E-14));
#7759 = VECTOR('',#7760,1.);
#7760 = DIRECTION('',(1.,-0.,0.));
#7761 = ORIENTED_EDGE('',*,*,#7762,.T.);
#7762 = EDGE_CURVE('',#7755,#7763,#7765,.T.);
#7763 = VERTEX_POINT('',#7764);
#7764 = CARTESIAN_POINT('',(25.,-447.3809523809,2.84217094304E-14));
#7765 = LINE('',#7766,#7767);
#7766 = CARTESIAN_POINT('',(25.,-422.3809523809,2.13162820728E-14));
#7767 = VECTOR('',#7768,1.);
#7768 = DIRECTION('',(0.,-1.,2.22044604925E-16));
#7769 = ORIENTED_EDGE('',*,*,#7770,.F.);
#7770 = EDGE_CURVE('',#7771,#7763,#7773,.T.);
#7771 = VERTEX_POINT('',#7772);
#7772 = CARTESIAN_POINT('',(22.875,-447.3809523809,2.84217094304E-14));
#7773 = LINE('',#7774,#7775);
#7774 = CARTESIAN_POINT('',(0.,-447.3809523809,2.84217094304E-14));
#7775 = VECTOR('',#7776,1.);
#7776 = DIRECTION('',(1.,-0.,0.));
#7777 = ORIENTED_EDGE('',*,*,#7778,.T.);
#7778 = EDGE_CURVE('',#7771,#7779,#7781,.T.);
#7779 = VERTEX_POINT('',#7780);
#7780 = CARTESIAN_POINT('',(22.875,-422.3809523809,2.13162820728E-14));
#7781 = LINE('',#7782,#7783);
#7782 = CARTESIAN_POINT('',(22.875,-459.8809523809,3.19744231092E-14));
#7783 = VECTOR('',#7784,1.);
#7784 = DIRECTION('',(0.,1.,-2.22044604925E-16));
#7785 = ORIENTED_EDGE('',*,*,#7786,.T.);
#7786 = EDGE_CURVE('',#7779,#7787,#7789,.T.);
#7787 = VERTEX_POINT('',#7788);
#7788 = CARTESIAN_POINT('',(20.875,-422.3809523809,2.13162820728E-14));
#7789 = LINE('',#7790,#7791);
#7790 = CARTESIAN_POINT('',(11.4375,-422.3809523809,2.13162820728E-14));
#7791 = VECTOR('',#7792,1.);
#7792 = DIRECTION('',(-1.,0.,0.));
#7793 = ORIENTED_EDGE('',*,*,#7794,.F.);
#7794 = EDGE_CURVE('',#7795,#7787,#7797,.T.);
#7795 = VERTEX_POINT('',#7796);
#7796 = CARTESIAN_POINT('',(20.875,-447.3809523809,2.84217094304E-14));
#7797 = LINE('',#7798,#7799);
#7798 = CARTESIAN_POINT('',(20.875,-459.8809523809,3.19744231092E-14));
#7799 = VECTOR('',#7800,1.);
#7800 = DIRECTION('',(0.,1.,-2.22044604925E-16));
#7801 = ORIENTED_EDGE('',*,*,#7802,.F.);
#7802 = EDGE_CURVE('',#7803,#7795,#7805,.T.);
#7803 = VERTEX_POINT('',#7804);
#7804 = CARTESIAN_POINT('',(16.625,-447.3809523809,2.84217094304E-14));
#7805 = LINE('',#7806,#7807);
#7806 = CARTESIAN_POINT('',(0.,-447.3809523809,2.84217094304E-14));
#7807 = VECTOR('',#7808,1.);
#7808 = DIRECTION('',(1.,-0.,0.));
#7809 = ORIENTED_EDGE('',*,*,#7810,.T.);
#7810 = EDGE_CURVE('',#7803,#7811,#7813,.T.);
#7811 = VERTEX_POINT('',#7812);
#7812 = CARTESIAN_POINT('',(16.625,-422.3809523809,2.13162820728E-14));
#7813 = LINE('',#7814,#7815);
#7814 = CARTESIAN_POINT('',(16.625,-459.8809523809,3.19744231092E-14));
#7815 = VECTOR('',#7816,1.);
#7816 = DIRECTION('',(0.,1.,-2.22044604925E-16));
#7817 = ORIENTED_EDGE('',*,*,#7818,.T.);
#7818 = EDGE_CURVE('',#7811,#7819,#7821,.T.);
#7819 = VERTEX_POINT('',#7820);
#7820 = CARTESIAN_POINT('',(14.625,-422.3809523809,2.13162820728E-14));
#7821 = LINE('',#7822,#7823);
#7822 = CARTESIAN_POINT('',(8.3125,-422.3809523809,2.13162820728E-14));
#7823 = VECTOR('',#7824,1.);
#7824 = DIRECTION('',(-1.,0.,0.));
#7825 = ORIENTED_EDGE('',*,*,#7826,.F.);
#7826 = EDGE_CURVE('',#7827,#7819,#7829,.T.);
#7827 = VERTEX_POINT('',#7828);
#7828 = CARTESIAN_POINT('',(14.625,-447.3809523809,2.84217094304E-14));
#7829 = LINE('',#7830,#7831);
#7830 = CARTESIAN_POINT('',(14.625,-459.8809523809,3.19744231092E-14));
#7831 = VECTOR('',#7832,1.);
#7832 = DIRECTION('',(0.,1.,-2.22044604925E-16));
#7833 = ORIENTED_EDGE('',*,*,#7834,.F.);
#7834 = EDGE_CURVE('',#7835,#7827,#7837,.T.);
#7835 = VERTEX_POINT('',#7836);
#7836 = CARTESIAN_POINT('',(10.375,-447.3809523809,2.84217094304E-14));
#7837 = LINE('',#7838,#7839);
#7838 = CARTESIAN_POINT('',(0.,-447.3809523809,2.84217094304E-14));
#7839 = VECTOR('',#7840,1.);
#7840 = DIRECTION('',(1.,-0.,0.));
#7841 = ORIENTED_EDGE('',*,*,#7842,.T.);
#7842 = EDGE_CURVE('',#7835,#7843,#7845,.T.);
#7843 = VERTEX_POINT('',#7844);
#7844 = CARTESIAN_POINT('',(10.375,-422.3809523809,2.13162820728E-14));
#7845 = LINE('',#7846,#7847);
#7846 = CARTESIAN_POINT('',(10.375,-459.8809523809,3.19744231092E-14));
#7847 = VECTOR('',#7848,1.);
#7848 = DIRECTION('',(0.,1.,-2.22044604925E-16));
#7849 = ORIENTED_EDGE('',*,*,#7850,.T.);
#7850 = EDGE_CURVE('',#7843,#7851,#7853,.T.);
#7851 = VERTEX_POINT('',#7852);
#7852 = CARTESIAN_POINT('',(8.375,-422.3809523809,2.13162820728E-14));
#7853 = LINE('',#7854,#7855);
#7854 = CARTESIAN_POINT('',(5.1875,-422.3809523809,2.13162820728E-14));
#7855 = VECTOR('',#7856,1.);
#7856 = DIRECTION('',(-1.,0.,0.));
#7857 = ORIENTED_EDGE('',*,*,#7858,.F.);
#7858 = EDGE_CURVE('',#7859,#7851,#7861,.T.);
#7859 = VERTEX_POINT('',#7860);
#7860 = CARTESIAN_POINT('',(8.375,-447.3809523809,2.84217094304E-14));
#7861 = LINE('',#7862,#7863);
#7862 = CARTESIAN_POINT('',(8.375,-459.8809523809,3.19744231092E-14));
#7863 = VECTOR('',#7864,1.);
#7864 = DIRECTION('',(0.,1.,-2.22044604925E-16));
#7865 = ORIENTED_EDGE('',*,*,#7866,.F.);
#7866 = EDGE_CURVE('',#7867,#7859,#7869,.T.);
#7867 = VERTEX_POINT('',#7868);
#7868 = CARTESIAN_POINT('',(4.125,-447.3809523809,2.84217094304E-14));
#7869 = LINE('',#7870,#7871);
#7870 = CARTESIAN_POINT('',(0.,-447.3809523809,2.84217094304E-14));
#7871 = VECTOR('',#7872,1.);
#7872 = DIRECTION('',(1.,-0.,0.));
#7873 = ORIENTED_EDGE('',*,*,#7874,.T.);
#7874 = EDGE_CURVE('',#7867,#7875,#7877,.T.);
#7875 = VERTEX_POINT('',#7876);
#7876 = CARTESIAN_POINT('',(4.125,-422.3809523809,2.13162820728E-14));
#7877 = LINE('',#7878,#7879);
#7878 = CARTESIAN_POINT('',(4.125,-459.8809523809,3.19744231092E-14));
#7879 = VECTOR('',#7880,1.);
#7880 = DIRECTION('',(0.,1.,-2.22044604925E-16));
#7881 = ORIENTED_EDGE('',*,*,#7882,.T.);
#7882 = EDGE_CURVE('',#7875,#7883,#7885,.T.);
#7883 = VERTEX_POINT('',#7884);
#7884 = CARTESIAN_POINT('',(2.125,-422.3809523809,2.13162820728E-14));
#7885 = LINE('',#7886,#7887);
#7886 = CARTESIAN_POINT('',(2.0625,-422.3809523809,2.13162820728E-14));
#7887 = VECTOR('',#7888,1.);
#7888 = DIRECTION('',(-1.,0.,0.));
#7889 = ORIENTED_EDGE('',*,*,#7890,.F.);
#7890 = EDGE_CURVE('',#7891,#7883,#7893,.T.);
#7891 = VERTEX_POINT('',#7892);
#7892 = CARTESIAN_POINT('',(2.125,-447.3809523809,2.84217094304E-14));
#7893 = LINE('',#7894,#7895);
#7894 = CARTESIAN_POINT('',(2.125,-459.8809523809,3.19744231092E-14));
#7895 = VECTOR('',#7896,1.);
#7896 = DIRECTION('',(0.,1.,-2.22044604925E-16));
#7897 = ORIENTED_EDGE('',*,*,#7898,.F.);
#7898 = EDGE_CURVE('',#7899,#7891,#7901,.T.);
#7899 = VERTEX_POINT('',#7900);
#7900 = CARTESIAN_POINT('',(-2.125,-447.3809523809,2.84217094304E-14));
#7901 = LINE('',#7902,#7903);
#7902 = CARTESIAN_POINT('',(0.,-447.3809523809,2.84217094304E-14));
#7903 = VECTOR('',#7904,1.);
#7904 = DIRECTION('',(1.,-0.,0.));
#7905 = ORIENTED_EDGE('',*,*,#7906,.T.);
#7906 = EDGE_CURVE('',#7899,#7907,#7909,.T.);
#7907 = VERTEX_POINT('',#7908);
#7908 = CARTESIAN_POINT('',(-2.125,-422.3809523809,2.13162820728E-14));
#7909 = LINE('',#7910,#7911);
#7910 = CARTESIAN_POINT('',(-2.125,-459.8809523809,3.19744231092E-14));
#7911 = VECTOR('',#7912,1.);
#7912 = DIRECTION('',(0.,1.,-2.22044604925E-16));
#7913 = ORIENTED_EDGE('',*,*,#7914,.T.);
#7914 = EDGE_CURVE('',#7907,#7915,#7917,.T.);
#7915 = VERTEX_POINT('',#7916);
#7916 = CARTESIAN_POINT('',(-4.125,-422.3809523809,2.13162820728E-14));
#7917 = LINE('',#7918,#7919);
#7918 = CARTESIAN_POINT('',(-1.0625,-422.3809523809,2.13162820728E-14));
#7919 = VECTOR('',#7920,1.);
#7920 = DIRECTION('',(-1.,0.,0.));
#7921 = ORIENTED_EDGE('',*,*,#7922,.F.);
#7922 = EDGE_CURVE('',#7923,#7915,#7925,.T.);
#7923 = VERTEX_POINT('',#7924);
#7924 = CARTESIAN_POINT('',(-4.125,-447.3809523809,2.84217094304E-14));
#7925 = LINE('',#7926,#7927);
#7926 = CARTESIAN_POINT('',(-4.125,-459.8809523809,3.19744231092E-14));
#7927 = VECTOR('',#7928,1.);
#7928 = DIRECTION('',(0.,1.,-2.22044604925E-16));
#7929 = ORIENTED_EDGE('',*,*,#7930,.F.);
#7930 = EDGE_CURVE('',#7931,#7923,#7933,.T.);
#7931 = VERTEX_POINT('',#7932);
#7932 = CARTESIAN_POINT('',(-8.375,-447.3809523809,2.84217094304E-14));
#7933 = LINE('',#7934,#7935);
#7934 = CARTESIAN_POINT('',(0.,-447.3809523809,2.84217094304E-14));
#7935 = VECTOR('',#7936,1.);
#7936 = DIRECTION('',(1.,-0.,0.));
#7937 = ORIENTED_EDGE('',*,*,#7938,.T.);
#7938 = EDGE_CURVE('',#7931,#7939,#7941,.T.);
#7939 = VERTEX_POINT('',#7940);
#7940 = CARTESIAN_POINT('',(-8.375,-422.3809523809,2.13162820728E-14));
#7941 = LINE('',#7942,#7943);
#7942 = CARTESIAN_POINT('',(-8.375,-459.8809523809,3.19744231092E-14));
#7943 = VECTOR('',#7944,1.);
#7944 = DIRECTION('',(0.,1.,-2.22044604925E-16));
#7945 = ORIENTED_EDGE('',*,*,#7946,.T.);
#7946 = EDGE_CURVE('',#7939,#7947,#7949,.T.);
#7947 = VERTEX_POINT('',#7948);
#7948 = CARTESIAN_POINT('',(-10.375,-422.3809523809,2.13162820728E-14));
#7949 = LINE('',#7950,#7951);
#7950 = CARTESIAN_POINT('',(-4.1875,-422.3809523809,2.13162820728E-14));
#7951 = VECTOR('',#7952,1.);
#7952 = DIRECTION('',(-1.,0.,0.));
#7953 = ORIENTED_EDGE('',*,*,#7954,.F.);
#7954 = EDGE_CURVE('',#7955,#7947,#7957,.T.);
#7955 = VERTEX_POINT('',#7956);
#7956 = CARTESIAN_POINT('',(-10.375,-447.3809523809,2.84217094304E-14));
#7957 = LINE('',#7958,#7959);
#7958 = CARTESIAN_POINT('',(-10.375,-459.8809523809,3.19744231092E-14));
#7959 = VECTOR('',#7960,1.);
#7960 = DIRECTION('',(0.,1.,-2.22044604925E-16));
#7961 = ORIENTED_EDGE('',*,*,#7962,.F.);
#7962 = EDGE_CURVE('',#7963,#7955,#7965,.T.);
#7963 = VERTEX_POINT('',#7964);
#7964 = CARTESIAN_POINT('',(-14.625,-447.3809523809,2.84217094304E-14));
#7965 = LINE('',#7966,#7967);
#7966 = CARTESIAN_POINT('',(0.,-447.3809523809,2.84217094304E-14));
#7967 = VECTOR('',#7968,1.);
#7968 = DIRECTION('',(1.,-0.,0.));
#7969 = ORIENTED_EDGE('',*,*,#7970,.T.);
#7970 = EDGE_CURVE('',#7963,#7971,#7973,.T.);
#7971 = VERTEX_POINT('',#7972);
#7972 = CARTESIAN_POINT('',(-14.625,-422.3809523809,2.13162820728E-14));
#7973 = LINE('',#7974,#7975);
#7974 = CARTESIAN_POINT('',(-14.625,-459.8809523809,3.19744231092E-14));
#7975 = VECTOR('',#7976,1.);
#7976 = DIRECTION('',(0.,1.,-2.22044604925E-16));
#7977 = ORIENTED_EDGE('',*,*,#7978,.T.);
#7978 = EDGE_CURVE('',#7971,#7979,#7981,.T.);
#7979 = VERTEX_POINT('',#7980);
#7980 = CARTESIAN_POINT('',(-16.625,-422.3809523809,2.13162820728E-14));
#7981 = LINE('',#7982,#7983);
#7982 = CARTESIAN_POINT('',(-7.3125,-422.3809523809,2.13162820728E-14));
#7983 = VECTOR('',#7984,1.);
#7984 = DIRECTION('',(-1.,0.,0.));
#7985 = ORIENTED_EDGE('',*,*,#7986,.F.);
#7986 = EDGE_CURVE('',#7987,#7979,#7989,.T.);
#7987 = VERTEX_POINT('',#7988);
#7988 = CARTESIAN_POINT('',(-16.625,-447.3809523809,2.84217094304E-14));
#7989 = LINE('',#7990,#7991);
#7990 = CARTESIAN_POINT('',(-16.625,-459.8809523809,3.19744231092E-14));
#7991 = VECTOR('',#7992,1.);
#7992 = DIRECTION('',(0.,1.,-2.22044604925E-16));
#7993 = ORIENTED_EDGE('',*,*,#7994,.F.);
#7994 = EDGE_CURVE('',#7995,#7987,#7997,.T.);
#7995 = VERTEX_POINT('',#7996);
#7996 = CARTESIAN_POINT('',(-20.875,-447.3809523809,2.84217094304E-14));
#7997 = LINE('',#7998,#7999);
#7998 = CARTESIAN_POINT('',(0.,-447.3809523809,2.84217094304E-14));
#7999 = VECTOR('',#8000,1.);
#8000 = DIRECTION('',(1.,-0.,0.));
#8001 = ORIENTED_EDGE('',*,*,#8002,.T.);
#8002 = EDGE_CURVE('',#7995,#8003,#8005,.T.);
#8003 = VERTEX_POINT('',#8004);
#8004 = CARTESIAN_POINT('',(-20.875,-422.3809523809,2.13162820728E-14));
#8005 = LINE('',#8006,#8007);
#8006 = CARTESIAN_POINT('',(-20.875,-459.8809523809,3.19744231092E-14));
#8007 = VECTOR('',#8008,1.);
#8008 = DIRECTION('',(0.,1.,-2.22044604925E-16));
#8009 = ORIENTED_EDGE('',*,*,#8010,.T.);
#8010 = EDGE_CURVE('',#8003,#8011,#8013,.T.);
#8011 = VERTEX_POINT('',#8012);
#8012 = CARTESIAN_POINT('',(-22.875,-422.3809523809,2.13162820728E-14));
#8013 = LINE('',#8014,#8015);
#8014 = CARTESIAN_POINT('',(-10.4375,-422.3809523809,2.13162820728E-14)
  );
#8015 = VECTOR('',#8016,1.);
#8016 = DIRECTION('',(-1.,0.,0.));
#8017 = ORIENTED_EDGE('',*,*,#8018,.F.);
#8018 = EDGE_CURVE('',#8019,#8011,#8021,.T.);
#8019 = VERTEX_POINT('',#8020);
#8020 = CARTESIAN_POINT('',(-22.875,-447.3809523809,2.84217094304E-14));
#8021 = LINE('',#8022,#8023);
#8022 = CARTESIAN_POINT('',(-22.875,-459.8809523809,3.19744231092E-14));
#8023 = VECTOR('',#8024,1.);
#8024 = DIRECTION('',(0.,1.,-2.22044604925E-16));
#8025 = ORIENTED_EDGE('',*,*,#8026,.F.);
#8026 = EDGE_CURVE('',#7747,#8019,#8027,.T.);
#8027 = LINE('',#8028,#8029);
#8028 = CARTESIAN_POINT('',(0.,-447.3809523809,2.84217094304E-14));
#8029 = VECTOR('',#8030,1.);
#8030 = DIRECTION('',(1.,-0.,0.));
#8031 = PLANE('',#8032);
#8032 = AXIS2_PLACEMENT_3D('',#8033,#8034,#8035);
#8033 = CARTESIAN_POINT('',(0.,-447.3809523809,2.84217094304E-14));
#8034 = DIRECTION('',(0.,-2.22044604925E-16,-1.));
#8035 = DIRECTION('',(0.,-1.,2.22044604925E-16));
#8036 = SHELL_BASED_SURFACE_MODEL('',(#8037));
#8037 = OPEN_SHELL('',(#8038));
#8038 = ADVANCED_FACE('',(#8039),#8350,.T.);
#8039 = FACE_BOUND('',#8040,.T.);
#8040 = EDGE_LOOP('',(#8041,#8051,#8059,#8067,#8075,#8083,#8091,#8099,
    #8107,#8115,#8123,#8131,#8139,#8148,#8156,#8164,#8172,#8181,#8189,
    #8197,#8205,#8214,#8222,#8230,#8238,#8247,#8255,#8263,#8271,#8280,
    #8288,#8296,#8304,#8312,#8320,#8328,#8336,#8344));
#8041 = ORIENTED_EDGE('',*,*,#8042,.F.);
#8042 = EDGE_CURVE('',#8043,#8045,#8047,.T.);
#8043 = VERTEX_POINT('',#8044);
#8044 = CARTESIAN_POINT('',(35.,-396.6851427333,1.7763568394E-14));
#8045 = VERTEX_POINT('',#8046);
#8046 = CARTESIAN_POINT('',(35.,-446.6851427333,2.84217094304E-14));
#8047 = LINE('',#8048,#8049);
#8048 = CARTESIAN_POINT('',(35.,-421.6851427333,2.30926389122E-14));
#8049 = VECTOR('',#8050,1.);
#8050 = DIRECTION('',(0.,-1.,2.22044604925E-16));
#8051 = ORIENTED_EDGE('',*,*,#8052,.T.);
#8052 = EDGE_CURVE('',#8043,#8053,#8055,.T.);
#8053 = VERTEX_POINT('',#8054);
#8054 = CARTESIAN_POINT('',(85.,-396.6851427333,1.7763568394E-14));
#8055 = LINE('',#8056,#8057);
#8056 = CARTESIAN_POINT('',(72.5,-396.6851427333,1.7763568394E-14));
#8057 = VECTOR('',#8058,1.);
#8058 = DIRECTION('',(1.,-0.,0.));
#8059 = ORIENTED_EDGE('',*,*,#8060,.T.);
#8060 = EDGE_CURVE('',#8053,#8061,#8063,.T.);
#8061 = VERTEX_POINT('',#8062);
#8062 = CARTESIAN_POINT('',(85.,-446.6851427333,2.84217094304E-14));
#8063 = LINE('',#8064,#8065);
#8064 = CARTESIAN_POINT('',(85.,-421.6851427333,2.30926389122E-14));
#8065 = VECTOR('',#8066,1.);
#8066 = DIRECTION('',(0.,-1.,2.22044604925E-16));
#8067 = ORIENTED_EDGE('',*,*,#8068,.F.);
#8068 = EDGE_CURVE('',#8069,#8061,#8071,.T.);
#8069 = VERTEX_POINT('',#8070);
#8070 = CARTESIAN_POINT('',(82.875,-446.6851427333,2.84217094304E-14));
#8071 = LINE('',#8072,#8073);
#8072 = CARTESIAN_POINT('',(60.,-446.6851427333,2.84217094304E-14));
#8073 = VECTOR('',#8074,1.);
#8074 = DIRECTION('',(1.,-0.,0.));
#8075 = ORIENTED_EDGE('',*,*,#8076,.T.);
#8076 = EDGE_CURVE('',#8069,#8077,#8079,.T.);
#8077 = VERTEX_POINT('',#8078);
#8078 = CARTESIAN_POINT('',(82.875,-421.6851427333,2.30926389122E-14));
#8079 = LINE('',#8080,#8081);
#8080 = CARTESIAN_POINT('',(82.875,-459.1851427333,3.19744231092E-14));
#8081 = VECTOR('',#8082,1.);
#8082 = DIRECTION('',(0.,1.,-2.22044604925E-16));
#8083 = ORIENTED_EDGE('',*,*,#8084,.T.);
#8084 = EDGE_CURVE('',#8077,#8085,#8087,.T.);
#8085 = VERTEX_POINT('',#8086);
#8086 = CARTESIAN_POINT('',(80.875,-421.6851427333,2.30926389122E-14));
#8087 = LINE('',#8088,#8089);
#8088 = CARTESIAN_POINT('',(71.4375,-421.6851427333,2.30926389122E-14));
#8089 = VECTOR('',#8090,1.);
#8090 = DIRECTION('',(-1.,0.,0.));
#8091 = ORIENTED_EDGE('',*,*,#8092,.F.);
#8092 = EDGE_CURVE('',#8093,#8085,#8095,.T.);
#8093 = VERTEX_POINT('',#8094);
#8094 = CARTESIAN_POINT('',(80.875,-446.6851427333,2.84217094304E-14));
#8095 = LINE('',#8096,#8097);
#8096 = CARTESIAN_POINT('',(80.875,-459.1851427333,3.19744231092E-14));
#8097 = VECTOR('',#8098,1.);
#8098 = DIRECTION('',(0.,1.,-2.22044604925E-16));
#8099 = ORIENTED_EDGE('',*,*,#8100,.F.);
#8100 = EDGE_CURVE('',#8101,#8093,#8103,.T.);
#8101 = VERTEX_POINT('',#8102);
#8102 = CARTESIAN_POINT('',(76.625,-446.6851427333,2.84217094304E-14));
#8103 = LINE('',#8104,#8105);
#8104 = CARTESIAN_POINT('',(60.,-446.6851427333,2.84217094304E-14));
#8105 = VECTOR('',#8106,1.);
#8106 = DIRECTION('',(1.,-0.,0.));
#8107 = ORIENTED_EDGE('',*,*,#8108,.T.);
#8108 = EDGE_CURVE('',#8101,#8109,#8111,.T.);
#8109 = VERTEX_POINT('',#8110);
#8110 = CARTESIAN_POINT('',(76.625,-421.6851427333,2.30926389122E-14));
#8111 = LINE('',#8112,#8113);
#8112 = CARTESIAN_POINT('',(76.625,-459.1851427333,3.19744231092E-14));
#8113 = VECTOR('',#8114,1.);
#8114 = DIRECTION('',(0.,1.,-2.22044604925E-16));
#8115 = ORIENTED_EDGE('',*,*,#8116,.T.);
#8116 = EDGE_CURVE('',#8109,#8117,#8119,.T.);
#8117 = VERTEX_POINT('',#8118);
#8118 = CARTESIAN_POINT('',(74.625,-421.6851427333,2.30926389122E-14));
#8119 = LINE('',#8120,#8121);
#8120 = CARTESIAN_POINT('',(68.3125,-421.6851427333,2.30926389122E-14));
#8121 = VECTOR('',#8122,1.);
#8122 = DIRECTION('',(-1.,0.,0.));
#8123 = ORIENTED_EDGE('',*,*,#8124,.F.);
#8124 = EDGE_CURVE('',#8125,#8117,#8127,.T.);
#8125 = VERTEX_POINT('',#8126);
#8126 = CARTESIAN_POINT('',(74.625,-446.6851427333,2.84217094304E-14));
#8127 = LINE('',#8128,#8129);
#8128 = CARTESIAN_POINT('',(74.625,-459.1851427333,3.19744231092E-14));
#8129 = VECTOR('',#8130,1.);
#8130 = DIRECTION('',(0.,1.,-2.22044604925E-16));
#8131 = ORIENTED_EDGE('',*,*,#8132,.F.);
#8132 = EDGE_CURVE('',#8133,#8125,#8135,.T.);
#8133 = VERTEX_POINT('',#8134);
#8134 = CARTESIAN_POINT('',(72.484365222149,-446.6851427333,
    2.84217094304E-14));
#8135 = LINE('',#8136,#8137);
#8136 = CARTESIAN_POINT('',(60.,-446.6851427333,2.84217094304E-14));
#8137 = VECTOR('',#8138,1.);
#8138 = DIRECTION('',(1.,-0.,0.));
#8139 = ORIENTED_EDGE('',*,*,#8140,.F.);
#8140 = EDGE_CURVE('',#8141,#8133,#8143,.T.);
#8141 = VERTEX_POINT('',#8142);
#8142 = CARTESIAN_POINT('',(70.375,-448.0196024095,2.84217094304E-14));
#8143 = HYPERBOLA('',#8144,16.7589421875,15.625);
#8144 = AXIS2_PLACEMENT_3D('',#8145,#8146,#8147);
#8145 = CARTESIAN_POINT('',(60.,-468.1365887333,3.37507799486E-14));
#8146 = DIRECTION('',(0.,-2.22044604925E-16,-1.));
#8147 = DIRECTION('',(0.,1.,-2.22044604925E-16));
#8148 = ORIENTED_EDGE('',*,*,#8149,.T.);
#8149 = EDGE_CURVE('',#8141,#8150,#8152,.T.);
#8150 = VERTEX_POINT('',#8151);
#8151 = CARTESIAN_POINT('',(70.375,-421.6851427333,2.30926389122E-14));
#8152 = LINE('',#8153,#8154);
#8153 = CARTESIAN_POINT('',(70.375,-459.1851427333,3.19744231092E-14));
#8154 = VECTOR('',#8155,1.);
#8155 = DIRECTION('',(0.,1.,-2.22044604925E-16));
#8156 = ORIENTED_EDGE('',*,*,#8157,.T.);
#8157 = EDGE_CURVE('',#8150,#8158,#8160,.T.);
#8158 = VERTEX_POINT('',#8159);
#8159 = CARTESIAN_POINT('',(68.375,-421.6851427333,2.30926389122E-14));
#8160 = LINE('',#8161,#8162);
#8161 = CARTESIAN_POINT('',(65.1875,-421.6851427333,2.30926389122E-14));
#8162 = VECTOR('',#8163,1.);
#8163 = DIRECTION('',(-1.,0.,0.));
#8164 = ORIENTED_EDGE('',*,*,#8165,.F.);
#8165 = EDGE_CURVE('',#8166,#8158,#8168,.T.);
#8166 = VERTEX_POINT('',#8167);
#8167 = CARTESIAN_POINT('',(68.375,-449.122049203,2.84217094304E-14));
#8168 = LINE('',#8169,#8170);
#8169 = CARTESIAN_POINT('',(68.375,-459.1851427333,3.19744231092E-14));
#8170 = VECTOR('',#8171,1.);
#8171 = DIRECTION('',(0.,1.,-2.22044604925E-16));
#8172 = ORIENTED_EDGE('',*,*,#8173,.F.);
#8173 = EDGE_CURVE('',#8174,#8166,#8176,.T.);
#8174 = VERTEX_POINT('',#8175);
#8175 = CARTESIAN_POINT('',(64.125,-450.8034669378,3.01980662698E-14));
#8176 = HYPERBOLA('',#8177,16.7589421875,15.625);
#8177 = AXIS2_PLACEMENT_3D('',#8178,#8179,#8180);
#8178 = CARTESIAN_POINT('',(60.,-468.1365887333,3.37507799486E-14));
#8179 = DIRECTION('',(0.,-2.22044604925E-16,-1.));
#8180 = DIRECTION('',(0.,1.,-2.22044604925E-16));
#8181 = ORIENTED_EDGE('',*,*,#8182,.T.);
#8182 = EDGE_CURVE('',#8174,#8183,#8185,.T.);
#8183 = VERTEX_POINT('',#8184);
#8184 = CARTESIAN_POINT('',(64.125,-421.6851427333,2.30926389122E-14));
#8185 = LINE('',#8186,#8187);
#8186 = CARTESIAN_POINT('',(64.125,-459.1851427333,3.19744231092E-14));
#8187 = VECTOR('',#8188,1.);
#8188 = DIRECTION('',(0.,1.,-2.22044604925E-16));
#8189 = ORIENTED_EDGE('',*,*,#8190,.T.);
#8190 = EDGE_CURVE('',#8183,#8191,#8193,.T.);
#8191 = VERTEX_POINT('',#8192);
#8192 = CARTESIAN_POINT('',(62.125,-421.6851427333,2.30926389122E-14));
#8193 = LINE('',#8194,#8195);
#8194 = CARTESIAN_POINT('',(62.0625,-421.6851427333,2.30926389122E-14));
#8195 = VECTOR('',#8196,1.);
#8196 = DIRECTION('',(-1.,0.,0.));
#8197 = ORIENTED_EDGE('',*,*,#8198,.F.);
#8198 = EDGE_CURVE('',#8199,#8191,#8201,.T.);
#8199 = VERTEX_POINT('',#8200);
#8200 = CARTESIAN_POINT('',(62.125,-451.2233699549,3.01980662698E-14));
#8201 = LINE('',#8202,#8203);
#8202 = CARTESIAN_POINT('',(62.125,-459.1851427333,3.19744231092E-14));
#8203 = VECTOR('',#8204,1.);
#8204 = DIRECTION('',(0.,1.,-2.22044604925E-16));
#8205 = ORIENTED_EDGE('',*,*,#8206,.F.);
#8206 = EDGE_CURVE('',#8207,#8199,#8209,.T.);
#8207 = VERTEX_POINT('',#8208);
#8208 = CARTESIAN_POINT('',(57.875,-451.2233699549,3.01980662698E-14));
#8209 = HYPERBOLA('',#8210,16.7589421875,15.625);
#8210 = AXIS2_PLACEMENT_3D('',#8211,#8212,#8213);
#8211 = CARTESIAN_POINT('',(60.,-468.1365887333,3.37507799486E-14));
#8212 = DIRECTION('',(0.,-2.22044604925E-16,-1.));
#8213 = DIRECTION('',(0.,1.,-2.22044604925E-16));
#8214 = ORIENTED_EDGE('',*,*,#8215,.T.);
#8215 = EDGE_CURVE('',#8207,#8216,#8218,.T.);
#8216 = VERTEX_POINT('',#8217);
#8217 = CARTESIAN_POINT('',(57.875,-421.6851427333,2.30926389122E-14));
#8218 = LINE('',#8219,#8220);
#8219 = CARTESIAN_POINT('',(57.875,-459.1851427333,3.19744231092E-14));
#8220 = VECTOR('',#8221,1.);
#8221 = DIRECTION('',(0.,1.,-2.22044604925E-16));
#8222 = ORIENTED_EDGE('',*,*,#8223,.T.);
#8223 = EDGE_CURVE('',#8216,#8224,#8226,.T.);
#8224 = VERTEX_POINT('',#8225);
#8225 = CARTESIAN_POINT('',(55.875,-421.6851427333,2.30926389122E-14));
#8226 = LINE('',#8227,#8228);
#8227 = CARTESIAN_POINT('',(58.9375,-421.6851427333,2.30926389122E-14));
#8228 = VECTOR('',#8229,1.);
#8229 = DIRECTION('',(-1.,0.,0.));
#8230 = ORIENTED_EDGE('',*,*,#8231,.F.);
#8231 = EDGE_CURVE('',#8232,#8224,#8234,.T.);
#8232 = VERTEX_POINT('',#8233);
#8233 = CARTESIAN_POINT('',(55.875,-450.8034669378,3.01980662698E-14));
#8234 = LINE('',#8235,#8236);
#8235 = CARTESIAN_POINT('',(55.875,-459.1851427333,3.19744231092E-14));
#8236 = VECTOR('',#8237,1.);
#8237 = DIRECTION('',(0.,1.,-2.22044604925E-16));
#8238 = ORIENTED_EDGE('',*,*,#8239,.F.);
#8239 = EDGE_CURVE('',#8240,#8232,#8242,.T.);
#8240 = VERTEX_POINT('',#8241);
#8241 = CARTESIAN_POINT('',(51.625,-449.122049203,2.84217094304E-14));
#8242 = HYPERBOLA('',#8243,16.7589421875,15.625);
#8243 = AXIS2_PLACEMENT_3D('',#8244,#8245,#8246);
#8244 = CARTESIAN_POINT('',(60.,-468.1365887333,3.37507799486E-14));
#8245 = DIRECTION('',(0.,-2.22044604925E-16,-1.));
#8246 = DIRECTION('',(0.,1.,-2.22044604925E-16));
#8247 = ORIENTED_EDGE('',*,*,#8248,.T.);
#8248 = EDGE_CURVE('',#8240,#8249,#8251,.T.);
#8249 = VERTEX_POINT('',#8250);
#8250 = CARTESIAN_POINT('',(51.625,-421.6851427333,2.30926389122E-14));
#8251 = LINE('',#8252,#8253);
#8252 = CARTESIAN_POINT('',(51.625,-459.1851427333,3.19744231092E-14));
#8253 = VECTOR('',#8254,1.);
#8254 = DIRECTION('',(0.,1.,-2.22044604925E-16));
#8255 = ORIENTED_EDGE('',*,*,#8256,.T.);
#8256 = EDGE_CURVE('',#8249,#8257,#8259,.T.);
#8257 = VERTEX_POINT('',#8258);
#8258 = CARTESIAN_POINT('',(49.625,-421.6851427333,2.30926389122E-14));
#8259 = LINE('',#8260,#8261);
#8260 = CARTESIAN_POINT('',(55.8125,-421.6851427333,2.30926389122E-14));
#8261 = VECTOR('',#8262,1.);
#8262 = DIRECTION('',(-1.,0.,0.));
#8263 = ORIENTED_EDGE('',*,*,#8264,.F.);
#8264 = EDGE_CURVE('',#8265,#8257,#8267,.T.);
#8265 = VERTEX_POINT('',#8266);
#8266 = CARTESIAN_POINT('',(49.625,-448.0196024095,2.84217094304E-14));
#8267 = LINE('',#8268,#8269);
#8268 = CARTESIAN_POINT('',(49.625,-459.1851427333,3.19744231092E-14));
#8269 = VECTOR('',#8270,1.);
#8270 = DIRECTION('',(0.,1.,-2.22044604925E-16));
#8271 = ORIENTED_EDGE('',*,*,#8272,.F.);
#8272 = EDGE_CURVE('',#8273,#8265,#8275,.T.);
#8273 = VERTEX_POINT('',#8274);
#8274 = CARTESIAN_POINT('',(47.515634777851,-446.6851427333,
    3.01980662698E-14));
#8275 = HYPERBOLA('',#8276,16.7589421875,15.625);
#8276 = AXIS2_PLACEMENT_3D('',#8277,#8278,#8279);
#8277 = CARTESIAN_POINT('',(60.,-468.1365887333,3.37507799486E-14));
#8278 = DIRECTION('',(0.,-2.22044604925E-16,-1.));
#8279 = DIRECTION('',(0.,1.,-2.22044604925E-16));
#8280 = ORIENTED_EDGE('',*,*,#8281,.F.);
#8281 = EDGE_CURVE('',#8282,#8273,#8284,.T.);
#8282 = VERTEX_POINT('',#8283);
#8283 = CARTESIAN_POINT('',(45.375,-446.6851427333,2.84217094304E-14));
#8284 = LINE('',#8285,#8286);
#8285 = CARTESIAN_POINT('',(60.,-446.6851427333,2.84217094304E-14));
#8286 = VECTOR('',#8287,1.);
#8287 = DIRECTION('',(1.,-0.,0.));
#8288 = ORIENTED_EDGE('',*,*,#8289,.T.);
#8289 = EDGE_CURVE('',#8282,#8290,#8292,.T.);
#8290 = VERTEX_POINT('',#8291);
#8291 = CARTESIAN_POINT('',(45.375,-421.6851427333,2.30926389122E-14));
#8292 = LINE('',#8293,#8294);
#8293 = CARTESIAN_POINT('',(45.375,-459.1851427333,3.19744231092E-14));
#8294 = VECTOR('',#8295,1.);
#8295 = DIRECTION('',(0.,1.,-2.22044604925E-16));
#8296 = ORIENTED_EDGE('',*,*,#8297,.T.);
#8297 = EDGE_CURVE('',#8290,#8298,#8300,.T.);
#8298 = VERTEX_POINT('',#8299);
#8299 = CARTESIAN_POINT('',(43.375,-421.6851427333,2.30926389122E-14));
#8300 = LINE('',#8301,#8302);
#8301 = CARTESIAN_POINT('',(52.6875,-421.6851427333,2.30926389122E-14));
#8302 = VECTOR('',#8303,1.);
#8303 = DIRECTION('',(-1.,0.,0.));
#8304 = ORIENTED_EDGE('',*,*,#8305,.F.);
#8305 = EDGE_CURVE('',#8306,#8298,#8308,.T.);
#8306 = VERTEX_POINT('',#8307);
#8307 = CARTESIAN_POINT('',(43.375,-446.6851427333,2.84217094304E-14));
#8308 = LINE('',#8309,#8310);
#8309 = CARTESIAN_POINT('',(43.375,-459.1851427333,3.19744231092E-14));
#8310 = VECTOR('',#8311,1.);
#8311 = DIRECTION('',(0.,1.,-2.22044604925E-16));
#8312 = ORIENTED_EDGE('',*,*,#8313,.F.);
#8313 = EDGE_CURVE('',#8314,#8306,#8316,.T.);
#8314 = VERTEX_POINT('',#8315);
#8315 = CARTESIAN_POINT('',(39.125,-446.6851427333,2.84217094304E-14));
#8316 = LINE('',#8317,#8318);
#8317 = CARTESIAN_POINT('',(60.,-446.6851427333,2.84217094304E-14));
#8318 = VECTOR('',#8319,1.);
#8319 = DIRECTION('',(1.,-0.,0.));
#8320 = ORIENTED_EDGE('',*,*,#8321,.T.);
#8321 = EDGE_CURVE('',#8314,#8322,#8324,.T.);
#8322 = VERTEX_POINT('',#8323);
#8323 = CARTESIAN_POINT('',(39.125,-421.6851427333,2.30926389122E-14));
#8324 = LINE('',#8325,#8326);
#8325 = CARTESIAN_POINT('',(39.125,-459.1851427333,3.19744231092E-14));
#8326 = VECTOR('',#8327,1.);
#8327 = DIRECTION('',(0.,1.,-2.22044604925E-16));
#8328 = ORIENTED_EDGE('',*,*,#8329,.T.);
#8329 = EDGE_CURVE('',#8322,#8330,#8332,.T.);
#8330 = VERTEX_POINT('',#8331);
#8331 = CARTESIAN_POINT('',(37.125,-421.6851427333,2.30926389122E-14));
#8332 = LINE('',#8333,#8334);
#8333 = CARTESIAN_POINT('',(49.5625,-421.6851427333,2.30926389122E-14));
#8334 = VECTOR('',#8335,1.);
#8335 = DIRECTION('',(-1.,0.,0.));
#8336 = ORIENTED_EDGE('',*,*,#8337,.F.);
#8337 = EDGE_CURVE('',#8338,#8330,#8340,.T.);
#8338 = VERTEX_POINT('',#8339);
#8339 = CARTESIAN_POINT('',(37.125,-446.6851427333,2.84217094304E-14));
#8340 = LINE('',#8341,#8342);
#8341 = CARTESIAN_POINT('',(37.125,-459.1851427333,3.19744231092E-14));
#8342 = VECTOR('',#8343,1.);
#8343 = DIRECTION('',(0.,1.,-2.22044604925E-16));
#8344 = ORIENTED_EDGE('',*,*,#8345,.F.);
#8345 = EDGE_CURVE('',#8045,#8338,#8346,.T.);
#8346 = LINE('',#8347,#8348);
#8347 = CARTESIAN_POINT('',(60.,-446.6851427333,2.84217094304E-14));
#8348 = VECTOR('',#8349,1.);
#8349 = DIRECTION('',(1.,-0.,0.));
#8350 = PLANE('',#8351);
#8351 = AXIS2_PLACEMENT_3D('',#8352,#8353,#8354);
#8352 = CARTESIAN_POINT('',(60.,-446.6851427333,2.84217094304E-14));
#8353 = DIRECTION('',(0.,-2.22044604925E-16,-1.));
#8354 = DIRECTION('',(0.,-1.,2.22044604925E-16));
#8355 = SHELL_BASED_SURFACE_MODEL('',(#8356));
#8356 = OPEN_SHELL('',(#8357));
#8357 = ADVANCED_FACE('',(#8358),#8670,.T.);
#8358 = FACE_BOUND('',#8359,.T.);
#8359 = EDGE_LOOP('',(#8360,#8370,#8378,#8386,#8394,#8402,#8410,#8418,
    #8426,#8435,#8443,#8451,#8459,#8468,#8476,#8484,#8492,#8501,#8509,
    #8517,#8525,#8533,#8541,#8549,#8557,#8566,#8574,#8582,#8590,#8599,
    #8607,#8615,#8623,#8632,#8640,#8648,#8656,#8664));
#8360 = ORIENTED_EDGE('',*,*,#8361,.F.);
#8361 = EDGE_CURVE('',#8362,#8364,#8366,.T.);
#8362 = VERTEX_POINT('',#8363);
#8363 = CARTESIAN_POINT('',(95.,-395.065489439,1.7763568394E-14));
#8364 = VERTEX_POINT('',#8365);
#8365 = CARTESIAN_POINT('',(95.,-445.065489439,2.84217094304E-14));
#8366 = LINE('',#8367,#8368);
#8367 = CARTESIAN_POINT('',(95.,-420.065489439,2.30926389122E-14));
#8368 = VECTOR('',#8369,1.);
#8369 = DIRECTION('',(0.,-1.,2.22044604925E-16));
#8370 = ORIENTED_EDGE('',*,*,#8371,.T.);
#8371 = EDGE_CURVE('',#8362,#8372,#8374,.T.);
#8372 = VERTEX_POINT('',#8373);
#8373 = CARTESIAN_POINT('',(145.,-395.065489439,1.7763568394E-14));
#8374 = LINE('',#8375,#8376);
#8375 = CARTESIAN_POINT('',(132.5,-395.065489439,1.7763568394E-14));
#8376 = VECTOR('',#8377,1.);
#8377 = DIRECTION('',(1.,-0.,0.));
#8378 = ORIENTED_EDGE('',*,*,#8379,.T.);
#8379 = EDGE_CURVE('',#8372,#8380,#8382,.T.);
#8380 = VERTEX_POINT('',#8381);
#8381 = CARTESIAN_POINT('',(145.,-445.065489439,2.84217094304E-14));
#8382 = LINE('',#8383,#8384);
#8383 = CARTESIAN_POINT('',(145.,-420.065489439,2.30926389122E-14));
#8384 = VECTOR('',#8385,1.);
#8385 = DIRECTION('',(0.,-1.,2.22044604925E-16));
#8386 = ORIENTED_EDGE('',*,*,#8387,.F.);
#8387 = EDGE_CURVE('',#8388,#8380,#8390,.T.);
#8388 = VERTEX_POINT('',#8389);
#8389 = CARTESIAN_POINT('',(142.875,-445.065489439,2.84217094304E-14));
#8390 = LINE('',#8391,#8392);
#8391 = CARTESIAN_POINT('',(120.,-445.065489439,2.84217094304E-14));
#8392 = VECTOR('',#8393,1.);
#8393 = DIRECTION('',(1.,-0.,0.));
#8394 = ORIENTED_EDGE('',*,*,#8395,.T.);
#8395 = EDGE_CURVE('',#8388,#8396,#8398,.T.);
#8396 = VERTEX_POINT('',#8397);
#8397 = CARTESIAN_POINT('',(142.875,-420.065489439,2.30926389122E-14));
#8398 = LINE('',#8399,#8400);
#8399 = CARTESIAN_POINT('',(142.875,-457.565489439,3.19744231092E-14));
#8400 = VECTOR('',#8401,1.);
#8401 = DIRECTION('',(0.,1.,-2.22044604925E-16));
#8402 = ORIENTED_EDGE('',*,*,#8403,.T.);
#8403 = EDGE_CURVE('',#8396,#8404,#8406,.T.);
#8404 = VERTEX_POINT('',#8405);
#8405 = CARTESIAN_POINT('',(140.875,-420.065489439,2.30926389122E-14));
#8406 = LINE('',#8407,#8408);
#8407 = CARTESIAN_POINT('',(131.4375,-420.065489439,2.30926389122E-14));
#8408 = VECTOR('',#8409,1.);
#8409 = DIRECTION('',(-1.,0.,0.));
#8410 = ORIENTED_EDGE('',*,*,#8411,.F.);
#8411 = EDGE_CURVE('',#8412,#8404,#8414,.T.);
#8412 = VERTEX_POINT('',#8413);
#8413 = CARTESIAN_POINT('',(140.875,-445.065489439,2.84217094304E-14));
#8414 = LINE('',#8415,#8416);
#8415 = CARTESIAN_POINT('',(140.875,-457.565489439,3.19744231092E-14));
#8416 = VECTOR('',#8417,1.);
#8417 = DIRECTION('',(0.,1.,-2.22044604925E-16));
#8418 = ORIENTED_EDGE('',*,*,#8419,.F.);
#8419 = EDGE_CURVE('',#8420,#8412,#8422,.T.);
#8420 = VERTEX_POINT('',#8421);
#8421 = CARTESIAN_POINT('',(137.66661753137,-445.065489439,
    2.84217094304E-14));
#8422 = LINE('',#8423,#8424);
#8423 = CARTESIAN_POINT('',(120.,-445.065489439,2.84217094304E-14));
#8424 = VECTOR('',#8425,1.);
#8425 = DIRECTION('',(1.,-0.,0.));
#8426 = ORIENTED_EDGE('',*,*,#8427,.F.);
#8427 = EDGE_CURVE('',#8428,#8420,#8430,.T.);
#8428 = VERTEX_POINT('',#8429);
#8429 = CARTESIAN_POINT('',(136.625,-446.0456560338,2.84217094304E-14));
#8430 = HYPERBOLA('',#8431,10.0553653125,9.375);
#8431 = AXIS2_PLACEMENT_3D('',#8432,#8433,#8434);
#8432 = CARTESIAN_POINT('',(120.,-466.516935439,3.37507799486E-14));
#8433 = DIRECTION('',(0.,-2.22044604925E-16,-1.));
#8434 = DIRECTION('',(0.,1.,-2.22044604925E-16));
#8435 = ORIENTED_EDGE('',*,*,#8436,.T.);
#8436 = EDGE_CURVE('',#8428,#8437,#8439,.T.);
#8437 = VERTEX_POINT('',#8438);
#8438 = CARTESIAN_POINT('',(136.625,-420.065489439,2.30926389122E-14));
#8439 = LINE('',#8440,#8441);
#8440 = CARTESIAN_POINT('',(136.625,-457.565489439,3.19744231092E-14));
#8441 = VECTOR('',#8442,1.);
#8442 = DIRECTION('',(0.,1.,-2.22044604925E-16));
#8443 = ORIENTED_EDGE('',*,*,#8444,.T.);
#8444 = EDGE_CURVE('',#8437,#8445,#8447,.T.);
#8445 = VERTEX_POINT('',#8446);
#8446 = CARTESIAN_POINT('',(134.625,-420.065489439,2.30926389122E-14));
#8447 = LINE('',#8448,#8449);
#8448 = CARTESIAN_POINT('',(128.3125,-420.065489439,2.30926389122E-14));
#8449 = VECTOR('',#8450,1.);
#8450 = DIRECTION('',(-1.,0.,0.));
#8451 = ORIENTED_EDGE('',*,*,#8452,.F.);
#8452 = EDGE_CURVE('',#8453,#8445,#8455,.T.);
#8453 = VERTEX_POINT('',#8454);
#8454 = CARTESIAN_POINT('',(134.625,-447.8843679343,2.84217094304E-14));
#8455 = LINE('',#8456,#8457);
#8456 = CARTESIAN_POINT('',(134.625,-457.565489439,3.19744231092E-14));
#8457 = VECTOR('',#8458,1.);
#8458 = DIRECTION('',(0.,1.,-2.22044604925E-16));
#8459 = ORIENTED_EDGE('',*,*,#8460,.F.);
#8460 = EDGE_CURVE('',#8461,#8453,#8463,.T.);
#8461 = VERTEX_POINT('',#8462);
#8462 = CARTESIAN_POINT('',(130.375,-451.5188899971,3.01980662698E-14));
#8463 = HYPERBOLA('',#8464,10.0553653125,9.375);
#8464 = AXIS2_PLACEMENT_3D('',#8465,#8466,#8467);
#8465 = CARTESIAN_POINT('',(120.,-466.516935439,3.37507799486E-14));
#8466 = DIRECTION('',(0.,-2.22044604925E-16,-1.));
#8467 = DIRECTION('',(0.,1.,-2.22044604925E-16));
#8468 = ORIENTED_EDGE('',*,*,#8469,.T.);
#8469 = EDGE_CURVE('',#8461,#8470,#8472,.T.);
#8470 = VERTEX_POINT('',#8471);
#8471 = CARTESIAN_POINT('',(130.375,-420.065489439,2.30926389122E-14));
#8472 = LINE('',#8473,#8474);
#8473 = CARTESIAN_POINT('',(130.375,-457.565489439,3.19744231092E-14));
#8474 = VECTOR('',#8475,1.);
#8475 = DIRECTION('',(0.,1.,-2.22044604925E-16));
#8476 = ORIENTED_EDGE('',*,*,#8477,.T.);
#8477 = EDGE_CURVE('',#8470,#8478,#8480,.T.);
#8478 = VERTEX_POINT('',#8479);
#8479 = CARTESIAN_POINT('',(128.375,-420.065489439,2.30926389122E-14));
#8480 = LINE('',#8481,#8482);
#8481 = CARTESIAN_POINT('',(125.1875,-420.065489439,2.30926389122E-14));
#8482 = VECTOR('',#8483,1.);
#8483 = DIRECTION('',(-1.,0.,0.));
#8484 = ORIENTED_EDGE('',*,*,#8485,.F.);
#8485 = EDGE_CURVE('',#8486,#8478,#8488,.T.);
#8486 = VERTEX_POINT('',#8487);
#8487 = CARTESIAN_POINT('',(128.375,-453.0335774791,3.01980662698E-14));
#8488 = LINE('',#8489,#8490);
#8489 = CARTESIAN_POINT('',(128.375,-457.565489439,3.19744231092E-14));
#8490 = VECTOR('',#8491,1.);
#8491 = DIRECTION('',(0.,1.,-2.22044604925E-16));
#8492 = ORIENTED_EDGE('',*,*,#8493,.F.);
#8493 = EDGE_CURVE('',#8494,#8486,#8496,.T.);
#8494 = VERTEX_POINT('',#8495);
#8495 = CARTESIAN_POINT('',(124.125,-455.5312474995,3.01980662698E-14));
#8496 = HYPERBOLA('',#8497,10.0553653125,9.375);
#8497 = AXIS2_PLACEMENT_3D('',#8498,#8499,#8500);
#8498 = CARTESIAN_POINT('',(120.,-466.516935439,3.37507799486E-14));
#8499 = DIRECTION('',(0.,-2.22044604925E-16,-1.));
#8500 = DIRECTION('',(0.,1.,-2.22044604925E-16));
#8501 = ORIENTED_EDGE('',*,*,#8502,.T.);
#8502 = EDGE_CURVE('',#8494,#8503,#8505,.T.);
#8503 = VERTEX_POINT('',#8504);
#8504 = CARTESIAN_POINT('',(124.125,-420.065489439,2.30926389122E-14));
#8505 = LINE('',#8506,#8507);
#8506 = CARTESIAN_POINT('',(124.125,-457.565489439,3.19744231092E-14));
#8507 = VECTOR('',#8508,1.);
#8508 = DIRECTION('',(0.,1.,-2.22044604925E-16));
#8509 = ORIENTED_EDGE('',*,*,#8510,.T.);
#8510 = EDGE_CURVE('',#8503,#8511,#8513,.T.);
#8511 = VERTEX_POINT('',#8512);
#8512 = CARTESIAN_POINT('',(122.125,-420.065489439,2.30926389122E-14));
#8513 = LINE('',#8514,#8515);
#8514 = CARTESIAN_POINT('',(122.0625,-420.065489439,2.30926389122E-14));
#8515 = VECTOR('',#8516,1.);
#8516 = DIRECTION('',(-1.,0.,0.));
#8517 = ORIENTED_EDGE('',*,*,#8518,.F.);
#8518 = EDGE_CURVE('',#8519,#8511,#8521,.T.);
#8519 = VERTEX_POINT('',#8520);
#8520 = CARTESIAN_POINT('',(122.125,-455.791212439,3.01980662698E-14));
#8521 = LINE('',#8522,#8523);
#8522 = CARTESIAN_POINT('',(122.125,-457.565489439,3.19744231092E-14));
#8523 = VECTOR('',#8524,1.);
#8524 = DIRECTION('',(0.,1.,-2.22044604925E-16));
#8525 = ORIENTED_EDGE('',*,*,#8526,.T.);
#8526 = EDGE_CURVE('',#8519,#8527,#8529,.T.);
#8527 = VERTEX_POINT('',#8528);
#8528 = CARTESIAN_POINT('',(117.875,-455.791212439,3.01980662698E-14));
#8529 = LINE('',#8530,#8531);
#8530 = CARTESIAN_POINT('',(120.,-455.791212439,3.01980662698E-14));
#8531 = VECTOR('',#8532,1.);
#8532 = DIRECTION('',(-1.,0.,0.));
#8533 = ORIENTED_EDGE('',*,*,#8534,.T.);
#8534 = EDGE_CURVE('',#8527,#8535,#8537,.T.);
#8535 = VERTEX_POINT('',#8536);
#8536 = CARTESIAN_POINT('',(117.875,-420.065489439,2.30926389122E-14));
#8537 = LINE('',#8538,#8539);
#8538 = CARTESIAN_POINT('',(117.875,-457.565489439,3.19744231092E-14));
#8539 = VECTOR('',#8540,1.);
#8540 = DIRECTION('',(0.,1.,-2.22044604925E-16));
#8541 = ORIENTED_EDGE('',*,*,#8542,.T.);
#8542 = EDGE_CURVE('',#8535,#8543,#8545,.T.);
#8543 = VERTEX_POINT('',#8544);
#8544 = CARTESIAN_POINT('',(115.875,-420.065489439,2.30926389122E-14));
#8545 = LINE('',#8546,#8547);
#8546 = CARTESIAN_POINT('',(118.9375,-420.065489439,2.30926389122E-14));
#8547 = VECTOR('',#8548,1.);
#8548 = DIRECTION('',(-1.,0.,0.));
#8549 = ORIENTED_EDGE('',*,*,#8550,.F.);
#8550 = EDGE_CURVE('',#8551,#8543,#8553,.T.);
#8551 = VERTEX_POINT('',#8552);
#8552 = CARTESIAN_POINT('',(115.875,-455.5312474995,3.01980662698E-14));
#8553 = LINE('',#8554,#8555);
#8554 = CARTESIAN_POINT('',(115.875,-457.565489439,3.19744231092E-14));
#8555 = VECTOR('',#8556,1.);
#8556 = DIRECTION('',(0.,1.,-2.22044604925E-16));
#8557 = ORIENTED_EDGE('',*,*,#8558,.F.);
#8558 = EDGE_CURVE('',#8559,#8551,#8561,.T.);
#8559 = VERTEX_POINT('',#8560);
#8560 = CARTESIAN_POINT('',(111.625,-453.0335774791,3.01980662698E-14));
#8561 = HYPERBOLA('',#8562,10.0553653125,9.375);
#8562 = AXIS2_PLACEMENT_3D('',#8563,#8564,#8565);
#8563 = CARTESIAN_POINT('',(120.,-466.516935439,3.37507799486E-14));
#8564 = DIRECTION('',(0.,-2.22044604925E-16,-1.));
#8565 = DIRECTION('',(0.,1.,-2.22044604925E-16));
#8566 = ORIENTED_EDGE('',*,*,#8567,.T.);
#8567 = EDGE_CURVE('',#8559,#8568,#8570,.T.);
#8568 = VERTEX_POINT('',#8569);
#8569 = CARTESIAN_POINT('',(111.625,-420.065489439,2.30926389122E-14));
#8570 = LINE('',#8571,#8572);
#8571 = CARTESIAN_POINT('',(111.625,-457.565489439,3.19744231092E-14));
#8572 = VECTOR('',#8573,1.);
#8573 = DIRECTION('',(0.,1.,-2.22044604925E-16));
#8574 = ORIENTED_EDGE('',*,*,#8575,.T.);
#8575 = EDGE_CURVE('',#8568,#8576,#8578,.T.);
#8576 = VERTEX_POINT('',#8577);
#8577 = CARTESIAN_POINT('',(109.625,-420.065489439,2.30926389122E-14));
#8578 = LINE('',#8579,#8580);
#8579 = CARTESIAN_POINT('',(115.8125,-420.065489439,2.30926389122E-14));
#8580 = VECTOR('',#8581,1.);
#8581 = DIRECTION('',(-1.,0.,0.));
#8582 = ORIENTED_EDGE('',*,*,#8583,.F.);
#8583 = EDGE_CURVE('',#8584,#8576,#8586,.T.);
#8584 = VERTEX_POINT('',#8585);
#8585 = CARTESIAN_POINT('',(109.625,-451.5188899971,3.01980662698E-14));
#8586 = LINE('',#8587,#8588);
#8587 = CARTESIAN_POINT('',(109.625,-457.565489439,3.19744231092E-14));
#8588 = VECTOR('',#8589,1.);
#8589 = DIRECTION('',(0.,1.,-2.22044604925E-16));
#8590 = ORIENTED_EDGE('',*,*,#8591,.F.);
#8591 = EDGE_CURVE('',#8592,#8584,#8594,.T.);
#8592 = VERTEX_POINT('',#8593);
#8593 = CARTESIAN_POINT('',(105.375,-447.8843679343,2.84217094304E-14));
#8594 = HYPERBOLA('',#8595,10.0553653125,9.375);
#8595 = AXIS2_PLACEMENT_3D('',#8596,#8597,#8598);
#8596 = CARTESIAN_POINT('',(120.,-466.516935439,3.37507799486E-14));
#8597 = DIRECTION('',(0.,-2.22044604925E-16,-1.));
#8598 = DIRECTION('',(0.,1.,-2.22044604925E-16));
#8599 = ORIENTED_EDGE('',*,*,#8600,.T.);
#8600 = EDGE_CURVE('',#8592,#8601,#8603,.T.);
#8601 = VERTEX_POINT('',#8602);
#8602 = CARTESIAN_POINT('',(105.375,-420.065489439,2.30926389122E-14));
#8603 = LINE('',#8604,#8605);
#8604 = CARTESIAN_POINT('',(105.375,-457.565489439,3.19744231092E-14));
#8605 = VECTOR('',#8606,1.);
#8606 = DIRECTION('',(0.,1.,-2.22044604925E-16));
#8607 = ORIENTED_EDGE('',*,*,#8608,.T.);
#8608 = EDGE_CURVE('',#8601,#8609,#8611,.T.);
#8609 = VERTEX_POINT('',#8610);
#8610 = CARTESIAN_POINT('',(103.375,-420.065489439,2.30926389122E-14));
#8611 = LINE('',#8612,#8613);
#8612 = CARTESIAN_POINT('',(112.6875,-420.065489439,2.30926389122E-14));
#8613 = VECTOR('',#8614,1.);
#8614 = DIRECTION('',(-1.,0.,0.));
#8615 = ORIENTED_EDGE('',*,*,#8616,.F.);
#8616 = EDGE_CURVE('',#8617,#8609,#8619,.T.);
#8617 = VERTEX_POINT('',#8618);
#8618 = CARTESIAN_POINT('',(103.375,-446.0456560338,2.84217094304E-14));
#8619 = LINE('',#8620,#8621);
#8620 = CARTESIAN_POINT('',(103.375,-457.565489439,3.19744231092E-14));
#8621 = VECTOR('',#8622,1.);
#8622 = DIRECTION('',(0.,1.,-2.22044604925E-16));
#8623 = ORIENTED_EDGE('',*,*,#8624,.F.);
#8624 = EDGE_CURVE('',#8625,#8617,#8627,.T.);
#8625 = VERTEX_POINT('',#8626);
#8626 = CARTESIAN_POINT('',(102.33338246862,-445.065489439,
    2.6645352591E-14));
#8627 = HYPERBOLA('',#8628,10.0553653125,9.375);
#8628 = AXIS2_PLACEMENT_3D('',#8629,#8630,#8631);
#8629 = CARTESIAN_POINT('',(120.,-466.516935439,3.37507799486E-14));
#8630 = DIRECTION('',(0.,-2.22044604925E-16,-1.));
#8631 = DIRECTION('',(0.,1.,-2.22044604925E-16));
#8632 = ORIENTED_EDGE('',*,*,#8633,.F.);
#8633 = EDGE_CURVE('',#8634,#8625,#8636,.T.);
#8634 = VERTEX_POINT('',#8635);
#8635 = CARTESIAN_POINT('',(99.125,-445.065489439,2.84217094304E-14));
#8636 = LINE('',#8637,#8638);
#8637 = CARTESIAN_POINT('',(120.,-445.065489439,2.84217094304E-14));
#8638 = VECTOR('',#8639,1.);
#8639 = DIRECTION('',(1.,-0.,0.));
#8640 = ORIENTED_EDGE('',*,*,#8641,.T.);
#8641 = EDGE_CURVE('',#8634,#8642,#8644,.T.);
#8642 = VERTEX_POINT('',#8643);
#8643 = CARTESIAN_POINT('',(99.125,-420.065489439,2.30926389122E-14));
#8644 = LINE('',#8645,#8646);
#8645 = CARTESIAN_POINT('',(99.125,-457.565489439,3.19744231092E-14));
#8646 = VECTOR('',#8647,1.);
#8647 = DIRECTION('',(0.,1.,-2.22044604925E-16));
#8648 = ORIENTED_EDGE('',*,*,#8649,.T.);
#8649 = EDGE_CURVE('',#8642,#8650,#8652,.T.);
#8650 = VERTEX_POINT('',#8651);
#8651 = CARTESIAN_POINT('',(97.125,-420.065489439,2.30926389122E-14));
#8652 = LINE('',#8653,#8654);
#8653 = CARTESIAN_POINT('',(109.5625,-420.065489439,2.30926389122E-14));
#8654 = VECTOR('',#8655,1.);
#8655 = DIRECTION('',(-1.,0.,0.));
#8656 = ORIENTED_EDGE('',*,*,#8657,.F.);
#8657 = EDGE_CURVE('',#8658,#8650,#8660,.T.);
#8658 = VERTEX_POINT('',#8659);
#8659 = CARTESIAN_POINT('',(97.125,-445.065489439,2.84217094304E-14));
#8660 = LINE('',#8661,#8662);
#8661 = CARTESIAN_POINT('',(97.125,-457.565489439,3.19744231092E-14));
#8662 = VECTOR('',#8663,1.);
#8663 = DIRECTION('',(0.,1.,-2.22044604925E-16));
#8664 = ORIENTED_EDGE('',*,*,#8665,.F.);
#8665 = EDGE_CURVE('',#8364,#8658,#8666,.T.);
#8666 = LINE('',#8667,#8668);
#8667 = CARTESIAN_POINT('',(120.,-445.065489439,2.84217094304E-14));
#8668 = VECTOR('',#8669,1.);
#8669 = DIRECTION('',(1.,-0.,0.));
#8670 = PLANE('',#8671);
#8671 = AXIS2_PLACEMENT_3D('',#8672,#8673,#8674);
#8672 = CARTESIAN_POINT('',(120.,-445.065489439,2.84217094304E-14));
#8673 = DIRECTION('',(0.,-2.22044604925E-16,-1.));
#8674 = DIRECTION('',(0.,-1.,2.22044604925E-16));
#8675 = SHELL_BASED_SURFACE_MODEL('',(#8676));
#8676 = OPEN_SHELL('',(#8677));
#8677 = ADVANCED_FACE('',(#8678),#8988,.T.);
#8678 = FACE_BOUND('',#8679,.T.);
#8679 = EDGE_LOOP('',(#8680,#8690,#8698,#8706,#8714,#8722,#8730,#8738,
    #8746,#8755,#8763,#8771,#8779,#8788,#8796,#8804,#8812,#8820,#8828,
    #8836,#8844,#8852,#8860,#8868,#8876,#8884,#8892,#8900,#8908,#8917,
    #8925,#8933,#8941,#8950,#8958,#8966,#8974,#8982));
#8680 = ORIENTED_EDGE('',*,*,#8681,.F.);
#8681 = EDGE_CURVE('',#8682,#8684,#8686,.T.);
#8682 = VERTEX_POINT('',#8683);
#8683 = CARTESIAN_POINT('',(155.,-394.438671244,1.68753899743E-14));
#8684 = VERTEX_POINT('',#8685);
#8685 = CARTESIAN_POINT('',(155.,-444.438671244,2.797762022055E-14));
#8686 = LINE('',#8687,#8688);
#8687 = CARTESIAN_POINT('',(155.,-419.438671244,2.264854970235E-14));
#8688 = VECTOR('',#8689,1.);
#8689 = DIRECTION('',(0.,-1.,2.22044604925E-16));
#8690 = ORIENTED_EDGE('',*,*,#8691,.T.);
#8691 = EDGE_CURVE('',#8682,#8692,#8694,.T.);
#8692 = VERTEX_POINT('',#8693);
#8693 = CARTESIAN_POINT('',(205.,-394.438671244,1.68753899743E-14));
#8694 = LINE('',#8695,#8696);
#8695 = CARTESIAN_POINT('',(192.5,-394.438671244,1.68753899743E-14));
#8696 = VECTOR('',#8697,1.);
#8697 = DIRECTION('',(1.,-0.,0.));
#8698 = ORIENTED_EDGE('',*,*,#8699,.T.);
#8699 = EDGE_CURVE('',#8692,#8700,#8702,.T.);
#8700 = VERTEX_POINT('',#8701);
#8701 = CARTESIAN_POINT('',(205.,-444.438671244,2.797762022055E-14));
#8702 = LINE('',#8703,#8704);
#8703 = CARTESIAN_POINT('',(205.,-419.438671244,2.264854970235E-14));
#8704 = VECTOR('',#8705,1.);
#8705 = DIRECTION('',(0.,-1.,2.22044604925E-16));
#8706 = ORIENTED_EDGE('',*,*,#8707,.F.);
#8707 = EDGE_CURVE('',#8708,#8700,#8710,.T.);
#8708 = VERTEX_POINT('',#8709);
#8709 = CARTESIAN_POINT('',(202.875,-444.438671244,2.797762022055E-14));
#8710 = LINE('',#8711,#8712);
#8711 = CARTESIAN_POINT('',(180.,-444.438671244,2.797762022055E-14));
#8712 = VECTOR('',#8713,1.);
#8713 = DIRECTION('',(1.,-0.,0.));
#8714 = ORIENTED_EDGE('',*,*,#8715,.T.);
#8715 = EDGE_CURVE('',#8708,#8716,#8718,.T.);
#8716 = VERTEX_POINT('',#8717);
#8717 = CARTESIAN_POINT('',(202.875,-419.438671244,2.264854970235E-14));
#8718 = LINE('',#8719,#8720);
#8719 = CARTESIAN_POINT('',(202.875,-456.938671244,3.064215547965E-14));
#8720 = VECTOR('',#8721,1.);
#8721 = DIRECTION('',(0.,1.,-2.22044604925E-16));
#8722 = ORIENTED_EDGE('',*,*,#8723,.T.);
#8723 = EDGE_CURVE('',#8716,#8724,#8726,.T.);
#8724 = VERTEX_POINT('',#8725);
#8725 = CARTESIAN_POINT('',(200.875,-419.438671244,2.264854970235E-14));
#8726 = LINE('',#8727,#8728);
#8727 = CARTESIAN_POINT('',(191.4375,-419.438671244,2.264854970235E-14)
  );
#8728 = VECTOR('',#8729,1.);
#8729 = DIRECTION('',(-1.,0.,0.));
#8730 = ORIENTED_EDGE('',*,*,#8731,.F.);
#8731 = EDGE_CURVE('',#8732,#8724,#8734,.T.);
#8732 = VERTEX_POINT('',#8733);
#8733 = CARTESIAN_POINT('',(200.875,-444.438671244,2.797762022055E-14));
#8734 = LINE('',#8735,#8736);
#8735 = CARTESIAN_POINT('',(200.875,-456.938671244,3.064215547965E-14));
#8736 = VECTOR('',#8737,1.);
#8737 = DIRECTION('',(0.,1.,-2.22044604925E-16));
#8738 = ORIENTED_EDGE('',*,*,#8739,.F.);
#8739 = EDGE_CURVE('',#8740,#8732,#8742,.T.);
#8740 = VERTEX_POINT('',#8741);
#8741 = CARTESIAN_POINT('',(199.75435078659,-444.438671244,
    2.797762022055E-14));
#8742 = LINE('',#8743,#8744);
#8743 = CARTESIAN_POINT('',(180.,-444.438671244,2.797762022055E-14));
#8744 = VECTOR('',#8745,1.);
#8745 = DIRECTION('',(1.,-0.,0.));
#8746 = ORIENTED_EDGE('',*,*,#8747,.F.);
#8747 = EDGE_CURVE('',#8748,#8740,#8750,.T.);
#8748 = VERTEX_POINT('',#8749);
#8749 = CARTESIAN_POINT('',(196.625,-447.7463195531,2.886579864025E-14)
  );
#8750 = HYPERBOLA('',#8751,3.3517884375,3.125);
#8751 = AXIS2_PLACEMENT_3D('',#8752,#8753,#8754);
#8752 = CARTESIAN_POINT('',(180.,-465.890117244,3.28626015289E-14));
#8753 = DIRECTION('',(0.,-2.22044604925E-16,-1.));
#8754 = DIRECTION('',(0.,1.,-2.22044604925E-16));
#8755 = ORIENTED_EDGE('',*,*,#8756,.T.);
#8756 = EDGE_CURVE('',#8748,#8757,#8759,.T.);
#8757 = VERTEX_POINT('',#8758);
#8758 = CARTESIAN_POINT('',(196.625,-419.438671244,2.264854970235E-14));
#8759 = LINE('',#8760,#8761);
#8760 = CARTESIAN_POINT('',(196.625,-456.938671244,3.064215547965E-14));
#8761 = VECTOR('',#8762,1.);
#8762 = DIRECTION('',(0.,1.,-2.22044604925E-16));
#8763 = ORIENTED_EDGE('',*,*,#8764,.T.);
#8764 = EDGE_CURVE('',#8757,#8765,#8767,.T.);
#8765 = VERTEX_POINT('',#8766);
#8766 = CARTESIAN_POINT('',(194.625,-419.438671244,2.264854970235E-14));
#8767 = LINE('',#8768,#8769);
#8768 = CARTESIAN_POINT('',(188.3125,-419.438671244,2.264854970235E-14)
  );
#8769 = VECTOR('',#8770,1.);
#8770 = DIRECTION('',(-1.,0.,0.));
#8771 = ORIENTED_EDGE('',*,*,#8772,.F.);
#8772 = EDGE_CURVE('',#8773,#8765,#8775,.T.);
#8773 = VERTEX_POINT('',#8774);
#8774 = CARTESIAN_POINT('',(194.625,-449.8496469898,2.93098878501E-14));
#8775 = LINE('',#8776,#8777);
#8776 = CARTESIAN_POINT('',(194.625,-456.938671244,3.064215547965E-14));
#8777 = VECTOR('',#8778,1.);
#8778 = DIRECTION('',(0.,1.,-2.22044604925E-16));
#8779 = ORIENTED_EDGE('',*,*,#8780,.F.);
#8780 = EDGE_CURVE('',#8781,#8773,#8783,.T.);
#8781 = VERTEX_POINT('',#8782);
#8782 = CARTESIAN_POINT('',(190.375,-454.2683496832,3.01980662698E-14));
#8783 = HYPERBOLA('',#8784,3.3517884375,3.125);
#8784 = AXIS2_PLACEMENT_3D('',#8785,#8786,#8787);
#8785 = CARTESIAN_POINT('',(180.,-465.890117244,3.28626015289E-14));
#8786 = DIRECTION('',(0.,-2.22044604925E-16,-1.));
#8787 = DIRECTION('',(0.,1.,-2.22044604925E-16));
#8788 = ORIENTED_EDGE('',*,*,#8789,.T.);
#8789 = EDGE_CURVE('',#8781,#8790,#8792,.T.);
#8790 = VERTEX_POINT('',#8791);
#8791 = CARTESIAN_POINT('',(190.375,-419.438671244,2.264854970235E-14));
#8792 = LINE('',#8793,#8794);
#8793 = CARTESIAN_POINT('',(190.375,-456.938671244,3.064215547965E-14));
#8794 = VECTOR('',#8795,1.);
#8795 = DIRECTION('',(0.,1.,-2.22044604925E-16));
#8796 = ORIENTED_EDGE('',*,*,#8797,.T.);
#8797 = EDGE_CURVE('',#8790,#8798,#8800,.T.);
#8798 = VERTEX_POINT('',#8799);
#8799 = CARTESIAN_POINT('',(188.375,-419.438671244,2.264854970235E-14));
#8800 = LINE('',#8801,#8802);
#8801 = CARTESIAN_POINT('',(185.1875,-419.438671244,2.264854970235E-14)
  );
#8802 = VECTOR('',#8803,1.);
#8803 = DIRECTION('',(-1.,0.,0.));
#8804 = ORIENTED_EDGE('',*,*,#8805,.F.);
#8805 = EDGE_CURVE('',#8806,#8798,#8808,.T.);
#8806 = VERTEX_POINT('',#8807);
#8807 = CARTESIAN_POINT('',(188.375,-455.164394244,3.01980662698E-14));
#8808 = LINE('',#8809,#8810);
#8809 = CARTESIAN_POINT('',(188.375,-456.938671244,3.064215547965E-14));
#8810 = VECTOR('',#8811,1.);
#8811 = DIRECTION('',(0.,1.,-2.22044604925E-16));
#8812 = ORIENTED_EDGE('',*,*,#8813,.T.);
#8813 = EDGE_CURVE('',#8806,#8814,#8816,.T.);
#8814 = VERTEX_POINT('',#8815);
#8815 = CARTESIAN_POINT('',(184.125,-455.164394244,3.01980662698E-14));
#8816 = LINE('',#8817,#8818);
#8817 = CARTESIAN_POINT('',(180.,-455.164394244,3.01980662698E-14));
#8818 = VECTOR('',#8819,1.);
#8819 = DIRECTION('',(-1.,0.,0.));
#8820 = ORIENTED_EDGE('',*,*,#8821,.T.);
#8821 = EDGE_CURVE('',#8814,#8822,#8824,.T.);
#8822 = VERTEX_POINT('',#8823);
#8823 = CARTESIAN_POINT('',(184.125,-419.438671244,2.264854970235E-14));
#8824 = LINE('',#8825,#8826);
#8825 = CARTESIAN_POINT('',(184.125,-456.938671244,3.064215547965E-14));
#8826 = VECTOR('',#8827,1.);
#8827 = DIRECTION('',(0.,1.,-2.22044604925E-16));
#8828 = ORIENTED_EDGE('',*,*,#8829,.T.);
#8829 = EDGE_CURVE('',#8822,#8830,#8832,.T.);
#8830 = VERTEX_POINT('',#8831);
#8831 = CARTESIAN_POINT('',(182.125,-419.438671244,2.264854970235E-14));
#8832 = LINE('',#8833,#8834);
#8833 = CARTESIAN_POINT('',(182.0625,-419.438671244,2.264854970235E-14)
  );
#8834 = VECTOR('',#8835,1.);
#8835 = DIRECTION('',(-1.,0.,0.));
#8836 = ORIENTED_EDGE('',*,*,#8837,.F.);
#8837 = EDGE_CURVE('',#8838,#8830,#8840,.T.);
#8838 = VERTEX_POINT('',#8839);
#8839 = CARTESIAN_POINT('',(182.125,-455.164394244,3.01980662698E-14));
#8840 = LINE('',#8841,#8842);
#8841 = CARTESIAN_POINT('',(182.125,-456.938671244,3.064215547965E-14));
#8842 = VECTOR('',#8843,1.);
#8843 = DIRECTION('',(0.,1.,-2.22044604925E-16));
#8844 = ORIENTED_EDGE('',*,*,#8845,.T.);
#8845 = EDGE_CURVE('',#8838,#8846,#8848,.T.);
#8846 = VERTEX_POINT('',#8847);
#8847 = CARTESIAN_POINT('',(177.875,-455.164394244,3.01980662698E-14));
#8848 = LINE('',#8849,#8850);
#8849 = CARTESIAN_POINT('',(180.,-455.164394244,3.01980662698E-14));
#8850 = VECTOR('',#8851,1.);
#8851 = DIRECTION('',(-1.,0.,0.));
#8852 = ORIENTED_EDGE('',*,*,#8853,.T.);
#8853 = EDGE_CURVE('',#8846,#8854,#8856,.T.);
#8854 = VERTEX_POINT('',#8855);
#8855 = CARTESIAN_POINT('',(177.875,-419.438671244,2.264854970235E-14));
#8856 = LINE('',#8857,#8858);
#8857 = CARTESIAN_POINT('',(177.875,-456.938671244,3.064215547965E-14));
#8858 = VECTOR('',#8859,1.);
#8859 = DIRECTION('',(0.,1.,-2.22044604925E-16));
#8860 = ORIENTED_EDGE('',*,*,#8861,.T.);
#8861 = EDGE_CURVE('',#8854,#8862,#8864,.T.);
#8862 = VERTEX_POINT('',#8863);
#8863 = CARTESIAN_POINT('',(175.875,-419.438671244,2.264854970235E-14));
#8864 = LINE('',#8865,#8866);
#8865 = CARTESIAN_POINT('',(178.9375,-419.438671244,2.264854970235E-14)
  );
#8866 = VECTOR('',#8867,1.);
#8867 = DIRECTION('',(-1.,0.,0.));
#8868 = ORIENTED_EDGE('',*,*,#8869,.F.);
#8869 = EDGE_CURVE('',#8870,#8862,#8872,.T.);
#8870 = VERTEX_POINT('',#8871);
#8871 = CARTESIAN_POINT('',(175.875,-455.164394244,3.01980662698E-14));
#8872 = LINE('',#8873,#8874);
#8873 = CARTESIAN_POINT('',(175.875,-456.938671244,3.064215547965E-14));
#8874 = VECTOR('',#8875,1.);
#8875 = DIRECTION('',(0.,1.,-2.22044604925E-16));
#8876 = ORIENTED_EDGE('',*,*,#8877,.T.);
#8877 = EDGE_CURVE('',#8870,#8878,#8880,.T.);
#8878 = VERTEX_POINT('',#8879);
#8879 = CARTESIAN_POINT('',(171.625,-455.164394244,3.01980662698E-14));
#8880 = LINE('',#8881,#8882);
#8881 = CARTESIAN_POINT('',(180.,-455.164394244,3.01980662698E-14));
#8882 = VECTOR('',#8883,1.);
#8883 = DIRECTION('',(-1.,0.,0.));
#8884 = ORIENTED_EDGE('',*,*,#8885,.T.);
#8885 = EDGE_CURVE('',#8878,#8886,#8888,.T.);
#8886 = VERTEX_POINT('',#8887);
#8887 = CARTESIAN_POINT('',(171.625,-419.438671244,2.264854970235E-14));
#8888 = LINE('',#8889,#8890);
#8889 = CARTESIAN_POINT('',(171.625,-456.938671244,3.064215547965E-14));
#8890 = VECTOR('',#8891,1.);
#8891 = DIRECTION('',(0.,1.,-2.22044604925E-16));
#8892 = ORIENTED_EDGE('',*,*,#8893,.T.);
#8893 = EDGE_CURVE('',#8886,#8894,#8896,.T.);
#8894 = VERTEX_POINT('',#8895);
#8895 = CARTESIAN_POINT('',(169.625,-419.438671244,2.264854970235E-14));
#8896 = LINE('',#8897,#8898);
#8897 = CARTESIAN_POINT('',(175.8125,-419.438671244,2.264854970235E-14)
  );
#8898 = VECTOR('',#8899,1.);
#8899 = DIRECTION('',(-1.,0.,0.));
#8900 = ORIENTED_EDGE('',*,*,#8901,.F.);
#8901 = EDGE_CURVE('',#8902,#8894,#8904,.T.);
#8902 = VERTEX_POINT('',#8903);
#8903 = CARTESIAN_POINT('',(169.625,-454.2683496832,3.01980662698E-14));
#8904 = LINE('',#8905,#8906);
#8905 = CARTESIAN_POINT('',(169.625,-456.938671244,3.064215547965E-14));
#8906 = VECTOR('',#8907,1.);
#8907 = DIRECTION('',(0.,1.,-2.22044604925E-16));
#8908 = ORIENTED_EDGE('',*,*,#8909,.F.);
#8909 = EDGE_CURVE('',#8910,#8902,#8912,.T.);
#8910 = VERTEX_POINT('',#8911);
#8911 = CARTESIAN_POINT('',(165.375,-449.8496469898,2.93098878501E-14));
#8912 = HYPERBOLA('',#8913,3.3517884375,3.125);
#8913 = AXIS2_PLACEMENT_3D('',#8914,#8915,#8916);
#8914 = CARTESIAN_POINT('',(180.,-465.890117244,3.28626015289E-14));
#8915 = DIRECTION('',(0.,-2.22044604925E-16,-1.));
#8916 = DIRECTION('',(0.,1.,-2.22044604925E-16));
#8917 = ORIENTED_EDGE('',*,*,#8918,.T.);
#8918 = EDGE_CURVE('',#8910,#8919,#8921,.T.);
#8919 = VERTEX_POINT('',#8920);
#8920 = CARTESIAN_POINT('',(165.375,-419.438671244,2.264854970235E-14));
#8921 = LINE('',#8922,#8923);
#8922 = CARTESIAN_POINT('',(165.375,-456.938671244,3.064215547965E-14));
#8923 = VECTOR('',#8924,1.);
#8924 = DIRECTION('',(0.,1.,-2.22044604925E-16));
#8925 = ORIENTED_EDGE('',*,*,#8926,.T.);
#8926 = EDGE_CURVE('',#8919,#8927,#8929,.T.);
#8927 = VERTEX_POINT('',#8928);
#8928 = CARTESIAN_POINT('',(163.375,-419.438671244,2.264854970235E-14));
#8929 = LINE('',#8930,#8931);
#8930 = CARTESIAN_POINT('',(172.6875,-419.438671244,2.264854970235E-14)
  );
#8931 = VECTOR('',#8932,1.);
#8932 = DIRECTION('',(-1.,0.,0.));
#8933 = ORIENTED_EDGE('',*,*,#8934,.F.);
#8934 = EDGE_CURVE('',#8935,#8927,#8937,.T.);
#8935 = VERTEX_POINT('',#8936);
#8936 = CARTESIAN_POINT('',(163.375,-447.7463195531,2.886579864025E-14)
  );
#8937 = LINE('',#8938,#8939);
#8938 = CARTESIAN_POINT('',(163.375,-456.938671244,3.064215547965E-14));
#8939 = VECTOR('',#8940,1.);
#8940 = DIRECTION('',(0.,1.,-2.22044604925E-16));
#8941 = ORIENTED_EDGE('',*,*,#8942,.F.);
#8942 = EDGE_CURVE('',#8943,#8935,#8945,.T.);
#8943 = VERTEX_POINT('',#8944);
#8944 = CARTESIAN_POINT('',(160.2456492134,-444.438671244,
    2.886579864025E-14));
#8945 = HYPERBOLA('',#8946,3.3517884375,3.125);
#8946 = AXIS2_PLACEMENT_3D('',#8947,#8948,#8949);
#8947 = CARTESIAN_POINT('',(180.,-465.890117244,3.28626015289E-14));
#8948 = DIRECTION('',(0.,-2.22044604925E-16,-1.));
#8949 = DIRECTION('',(0.,1.,-2.22044604925E-16));
#8950 = ORIENTED_EDGE('',*,*,#8951,.F.);
#8951 = EDGE_CURVE('',#8952,#8943,#8954,.T.);
#8952 = VERTEX_POINT('',#8953);
#8953 = CARTESIAN_POINT('',(159.125,-444.438671244,2.797762022055E-14));
#8954 = LINE('',#8955,#8956);
#8955 = CARTESIAN_POINT('',(180.,-444.438671244,2.797762022055E-14));
#8956 = VECTOR('',#8957,1.);
#8957 = DIRECTION('',(1.,-0.,0.));
#8958 = ORIENTED_EDGE('',*,*,#8959,.T.);
#8959 = EDGE_CURVE('',#8952,#8960,#8962,.T.);
#8960 = VERTEX_POINT('',#8961);
#8961 = CARTESIAN_POINT('',(159.125,-419.438671244,2.264854970235E-14));
#8962 = LINE('',#8963,#8964);
#8963 = CARTESIAN_POINT('',(159.125,-456.938671244,3.064215547965E-14));
#8964 = VECTOR('',#8965,1.);
#8965 = DIRECTION('',(0.,1.,-2.22044604925E-16));
#8966 = ORIENTED_EDGE('',*,*,#8967,.T.);
#8967 = EDGE_CURVE('',#8960,#8968,#8970,.T.);
#8968 = VERTEX_POINT('',#8969);
#8969 = CARTESIAN_POINT('',(157.125,-419.438671244,2.264854970235E-14));
#8970 = LINE('',#8971,#8972);
#8971 = CARTESIAN_POINT('',(169.5625,-419.438671244,2.264854970235E-14)
  );
#8972 = VECTOR('',#8973,1.);
#8973 = DIRECTION('',(-1.,0.,0.));
#8974 = ORIENTED_EDGE('',*,*,#8975,.F.);
#8975 = EDGE_CURVE('',#8976,#8968,#8978,.T.);
#8976 = VERTEX_POINT('',#8977);
#8977 = CARTESIAN_POINT('',(157.125,-444.438671244,2.797762022055E-14));
#8978 = LINE('',#8979,#8980);
#8979 = CARTESIAN_POINT('',(157.125,-456.938671244,3.064215547965E-14));
#8980 = VECTOR('',#8981,1.);
#8981 = DIRECTION('',(0.,1.,-2.22044604925E-16));
#8982 = ORIENTED_EDGE('',*,*,#8983,.F.);
#8983 = EDGE_CURVE('',#8684,#8976,#8984,.T.);
#8984 = LINE('',#8985,#8986);
#8985 = CARTESIAN_POINT('',(180.,-444.438671244,2.797762022055E-14));
#8986 = VECTOR('',#8987,1.);
#8987 = DIRECTION('',(1.,-0.,0.));
#8988 = PLANE('',#8989);
#8989 = AXIS2_PLACEMENT_3D('',#8990,#8991,#8992);
#8990 = CARTESIAN_POINT('',(180.,-444.438671244,2.797762022055E-14));
#8991 = DIRECTION('',(0.,-2.22044604925E-16,-1.));
#8992 = DIRECTION('',(0.,-1.,2.22044604925E-16));
#8993 = SHELL_BASED_SURFACE_MODEL('',(#8994));
#8994 = OPEN_SHELL('',(#8995));
#8995 = ADVANCED_FACE('',(#8996),#9306,.T.);
#8996 = FACE_BOUND('',#8997,.T.);
#8997 = EDGE_LOOP('',(#8998,#9008,#9016,#9024,#9032,#9040,#9048,#9056,
    #9064,#9073,#9081,#9089,#9097,#9106,#9114,#9122,#9130,#9138,#9146,
    #9154,#9162,#9170,#9178,#9186,#9194,#9202,#9210,#9218,#9226,#9235,
    #9243,#9251,#9259,#9268,#9276,#9284,#9292,#9300));
#8998 = ORIENTED_EDGE('',*,*,#8999,.F.);
#8999 = EDGE_CURVE('',#9000,#9002,#9004,.T.);
#9000 = VERTEX_POINT('',#9001);
#9001 = CARTESIAN_POINT('',(215.,-394.438671244,1.59872115546E-14));
#9002 = VERTEX_POINT('',#9003);
#9003 = CARTESIAN_POINT('',(215.,-444.438671244,2.708944180085E-14));
#9004 = LINE('',#9005,#9006);
#9005 = CARTESIAN_POINT('',(215.,-419.438671244,2.176037128265E-14));
#9006 = VECTOR('',#9007,1.);
#9007 = DIRECTION('',(0.,-1.,2.22044604925E-16));
#9008 = ORIENTED_EDGE('',*,*,#9009,.T.);
#9009 = EDGE_CURVE('',#9000,#9010,#9012,.T.);
#9010 = VERTEX_POINT('',#9011);
#9011 = CARTESIAN_POINT('',(265.,-394.438671244,1.59872115546E-14));
#9012 = LINE('',#9013,#9014);
#9013 = CARTESIAN_POINT('',(252.5,-394.438671244,1.59872115546E-14));
#9014 = VECTOR('',#9015,1.);
#9015 = DIRECTION('',(1.,-0.,0.));
#9016 = ORIENTED_EDGE('',*,*,#9017,.T.);
#9017 = EDGE_CURVE('',#9010,#9018,#9020,.T.);
#9018 = VERTEX_POINT('',#9019);
#9019 = CARTESIAN_POINT('',(265.,-444.438671244,2.708944180085E-14));
#9020 = LINE('',#9021,#9022);
#9021 = CARTESIAN_POINT('',(265.,-419.438671244,2.176037128265E-14));
#9022 = VECTOR('',#9023,1.);
#9023 = DIRECTION('',(0.,-1.,2.22044604925E-16));
#9024 = ORIENTED_EDGE('',*,*,#9025,.F.);
#9025 = EDGE_CURVE('',#9026,#9018,#9028,.T.);
#9026 = VERTEX_POINT('',#9027);
#9027 = CARTESIAN_POINT('',(262.875,-444.438671244,2.708944180085E-14));
#9028 = LINE('',#9029,#9030);
#9029 = CARTESIAN_POINT('',(240.,-444.438671244,2.708944180085E-14));
#9030 = VECTOR('',#9031,1.);
#9031 = DIRECTION('',(1.,-0.,0.));
#9032 = ORIENTED_EDGE('',*,*,#9033,.T.);
#9033 = EDGE_CURVE('',#9026,#9034,#9036,.T.);
#9034 = VERTEX_POINT('',#9035);
#9035 = CARTESIAN_POINT('',(262.875,-419.438671244,2.176037128265E-14));
#9036 = LINE('',#9037,#9038);
#9037 = CARTESIAN_POINT('',(262.875,-456.938671244,2.975397705995E-14));
#9038 = VECTOR('',#9039,1.);
#9039 = DIRECTION('',(0.,1.,-2.22044604925E-16));
#9040 = ORIENTED_EDGE('',*,*,#9041,.T.);
#9041 = EDGE_CURVE('',#9034,#9042,#9044,.T.);
#9042 = VERTEX_POINT('',#9043);
#9043 = CARTESIAN_POINT('',(260.875,-419.438671244,2.176037128265E-14));
#9044 = LINE('',#9045,#9046);
#9045 = CARTESIAN_POINT('',(251.4375,-419.438671244,2.176037128265E-14)
  );
#9046 = VECTOR('',#9047,1.);
#9047 = DIRECTION('',(-1.,0.,0.));
#9048 = ORIENTED_EDGE('',*,*,#9049,.F.);
#9049 = EDGE_CURVE('',#9050,#9042,#9052,.T.);
#9050 = VERTEX_POINT('',#9051);
#9051 = CARTESIAN_POINT('',(260.875,-444.438671244,2.708944180085E-14));
#9052 = LINE('',#9053,#9054);
#9053 = CARTESIAN_POINT('',(260.875,-456.938671244,2.975397705995E-14));
#9054 = VECTOR('',#9055,1.);
#9055 = DIRECTION('',(0.,1.,-2.22044604925E-16));
#9056 = ORIENTED_EDGE('',*,*,#9057,.F.);
#9057 = EDGE_CURVE('',#9058,#9050,#9060,.T.);
#9058 = VERTEX_POINT('',#9059);
#9059 = CARTESIAN_POINT('',(259.75435078659,-444.438671244,
    2.353672812205E-14));
#9060 = LINE('',#9061,#9062);
#9061 = CARTESIAN_POINT('',(240.,-444.438671244,2.708944180085E-14));
#9062 = VECTOR('',#9063,1.);
#9063 = DIRECTION('',(1.,-0.,0.));
#9064 = ORIENTED_EDGE('',*,*,#9065,.F.);
#9065 = EDGE_CURVE('',#9066,#9058,#9068,.T.);
#9066 = VERTEX_POINT('',#9067);
#9067 = CARTESIAN_POINT('',(256.625,-447.7463195531,2.797762022055E-14)
  );
#9068 = HYPERBOLA('',#9069,3.3517884375,3.125);
#9069 = AXIS2_PLACEMENT_3D('',#9070,#9071,#9072);
#9070 = CARTESIAN_POINT('',(240.,-465.890117244,3.19744231092E-14));
#9071 = DIRECTION('',(0.,-2.22044604925E-16,-1.));
#9072 = DIRECTION('',(0.,1.,-2.22044604925E-16));
#9073 = ORIENTED_EDGE('',*,*,#9074,.T.);
#9074 = EDGE_CURVE('',#9066,#9075,#9077,.T.);
#9075 = VERTEX_POINT('',#9076);
#9076 = CARTESIAN_POINT('',(256.625,-419.438671244,2.176037128265E-14));
#9077 = LINE('',#9078,#9079);
#9078 = CARTESIAN_POINT('',(256.625,-456.938671244,2.975397705995E-14));
#9079 = VECTOR('',#9080,1.);
#9080 = DIRECTION('',(0.,1.,-2.22044604925E-16));
#9081 = ORIENTED_EDGE('',*,*,#9082,.T.);
#9082 = EDGE_CURVE('',#9075,#9083,#9085,.T.);
#9083 = VERTEX_POINT('',#9084);
#9084 = CARTESIAN_POINT('',(254.625,-419.438671244,2.176037128265E-14));
#9085 = LINE('',#9086,#9087);
#9086 = CARTESIAN_POINT('',(248.3125,-419.438671244,2.176037128265E-14)
  );
#9087 = VECTOR('',#9088,1.);
#9088 = DIRECTION('',(-1.,0.,0.));
#9089 = ORIENTED_EDGE('',*,*,#9090,.F.);
#9090 = EDGE_CURVE('',#9091,#9083,#9093,.T.);
#9091 = VERTEX_POINT('',#9092);
#9092 = CARTESIAN_POINT('',(254.625,-449.8496469898,2.84217094304E-14));
#9093 = LINE('',#9094,#9095);
#9094 = CARTESIAN_POINT('',(254.625,-456.938671244,2.975397705995E-14));
#9095 = VECTOR('',#9096,1.);
#9096 = DIRECTION('',(0.,1.,-2.22044604925E-16));
#9097 = ORIENTED_EDGE('',*,*,#9098,.F.);
#9098 = EDGE_CURVE('',#9099,#9091,#9101,.T.);
#9099 = VERTEX_POINT('',#9100);
#9100 = CARTESIAN_POINT('',(250.375,-454.2683496832,2.93098878501E-14));
#9101 = HYPERBOLA('',#9102,3.3517884375,3.125);
#9102 = AXIS2_PLACEMENT_3D('',#9103,#9104,#9105);
#9103 = CARTESIAN_POINT('',(240.,-465.890117244,3.19744231092E-14));
#9104 = DIRECTION('',(0.,-2.22044604925E-16,-1.));
#9105 = DIRECTION('',(0.,1.,-2.22044604925E-16));
#9106 = ORIENTED_EDGE('',*,*,#9107,.T.);
#9107 = EDGE_CURVE('',#9099,#9108,#9110,.T.);
#9108 = VERTEX_POINT('',#9109);
#9109 = CARTESIAN_POINT('',(250.375,-419.438671244,2.176037128265E-14));
#9110 = LINE('',#9111,#9112);
#9111 = CARTESIAN_POINT('',(250.375,-456.938671244,2.975397705995E-14));
#9112 = VECTOR('',#9113,1.);
#9113 = DIRECTION('',(0.,1.,-2.22044604925E-16));
#9114 = ORIENTED_EDGE('',*,*,#9115,.T.);
#9115 = EDGE_CURVE('',#9108,#9116,#9118,.T.);
#9116 = VERTEX_POINT('',#9117);
#9117 = CARTESIAN_POINT('',(248.375,-419.438671244,2.176037128265E-14));
#9118 = LINE('',#9119,#9120);
#9119 = CARTESIAN_POINT('',(245.1875,-419.438671244,2.176037128265E-14)
  );
#9120 = VECTOR('',#9121,1.);
#9121 = DIRECTION('',(-1.,0.,0.));
#9122 = ORIENTED_EDGE('',*,*,#9123,.F.);
#9123 = EDGE_CURVE('',#9124,#9116,#9126,.T.);
#9124 = VERTEX_POINT('',#9125);
#9125 = CARTESIAN_POINT('',(248.375,-455.164394244,2.93098878501E-14));
#9126 = LINE('',#9127,#9128);
#9127 = CARTESIAN_POINT('',(248.375,-456.938671244,2.975397705995E-14));
#9128 = VECTOR('',#9129,1.);
#9129 = DIRECTION('',(0.,1.,-2.22044604925E-16));
#9130 = ORIENTED_EDGE('',*,*,#9131,.T.);
#9131 = EDGE_CURVE('',#9124,#9132,#9134,.T.);
#9132 = VERTEX_POINT('',#9133);
#9133 = CARTESIAN_POINT('',(244.125,-455.164394244,2.93098878501E-14));
#9134 = LINE('',#9135,#9136);
#9135 = CARTESIAN_POINT('',(240.,-455.164394244,2.93098878501E-14));
#9136 = VECTOR('',#9137,1.);
#9137 = DIRECTION('',(-1.,0.,0.));
#9138 = ORIENTED_EDGE('',*,*,#9139,.T.);
#9139 = EDGE_CURVE('',#9132,#9140,#9142,.T.);
#9140 = VERTEX_POINT('',#9141);
#9141 = CARTESIAN_POINT('',(244.125,-419.438671244,2.176037128265E-14));
#9142 = LINE('',#9143,#9144);
#9143 = CARTESIAN_POINT('',(244.125,-456.938671244,2.975397705995E-14));
#9144 = VECTOR('',#9145,1.);
#9145 = DIRECTION('',(0.,1.,-2.22044604925E-16));
#9146 = ORIENTED_EDGE('',*,*,#9147,.T.);
#9147 = EDGE_CURVE('',#9140,#9148,#9150,.T.);
#9148 = VERTEX_POINT('',#9149);
#9149 = CARTESIAN_POINT('',(242.125,-419.438671244,2.176037128265E-14));
#9150 = LINE('',#9151,#9152);
#9151 = CARTESIAN_POINT('',(242.0625,-419.438671244,2.176037128265E-14)
  );
#9152 = VECTOR('',#9153,1.);
#9153 = DIRECTION('',(-1.,0.,0.));
#9154 = ORIENTED_EDGE('',*,*,#9155,.F.);
#9155 = EDGE_CURVE('',#9156,#9148,#9158,.T.);
#9156 = VERTEX_POINT('',#9157);
#9157 = CARTESIAN_POINT('',(242.125,-455.164394244,2.93098878501E-14));
#9158 = LINE('',#9159,#9160);
#9159 = CARTESIAN_POINT('',(242.125,-456.938671244,2.975397705995E-14));
#9160 = VECTOR('',#9161,1.);
#9161 = DIRECTION('',(0.,1.,-2.22044604925E-16));
#9162 = ORIENTED_EDGE('',*,*,#9163,.T.);
#9163 = EDGE_CURVE('',#9156,#9164,#9166,.T.);
#9164 = VERTEX_POINT('',#9165);
#9165 = CARTESIAN_POINT('',(237.875,-455.164394244,2.93098878501E-14));
#9166 = LINE('',#9167,#9168);
#9167 = CARTESIAN_POINT('',(240.,-455.164394244,2.93098878501E-14));
#9168 = VECTOR('',#9169,1.);
#9169 = DIRECTION('',(-1.,0.,0.));
#9170 = ORIENTED_EDGE('',*,*,#9171,.T.);
#9171 = EDGE_CURVE('',#9164,#9172,#9174,.T.);
#9172 = VERTEX_POINT('',#9173);
#9173 = CARTESIAN_POINT('',(237.875,-419.438671244,2.176037128265E-14));
#9174 = LINE('',#9175,#9176);
#9175 = CARTESIAN_POINT('',(237.875,-456.938671244,2.975397705995E-14));
#9176 = VECTOR('',#9177,1.);
#9177 = DIRECTION('',(0.,1.,-2.22044604925E-16));
#9178 = ORIENTED_EDGE('',*,*,#9179,.T.);
#9179 = EDGE_CURVE('',#9172,#9180,#9182,.T.);
#9180 = VERTEX_POINT('',#9181);
#9181 = CARTESIAN_POINT('',(235.875,-419.438671244,2.176037128265E-14));
#9182 = LINE('',#9183,#9184);
#9183 = CARTESIAN_POINT('',(238.9375,-419.438671244,2.176037128265E-14)
  );
#9184 = VECTOR('',#9185,1.);
#9185 = DIRECTION('',(-1.,0.,0.));
#9186 = ORIENTED_EDGE('',*,*,#9187,.F.);
#9187 = EDGE_CURVE('',#9188,#9180,#9190,.T.);
#9188 = VERTEX_POINT('',#9189);
#9189 = CARTESIAN_POINT('',(235.875,-455.164394244,2.93098878501E-14));
#9190 = LINE('',#9191,#9192);
#9191 = CARTESIAN_POINT('',(235.875,-456.938671244,2.975397705995E-14));
#9192 = VECTOR('',#9193,1.);
#9193 = DIRECTION('',(0.,1.,-2.22044604925E-16));
#9194 = ORIENTED_EDGE('',*,*,#9195,.T.);
#9195 = EDGE_CURVE('',#9188,#9196,#9198,.T.);
#9196 = VERTEX_POINT('',#9197);
#9197 = CARTESIAN_POINT('',(231.625,-455.164394244,2.93098878501E-14));
#9198 = LINE('',#9199,#9200);
#9199 = CARTESIAN_POINT('',(240.,-455.164394244,2.93098878501E-14));
#9200 = VECTOR('',#9201,1.);
#9201 = DIRECTION('',(-1.,0.,0.));
#9202 = ORIENTED_EDGE('',*,*,#9203,.T.);
#9203 = EDGE_CURVE('',#9196,#9204,#9206,.T.);
#9204 = VERTEX_POINT('',#9205);
#9205 = CARTESIAN_POINT('',(231.625,-419.438671244,2.176037128265E-14));
#9206 = LINE('',#9207,#9208);
#9207 = CARTESIAN_POINT('',(231.625,-456.938671244,2.975397705995E-14));
#9208 = VECTOR('',#9209,1.);
#9209 = DIRECTION('',(0.,1.,-2.22044604925E-16));
#9210 = ORIENTED_EDGE('',*,*,#9211,.T.);
#9211 = EDGE_CURVE('',#9204,#9212,#9214,.T.);
#9212 = VERTEX_POINT('',#9213);
#9213 = CARTESIAN_POINT('',(229.625,-419.438671244,2.176037128265E-14));
#9214 = LINE('',#9215,#9216);
#9215 = CARTESIAN_POINT('',(235.8125,-419.438671244,2.176037128265E-14)
  );
#9216 = VECTOR('',#9217,1.);
#9217 = DIRECTION('',(-1.,0.,0.));
#9218 = ORIENTED_EDGE('',*,*,#9219,.F.);
#9219 = EDGE_CURVE('',#9220,#9212,#9222,.T.);
#9220 = VERTEX_POINT('',#9221);
#9221 = CARTESIAN_POINT('',(229.625,-454.2683496832,2.93098878501E-14));
#9222 = LINE('',#9223,#9224);
#9223 = CARTESIAN_POINT('',(229.625,-456.938671244,2.975397705995E-14));
#9224 = VECTOR('',#9225,1.);
#9225 = DIRECTION('',(0.,1.,-2.22044604925E-16));
#9226 = ORIENTED_EDGE('',*,*,#9227,.F.);
#9227 = EDGE_CURVE('',#9228,#9220,#9230,.T.);
#9228 = VERTEX_POINT('',#9229);
#9229 = CARTESIAN_POINT('',(225.375,-449.8496469898,2.84217094304E-14));
#9230 = HYPERBOLA('',#9231,3.3517884375,3.125);
#9231 = AXIS2_PLACEMENT_3D('',#9232,#9233,#9234);
#9232 = CARTESIAN_POINT('',(240.,-465.890117244,3.19744231092E-14));
#9233 = DIRECTION('',(0.,-2.22044604925E-16,-1.));
#9234 = DIRECTION('',(0.,1.,-2.22044604925E-16));
#9235 = ORIENTED_EDGE('',*,*,#9236,.T.);
#9236 = EDGE_CURVE('',#9228,#9237,#9239,.T.);
#9237 = VERTEX_POINT('',#9238);
#9238 = CARTESIAN_POINT('',(225.375,-419.438671244,2.176037128265E-14));
#9239 = LINE('',#9240,#9241);
#9240 = CARTESIAN_POINT('',(225.375,-456.938671244,2.975397705995E-14));
#9241 = VECTOR('',#9242,1.);
#9242 = DIRECTION('',(0.,1.,-2.22044604925E-16));
#9243 = ORIENTED_EDGE('',*,*,#9244,.T.);
#9244 = EDGE_CURVE('',#9237,#9245,#9247,.T.);
#9245 = VERTEX_POINT('',#9246);
#9246 = CARTESIAN_POINT('',(223.375,-419.438671244,2.176037128265E-14));
#9247 = LINE('',#9248,#9249);
#9248 = CARTESIAN_POINT('',(232.6875,-419.438671244,2.176037128265E-14)
  );
#9249 = VECTOR('',#9250,1.);
#9250 = DIRECTION('',(-1.,0.,0.));
#9251 = ORIENTED_EDGE('',*,*,#9252,.F.);
#9252 = EDGE_CURVE('',#9253,#9245,#9255,.T.);
#9253 = VERTEX_POINT('',#9254);
#9254 = CARTESIAN_POINT('',(223.375,-447.7463195531,2.797762022055E-14)
  );
#9255 = LINE('',#9256,#9257);
#9256 = CARTESIAN_POINT('',(223.375,-456.938671244,2.975397705995E-14));
#9257 = VECTOR('',#9258,1.);
#9258 = DIRECTION('',(0.,1.,-2.22044604925E-16));
#9259 = ORIENTED_EDGE('',*,*,#9260,.F.);
#9260 = EDGE_CURVE('',#9261,#9253,#9263,.T.);
#9261 = VERTEX_POINT('',#9262);
#9262 = CARTESIAN_POINT('',(220.2456492134,-444.438671244,
    3.10862446895E-14));
#9263 = HYPERBOLA('',#9264,3.3517884375,3.125);
#9264 = AXIS2_PLACEMENT_3D('',#9265,#9266,#9267);
#9265 = CARTESIAN_POINT('',(240.,-465.890117244,3.19744231092E-14));
#9266 = DIRECTION('',(0.,-2.22044604925E-16,-1.));
#9267 = DIRECTION('',(0.,1.,-2.22044604925E-16));
#9268 = ORIENTED_EDGE('',*,*,#9269,.F.);
#9269 = EDGE_CURVE('',#9270,#9261,#9272,.T.);
#9270 = VERTEX_POINT('',#9271);
#9271 = CARTESIAN_POINT('',(219.125,-444.438671244,2.708944180085E-14));
#9272 = LINE('',#9273,#9274);
#9273 = CARTESIAN_POINT('',(240.,-444.438671244,2.708944180085E-14));
#9274 = VECTOR('',#9275,1.);
#9275 = DIRECTION('',(1.,-0.,0.));
#9276 = ORIENTED_EDGE('',*,*,#9277,.T.);
#9277 = EDGE_CURVE('',#9270,#9278,#9280,.T.);
#9278 = VERTEX_POINT('',#9279);
#9279 = CARTESIAN_POINT('',(219.125,-419.438671244,2.176037128265E-14));
#9280 = LINE('',#9281,#9282);
#9281 = CARTESIAN_POINT('',(219.125,-456.938671244,2.975397705995E-14));
#9282 = VECTOR('',#9283,1.);
#9283 = DIRECTION('',(0.,1.,-2.22044604925E-16));
#9284 = ORIENTED_EDGE('',*,*,#9285,.T.);
#9285 = EDGE_CURVE('',#9278,#9286,#9288,.T.);
#9286 = VERTEX_POINT('',#9287);
#9287 = CARTESIAN_POINT('',(217.125,-419.438671244,2.176037128265E-14));
#9288 = LINE('',#9289,#9290);
#9289 = CARTESIAN_POINT('',(229.5625,-419.438671244,2.176037128265E-14)
  );
#9290 = VECTOR('',#9291,1.);
#9291 = DIRECTION('',(-1.,0.,0.));
#9292 = ORIENTED_EDGE('',*,*,#9293,.F.);
#9293 = EDGE_CURVE('',#9294,#9286,#9296,.T.);
#9294 = VERTEX_POINT('',#9295);
#9295 = CARTESIAN_POINT('',(217.125,-444.438671244,2.708944180085E-14));
#9296 = LINE('',#9297,#9298);
#9297 = CARTESIAN_POINT('',(217.125,-456.938671244,2.975397705995E-14));
#9298 = VECTOR('',#9299,1.);
#9299 = DIRECTION('',(0.,1.,-2.22044604925E-16));
#9300 = ORIENTED_EDGE('',*,*,#9301,.F.);
#9301 = EDGE_CURVE('',#9002,#9294,#9302,.T.);
#9302 = LINE('',#9303,#9304);
#9303 = CARTESIAN_POINT('',(240.,-444.438671244,2.708944180085E-14));
#9304 = VECTOR('',#9305,1.);
#9305 = DIRECTION('',(1.,-0.,0.));
#9306 = PLANE('',#9307);
#9307 = AXIS2_PLACEMENT_3D('',#9308,#9309,#9310);
#9308 = CARTESIAN_POINT('',(240.,-444.438671244,2.708944180085E-14));
#9309 = DIRECTION('',(0.,-2.22044604925E-16,-1.));
#9310 = DIRECTION('',(0.,-1.,2.22044604925E-16));
#9311 = SHELL_BASED_SURFACE_MODEL('',(#9312));
#9312 = OPEN_SHELL('',(#9313));
#9313 = ADVANCED_FACE('',(#9314),#9626,.T.);
#9314 = FACE_BOUND('',#9315,.T.);
#9315 = EDGE_LOOP('',(#9316,#9326,#9334,#9342,#9350,#9358,#9366,#9374,
    #9382,#9391,#9399,#9407,#9415,#9424,#9432,#9440,#9448,#9457,#9465,
    #9473,#9481,#9489,#9497,#9505,#9513,#9522,#9530,#9538,#9546,#9555,
    #9563,#9571,#9579,#9588,#9596,#9604,#9612,#9620));
#9316 = ORIENTED_EDGE('',*,*,#9317,.F.);
#9317 = EDGE_CURVE('',#9318,#9320,#9322,.T.);
#9318 = VERTEX_POINT('',#9319);
#9319 = CARTESIAN_POINT('',(275.,-395.065489439,1.7763568394E-14));
#9320 = VERTEX_POINT('',#9321);
#9321 = CARTESIAN_POINT('',(275.,-445.065489439,2.84217094304E-14));
#9322 = LINE('',#9323,#9324);
#9323 = CARTESIAN_POINT('',(275.,-420.065489439,2.30926389122E-14));
#9324 = VECTOR('',#9325,1.);
#9325 = DIRECTION('',(0.,-1.,2.22044604925E-16));
#9326 = ORIENTED_EDGE('',*,*,#9327,.T.);
#9327 = EDGE_CURVE('',#9318,#9328,#9330,.T.);
#9328 = VERTEX_POINT('',#9329);
#9329 = CARTESIAN_POINT('',(325.,-395.065489439,1.7763568394E-14));
#9330 = LINE('',#9331,#9332);
#9331 = CARTESIAN_POINT('',(312.5,-395.065489439,1.7763568394E-14));
#9332 = VECTOR('',#9333,1.);
#9333 = DIRECTION('',(1.,-0.,0.));
#9334 = ORIENTED_EDGE('',*,*,#9335,.T.);
#9335 = EDGE_CURVE('',#9328,#9336,#9338,.T.);
#9336 = VERTEX_POINT('',#9337);
#9337 = CARTESIAN_POINT('',(325.,-445.065489439,2.84217094304E-14));
#9338 = LINE('',#9339,#9340);
#9339 = CARTESIAN_POINT('',(325.,-420.065489439,2.30926389122E-14));
#9340 = VECTOR('',#9341,1.);
#9341 = DIRECTION('',(0.,-1.,2.22044604925E-16));
#9342 = ORIENTED_EDGE('',*,*,#9343,.F.);
#9343 = EDGE_CURVE('',#9344,#9336,#9346,.T.);
#9344 = VERTEX_POINT('',#9345);
#9345 = CARTESIAN_POINT('',(322.875,-445.065489439,2.84217094304E-14));
#9346 = LINE('',#9347,#9348);
#9347 = CARTESIAN_POINT('',(300.,-445.065489439,2.84217094304E-14));
#9348 = VECTOR('',#9349,1.);
#9349 = DIRECTION('',(1.,-0.,0.));
#9350 = ORIENTED_EDGE('',*,*,#9351,.T.);
#9351 = EDGE_CURVE('',#9344,#9352,#9354,.T.);
#9352 = VERTEX_POINT('',#9353);
#9353 = CARTESIAN_POINT('',(322.875,-420.065489439,2.30926389122E-14));
#9354 = LINE('',#9355,#9356);
#9355 = CARTESIAN_POINT('',(322.875,-457.565489439,3.19744231092E-14));
#9356 = VECTOR('',#9357,1.);
#9357 = DIRECTION('',(0.,1.,-2.22044604925E-16));
#9358 = ORIENTED_EDGE('',*,*,#9359,.T.);
#9359 = EDGE_CURVE('',#9352,#9360,#9362,.T.);
#9360 = VERTEX_POINT('',#9361);
#9361 = CARTESIAN_POINT('',(320.875,-420.065489439,2.30926389122E-14));
#9362 = LINE('',#9363,#9364);
#9363 = CARTESIAN_POINT('',(311.4375,-420.065489439,2.30926389122E-14));
#9364 = VECTOR('',#9365,1.);
#9365 = DIRECTION('',(-1.,0.,0.));
#9366 = ORIENTED_EDGE('',*,*,#9367,.F.);
#9367 = EDGE_CURVE('',#9368,#9360,#9370,.T.);
#9368 = VERTEX_POINT('',#9369);
#9369 = CARTESIAN_POINT('',(320.875,-445.065489439,2.84217094304E-14));
#9370 = LINE('',#9371,#9372);
#9371 = CARTESIAN_POINT('',(320.875,-457.565489439,3.19744231092E-14));
#9372 = VECTOR('',#9373,1.);
#9373 = DIRECTION('',(0.,1.,-2.22044604925E-16));
#9374 = ORIENTED_EDGE('',*,*,#9375,.F.);
#9375 = EDGE_CURVE('',#9376,#9368,#9378,.T.);
#9376 = VERTEX_POINT('',#9377);
#9377 = CARTESIAN_POINT('',(317.66661753137,-445.065489439,
    2.84217094304E-14));
#9378 = LINE('',#9379,#9380);
#9379 = CARTESIAN_POINT('',(300.,-445.065489439,2.84217094304E-14));
#9380 = VECTOR('',#9381,1.);
#9381 = DIRECTION('',(1.,-0.,0.));
#9382 = ORIENTED_EDGE('',*,*,#9383,.F.);
#9383 = EDGE_CURVE('',#9384,#9376,#9386,.T.);
#9384 = VERTEX_POINT('',#9385);
#9385 = CARTESIAN_POINT('',(316.625,-446.0456560338,2.84217094304E-14));
#9386 = HYPERBOLA('',#9387,10.0553653125,9.375);
#9387 = AXIS2_PLACEMENT_3D('',#9388,#9389,#9390);
#9388 = CARTESIAN_POINT('',(300.,-466.516935439,3.37507799486E-14));
#9389 = DIRECTION('',(0.,-2.22044604925E-16,-1.));
#9390 = DIRECTION('',(0.,1.,-2.22044604925E-16));
#9391 = ORIENTED_EDGE('',*,*,#9392,.T.);
#9392 = EDGE_CURVE('',#9384,#9393,#9395,.T.);
#9393 = VERTEX_POINT('',#9394);
#9394 = CARTESIAN_POINT('',(316.625,-420.065489439,2.30926389122E-14));
#9395 = LINE('',#9396,#9397);
#9396 = CARTESIAN_POINT('',(316.625,-457.565489439,3.19744231092E-14));
#9397 = VECTOR('',#9398,1.);
#9398 = DIRECTION('',(0.,1.,-2.22044604925E-16));
#9399 = ORIENTED_EDGE('',*,*,#9400,.T.);
#9400 = EDGE_CURVE('',#9393,#9401,#9403,.T.);
#9401 = VERTEX_POINT('',#9402);
#9402 = CARTESIAN_POINT('',(314.625,-420.065489439,2.30926389122E-14));
#9403 = LINE('',#9404,#9405);
#9404 = CARTESIAN_POINT('',(308.3125,-420.065489439,2.30926389122E-14));
#9405 = VECTOR('',#9406,1.);
#9406 = DIRECTION('',(-1.,0.,0.));
#9407 = ORIENTED_EDGE('',*,*,#9408,.F.);
#9408 = EDGE_CURVE('',#9409,#9401,#9411,.T.);
#9409 = VERTEX_POINT('',#9410);
#9410 = CARTESIAN_POINT('',(314.625,-447.8843679343,2.84217094304E-14));
#9411 = LINE('',#9412,#9413);
#9412 = CARTESIAN_POINT('',(314.625,-457.565489439,3.19744231092E-14));
#9413 = VECTOR('',#9414,1.);
#9414 = DIRECTION('',(0.,1.,-2.22044604925E-16));
#9415 = ORIENTED_EDGE('',*,*,#9416,.F.);
#9416 = EDGE_CURVE('',#9417,#9409,#9419,.T.);
#9417 = VERTEX_POINT('',#9418);
#9418 = CARTESIAN_POINT('',(310.375,-451.5188899971,3.01980662698E-14));
#9419 = HYPERBOLA('',#9420,10.0553653125,9.375);
#9420 = AXIS2_PLACEMENT_3D('',#9421,#9422,#9423);
#9421 = CARTESIAN_POINT('',(300.,-466.516935439,3.37507799486E-14));
#9422 = DIRECTION('',(0.,-2.22044604925E-16,-1.));
#9423 = DIRECTION('',(0.,1.,-2.22044604925E-16));
#9424 = ORIENTED_EDGE('',*,*,#9425,.T.);
#9425 = EDGE_CURVE('',#9417,#9426,#9428,.T.);
#9426 = VERTEX_POINT('',#9427);
#9427 = CARTESIAN_POINT('',(310.375,-420.065489439,2.30926389122E-14));
#9428 = LINE('',#9429,#9430);
#9429 = CARTESIAN_POINT('',(310.375,-457.565489439,3.19744231092E-14));
#9430 = VECTOR('',#9431,1.);
#9431 = DIRECTION('',(0.,1.,-2.22044604925E-16));
#9432 = ORIENTED_EDGE('',*,*,#9433,.T.);
#9433 = EDGE_CURVE('',#9426,#9434,#9436,.T.);
#9434 = VERTEX_POINT('',#9435);
#9435 = CARTESIAN_POINT('',(308.375,-420.065489439,2.30926389122E-14));
#9436 = LINE('',#9437,#9438);
#9437 = CARTESIAN_POINT('',(305.1875,-420.065489439,2.30926389122E-14));
#9438 = VECTOR('',#9439,1.);
#9439 = DIRECTION('',(-1.,0.,0.));
#9440 = ORIENTED_EDGE('',*,*,#9441,.F.);
#9441 = EDGE_CURVE('',#9442,#9434,#9444,.T.);
#9442 = VERTEX_POINT('',#9443);
#9443 = CARTESIAN_POINT('',(308.375,-453.0335774791,3.01980662698E-14));
#9444 = LINE('',#9445,#9446);
#9445 = CARTESIAN_POINT('',(308.375,-457.565489439,3.19744231092E-14));
#9446 = VECTOR('',#9447,1.);
#9447 = DIRECTION('',(0.,1.,-2.22044604925E-16));
#9448 = ORIENTED_EDGE('',*,*,#9449,.F.);
#9449 = EDGE_CURVE('',#9450,#9442,#9452,.T.);
#9450 = VERTEX_POINT('',#9451);
#9451 = CARTESIAN_POINT('',(304.125,-455.5312474995,3.01980662698E-14));
#9452 = HYPERBOLA('',#9453,10.0553653125,9.375);
#9453 = AXIS2_PLACEMENT_3D('',#9454,#9455,#9456);
#9454 = CARTESIAN_POINT('',(300.,-466.516935439,3.37507799486E-14));
#9455 = DIRECTION('',(0.,-2.22044604925E-16,-1.));
#9456 = DIRECTION('',(0.,1.,-2.22044604925E-16));
#9457 = ORIENTED_EDGE('',*,*,#9458,.T.);
#9458 = EDGE_CURVE('',#9450,#9459,#9461,.T.);
#9459 = VERTEX_POINT('',#9460);
#9460 = CARTESIAN_POINT('',(304.125,-420.065489439,2.30926389122E-14));
#9461 = LINE('',#9462,#9463);
#9462 = CARTESIAN_POINT('',(304.125,-457.565489439,3.19744231092E-14));
#9463 = VECTOR('',#9464,1.);
#9464 = DIRECTION('',(0.,1.,-2.22044604925E-16));
#9465 = ORIENTED_EDGE('',*,*,#9466,.T.);
#9466 = EDGE_CURVE('',#9459,#9467,#9469,.T.);
#9467 = VERTEX_POINT('',#9468);
#9468 = CARTESIAN_POINT('',(302.125,-420.065489439,2.30926389122E-14));
#9469 = LINE('',#9470,#9471);
#9470 = CARTESIAN_POINT('',(302.0625,-420.065489439,2.30926389122E-14));
#9471 = VECTOR('',#9472,1.);
#9472 = DIRECTION('',(-1.,0.,0.));
#9473 = ORIENTED_EDGE('',*,*,#9474,.F.);
#9474 = EDGE_CURVE('',#9475,#9467,#9477,.T.);
#9475 = VERTEX_POINT('',#9476);
#9476 = CARTESIAN_POINT('',(302.125,-455.791212439,3.01980662698E-14));
#9477 = LINE('',#9478,#9479);
#9478 = CARTESIAN_POINT('',(302.125,-457.565489439,3.19744231092E-14));
#9479 = VECTOR('',#9480,1.);
#9480 = DIRECTION('',(0.,1.,-2.22044604925E-16));
#9481 = ORIENTED_EDGE('',*,*,#9482,.T.);
#9482 = EDGE_CURVE('',#9475,#9483,#9485,.T.);
#9483 = VERTEX_POINT('',#9484);
#9484 = CARTESIAN_POINT('',(297.875,-455.791212439,3.01980662698E-14));
#9485 = LINE('',#9486,#9487);
#9486 = CARTESIAN_POINT('',(300.,-455.791212439,3.01980662698E-14));
#9487 = VECTOR('',#9488,1.);
#9488 = DIRECTION('',(-1.,0.,0.));
#9489 = ORIENTED_EDGE('',*,*,#9490,.T.);
#9490 = EDGE_CURVE('',#9483,#9491,#9493,.T.);
#9491 = VERTEX_POINT('',#9492);
#9492 = CARTESIAN_POINT('',(297.875,-420.065489439,2.30926389122E-14));
#9493 = LINE('',#9494,#9495);
#9494 = CARTESIAN_POINT('',(297.875,-457.565489439,3.19744231092E-14));
#9495 = VECTOR('',#9496,1.);
#9496 = DIRECTION('',(0.,1.,-2.22044604925E-16));
#9497 = ORIENTED_EDGE('',*,*,#9498,.T.);
#9498 = EDGE_CURVE('',#9491,#9499,#9501,.T.);
#9499 = VERTEX_POINT('',#9500);
#9500 = CARTESIAN_POINT('',(295.875,-420.065489439,2.30926389122E-14));
#9501 = LINE('',#9502,#9503);
#9502 = CARTESIAN_POINT('',(298.9375,-420.065489439,2.30926389122E-14));
#9503 = VECTOR('',#9504,1.);
#9504 = DIRECTION('',(-1.,0.,0.));
#9505 = ORIENTED_EDGE('',*,*,#9506,.F.);
#9506 = EDGE_CURVE('',#9507,#9499,#9509,.T.);
#9507 = VERTEX_POINT('',#9508);
#9508 = CARTESIAN_POINT('',(295.875,-455.5312474995,3.01980662698E-14));
#9509 = LINE('',#9510,#9511);
#9510 = CARTESIAN_POINT('',(295.875,-457.565489439,3.19744231092E-14));
#9511 = VECTOR('',#9512,1.);
#9512 = DIRECTION('',(0.,1.,-2.22044604925E-16));
#9513 = ORIENTED_EDGE('',*,*,#9514,.F.);
#9514 = EDGE_CURVE('',#9515,#9507,#9517,.T.);
#9515 = VERTEX_POINT('',#9516);
#9516 = CARTESIAN_POINT('',(291.625,-453.0335774791,3.01980662698E-14));
#9517 = HYPERBOLA('',#9518,10.0553653125,9.375);
#9518 = AXIS2_PLACEMENT_3D('',#9519,#9520,#9521);
#9519 = CARTESIAN_POINT('',(300.,-466.516935439,3.37507799486E-14));
#9520 = DIRECTION('',(0.,-2.22044604925E-16,-1.));
#9521 = DIRECTION('',(0.,1.,-2.22044604925E-16));
#9522 = ORIENTED_EDGE('',*,*,#9523,.T.);
#9523 = EDGE_CURVE('',#9515,#9524,#9526,.T.);
#9524 = VERTEX_POINT('',#9525);
#9525 = CARTESIAN_POINT('',(291.625,-420.065489439,2.30926389122E-14));
#9526 = LINE('',#9527,#9528);
#9527 = CARTESIAN_POINT('',(291.625,-457.565489439,3.19744231092E-14));
#9528 = VECTOR('',#9529,1.);
#9529 = DIRECTION('',(0.,1.,-2.22044604925E-16));
#9530 = ORIENTED_EDGE('',*,*,#9531,.T.);
#9531 = EDGE_CURVE('',#9524,#9532,#9534,.T.);
#9532 = VERTEX_POINT('',#9533);
#9533 = CARTESIAN_POINT('',(289.625,-420.065489439,2.30926389122E-14));
#9534 = LINE('',#9535,#9536);
#9535 = CARTESIAN_POINT('',(295.8125,-420.065489439,2.30926389122E-14));
#9536 = VECTOR('',#9537,1.);
#9537 = DIRECTION('',(-1.,0.,0.));
#9538 = ORIENTED_EDGE('',*,*,#9539,.F.);
#9539 = EDGE_CURVE('',#9540,#9532,#9542,.T.);
#9540 = VERTEX_POINT('',#9541);
#9541 = CARTESIAN_POINT('',(289.625,-451.5188899971,3.01980662698E-14));
#9542 = LINE('',#9543,#9544);
#9543 = CARTESIAN_POINT('',(289.625,-457.565489439,3.19744231092E-14));
#9544 = VECTOR('',#9545,1.);
#9545 = DIRECTION('',(0.,1.,-2.22044604925E-16));
#9546 = ORIENTED_EDGE('',*,*,#9547,.F.);
#9547 = EDGE_CURVE('',#9548,#9540,#9550,.T.);
#9548 = VERTEX_POINT('',#9549);
#9549 = CARTESIAN_POINT('',(285.375,-447.8843679343,2.84217094304E-14));
#9550 = HYPERBOLA('',#9551,10.0553653125,9.375);
#9551 = AXIS2_PLACEMENT_3D('',#9552,#9553,#9554);
#9552 = CARTESIAN_POINT('',(300.,-466.516935439,3.37507799486E-14));
#9553 = DIRECTION('',(0.,-2.22044604925E-16,-1.));
#9554 = DIRECTION('',(0.,1.,-2.22044604925E-16));
#9555 = ORIENTED_EDGE('',*,*,#9556,.T.);
#9556 = EDGE_CURVE('',#9548,#9557,#9559,.T.);
#9557 = VERTEX_POINT('',#9558);
#9558 = CARTESIAN_POINT('',(285.375,-420.065489439,2.30926389122E-14));
#9559 = LINE('',#9560,#9561);
#9560 = CARTESIAN_POINT('',(285.375,-457.565489439,3.19744231092E-14));
#9561 = VECTOR('',#9562,1.);
#9562 = DIRECTION('',(0.,1.,-2.22044604925E-16));
#9563 = ORIENTED_EDGE('',*,*,#9564,.T.);
#9564 = EDGE_CURVE('',#9557,#9565,#9567,.T.);
#9565 = VERTEX_POINT('',#9566);
#9566 = CARTESIAN_POINT('',(283.375,-420.065489439,2.30926389122E-14));
#9567 = LINE('',#9568,#9569);
#9568 = CARTESIAN_POINT('',(292.6875,-420.065489439,2.30926389122E-14));
#9569 = VECTOR('',#9570,1.);
#9570 = DIRECTION('',(-1.,0.,0.));
#9571 = ORIENTED_EDGE('',*,*,#9572,.F.);
#9572 = EDGE_CURVE('',#9573,#9565,#9575,.T.);
#9573 = VERTEX_POINT('',#9574);
#9574 = CARTESIAN_POINT('',(283.375,-446.0456560338,2.84217094304E-14));
#9575 = LINE('',#9576,#9577);
#9576 = CARTESIAN_POINT('',(283.375,-457.565489439,3.19744231092E-14));
#9577 = VECTOR('',#9578,1.);
#9578 = DIRECTION('',(0.,1.,-2.22044604925E-16));
#9579 = ORIENTED_EDGE('',*,*,#9580,.F.);
#9580 = EDGE_CURVE('',#9581,#9573,#9583,.T.);
#9581 = VERTEX_POINT('',#9582);
#9582 = CARTESIAN_POINT('',(282.33338246862,-445.065489439,
    3.37507799486E-14));
#9583 = HYPERBOLA('',#9584,10.0553653125,9.375);
#9584 = AXIS2_PLACEMENT_3D('',#9585,#9586,#9587);
#9585 = CARTESIAN_POINT('',(300.,-466.516935439,3.37507799486E-14));
#9586 = DIRECTION('',(0.,-2.22044604925E-16,-1.));
#9587 = DIRECTION('',(0.,1.,-2.22044604925E-16));
#9588 = ORIENTED_EDGE('',*,*,#9589,.F.);
#9589 = EDGE_CURVE('',#9590,#9581,#9592,.T.);
#9590 = VERTEX_POINT('',#9591);
#9591 = CARTESIAN_POINT('',(279.125,-445.065489439,2.84217094304E-14));
#9592 = LINE('',#9593,#9594);
#9593 = CARTESIAN_POINT('',(300.,-445.065489439,2.84217094304E-14));
#9594 = VECTOR('',#9595,1.);
#9595 = DIRECTION('',(1.,-0.,0.));
#9596 = ORIENTED_EDGE('',*,*,#9597,.T.);
#9597 = EDGE_CURVE('',#9590,#9598,#9600,.T.);
#9598 = VERTEX_POINT('',#9599);
#9599 = CARTESIAN_POINT('',(279.125,-420.065489439,2.30926389122E-14));
#9600 = LINE('',#9601,#9602);
#9601 = CARTESIAN_POINT('',(279.125,-457.565489439,3.19744231092E-14));
#9602 = VECTOR('',#9603,1.);
#9603 = DIRECTION('',(0.,1.,-2.22044604925E-16));
#9604 = ORIENTED_EDGE('',*,*,#9605,.T.);
#9605 = EDGE_CURVE('',#9598,#9606,#9608,.T.);
#9606 = VERTEX_POINT('',#9607);
#9607 = CARTESIAN_POINT('',(277.125,-420.065489439,2.30926389122E-14));
#9608 = LINE('',#9609,#9610);
#9609 = CARTESIAN_POINT('',(289.5625,-420.065489439,2.30926389122E-14));
#9610 = VECTOR('',#9611,1.);
#9611 = DIRECTION('',(-1.,0.,0.));
#9612 = ORIENTED_EDGE('',*,*,#9613,.F.);
#9613 = EDGE_CURVE('',#9614,#9606,#9616,.T.);
#9614 = VERTEX_POINT('',#9615);
#9615 = CARTESIAN_POINT('',(277.125,-445.065489439,2.84217094304E-14));
#9616 = LINE('',#9617,#9618);
#9617 = CARTESIAN_POINT('',(277.125,-457.565489439,3.19744231092E-14));
#9618 = VECTOR('',#9619,1.);
#9619 = DIRECTION('',(0.,1.,-2.22044604925E-16));
#9620 = ORIENTED_EDGE('',*,*,#9621,.F.);
#9621 = EDGE_CURVE('',#9320,#9614,#9622,.T.);
#9622 = LINE('',#9623,#9624);
#9623 = CARTESIAN_POINT('',(300.,-445.065489439,2.84217094304E-14));
#9624 = VECTOR('',#9625,1.);
#9625 = DIRECTION('',(1.,-0.,0.));
#9626 = PLANE('',#9627);
#9627 = AXIS2_PLACEMENT_3D('',#9628,#9629,#9630);
#9628 = CARTESIAN_POINT('',(300.,-445.065489439,2.84217094304E-14));
#9629 = DIRECTION('',(0.,-2.22044604925E-16,-1.));
#9630 = DIRECTION('',(0.,-1.,2.22044604925E-16));
#9631 = SHELL_BASED_SURFACE_MODEL('',(#9632));
#9632 = OPEN_SHELL('',(#9633));
#9633 = ADVANCED_FACE('',(#9634),#9945,.T.);
#9634 = FACE_BOUND('',#9635,.T.);
#9635 = EDGE_LOOP('',(#9636,#9646,#9654,#9662,#9670,#9678,#9686,#9694,
    #9702,#9710,#9718,#9726,#9734,#9743,#9751,#9759,#9767,#9776,#9784,
    #9792,#9800,#9809,#9817,#9825,#9833,#9842,#9850,#9858,#9866,#9875,
    #9883,#9891,#9899,#9907,#9915,#9923,#9931,#9939));
#9636 = ORIENTED_EDGE('',*,*,#9637,.F.);
#9637 = EDGE_CURVE('',#9638,#9640,#9642,.T.);
#9638 = VERTEX_POINT('',#9639);
#9639 = CARTESIAN_POINT('',(335.,-396.6851427333,1.7763568394E-14));
#9640 = VERTEX_POINT('',#9641);
#9641 = CARTESIAN_POINT('',(335.,-446.6851427333,2.84217094304E-14));
#9642 = LINE('',#9643,#9644);
#9643 = CARTESIAN_POINT('',(335.,-421.6851427333,2.30926389122E-14));
#9644 = VECTOR('',#9645,1.);
#9645 = DIRECTION('',(0.,-1.,2.22044604925E-16));
#9646 = ORIENTED_EDGE('',*,*,#9647,.T.);
#9647 = EDGE_CURVE('',#9638,#9648,#9650,.T.);
#9648 = VERTEX_POINT('',#9649);
#9649 = CARTESIAN_POINT('',(385.,-396.6851427333,1.7763568394E-14));
#9650 = LINE('',#9651,#9652);
#9651 = CARTESIAN_POINT('',(372.5,-396.6851427333,1.7763568394E-14));
#9652 = VECTOR('',#9653,1.);
#9653 = DIRECTION('',(1.,-0.,0.));
#9654 = ORIENTED_EDGE('',*,*,#9655,.T.);
#9655 = EDGE_CURVE('',#9648,#9656,#9658,.T.);
#9656 = VERTEX_POINT('',#9657);
#9657 = CARTESIAN_POINT('',(385.,-446.6851427333,2.84217094304E-14));
#9658 = LINE('',#9659,#9660);
#9659 = CARTESIAN_POINT('',(385.,-421.6851427333,2.30926389122E-14));
#9660 = VECTOR('',#9661,1.);
#9661 = DIRECTION('',(0.,-1.,2.22044604925E-16));
#9662 = ORIENTED_EDGE('',*,*,#9663,.F.);
#9663 = EDGE_CURVE('',#9664,#9656,#9666,.T.);
#9664 = VERTEX_POINT('',#9665);
#9665 = CARTESIAN_POINT('',(382.875,-446.6851427333,2.84217094304E-14));
#9666 = LINE('',#9667,#9668);
#9667 = CARTESIAN_POINT('',(360.,-446.6851427333,2.84217094304E-14));
#9668 = VECTOR('',#9669,1.);
#9669 = DIRECTION('',(1.,-0.,0.));
#9670 = ORIENTED_EDGE('',*,*,#9671,.T.);
#9671 = EDGE_CURVE('',#9664,#9672,#9674,.T.);
#9672 = VERTEX_POINT('',#9673);
#9673 = CARTESIAN_POINT('',(382.875,-421.6851427333,2.30926389122E-14));
#9674 = LINE('',#9675,#9676);
#9675 = CARTESIAN_POINT('',(382.875,-459.1851427333,3.19744231092E-14));
#9676 = VECTOR('',#9677,1.);
#9677 = DIRECTION('',(0.,1.,-2.22044604925E-16));
#9678 = ORIENTED_EDGE('',*,*,#9679,.T.);
#9679 = EDGE_CURVE('',#9672,#9680,#9682,.T.);
#9680 = VERTEX_POINT('',#9681);
#9681 = CARTESIAN_POINT('',(380.875,-421.6851427333,2.30926389122E-14));
#9682 = LINE('',#9683,#9684);
#9683 = CARTESIAN_POINT('',(371.4375,-421.6851427333,2.30926389122E-14)
  );
#9684 = VECTOR('',#9685,1.);
#9685 = DIRECTION('',(-1.,0.,0.));
#9686 = ORIENTED_EDGE('',*,*,#9687,.F.);
#9687 = EDGE_CURVE('',#9688,#9680,#9690,.T.);
#9688 = VERTEX_POINT('',#9689);
#9689 = CARTESIAN_POINT('',(380.875,-446.6851427333,2.84217094304E-14));
#9690 = LINE('',#9691,#9692);
#9691 = CARTESIAN_POINT('',(380.875,-459.1851427333,3.19744231092E-14));
#9692 = VECTOR('',#9693,1.);
#9693 = DIRECTION('',(0.,1.,-2.22044604925E-16));
#9694 = ORIENTED_EDGE('',*,*,#9695,.F.);
#9695 = EDGE_CURVE('',#9696,#9688,#9698,.T.);
#9696 = VERTEX_POINT('',#9697);
#9697 = CARTESIAN_POINT('',(376.625,-446.6851427333,2.84217094304E-14));
#9698 = LINE('',#9699,#9700);
#9699 = CARTESIAN_POINT('',(360.,-446.6851427333,2.84217094304E-14));
#9700 = VECTOR('',#9701,1.);
#9701 = DIRECTION('',(1.,-0.,0.));
#9702 = ORIENTED_EDGE('',*,*,#9703,.T.);
#9703 = EDGE_CURVE('',#9696,#9704,#9706,.T.);
#9704 = VERTEX_POINT('',#9705);
#9705 = CARTESIAN_POINT('',(376.625,-421.6851427333,2.30926389122E-14));
#9706 = LINE('',#9707,#9708);
#9707 = CARTESIAN_POINT('',(376.625,-459.1851427333,3.19744231092E-14));
#9708 = VECTOR('',#9709,1.);
#9709 = DIRECTION('',(0.,1.,-2.22044604925E-16));
#9710 = ORIENTED_EDGE('',*,*,#9711,.T.);
#9711 = EDGE_CURVE('',#9704,#9712,#9714,.T.);
#9712 = VERTEX_POINT('',#9713);
#9713 = CARTESIAN_POINT('',(374.625,-421.6851427333,2.30926389122E-14));
#9714 = LINE('',#9715,#9716);
#9715 = CARTESIAN_POINT('',(368.3125,-421.6851427333,2.30926389122E-14)
  );
#9716 = VECTOR('',#9717,1.);
#9717 = DIRECTION('',(-1.,0.,0.));
#9718 = ORIENTED_EDGE('',*,*,#9719,.F.);
#9719 = EDGE_CURVE('',#9720,#9712,#9722,.T.);
#9720 = VERTEX_POINT('',#9721);
#9721 = CARTESIAN_POINT('',(374.625,-446.6851427333,2.84217094304E-14));
#9722 = LINE('',#9723,#9724);
#9723 = CARTESIAN_POINT('',(374.625,-459.1851427333,3.19744231092E-14));
#9724 = VECTOR('',#9725,1.);
#9725 = DIRECTION('',(0.,1.,-2.22044604925E-16));
#9726 = ORIENTED_EDGE('',*,*,#9727,.F.);
#9727 = EDGE_CURVE('',#9728,#9720,#9730,.T.);
#9728 = VERTEX_POINT('',#9729);
#9729 = CARTESIAN_POINT('',(372.48436522214,-446.6851427333,
    2.6645352591E-14));
#9730 = LINE('',#9731,#9732);
#9731 = CARTESIAN_POINT('',(360.,-446.6851427333,2.84217094304E-14));
#9732 = VECTOR('',#9733,1.);
#9733 = DIRECTION('',(1.,-0.,0.));
#9734 = ORIENTED_EDGE('',*,*,#9735,.F.);
#9735 = EDGE_CURVE('',#9736,#9728,#9738,.T.);
#9736 = VERTEX_POINT('',#9737);
#9737 = CARTESIAN_POINT('',(370.375,-448.0196024095,2.84217094304E-14));
#9738 = HYPERBOLA('',#9739,16.7589421875,15.625);
#9739 = AXIS2_PLACEMENT_3D('',#9740,#9741,#9742);
#9740 = CARTESIAN_POINT('',(360.,-468.1365887333,3.37507799486E-14));
#9741 = DIRECTION('',(0.,-2.22044604925E-16,-1.));
#9742 = DIRECTION('',(0.,1.,-2.22044604925E-16));
#9743 = ORIENTED_EDGE('',*,*,#9744,.T.);
#9744 = EDGE_CURVE('',#9736,#9745,#9747,.T.);
#9745 = VERTEX_POINT('',#9746);
#9746 = CARTESIAN_POINT('',(370.375,-421.6851427333,2.30926389122E-14));
#9747 = LINE('',#9748,#9749);
#9748 = CARTESIAN_POINT('',(370.375,-459.1851427333,3.19744231092E-14));
#9749 = VECTOR('',#9750,1.);
#9750 = DIRECTION('',(0.,1.,-2.22044604925E-16));
#9751 = ORIENTED_EDGE('',*,*,#9752,.T.);
#9752 = EDGE_CURVE('',#9745,#9753,#9755,.T.);
#9753 = VERTEX_POINT('',#9754);
#9754 = CARTESIAN_POINT('',(368.375,-421.6851427333,2.30926389122E-14));
#9755 = LINE('',#9756,#9757);
#9756 = CARTESIAN_POINT('',(365.1875,-421.6851427333,2.30926389122E-14)
  );
#9757 = VECTOR('',#9758,1.);
#9758 = DIRECTION('',(-1.,0.,0.));
#9759 = ORIENTED_EDGE('',*,*,#9760,.F.);
#9760 = EDGE_CURVE('',#9761,#9753,#9763,.T.);
#9761 = VERTEX_POINT('',#9762);
#9762 = CARTESIAN_POINT('',(368.375,-449.122049203,2.84217094304E-14));
#9763 = LINE('',#9764,#9765);
#9764 = CARTESIAN_POINT('',(368.375,-459.1851427333,3.19744231092E-14));
#9765 = VECTOR('',#9766,1.);
#9766 = DIRECTION('',(0.,1.,-2.22044604925E-16));
#9767 = ORIENTED_EDGE('',*,*,#9768,.F.);
#9768 = EDGE_CURVE('',#9769,#9761,#9771,.T.);
#9769 = VERTEX_POINT('',#9770);
#9770 = CARTESIAN_POINT('',(364.125,-450.8034669378,3.01980662698E-14));
#9771 = HYPERBOLA('',#9772,16.7589421875,15.625);
#9772 = AXIS2_PLACEMENT_3D('',#9773,#9774,#9775);
#9773 = CARTESIAN_POINT('',(360.,-468.1365887333,3.37507799486E-14));
#9774 = DIRECTION('',(0.,-2.22044604925E-16,-1.));
#9775 = DIRECTION('',(0.,1.,-2.22044604925E-16));
#9776 = ORIENTED_EDGE('',*,*,#9777,.T.);
#9777 = EDGE_CURVE('',#9769,#9778,#9780,.T.);
#9778 = VERTEX_POINT('',#9779);
#9779 = CARTESIAN_POINT('',(364.125,-421.6851427333,2.30926389122E-14));
#9780 = LINE('',#9781,#9782);
#9781 = CARTESIAN_POINT('',(364.125,-459.1851427333,3.19744231092E-14));
#9782 = VECTOR('',#9783,1.);
#9783 = DIRECTION('',(0.,1.,-2.22044604925E-16));
#9784 = ORIENTED_EDGE('',*,*,#9785,.T.);
#9785 = EDGE_CURVE('',#9778,#9786,#9788,.T.);
#9786 = VERTEX_POINT('',#9787);
#9787 = CARTESIAN_POINT('',(362.125,-421.6851427333,2.30926389122E-14));
#9788 = LINE('',#9789,#9790);
#9789 = CARTESIAN_POINT('',(362.0625,-421.6851427333,2.30926389122E-14)
  );
#9790 = VECTOR('',#9791,1.);
#9791 = DIRECTION('',(-1.,0.,0.));
#9792 = ORIENTED_EDGE('',*,*,#9793,.F.);
#9793 = EDGE_CURVE('',#9794,#9786,#9796,.T.);
#9794 = VERTEX_POINT('',#9795);
#9795 = CARTESIAN_POINT('',(362.125,-451.2233699549,3.01980662698E-14));
#9796 = LINE('',#9797,#9798);
#9797 = CARTESIAN_POINT('',(362.125,-459.1851427333,3.19744231092E-14));
#9798 = VECTOR('',#9799,1.);
#9799 = DIRECTION('',(0.,1.,-2.22044604925E-16));
#9800 = ORIENTED_EDGE('',*,*,#9801,.F.);
#9801 = EDGE_CURVE('',#9802,#9794,#9804,.T.);
#9802 = VERTEX_POINT('',#9803);
#9803 = CARTESIAN_POINT('',(357.875,-451.2233699549,3.01980662698E-14));
#9804 = HYPERBOLA('',#9805,16.7589421875,15.625);
#9805 = AXIS2_PLACEMENT_3D('',#9806,#9807,#9808);
#9806 = CARTESIAN_POINT('',(360.,-468.1365887333,3.37507799486E-14));
#9807 = DIRECTION('',(0.,-2.22044604925E-16,-1.));
#9808 = DIRECTION('',(0.,1.,-2.22044604925E-16));
#9809 = ORIENTED_EDGE('',*,*,#9810,.T.);
#9810 = EDGE_CURVE('',#9802,#9811,#9813,.T.);
#9811 = VERTEX_POINT('',#9812);
#9812 = CARTESIAN_POINT('',(357.875,-421.6851427333,2.30926389122E-14));
#9813 = LINE('',#9814,#9815);
#9814 = CARTESIAN_POINT('',(357.875,-459.1851427333,3.19744231092E-14));
#9815 = VECTOR('',#9816,1.);
#9816 = DIRECTION('',(0.,1.,-2.22044604925E-16));
#9817 = ORIENTED_EDGE('',*,*,#9818,.T.);
#9818 = EDGE_CURVE('',#9811,#9819,#9821,.T.);
#9819 = VERTEX_POINT('',#9820);
#9820 = CARTESIAN_POINT('',(355.875,-421.6851427333,2.30926389122E-14));
#9821 = LINE('',#9822,#9823);
#9822 = CARTESIAN_POINT('',(358.9375,-421.6851427333,2.30926389122E-14)
  );
#9823 = VECTOR('',#9824,1.);
#9824 = DIRECTION('',(-1.,0.,0.));
#9825 = ORIENTED_EDGE('',*,*,#9826,.F.);
#9826 = EDGE_CURVE('',#9827,#9819,#9829,.T.);
#9827 = VERTEX_POINT('',#9828);
#9828 = CARTESIAN_POINT('',(355.875,-450.8034669378,3.01980662698E-14));
#9829 = LINE('',#9830,#9831);
#9830 = CARTESIAN_POINT('',(355.875,-459.1851427333,3.19744231092E-14));
#9831 = VECTOR('',#9832,1.);
#9832 = DIRECTION('',(0.,1.,-2.22044604925E-16));
#9833 = ORIENTED_EDGE('',*,*,#9834,.F.);
#9834 = EDGE_CURVE('',#9835,#9827,#9837,.T.);
#9835 = VERTEX_POINT('',#9836);
#9836 = CARTESIAN_POINT('',(351.625,-449.122049203,2.84217094304E-14));
#9837 = HYPERBOLA('',#9838,16.7589421875,15.625);
#9838 = AXIS2_PLACEMENT_3D('',#9839,#9840,#9841);
#9839 = CARTESIAN_POINT('',(360.,-468.1365887333,3.37507799486E-14));
#9840 = DIRECTION('',(0.,-2.22044604925E-16,-1.));
#9841 = DIRECTION('',(0.,1.,-2.22044604925E-16));
#9842 = ORIENTED_EDGE('',*,*,#9843,.T.);
#9843 = EDGE_CURVE('',#9835,#9844,#9846,.T.);
#9844 = VERTEX_POINT('',#9845);
#9845 = CARTESIAN_POINT('',(351.625,-421.6851427333,2.30926389122E-14));
#9846 = LINE('',#9847,#9848);
#9847 = CARTESIAN_POINT('',(351.625,-459.1851427333,3.19744231092E-14));
#9848 = VECTOR('',#9849,1.);
#9849 = DIRECTION('',(0.,1.,-2.22044604925E-16));
#9850 = ORIENTED_EDGE('',*,*,#9851,.T.);
#9851 = EDGE_CURVE('',#9844,#9852,#9854,.T.);
#9852 = VERTEX_POINT('',#9853);
#9853 = CARTESIAN_POINT('',(349.625,-421.6851427333,2.30926389122E-14));
#9854 = LINE('',#9855,#9856);
#9855 = CARTESIAN_POINT('',(355.8125,-421.6851427333,2.30926389122E-14)
  );
#9856 = VECTOR('',#9857,1.);
#9857 = DIRECTION('',(-1.,0.,0.));
#9858 = ORIENTED_EDGE('',*,*,#9859,.F.);
#9859 = EDGE_CURVE('',#9860,#9852,#9862,.T.);
#9860 = VERTEX_POINT('',#9861);
#9861 = CARTESIAN_POINT('',(349.625,-448.0196024095,2.84217094304E-14));
#9862 = LINE('',#9863,#9864);
#9863 = CARTESIAN_POINT('',(349.625,-459.1851427333,3.19744231092E-14));
#9864 = VECTOR('',#9865,1.);
#9865 = DIRECTION('',(0.,1.,-2.22044604925E-16));
#9866 = ORIENTED_EDGE('',*,*,#9867,.F.);
#9867 = EDGE_CURVE('',#9868,#9860,#9870,.T.);
#9868 = VERTEX_POINT('',#9869);
#9869 = CARTESIAN_POINT('',(347.51563477785,-446.6851427333,
    3.01980662698E-14));
#9870 = HYPERBOLA('',#9871,16.7589421875,15.625);
#9871 = AXIS2_PLACEMENT_3D('',#9872,#9873,#9874);
#9872 = CARTESIAN_POINT('',(360.,-468.1365887333,3.37507799486E-14));
#9873 = DIRECTION('',(0.,-2.22044604925E-16,-1.));
#9874 = DIRECTION('',(0.,1.,-2.22044604925E-16));
#9875 = ORIENTED_EDGE('',*,*,#9876,.F.);
#9876 = EDGE_CURVE('',#9877,#9868,#9879,.T.);
#9877 = VERTEX_POINT('',#9878);
#9878 = CARTESIAN_POINT('',(345.375,-446.6851427333,2.84217094304E-14));
#9879 = LINE('',#9880,#9881);
#9880 = CARTESIAN_POINT('',(360.,-446.6851427333,2.84217094304E-14));
#9881 = VECTOR('',#9882,1.);
#9882 = DIRECTION('',(1.,-0.,0.));
#9883 = ORIENTED_EDGE('',*,*,#9884,.T.);
#9884 = EDGE_CURVE('',#9877,#9885,#9887,.T.);
#9885 = VERTEX_POINT('',#9886);
#9886 = CARTESIAN_POINT('',(345.375,-421.6851427333,2.30926389122E-14));
#9887 = LINE('',#9888,#9889);
#9888 = CARTESIAN_POINT('',(345.375,-459.1851427333,3.19744231092E-14));
#9889 = VECTOR('',#9890,1.);
#9890 = DIRECTION('',(0.,1.,-2.22044604925E-16));
#9891 = ORIENTED_EDGE('',*,*,#9892,.T.);
#9892 = EDGE_CURVE('',#9885,#9893,#9895,.T.);
#9893 = VERTEX_POINT('',#9894);
#9894 = CARTESIAN_POINT('',(343.375,-421.6851427333,2.30926389122E-14));
#9895 = LINE('',#9896,#9897);
#9896 = CARTESIAN_POINT('',(352.6875,-421.6851427333,2.30926389122E-14)
  );
#9897 = VECTOR('',#9898,1.);
#9898 = DIRECTION('',(-1.,0.,0.));
#9899 = ORIENTED_EDGE('',*,*,#9900,.F.);
#9900 = EDGE_CURVE('',#9901,#9893,#9903,.T.);
#9901 = VERTEX_POINT('',#9902);
#9902 = CARTESIAN_POINT('',(343.375,-446.6851427333,2.84217094304E-14));
#9903 = LINE('',#9904,#9905);
#9904 = CARTESIAN_POINT('',(343.375,-459.1851427333,3.19744231092E-14));
#9905 = VECTOR('',#9906,1.);
#9906 = DIRECTION('',(0.,1.,-2.22044604925E-16));
#9907 = ORIENTED_EDGE('',*,*,#9908,.F.);
#9908 = EDGE_CURVE('',#9909,#9901,#9911,.T.);
#9909 = VERTEX_POINT('',#9910);
#9910 = CARTESIAN_POINT('',(339.125,-446.6851427333,2.84217094304E-14));
#9911 = LINE('',#9912,#9913);
#9912 = CARTESIAN_POINT('',(360.,-446.6851427333,2.84217094304E-14));
#9913 = VECTOR('',#9914,1.);
#9914 = DIRECTION('',(1.,-0.,0.));
#9915 = ORIENTED_EDGE('',*,*,#9916,.T.);
#9916 = EDGE_CURVE('',#9909,#9917,#9919,.T.);
#9917 = VERTEX_POINT('',#9918);
#9918 = CARTESIAN_POINT('',(339.125,-421.6851427333,2.30926389122E-14));
#9919 = LINE('',#9920,#9921);
#9920 = CARTESIAN_POINT('',(339.125,-459.1851427333,3.19744231092E-14));
#9921 = VECTOR('',#9922,1.);
#9922 = DIRECTION('',(0.,1.,-2.22044604925E-16));
#9923 = ORIENTED_EDGE('',*,*,#9924,.T.);
#9924 = EDGE_CURVE('',#9917,#9925,#9927,.T.);
#9925 = VERTEX_POINT('',#9926);
#9926 = CARTESIAN_POINT('',(337.125,-421.6851427333,2.30926389122E-14));
#9927 = LINE('',#9928,#9929);
#9928 = CARTESIAN_POINT('',(349.5625,-421.6851427333,2.30926389122E-14)
  );
#9929 = VECTOR('',#9930,1.);
#9930 = DIRECTION('',(-1.,0.,0.));
#9931 = ORIENTED_EDGE('',*,*,#9932,.F.);
#9932 = EDGE_CURVE('',#9933,#9925,#9935,.T.);
#9933 = VERTEX_POINT('',#9934);
#9934 = CARTESIAN_POINT('',(337.125,-446.6851427333,2.84217094304E-14));
#9935 = LINE('',#9936,#9937);
#9936 = CARTESIAN_POINT('',(337.125,-459.1851427333,3.19744231092E-14));
#9937 = VECTOR('',#9938,1.);
#9938 = DIRECTION('',(0.,1.,-2.22044604925E-16));
#9939 = ORIENTED_EDGE('',*,*,#9940,.F.);
#9940 = EDGE_CURVE('',#9640,#9933,#9941,.T.);
#9941 = LINE('',#9942,#9943);
#9942 = CARTESIAN_POINT('',(360.,-446.6851427333,2.84217094304E-14));
#9943 = VECTOR('',#9944,1.);
#9944 = DIRECTION('',(1.,-0.,0.));
#9945 = PLANE('',#9946);
#9946 = AXIS2_PLACEMENT_3D('',#9947,#9948,#9949);
#9947 = CARTESIAN_POINT('',(360.,-446.6851427333,2.84217094304E-14));
#9948 = DIRECTION('',(0.,-2.22044604925E-16,-1.));
#9949 = DIRECTION('',(0.,-1.,2.22044604925E-16));
#9950 = SHELL_BASED_SURFACE_MODEL('',(#9951));
#9951 = OPEN_SHELL('',(#9952));
#9952 = ADVANCED_FACE('',(#9953),#10243,.T.);
#9953 = FACE_BOUND('',#9954,.T.);
#9954 = EDGE_LOOP('',(#9955,#9965,#9973,#9981,#9989,#9997,#10005,#10013,
    #10021,#10029,#10037,#10045,#10053,#10061,#10069,#10077,#10085,
    #10093,#10101,#10109,#10117,#10125,#10133,#10141,#10149,#10157,
    #10165,#10173,#10181,#10189,#10197,#10205,#10213,#10221,#10229,
    #10237));
#9955 = ORIENTED_EDGE('',*,*,#9956,.F.);
#9956 = EDGE_CURVE('',#9957,#9959,#9961,.T.);
#9957 = VERTEX_POINT('',#9958);
#9958 = CARTESIAN_POINT('',(395.,-397.3809523809,1.7763568394E-14));
#9959 = VERTEX_POINT('',#9960);
#9960 = CARTESIAN_POINT('',(395.,-447.3809523809,2.84217094304E-14));
#9961 = LINE('',#9962,#9963);
#9962 = CARTESIAN_POINT('',(395.,-422.3809523809,2.13162820728E-14));
#9963 = VECTOR('',#9964,1.);
#9964 = DIRECTION('',(0.,-1.,2.22044604925E-16));
#9965 = ORIENTED_EDGE('',*,*,#9966,.T.);
#9966 = EDGE_CURVE('',#9957,#9967,#9969,.T.);
#9967 = VERTEX_POINT('',#9968);
#9968 = CARTESIAN_POINT('',(445.,-397.3809523809,1.7763568394E-14));
#9969 = LINE('',#9970,#9971);
#9970 = CARTESIAN_POINT('',(432.5,-397.3809523809,1.7763568394E-14));
#9971 = VECTOR('',#9972,1.);
#9972 = DIRECTION('',(1.,-0.,0.));
#9973 = ORIENTED_EDGE('',*,*,#9974,.T.);
#9974 = EDGE_CURVE('',#9967,#9975,#9977,.T.);
#9975 = VERTEX_POINT('',#9976);
#9976 = CARTESIAN_POINT('',(445.,-447.3809523809,2.84217094304E-14));
#9977 = LINE('',#9978,#9979);
#9978 = CARTESIAN_POINT('',(445.,-422.3809523809,2.13162820728E-14));
#9979 = VECTOR('',#9980,1.);
#9980 = DIRECTION('',(0.,-1.,2.22044604925E-16));
#9981 = ORIENTED_EDGE('',*,*,#9982,.F.);
#9982 = EDGE_CURVE('',#9983,#9975,#9985,.T.);
#9983 = VERTEX_POINT('',#9984);
#9984 = CARTESIAN_POINT('',(442.875,-447.3809523809,2.84217094304E-14));
#9985 = LINE('',#9986,#9987);
#9986 = CARTESIAN_POINT('',(420.,-447.3809523809,2.84217094304E-14));
#9987 = VECTOR('',#9988,1.);
#9988 = DIRECTION('',(1.,-0.,0.));
#9989 = ORIENTED_EDGE('',*,*,#9990,.T.);
#9990 = EDGE_CURVE('',#9983,#9991,#9993,.T.);
#9991 = VERTEX_POINT('',#9992);
#9992 = CARTESIAN_POINT('',(442.875,-422.3809523809,2.13162820728E-14));
#9993 = LINE('',#9994,#9995);
#9994 = CARTESIAN_POINT('',(442.875,-459.8809523809,3.19744231092E-14));
#9995 = VECTOR('',#9996,1.);
#9996 = DIRECTION('',(0.,1.,-2.22044604925E-16));
#9997 = ORIENTED_EDGE('',*,*,#9998,.T.);
#9998 = EDGE_CURVE('',#9991,#9999,#10001,.T.);
#9999 = VERTEX_POINT('',#10000);
#10000 = CARTESIAN_POINT('',(440.875,-422.3809523809,2.13162820728E-14)
  );
#10001 = LINE('',#10002,#10003);
#10002 = CARTESIAN_POINT('',(431.4375,-422.3809523809,2.13162820728E-14)
  );
#10003 = VECTOR('',#10004,1.);
#10004 = DIRECTION('',(-1.,0.,0.));
#10005 = ORIENTED_EDGE('',*,*,#10006,.F.);
#10006 = EDGE_CURVE('',#10007,#9999,#10009,.T.);
#10007 = VERTEX_POINT('',#10008);
#10008 = CARTESIAN_POINT('',(440.875,-447.3809523809,2.84217094304E-14)
  );
#10009 = LINE('',#10010,#10011);
#10010 = CARTESIAN_POINT('',(440.875,-459.8809523809,3.19744231092E-14)
  );
#10011 = VECTOR('',#10012,1.);
#10012 = DIRECTION('',(0.,1.,-2.22044604925E-16));
#10013 = ORIENTED_EDGE('',*,*,#10014,.F.);
#10014 = EDGE_CURVE('',#10015,#10007,#10017,.T.);
#10015 = VERTEX_POINT('',#10016);
#10016 = CARTESIAN_POINT('',(436.625,-447.3809523809,2.84217094304E-14)
  );
#10017 = LINE('',#10018,#10019);
#10018 = CARTESIAN_POINT('',(420.,-447.3809523809,2.84217094304E-14));
#10019 = VECTOR('',#10020,1.);
#10020 = DIRECTION('',(1.,-0.,0.));
#10021 = ORIENTED_EDGE('',*,*,#10022,.T.);
#10022 = EDGE_CURVE('',#10015,#10023,#10025,.T.);
#10023 = VERTEX_POINT('',#10024);
#10024 = CARTESIAN_POINT('',(436.625,-422.3809523809,2.13162820728E-14)
  );
#10025 = LINE('',#10026,#10027);
#10026 = CARTESIAN_POINT('',(436.625,-459.8809523809,3.19744231092E-14)
  );
#10027 = VECTOR('',#10028,1.);
#10028 = DIRECTION('',(0.,1.,-2.22044604925E-16));
#10029 = ORIENTED_EDGE('',*,*,#10030,.T.);
#10030 = EDGE_CURVE('',#10023,#10031,#10033,.T.);
#10031 = VERTEX_POINT('',#10032);
#10032 = CARTESIAN_POINT('',(434.625,-422.3809523809,2.13162820728E-14)
  );
#10033 = LINE('',#10034,#10035);
#10034 = CARTESIAN_POINT('',(428.3125,-422.3809523809,2.13162820728E-14)
  );
#10035 = VECTOR('',#10036,1.);
#10036 = DIRECTION('',(-1.,0.,0.));
#10037 = ORIENTED_EDGE('',*,*,#10038,.F.);
#10038 = EDGE_CURVE('',#10039,#10031,#10041,.T.);
#10039 = VERTEX_POINT('',#10040);
#10040 = CARTESIAN_POINT('',(434.625,-447.3809523809,2.84217094304E-14)
  );
#10041 = LINE('',#10042,#10043);
#10042 = CARTESIAN_POINT('',(434.625,-459.8809523809,3.19744231092E-14)
  );
#10043 = VECTOR('',#10044,1.);
#10044 = DIRECTION('',(0.,1.,-2.22044604925E-16));
#10045 = ORIENTED_EDGE('',*,*,#10046,.F.);
#10046 = EDGE_CURVE('',#10047,#10039,#10049,.T.);
#10047 = VERTEX_POINT('',#10048);
#10048 = CARTESIAN_POINT('',(430.375,-447.3809523809,2.84217094304E-14)
  );
#10049 = LINE('',#10050,#10051);
#10050 = CARTESIAN_POINT('',(420.,-447.3809523809,2.84217094304E-14));
#10051 = VECTOR('',#10052,1.);
#10052 = DIRECTION('',(1.,-0.,0.));
#10053 = ORIENTED_EDGE('',*,*,#10054,.T.);
#10054 = EDGE_CURVE('',#10047,#10055,#10057,.T.);
#10055 = VERTEX_POINT('',#10056);
#10056 = CARTESIAN_POINT('',(430.375,-422.3809523809,2.13162820728E-14)
  );
#10057 = LINE('',#10058,#10059);
#10058 = CARTESIAN_POINT('',(430.375,-459.8809523809,3.19744231092E-14)
  );
#10059 = VECTOR('',#10060,1.);
#10060 = DIRECTION('',(0.,1.,-2.22044604925E-16));
#10061 = ORIENTED_EDGE('',*,*,#10062,.T.);
#10062 = EDGE_CURVE('',#10055,#10063,#10065,.T.);
#10063 = VERTEX_POINT('',#10064);
#10064 = CARTESIAN_POINT('',(428.375,-422.3809523809,2.13162820728E-14)
  );
#10065 = LINE('',#10066,#10067);
#10066 = CARTESIAN_POINT('',(425.1875,-422.3809523809,2.13162820728E-14)
  );
#10067 = VECTOR('',#10068,1.);
#10068 = DIRECTION('',(-1.,0.,0.));
#10069 = ORIENTED_EDGE('',*,*,#10070,.F.);
#10070 = EDGE_CURVE('',#10071,#10063,#10073,.T.);
#10071 = VERTEX_POINT('',#10072);
#10072 = CARTESIAN_POINT('',(428.375,-447.3809523809,2.84217094304E-14)
  );
#10073 = LINE('',#10074,#10075);
#10074 = CARTESIAN_POINT('',(428.375,-459.8809523809,3.19744231092E-14)
  );
#10075 = VECTOR('',#10076,1.);
#10076 = DIRECTION('',(0.,1.,-2.22044604925E-16));
#10077 = ORIENTED_EDGE('',*,*,#10078,.F.);
#10078 = EDGE_CURVE('',#10079,#10071,#10081,.T.);
#10079 = VERTEX_POINT('',#10080);
#10080 = CARTESIAN_POINT('',(424.125,-447.3809523809,2.84217094304E-14)
  );
#10081 = LINE('',#10082,#10083);
#10082 = CARTESIAN_POINT('',(420.,-447.3809523809,2.84217094304E-14));
#10083 = VECTOR('',#10084,1.);
#10084 = DIRECTION('',(1.,-0.,0.));
#10085 = ORIENTED_EDGE('',*,*,#10086,.T.);
#10086 = EDGE_CURVE('',#10079,#10087,#10089,.T.);
#10087 = VERTEX_POINT('',#10088);
#10088 = CARTESIAN_POINT('',(424.125,-422.3809523809,2.13162820728E-14)
  );
#10089 = LINE('',#10090,#10091);
#10090 = CARTESIAN_POINT('',(424.125,-459.8809523809,3.19744231092E-14)
  );
#10091 = VECTOR('',#10092,1.);
#10092 = DIRECTION('',(0.,1.,-2.22044604925E-16));
#10093 = ORIENTED_EDGE('',*,*,#10094,.T.);
#10094 = EDGE_CURVE('',#10087,#10095,#10097,.T.);
#10095 = VERTEX_POINT('',#10096);
#10096 = CARTESIAN_POINT('',(422.125,-422.3809523809,2.13162820728E-14)
  );
#10097 = LINE('',#10098,#10099);
#10098 = CARTESIAN_POINT('',(422.0625,-422.3809523809,2.13162820728E-14)
  );
#10099 = VECTOR('',#10100,1.);
#10100 = DIRECTION('',(-1.,0.,0.));
#10101 = ORIENTED_EDGE('',*,*,#10102,.F.);
#10102 = EDGE_CURVE('',#10103,#10095,#10105,.T.);
#10103 = VERTEX_POINT('',#10104);
#10104 = CARTESIAN_POINT('',(422.125,-447.3809523809,2.84217094304E-14)
  );
#10105 = LINE('',#10106,#10107);
#10106 = CARTESIAN_POINT('',(422.125,-459.8809523809,3.19744231092E-14)
  );
#10107 = VECTOR('',#10108,1.);
#10108 = DIRECTION('',(0.,1.,-2.22044604925E-16));
#10109 = ORIENTED_EDGE('',*,*,#10110,.F.);
#10110 = EDGE_CURVE('',#10111,#10103,#10113,.T.);
#10111 = VERTEX_POINT('',#10112);
#10112 = CARTESIAN_POINT('',(417.875,-447.3809523809,2.84217094304E-14)
  );
#10113 = LINE('',#10114,#10115);
#10114 = CARTESIAN_POINT('',(420.,-447.3809523809,2.84217094304E-14));
#10115 = VECTOR('',#10116,1.);
#10116 = DIRECTION('',(1.,-0.,0.));
#10117 = ORIENTED_EDGE('',*,*,#10118,.T.);
#10118 = EDGE_CURVE('',#10111,#10119,#10121,.T.);
#10119 = VERTEX_POINT('',#10120);
#10120 = CARTESIAN_POINT('',(417.875,-422.3809523809,2.13162820728E-14)
  );
#10121 = LINE('',#10122,#10123);
#10122 = CARTESIAN_POINT('',(417.875,-459.8809523809,3.19744231092E-14)
  );
#10123 = VECTOR('',#10124,1.);
#10124 = DIRECTION('',(0.,1.,-2.22044604925E-16));
#10125 = ORIENTED_EDGE('',*,*,#10126,.T.);
#10126 = EDGE_CURVE('',#10119,#10127,#10129,.T.);
#10127 = VERTEX_POINT('',#10128);
#10128 = CARTESIAN_POINT('',(415.875,-422.3809523809,2.13162820728E-14)
  );
#10129 = LINE('',#10130,#10131);
#10130 = CARTESIAN_POINT('',(418.9375,-422.3809523809,2.13162820728E-14)
  );
#10131 = VECTOR('',#10132,1.);
#10132 = DIRECTION('',(-1.,0.,0.));
#10133 = ORIENTED_EDGE('',*,*,#10134,.F.);
#10134 = EDGE_CURVE('',#10135,#10127,#10137,.T.);
#10135 = VERTEX_POINT('',#10136);
#10136 = CARTESIAN_POINT('',(415.875,-447.3809523809,2.84217094304E-14)
  );
#10137 = LINE('',#10138,#10139);
#10138 = CARTESIAN_POINT('',(415.875,-459.8809523809,3.19744231092E-14)
  );
#10139 = VECTOR('',#10140,1.);
#10140 = DIRECTION('',(0.,1.,-2.22044604925E-16));
#10141 = ORIENTED_EDGE('',*,*,#10142,.F.);
#10142 = EDGE_CURVE('',#10143,#10135,#10145,.T.);
#10143 = VERTEX_POINT('',#10144);
#10144 = CARTESIAN_POINT('',(411.625,-447.3809523809,2.84217094304E-14)
  );
#10145 = LINE('',#10146,#10147);
#10146 = CARTESIAN_POINT('',(420.,-447.3809523809,2.84217094304E-14));
#10147 = VECTOR('',#10148,1.);
#10148 = DIRECTION('',(1.,-0.,0.));
#10149 = ORIENTED_EDGE('',*,*,#10150,.T.);
#10150 = EDGE_CURVE('',#10143,#10151,#10153,.T.);
#10151 = VERTEX_POINT('',#10152);
#10152 = CARTESIAN_POINT('',(411.625,-422.3809523809,2.13162820728E-14)
  );
#10153 = LINE('',#10154,#10155);
#10154 = CARTESIAN_POINT('',(411.625,-459.8809523809,3.19744231092E-14)
  );
#10155 = VECTOR('',#10156,1.);
#10156 = DIRECTION('',(0.,1.,-2.22044604925E-16));
#10157 = ORIENTED_EDGE('',*,*,#10158,.T.);
#10158 = EDGE_CURVE('',#10151,#10159,#10161,.T.);
#10159 = VERTEX_POINT('',#10160);
#10160 = CARTESIAN_POINT('',(409.625,-422.3809523809,2.13162820728E-14)
  );
#10161 = LINE('',#10162,#10163);
#10162 = CARTESIAN_POINT('',(415.8125,-422.3809523809,2.13162820728E-14)
  );
#10163 = VECTOR('',#10164,1.);
#10164 = DIRECTION('',(-1.,0.,0.));
#10165 = ORIENTED_EDGE('',*,*,#10166,.F.);
#10166 = EDGE_CURVE('',#10167,#10159,#10169,.T.);
#10167 = VERTEX_POINT('',#10168);
#10168 = CARTESIAN_POINT('',(409.625,-447.3809523809,2.84217094304E-14)
  );
#10169 = LINE('',#10170,#10171);
#10170 = CARTESIAN_POINT('',(409.625,-459.8809523809,3.19744231092E-14)
  );
#10171 = VECTOR('',#10172,1.);
#10172 = DIRECTION('',(0.,1.,-2.22044604925E-16));
#10173 = ORIENTED_EDGE('',*,*,#10174,.F.);
#10174 = EDGE_CURVE('',#10175,#10167,#10177,.T.);
#10175 = VERTEX_POINT('',#10176);
#10176 = CARTESIAN_POINT('',(405.375,-447.3809523809,2.84217094304E-14)
  );
#10177 = LINE('',#10178,#10179);
#10178 = CARTESIAN_POINT('',(420.,-447.3809523809,2.84217094304E-14));
#10179 = VECTOR('',#10180,1.);
#10180 = DIRECTION('',(1.,-0.,0.));
#10181 = ORIENTED_EDGE('',*,*,#10182,.T.);
#10182 = EDGE_CURVE('',#10175,#10183,#10185,.T.);
#10183 = VERTEX_POINT('',#10184);
#10184 = CARTESIAN_POINT('',(405.375,-422.3809523809,2.13162820728E-14)
  );
#10185 = LINE('',#10186,#10187);
#10186 = CARTESIAN_POINT('',(405.375,-459.8809523809,3.19744231092E-14)
  );
#10187 = VECTOR('',#10188,1.);
#10188 = DIRECTION('',(0.,1.,-2.22044604925E-16));
#10189 = ORIENTED_EDGE('',*,*,#10190,.T.);
#10190 = EDGE_CURVE('',#10183,#10191,#10193,.T.);
#10191 = VERTEX_POINT('',#10192);
#10192 = CARTESIAN_POINT('',(403.375,-422.3809523809,2.13162820728E-14)
  );
#10193 = LINE('',#10194,#10195);
#10194 = CARTESIAN_POINT('',(412.6875,-422.3809523809,2.13162820728E-14)
  );
#10195 = VECTOR('',#10196,1.);
#10196 = DIRECTION('',(-1.,0.,0.));
#10197 = ORIENTED_EDGE('',*,*,#10198,.F.);
#10198 = EDGE_CURVE('',#10199,#10191,#10201,.T.);
#10199 = VERTEX_POINT('',#10200);
#10200 = CARTESIAN_POINT('',(403.375,-447.3809523809,2.84217094304E-14)
  );
#10201 = LINE('',#10202,#10203);
#10202 = CARTESIAN_POINT('',(403.375,-459.8809523809,3.19744231092E-14)
  );
#10203 = VECTOR('',#10204,1.);
#10204 = DIRECTION('',(0.,1.,-2.22044604925E-16));
#10205 = ORIENTED_EDGE('',*,*,#10206,.F.);
#10206 = EDGE_CURVE('',#10207,#10199,#10209,.T.);
#10207 = VERTEX_POINT('',#10208);
#10208 = CARTESIAN_POINT('',(399.125,-447.3809523809,2.84217094304E-14)
  );
#10209 = LINE('',#10210,#10211);
#10210 = CARTESIAN_POINT('',(420.,-447.3809523809,2.84217094304E-14));
#10211 = VECTOR('',#10212,1.);
#10212 = DIRECTION('',(1.,-0.,0.));
#10213 = ORIENTED_EDGE('',*,*,#10214,.T.);
#10214 = EDGE_CURVE('',#10207,#10215,#10217,.T.);
#10215 = VERTEX_POINT('',#10216);
#10216 = CARTESIAN_POINT('',(399.125,-422.3809523809,2.13162820728E-14)
  );
#10217 = LINE('',#10218,#10219);
#10218 = CARTESIAN_POINT('',(399.125,-459.8809523809,3.19744231092E-14)
  );
#10219 = VECTOR('',#10220,1.);
#10220 = DIRECTION('',(0.,1.,-2.22044604925E-16));
#10221 = ORIENTED_EDGE('',*,*,#10222,.T.);
#10222 = EDGE_CURVE('',#10215,#10223,#10225,.T.);
#10223 = VERTEX_POINT('',#10224);
#10224 = CARTESIAN_POINT('',(397.125,-422.3809523809,2.13162820728E-14)
  );
#10225 = LINE('',#10226,#10227);
#10226 = CARTESIAN_POINT('',(409.5625,-422.3809523809,2.13162820728E-14)
  );
#10227 = VECTOR('',#10228,1.);
#10228 = DIRECTION('',(-1.,0.,0.));
#10229 = ORIENTED_EDGE('',*,*,#10230,.F.);
#10230 = EDGE_CURVE('',#10231,#10223,#10233,.T.);
#10231 = VERTEX_POINT('',#10232);
#10232 = CARTESIAN_POINT('',(397.125,-447.3809523809,2.84217094304E-14)
  );
#10233 = LINE('',#10234,#10235);
#10234 = CARTESIAN_POINT('',(397.125,-459.8809523809,3.19744231092E-14)
  );
#10235 = VECTOR('',#10236,1.);
#10236 = DIRECTION('',(0.,1.,-2.22044604925E-16));
#10237 = ORIENTED_EDGE('',*,*,#10238,.F.);
#10238 = EDGE_CURVE('',#9959,#10231,#10239,.T.);
#10239 = LINE('',#10240,#10241);
#10240 = CARTESIAN_POINT('',(420.,-447.3809523809,2.84217094304E-14));
#10241 = VECTOR('',#10242,1.);
#10242 = DIRECTION('',(1.,-0.,0.));
#10243 = PLANE('',#10244);
#10244 = AXIS2_PLACEMENT_3D('',#10245,#10246,#10247);
#10245 = CARTESIAN_POINT('',(420.,-447.3809523809,2.84217094304E-14));
#10246 = DIRECTION('',(0.,-2.22044604925E-16,-1.));
#10247 = DIRECTION('',(0.,-1.,2.22044604925E-16));
#10248 = ( GEOMETRIC_REPRESENTATION_CONTEXT(3) 
GLOBAL_UNCERTAINTY_ASSIGNED_CONTEXT((#10252)) 
GLOBAL_UNIT_ASSIGNED_CONTEXT((#10249,#10250,#10251)) 
REPRESENTATION_CONTEXT('Context #1',
  '3D Context with UNIT and UNCERTAINTY') );
#10249 = ( LENGTH_UNIT() NAMED_UNIT(*) SI_UNIT(.MILLI.,.METRE.) );
#10250 = ( NAMED_UNIT(*) PLANE_ANGLE_UNIT() SI_UNIT($,.RADIAN.) );
#10251 = ( NAMED_UNIT(*) SI_UNIT($,.STERADIAN.) SOLID_ANGLE_UNIT() );
#10252 = UNCERTAINTY_MEASURE_WITH_UNIT(LENGTH_MEASURE(1.E-04),#10249,
  'distance_accuracy_value','confusion accuracy');
#10253 = CONTEXT_DEPENDENT_SHAPE_REPRESENTATION(#10254,#10256);
#10254 = ( REPRESENTATION_RELATIONSHIP('','',#7737,#10) 
REPRESENTATION_RELATIONSHIP_WITH_TRANSFORMATION(#10255) 
SHAPE_REPRESENTATION_RELATIONSHIP() );
#10255 = ITEM_DEFINED_TRANSFORMATION('','',#11,#27);
#10256 = PRODUCT_DEFINITION_SHAPE('Placement','Placement of an item',
  #10257);
#10257 = NEXT_ASSEMBLY_USAGE_OCCURRENCE('8','Moved x-upper-plates','',#5
  ,#7732,$);
#10258 = PRODUCT_RELATED_PRODUCT_CATEGORY('part',$,(#7734));
#10259 = MECHANICAL_DESIGN_GEOMETRIC_PRESENTATION_REPRESENTATION('',(
    #10260,#10271,#10280,#10289,#10298,#10307,#10316,#10325),#10248);
#10260 = STYLED_ITEM('color',(#10261),#7740);
#10261 = PRESENTATION_STYLE_ASSIGNMENT((#10262,#10268));
#10262 = SURFACE_STYLE_USAGE(.BOTH.,#10263);
#10263 = SURFACE_SIDE_STYLE('',(#10264));
#10264 = SURFACE_STYLE_FILL_AREA(#10265);
#10265 = FILL_AREA_STYLE('',(#10266));
#10266 = FILL_AREA_STYLE_COLOUR('',#10267);
#10267 = COLOUR_RGB('',0.447059003357,0.474510015008,0.501960993452);
#10268 = CURVE_STYLE('',#10269,POSITIVE_LENGTH_MEASURE(0.1),#10270);
#10269 = DRAUGHTING_PRE_DEFINED_CURVE_FONT('continuous');
#10270 = COLOUR_RGB('',9.803921802644E-02,9.803921802644E-02,
  9.803921802644E-02);
#10271 = STYLED_ITEM('color',(#10272),#8036);
#10272 = PRESENTATION_STYLE_ASSIGNMENT((#10273,#10278));
#10273 = SURFACE_STYLE_USAGE(.BOTH.,#10274);
#10274 = SURFACE_SIDE_STYLE('',(#10275));
#10275 = SURFACE_STYLE_FILL_AREA(#10276);
#10276 = FILL_AREA_STYLE('',(#10277));
#10277 = FILL_AREA_STYLE_COLOUR('',#10267);
#10278 = CURVE_STYLE('',#10279,POSITIVE_LENGTH_MEASURE(0.1),#10270);
#10279 = DRAUGHTING_PRE_DEFINED_CURVE_FONT('continuous');
#10280 = STYLED_ITEM('color',(#10281),#8355);
#10281 = PRESENTATION_STYLE_ASSIGNMENT((#10282,#10287));
#10282 = SURFACE_STYLE_USAGE(.BOTH.,#10283);
#10283 = SURFACE_SIDE_STYLE('',(#10284));
#10284 = SURFACE_STYLE_FILL_AREA(#10285);
#10285 = FILL_AREA_STYLE('',(#10286));
#10286 = FILL_AREA_STYLE_COLOUR('',#10267);
#10287 = CURVE_STYLE('',#10288,POSITIVE_LENGTH_MEASURE(0.1),#10270);
#10288 = DRAUGHTING_PRE_DEFINED_CURVE_FONT('continuous');
#10289 = STYLED_ITEM('color',(#10290),#8675);
#10290 = PRESENTATION_STYLE_ASSIGNMENT((#10291,#10296));
#10291 = SURFACE_STYLE_USAGE(.BOTH.,#10292);
#10292 = SURFACE_SIDE_STYLE('',(#10293));
#10293 = SURFACE_STYLE_FILL_AREA(#10294);
#10294 = FILL_AREA_STYLE('',(#10295));
#10295 = FILL_AREA_STYLE_COLOUR('',#10267);
#10296 = CURVE_STYLE('',#10297,POSITIVE_LENGTH_MEASURE(0.1),#10270);
#10297 = DRAUGHTING_PRE_DEFINED_CURVE_FONT('continuous');
#10298 = STYLED_ITEM('color',(#10299),#8993);
#10299 = PRESENTATION_STYLE_ASSIGNMENT((#10300,#10305));
#10300 = SURFACE_STYLE_USAGE(.BOTH.,#10301);
#10301 = SURFACE_SIDE_STYLE('',(#10302));
#10302 = SURFACE_STYLE_FILL_AREA(#10303);
#10303 = FILL_AREA_STYLE('',(#10304));
#10304 = FILL_AREA_STYLE_COLOUR('',#10267);
#10305 = CURVE_STYLE('',#10306,POSITIVE_LENGTH_MEASURE(0.1),#10270);
#10306 = DRAUGHTING_PRE_DEFINED_CURVE_FONT('continuous');
#10307 = STYLED_ITEM('color',(#10308),#9311);
#10308 = PRESENTATION_STYLE_ASSIGNMENT((#10309,#10314));
#10309 = SURFACE_STYLE_USAGE(.BOTH.,#10310);
#10310 = SURFACE_SIDE_STYLE('',(#10311));
#10311 = SURFACE_STYLE_FILL_AREA(#10312);
#10312 = FILL_AREA_STYLE('',(#10313));
#10313 = FILL_AREA_STYLE_COLOUR('',#10267);
#10314 = CURVE_STYLE('',#10315,POSITIVE_LENGTH_MEASURE(0.1),#10270);
#10315 = DRAUGHTING_PRE_DEFINED_CURVE_FONT('continuous');
#10316 = STYLED_ITEM('color',(#10317),#9631);
#10317 = PRESENTATION_STYLE_ASSIGNMENT((#10318,#10323));
#10318 = SURFACE_STYLE_USAGE(.BOTH.,#10319);
#10319 = SURFACE_SIDE_STYLE('',(#10320));
#10320 = SURFACE_STYLE_FILL_AREA(#10321);
#10321 = FILL_AREA_STYLE('',(#10322));
#10322 = FILL_AREA_STYLE_COLOUR('',#10267);
#10323 = CURVE_STYLE('',#10324,POSITIVE_LENGTH_MEASURE(0.1),#10270);
#10324 = DRAUGHTING_PRE_DEFINED_CURVE_FONT('continuous');
#10325 = STYLED_ITEM('color',(#10326),#9952);
#10326 = PRESENTATION_STYLE_ASSIGNMENT((#10327,#10332));
#10327 = SURFACE_STYLE_USAGE(.BOTH.,#10328);
#10328 = SURFACE_SIDE_STYLE('',(#10329));
#10329 = SURFACE_STYLE_FILL_AREA(#10330);
#10330 = FILL_AREA_STYLE('',(#10331));
#10331 = FILL_AREA_STYLE_COLOUR('',#10267);
#10332 = CURVE_STYLE('',#10333,POSITIVE_LENGTH_MEASURE(0.1),#10270);
#10333 = DRAUGHTING_PRE_DEFINED_CURVE_FONT('continuous');
#10334 = MECHANICAL_DESIGN_GEOMETRIC_PRESENTATION_REPRESENTATION('',(
    #10335,#10344,#10353,#10362,#10371,#10380,#10389,#10398),#2564);
#10335 = STYLED_ITEM('color',(#10336),#47);
#10336 = PRESENTATION_STYLE_ASSIGNMENT((#10337,#10342));
#10337 = SURFACE_STYLE_USAGE(.BOTH.,#10338);
#10338 = SURFACE_SIDE_STYLE('',(#10339));
#10339 = SURFACE_STYLE_FILL_AREA(#10340);
#10340 = FILL_AREA_STYLE('',(#10341));
#10341 = FILL_AREA_STYLE_COLOUR('',#10267);
#10342 = CURVE_STYLE('',#10343,POSITIVE_LENGTH_MEASURE(0.1),#10270);
#10343 = DRAUGHTING_PRE_DEFINED_CURVE_FONT('continuous');
#10344 = STYLED_ITEM('color',(#10345),#343);
#10345 = PRESENTATION_STYLE_ASSIGNMENT((#10346,#10351));
#10346 = SURFACE_STYLE_USAGE(.BOTH.,#10347);
#10347 = SURFACE_SIDE_STYLE('',(#10348));
#10348 = SURFACE_STYLE_FILL_AREA(#10349);
#10349 = FILL_AREA_STYLE('',(#10350));
#10350 = FILL_AREA_STYLE_COLOUR('',#10267);
#10351 = CURVE_STYLE('',#10352,POSITIVE_LENGTH_MEASURE(0.1),#10270);
#10352 = DRAUGHTING_PRE_DEFINED_CURVE_FONT('continuous');
#10353 = STYLED_ITEM('color',(#10354),#671);
#10354 = PRESENTATION_STYLE_ASSIGNMENT((#10355,#10360));
#10355 = SURFACE_STYLE_USAGE(.BOTH.,#10356);
#10356 = SURFACE_SIDE_STYLE('',(#10357));
#10357 = SURFACE_STYLE_FILL_AREA(#10358);
#10358 = FILL_AREA_STYLE('',(#10359));
#10359 = FILL_AREA_STYLE_COLOUR('',#10267);
#10360 = CURVE_STYLE('',#10361,POSITIVE_LENGTH_MEASURE(0.1),#10270);
#10361 = DRAUGHTING_PRE_DEFINED_CURVE_FONT('continuous');
#10362 = STYLED_ITEM('color',(#10363),#991);
#10363 = PRESENTATION_STYLE_ASSIGNMENT((#10364,#10369));
#10364 = SURFACE_STYLE_USAGE(.BOTH.,#10365);
#10365 = SURFACE_SIDE_STYLE('',(#10366));
#10366 = SURFACE_STYLE_FILL_AREA(#10367);
#10367 = FILL_AREA_STYLE('',(#10368));
#10368 = FILL_AREA_STYLE_COLOUR('',#10267);
#10369 = CURVE_STYLE('',#10370,POSITIVE_LENGTH_MEASURE(0.1),#10270);
#10370 = DRAUGHTING_PRE_DEFINED_CURVE_FONT('continuous');
#10371 = STYLED_ITEM('color',(#10372),#1309);
#10372 = PRESENTATION_STYLE_ASSIGNMENT((#10373,#10378));
#10373 = SURFACE_STYLE_USAGE(.BOTH.,#10374);
#10374 = SURFACE_SIDE_STYLE('',(#10375));
#10375 = SURFACE_STYLE_FILL_AREA(#10376);
#10376 = FILL_AREA_STYLE('',(#10377));
#10377 = FILL_AREA_STYLE_COLOUR('',#10267);
#10378 = CURVE_STYLE('',#10379,POSITIVE_LENGTH_MEASURE(0.1),#10270);
#10379 = DRAUGHTING_PRE_DEFINED_CURVE_FONT('continuous');
#10380 = STYLED_ITEM('color',(#10381),#1627);
#10381 = PRESENTATION_STYLE_ASSIGNMENT((#10382,#10387));
#10382 = SURFACE_STYLE_USAGE(.BOTH.,#10383);
#10383 = SURFACE_SIDE_STYLE('',(#10384));
#10384 = SURFACE_STYLE_FILL_AREA(#10385);
#10385 = FILL_AREA_STYLE('',(#10386));
#10386 = FILL_AREA_STYLE_COLOUR('',#10267);
#10387 = CURVE_STYLE('',#10388,POSITIVE_LENGTH_MEASURE(0.1),#10270);
#10388 = DRAUGHTING_PRE_DEFINED_CURVE_FONT('continuous');
#10389 = STYLED_ITEM('color',(#10390),#1947);
#10390 = PRESENTATION_STYLE_ASSIGNMENT((#10391,#10396));
#10391 = SURFACE_STYLE_USAGE(.BOTH.,#10392);
#10392 = SURFACE_SIDE_STYLE('',(#10393));
#10393 = SURFACE_STYLE_FILL_AREA(#10394);
#10394 = FILL_AREA_STYLE('',(#10395));
#10395 = FILL_AREA_STYLE_COLOUR('',#10267);
#10396 = CURVE_STYLE('',#10397,POSITIVE_LENGTH_MEASURE(0.1),#10270);
#10397 = DRAUGHTING_PRE_DEFINED_CURVE_FONT('continuous');
#10398 = STYLED_ITEM('color',(#10399),#2268);
#10399 = PRESENTATION_STYLE_ASSIGNMENT((#10400,#10405));
#10400 = SURFACE_STYLE_USAGE(.BOTH.,#10401);
#10401 = SURFACE_SIDE_STYLE('',(#10402));
#10402 = SURFACE_STYLE_FILL_AREA(#10403);
#10403 = FILL_AREA_STYLE('',(#10404));
#10404 = FILL_AREA_STYLE_COLOUR('',#10267);
#10405 = CURVE_STYLE('',#10406,POSITIVE_LENGTH_MEASURE(0.1),#10270);
#10406 = DRAUGHTING_PRE_DEFINED_CURVE_FONT('continuous');
#10407 = MECHANICAL_DESIGN_GEOMETRIC_PRESENTATION_REPRESENTATION('',(
    #10408,#10417,#10426,#10435,#10444,#10453,#10462,#10471),#5146);
#10408 = STYLED_ITEM('color',(#10409),#2585);
#10409 = PRESENTATION_STYLE_ASSIGNMENT((#10410,#10415));
#10410 = SURFACE_STYLE_USAGE(.BOTH.,#10411);
#10411 = SURFACE_SIDE_STYLE('',(#10412));
#10412 = SURFACE_STYLE_FILL_AREA(#10413);
#10413 = FILL_AREA_STYLE('',(#10414));
#10414 = FILL_AREA_STYLE_COLOUR('',#10267);
#10415 = CURVE_STYLE('',#10416,POSITIVE_LENGTH_MEASURE(0.1),#10270);
#10416 = DRAUGHTING_PRE_DEFINED_CURVE_FONT('continuous');
#10417 = STYLED_ITEM('color',(#10418),#2881);
#10418 = PRESENTATION_STYLE_ASSIGNMENT((#10419,#10424));
#10419 = SURFACE_STYLE_USAGE(.BOTH.,#10420);
#10420 = SURFACE_SIDE_STYLE('',(#10421));
#10421 = SURFACE_STYLE_FILL_AREA(#10422);
#10422 = FILL_AREA_STYLE('',(#10423));
#10423 = FILL_AREA_STYLE_COLOUR('',#10267);
#10424 = CURVE_STYLE('',#10425,POSITIVE_LENGTH_MEASURE(0.1),#10270);
#10425 = DRAUGHTING_PRE_DEFINED_CURVE_FONT('continuous');
#10426 = STYLED_ITEM('color',(#10427),#3205);
#10427 = PRESENTATION_STYLE_ASSIGNMENT((#10428,#10433));
#10428 = SURFACE_STYLE_USAGE(.BOTH.,#10429);
#10429 = SURFACE_SIDE_STYLE('',(#10430));
#10430 = SURFACE_STYLE_FILL_AREA(#10431);
#10431 = FILL_AREA_STYLE('',(#10432));
#10432 = FILL_AREA_STYLE_COLOUR('',#10267);
#10433 = CURVE_STYLE('',#10434,POSITIVE_LENGTH_MEASURE(0.1),#10270);
#10434 = DRAUGHTING_PRE_DEFINED_CURVE_FONT('continuous');
#10435 = STYLED_ITEM('color',(#10436),#3537);
#10436 = PRESENTATION_STYLE_ASSIGNMENT((#10437,#10442));
#10437 = SURFACE_STYLE_USAGE(.BOTH.,#10438);
#10438 = SURFACE_SIDE_STYLE('',(#10439));
#10439 = SURFACE_STYLE_FILL_AREA(#10440);
#10440 = FILL_AREA_STYLE('',(#10441));
#10441 = FILL_AREA_STYLE_COLOUR('',#10267);
#10442 = CURVE_STYLE('',#10443,POSITIVE_LENGTH_MEASURE(0.1),#10270);
#10443 = DRAUGHTING_PRE_DEFINED_CURVE_FONT('continuous');
#10444 = STYLED_ITEM('color',(#10445),#3869);
#10445 = PRESENTATION_STYLE_ASSIGNMENT((#10446,#10451));
#10446 = SURFACE_STYLE_USAGE(.BOTH.,#10447);
#10447 = SURFACE_SIDE_STYLE('',(#10448));
#10448 = SURFACE_STYLE_FILL_AREA(#10449);
#10449 = FILL_AREA_STYLE('',(#10450));
#10450 = FILL_AREA_STYLE_COLOUR('',#10267);
#10451 = CURVE_STYLE('',#10452,POSITIVE_LENGTH_MEASURE(0.1),#10270);
#10452 = DRAUGHTING_PRE_DEFINED_CURVE_FONT('continuous');
#10453 = STYLED_ITEM('color',(#10454),#4201);
#10454 = PRESENTATION_STYLE_ASSIGNMENT((#10455,#10460));
#10455 = SURFACE_STYLE_USAGE(.BOTH.,#10456);
#10456 = SURFACE_SIDE_STYLE('',(#10457));
#10457 = SURFACE_STYLE_FILL_AREA(#10458);
#10458 = FILL_AREA_STYLE('',(#10459));
#10459 = FILL_AREA_STYLE_COLOUR('',#10267);
#10460 = CURVE_STYLE('',#10461,POSITIVE_LENGTH_MEASURE(0.1),#10270);
#10461 = DRAUGHTING_PRE_DEFINED_CURVE_FONT('continuous');
#10462 = STYLED_ITEM('color',(#10463),#4533);
#10463 = PRESENTATION_STYLE_ASSIGNMENT((#10464,#10469));
#10464 = SURFACE_STYLE_USAGE(.BOTH.,#10465);
#10465 = SURFACE_SIDE_STYLE('',(#10466));
#10466 = SURFACE_STYLE_FILL_AREA(#10467);
#10467 = FILL_AREA_STYLE('',(#10468));
#10468 = FILL_AREA_STYLE_COLOUR('',#10267);
#10469 = CURVE_STYLE('',#10470,POSITIVE_LENGTH_MEASURE(0.1),#10270);
#10470 = DRAUGHTING_PRE_DEFINED_CURVE_FONT('continuous');
#10471 = STYLED_ITEM('color',(#10472),#4850);
#10472 = PRESENTATION_STYLE_ASSIGNMENT((#10473,#10478));
#10473 = SURFACE_STYLE_USAGE(.BOTH.,#10474);
#10474 = SURFACE_SIDE_STYLE('',(#10475));
#10475 = SURFACE_STYLE_FILL_AREA(#10476);
#10476 = FILL_AREA_STYLE('',(#10477));
#10477 = FILL_AREA_STYLE_COLOUR('',#10267);
#10478 = CURVE_STYLE('',#10479,POSITIVE_LENGTH_MEASURE(0.1),#10270);
#10479 = DRAUGHTING_PRE_DEFINED_CURVE_FONT('continuous');
#10480 = MECHANICAL_DESIGN_GEOMETRIC_PRESENTATION_REPRESENTATION('',(
    #10481,#10490,#10499,#10508,#10517,#10526,#10535,#10544),#7719);
#10481 = STYLED_ITEM('color',(#10482),#5167);
#10482 = PRESENTATION_STYLE_ASSIGNMENT((#10483,#10488));
#10483 = SURFACE_STYLE_USAGE(.BOTH.,#10484);
#10484 = SURFACE_SIDE_STYLE('',(#10485));
#10485 = SURFACE_STYLE_FILL_AREA(#10486);
#10486 = FILL_AREA_STYLE('',(#10487));
#10487 = FILL_AREA_STYLE_COLOUR('',#10267);
#10488 = CURVE_STYLE('',#10489,POSITIVE_LENGTH_MEASURE(0.1),#10270);
#10489 = DRAUGHTING_PRE_DEFINED_CURVE_FONT('continuous');
#10490 = STYLED_ITEM('color',(#10491),#5463);
#10491 = PRESENTATION_STYLE_ASSIGNMENT((#10492,#10497));
#10492 = SURFACE_STYLE_USAGE(.BOTH.,#10493);
#10493 = SURFACE_SIDE_STYLE('',(#10494));
#10494 = SURFACE_STYLE_FILL_AREA(#10495);
#10495 = FILL_AREA_STYLE('',(#10496));
#10496 = FILL_AREA_STYLE_COLOUR('',#10267);
#10497 = CURVE_STYLE('',#10498,POSITIVE_LENGTH_MEASURE(0.1),#10270);
#10498 = DRAUGHTING_PRE_DEFINED_CURVE_FONT('continuous');
#10499 = STYLED_ITEM('color',(#10500),#5778);
#10500 = PRESENTATION_STYLE_ASSIGNMENT((#10501,#10506));
#10501 = SURFACE_STYLE_USAGE(.BOTH.,#10502);
#10502 = SURFACE_SIDE_STYLE('',(#10503));
#10503 = SURFACE_STYLE_FILL_AREA(#10504);
#10504 = FILL_AREA_STYLE('',(#10505));
#10505 = FILL_AREA_STYLE_COLOUR('',#10267);
#10506 = CURVE_STYLE('',#10507,POSITIVE_LENGTH_MEASURE(0.1),#10270);
#10507 = DRAUGHTING_PRE_DEFINED_CURVE_FONT('continuous');
#10508 = STYLED_ITEM('color',(#10509),#6110);
#10509 = PRESENTATION_STYLE_ASSIGNMENT((#10510,#10515));
#10510 = SURFACE_STYLE_USAGE(.BOTH.,#10511);
#10511 = SURFACE_SIDE_STYLE('',(#10512));
#10512 = SURFACE_STYLE_FILL_AREA(#10513);
#10513 = FILL_AREA_STYLE('',(#10514));
#10514 = FILL_AREA_STYLE_COLOUR('',#10267);
#10515 = CURVE_STYLE('',#10516,POSITIVE_LENGTH_MEASURE(0.1),#10270);
#10516 = DRAUGHTING_PRE_DEFINED_CURVE_FONT('continuous');
#10517 = STYLED_ITEM('color',(#10518),#6442);
#10518 = PRESENTATION_STYLE_ASSIGNMENT((#10519,#10524));
#10519 = SURFACE_STYLE_USAGE(.BOTH.,#10520);
#10520 = SURFACE_SIDE_STYLE('',(#10521));
#10521 = SURFACE_STYLE_FILL_AREA(#10522);
#10522 = FILL_AREA_STYLE('',(#10523));
#10523 = FILL_AREA_STYLE_COLOUR('',#10267);
#10524 = CURVE_STYLE('',#10525,POSITIVE_LENGTH_MEASURE(0.1),#10270);
#10525 = DRAUGHTING_PRE_DEFINED_CURVE_FONT('continuous');
#10526 = STYLED_ITEM('color',(#10527),#6774);
#10527 = PRESENTATION_STYLE_ASSIGNMENT((#10528,#10533));
#10528 = SURFACE_STYLE_USAGE(.BOTH.,#10529);
#10529 = SURFACE_SIDE_STYLE('',(#10530));
#10530 = SURFACE_STYLE_FILL_AREA(#10531);
#10531 = FILL_AREA_STYLE('',(#10532));
#10532 = FILL_AREA_STYLE_COLOUR('',#10267);
#10533 = CURVE_STYLE('',#10534,POSITIVE_LENGTH_MEASURE(0.1),#10270);
#10534 = DRAUGHTING_PRE_DEFINED_CURVE_FONT('continuous');
#10535 = STYLED_ITEM('color',(#10536),#7106);
#10536 = PRESENTATION_STYLE_ASSIGNMENT((#10537,#10542));
#10537 = SURFACE_STYLE_USAGE(.BOTH.,#10538);
#10538 = SURFACE_SIDE_STYLE('',(#10539));
#10539 = SURFACE_STYLE_FILL_AREA(#10540);
#10540 = FILL_AREA_STYLE('',(#10541));
#10541 = FILL_AREA_STYLE_COLOUR('',#10267);
#10542 = CURVE_STYLE('',#10543,POSITIVE_LENGTH_MEASURE(0.1),#10270);
#10543 = DRAUGHTING_PRE_DEFINED_CURVE_FONT('continuous');
#10544 = STYLED_ITEM('color',(#10545),#7423);
#10545 = PRESENTATION_STYLE_ASSIGNMENT((#10546,#10551));
#10546 = SURFACE_STYLE_USAGE(.BOTH.,#10547);
#10547 = SURFACE_SIDE_STYLE('',(#10548));
#10548 = SURFACE_STYLE_FILL_AREA(#10549);
#10549 = FILL_AREA_STYLE('',(#10550));
#10550 = FILL_AREA_STYLE_COLOUR('',#10267);
#10551 = CURVE_STYLE('',#10552,POSITIVE_LENGTH_MEASURE(0.1),#10270);
#10552 = DRAUGHTING_PRE_DEFINED_CURVE_FONT('continuous');
ENDSEC;
END-ISO-10303-21;
