999
FreeCAD v1.0 39319 (Git)
  0
SECTION
  2
HEADER
  9
$ACADVER
  1
AC1014
  9
$ACADMAINTVER
 70
     9
  9
$DWGCODEPAGE
  3
ANSI_1252
  9
$TEXTSTYLE
  7
STANDARD
  9
$DIMSTYLE
  2
STANDARD
  9
$DIMTXSTY
  7
STANDARD
  9
$CMLSTYLE
  2
STANDARD
  9
$LUNITS
 70
2
  9
$INSUNITS
 70
4
  9
$PEXTMAX
 10
50
 20
50
 30
50
  9
$PEXTMIN
 10
0
 20
0
 30
0
  9
$HANDSEED
  5
FFFF
  0
ENDSEC
  0
SECTION
  2
CLASSES
  0
CLASS
  1
ACDBDICTIONARYWDFLT
  2
AcDbDictionaryWithDefault
  3
ObjectDBX Classes
 90
        0
280
     0
281
     0
  0
CLASS
  1
XRECORD
  2
AcDbXrecord
  3
ObjectDBX Classes
 90
        0
280
     0
281
     0
  0
CLASS
  1
LWPOLYLINE
  2
AcDbPolyline
  3
ObjectDBX Classes
 90
        0
280
     0
281
     1
  0
ENDSEC
  0
SECTION
  2
TABLES
  0
TABLE
  2
VPORT
  5
20
330
0
100
AcDbSymbolTable
 70
     1
  0
VPORT
  5
21
330
20
100
AcDbSymbolTableRecord
100
AcDbViewportTableRecord
  2
*ACTIVE
 70
     0
  0
ENDTAB
  0
TABLE
  2
LTYPE
  5
22
330
0
100
AcDbSymbolTable
 70
     1
  0
LTYPE
  5
23
330
21
100
AcDbSymbolTableRecord
100
AcDbLinetypeTableRecord
  2
BYBLOCK
 70
     0
  3

 72
    65
 73
     0
 40
0.0
  0
LTYPE
  5
24
330
21
100
AcDbSymbolTableRecord
100
AcDbLinetypeTableRecord
  2
BYLAYER
 70
     0
  3

 72
    65
 73
     0
 40
0.0
  0
LTYPE
  5
25
330
21
100
AcDbSymbolTableRecord
100
AcDbLinetypeTableRecord
  2
CONTINUOUS
 70
     0
  3
Solid line
 72
    65
 73
     0
 40
0.0
  0
ENDTAB
  0
TABLE
  2
LAYER
  5
12CE
330
0
100
AcDbSymbolTable
 70
6
  0
LAYER
  5
12CF
330
12CE
100
AcDbSymbolTableRecord
100
AcDbLayerTableRecord
  2
0
 70
   0
 62
   7
  6
CONTINUOUS
  0
LAYER
  5
12D0
330
12CE
100
AcDbSymbolTableRecord
100
AcDbLayerTableRecord
  2
none
 70
    0
 62
    7
  6
CONTINUOUS
  0
LAYER
  5
12D1
330
12CE
100
AcDbSymbolTableRecord
100
AcDbLayerTableRecord
  2
x_lower_sheets
 70
    0
 62
    7
  6
CONTINUOUS
  0
LAYER
  5
12D2
330
12CE
100
AcDbSymbolTableRecord
100
AcDbLayerTableRecord
  2
y_lower_sheets
 70
    0
 62
    7
  6
CONTINUOUS
  0
LAYER
  5
12D3
330
12CE
100
AcDbSymbolTableRecord
100
AcDbLayerTableRecord
  2
x_upper_sheets
 70
    0
 62
    7
  6
CONTINUOUS
  0
LAYER
  5
12D4
330
12CE
100
AcDbSymbolTableRecord
100
AcDbLayerTableRecord
  2
y_upper_sheets
 70
    0
 62
    7
  6
CONTINUOUS
  0
ENDTAB
  0
TABLE
  2
STYLE
  5
70
330
0
100
AcDbSymbolTable
 70
     2
  0
STYLE
  5
71
330
70
100
AcDbSymbolTableRecord
100
AcDbTextStyleTableRecord
  2
STANDARD
 70
     0
 40
0.0
 41
1.0
 50
0.0
 71
     0
 42
2.5
  3
arial.ttf
  4

  0
STYLE
  5
72
330
70
100
AcDbSymbolTableRecord
100
AcDbTextStyleTableRecord
  2
ANNOTATIVE
 70
     0
 40
0.0
 41
1.0
 50
0.0
 71
     0
 42
2.5
  3
arial.ttf
  4

  0
ENDTAB
  0
TABLE
  2
VIEW
  5
73
330
0
100
AcDbSymbolTable
 70
     0
  0
ENDTAB
  0
TABLE
  2
UCS
  5
74
330
0
100
AcDbSymbolTable
 70
     0
  0
ENDTAB
  0
TABLE
  2
APPID
  5
75
330
0
100
AcDbSymbolTable
 70
     2
  0
APPID
  5
76
330
75
100
AcDbSymbolTableRecord
100
AcDbRegAppTableRecord
  2
ACAD
 70
     0
  0
APPID
  5
77
330
75
100
AcDbSymbolTableRecord
100
AcDbRegAppTableRecord
  2
ACADANNOTATIVE
 70
     0
  0
ENDTAB
  0
TABLE
  2
DIMSTYLE
  5
78
330
0
100
AcDbSymbolTable
 70
     2
  0
DIMSTYLE
105
79
330
78
100
AcDbSymbolTableRecord
100
AcDbDimStyleTableRecord
  2
STANDARD
 70
     0
  3

  4

  5

  6

  7

 40
0.0
 41
2.5
 42
0.625
 43
3.75
 44
1.25
 45
0.0
 46
0.0
 47
0.0
 48
0.0
140
2.5
141
2.5
142
0.0
143
0.03937007874016
144
1.0
145
0.0
146
1.0
147
0.625
 71
     0
 72
     0
 73
     0
 74
     0
 75
     0
 76
     0
 77
     1
 78
     8
170
     0
171
     3
172
     1
173
     0
174
     0
175
     0
176
     0
177
     0
178
     0
270
     2
271
     2
272
     2
273
     2
274
     3
340
71
275
     0
280
     0
281
     0
282
     0
283
     0
284
     8
285
     0
286
     0
287
     3
288
     0
  0
ENDTAB
  0
TABLE
  2
BLOCK_RECORD
  5
A01
330
0
100
AcDbSymbolTable
  70
5
  0
BLOCK_RECORD
  5
A02
330
A01
100
AcDbSymbolTableRecord
100
AcDbBlockTableRecord
  2
*MODEL_SPACE
  0
BLOCK_RECORD
  5
A03
330
A01
100
AcDbSymbolTableRecord
100
AcDbBlockTableRecord
  2
*PAPER_SPACE
  0
ENDTAB
  0
ENDSEC
  0
SECTION
  2
BLOCKS
  0
BLOCK
  5
A04
330
A02
100
AcDbEntity
  8
0
100
AcDbBlockBegin
  2
*MODEL_SPACE
 70
   0
 10
0
 20
0
 30
0
  3
*MODEL_SPACE
  1
 
  0
ENDBLK
  5
A05
330
A02
100
AcDbEntity
  8
0
100
AcDbBlockEnd
  0
BLOCK
  5
A06
330
A03
100
AcDbEntity
 67
1
  8
0
100
AcDbBlockBegin
  2
*PAPER_SPACE
 70
   0
 10
0
 20
0
 30
0
  3
*PAPER_SPACE
  1
 
  0
ENDBLK
  5
A07
330
A03
100
AcDbEntity
 67
    1
  8
0
100
AcDbBlockEnd
  0
ENDSEC
  0
SECTION
  2
ENTITIES
  0
SPLINE
  5
A08
330
A02
100
AcDbEntity
  8
x_lower_sheets
100
AcDbSpline
210
0
220
0
230
1
 70
8
 71
3
 72
11
 73
7
 74
0
 40
2.242583002
 40
2.242583002
 40
2.242583002
 40
2.242583002
 40
2.593378698
 40
2.593378698
 40
2.593378698
 40
2.944174394
 40
2.944174394
 40
2.944174394
 40
2.944174394
 10
-5.274277000
 20
90.222986141
 30
0.000000000
 10
-6.527038702
 20
89.028411574
 30
0.000000000
 10
-7.963235102
 20
87.668196525
 30
0.000000000
 10
-9.695564438
 20
86.034876049
 30
0.000000000
 10
-11.432212384
 20
84.397573935
 30
0.000000000
 10
-13.457408419
 20
82.494317542
 30
0.000000000
 10
-16.000000000
 20
80.110555563
 30
0.000000000
  0
SPLINE
  5
A09
330
A02
100
AcDbEntity
  8
x_lower_sheets
100
AcDbSpline
210
0
220
0
230
1
 70
8
 71
1
 72
4
 73
2
 74
0
 40
-9.777013859
 40
-9.777013859
 40
9.777013859
 40
9.777013859
 10
-5.274277000
 20
109.777013859
 30
0.000000000
 10
-5.274277000
 20
90.222986141
 30
0.000000000
  0
SPLINE
  5
A0A
330
A02
100
AcDbEntity
  8
x_lower_sheets
100
AcDbSpline
210
0
220
0
230
1
 70
8
 71
3
 72
11
 73
7
 74
0
 40
-2.944174394
 40
-2.944174394
 40
-2.944174394
 40
-2.944174394
 40
-2.593378698
 40
-2.593378698
 40
-2.593378698
 40
-2.242583002
 40
-2.242583002
 40
-2.242583002
 40
-2.242583002
 10
-16.000000000
 20
119.889444437
 30
0.000000000
 10
-13.457408419
 20
117.505682458
 30
0.000000000
 10
-11.432212384
 20
115.602426065
 30
0.000000000
 10
-9.695564438
 20
113.965123951
 30
0.000000000
 10
-7.963235102
 20
112.331803475
 30
0.000000000
 10
-6.527038702
 20
110.971588426
 30
0.000000000
 10
-5.274277000
 20
109.777013859
 30
0.000000000
  0
SPLINE
  5
A0B
330
A02
100
AcDbEntity
  8
x_lower_sheets
100
AcDbSpline
210
0
220
0
230
1
 70
8
 71
1
 72
4
 73
2
 74
0
 40
-25.000000000
 40
-25.000000000
 40
-19.889444437
 40
-19.889444437
 10
-16.000000000
 20
125.000000000
 30
0.000000000
 10
-16.000000000
 20
119.889444437
 30
0.000000000
  0
SPLINE
  5
A0C
330
A02
100
AcDbEntity
  8
x_lower_sheets
100
AcDbSpline
210
0
220
0
230
1
 70
8
 71
1
 72
4
 73
2
 74
0
 40
-16.000000000
 40
-16.000000000
 40
16.000000000
 40
16.000000000
 10
-16.000000000
 20
125.000000000
 30
0.000000000
 10
16.000000000
 20
125.000000000
 30
-0.000000000
  0
SPLINE
  5
A0D
330
A02
100
AcDbEntity
  8
x_lower_sheets
100
AcDbSpline
210
0
220
0
230
1
 70
8
 71
1
 72
4
 73
2
 74
0
 40
32.400000000
 40
32.400000000
 40
37.500000000
 40
37.500000000
 10
16.000000000
 20
119.900000000
 30
-0.000000000
 10
16.000000000
 20
125.000000000
 30
-0.000000000
  0
SPLINE
  5
A0E
330
A02
100
AcDbEntity
  8
x_lower_sheets
100
AcDbSpline
210
0
220
0
230
1
 70
8
 71
1
 72
4
 73
2
 74
0
 40
10.000000000
 40
10.000000000
 40
26.000000000
 40
26.000000000
 10
16.000000000
 20
119.900000000
 30
-0.000000000
 10
0.000000000
 20
119.900000000
 30
0.000000000
  0
SPLINE
  5
A0F
330
A02
100
AcDbEntity
  8
x_lower_sheets
100
AcDbSpline
210
0
220
0
230
1
 70
8
 71
1
 72
4
 73
2
 74
0
 40
-10.450000000
 40
-10.450000000
 40
-9.450000000
 40
-9.450000000
 10
0.000000000
 20
119.900000000
 30
0.000000000
 10
0.000000000
 20
118.900000000
 30
0.000000000
  0
SPLINE
  5
A10
330
A02
100
AcDbEntity
  8
x_lower_sheets
100
AcDbSpline
210
0
220
0
230
1
 70
8
 71
1
 72
4
 73
2
 74
0
 40
8.450000000
 40
8.450000000
 40
9.450000000
 40
9.450000000
 10
0.000000000
 20
117.900000000
 30
0.000000000
 10
0.000000000
 20
118.900000000
 30
0.000000000
  0
SPLINE
  5
A11
330
A02
100
AcDbEntity
  8
x_lower_sheets
100
AcDbSpline
210
0
220
0
230
1
 70
8
 71
1
 72
4
 73
2
 74
0
 40
10.000000000
 40
10.000000000
 40
26.000000000
 40
26.000000000
 10
16.000000000
 20
117.900000000
 30
-0.000000000
 10
0.000000000
 20
117.900000000
 30
0.000000000
  0
SPLINE
  5
A12
330
A02
100
AcDbEntity
  8
x_lower_sheets
100
AcDbSpline
210
0
220
0
230
1
 70
8
 71
1
 72
4
 73
2
 74
0
 40
28.200000000
 40
28.200000000
 40
30.400000000
 40
30.400000000
 10
16.000000000
 20
115.700000000
 30
-0.000000000
 10
16.000000000
 20
117.900000000
 30
-0.000000000
  0
SPLINE
  5
A13
330
A02
100
AcDbEntity
  8
x_lower_sheets
100
AcDbSpline
210
0
220
0
230
1
 70
8
 71
1
 72
4
 73
2
 74
0
 40
10.000000000
 40
10.000000000
 40
26.000000000
 40
26.000000000
 10
16.000000000
 20
115.700000000
 30
-0.000000000
 10
0.000000000
 20
115.700000000
 30
0.000000000
  0
SPLINE
  5
A14
330
A02
100
AcDbEntity
  8
x_lower_sheets
100
AcDbSpline
210
0
220
0
230
1
 70
8
 71
1
 72
4
 73
2
 74
0
 40
-8.350000000
 40
-8.350000000
 40
-7.350000000
 40
-7.350000000
 10
0.000000000
 20
115.700000000
 30
0.000000000
 10
0.000000000
 20
114.700000000
 30
0.000000000
  0
SPLINE
  5
A15
330
A02
100
AcDbEntity
  8
x_lower_sheets
100
AcDbSpline
210
0
220
0
230
1
 70
8
 71
1
 72
4
 73
2
 74
0
 40
6.350000000
 40
6.350000000
 40
7.350000000
 40
7.350000000
 10
0.000000000
 20
113.700000000
 30
0.000000000
 10
0.000000000
 20
114.700000000
 30
0.000000000
  0
SPLINE
  5
A16
330
A02
100
AcDbEntity
  8
x_lower_sheets
100
AcDbSpline
210
0
220
0
230
1
 70
8
 71
1
 72
4
 73
2
 74
0
 40
10.000000000
 40
10.000000000
 40
26.000000000
 40
26.000000000
 10
16.000000000
 20
113.700000000
 30
-0.000000000
 10
0.000000000
 20
113.700000000
 30
0.000000000
  0
SPLINE
  5
A17
330
A02
100
AcDbEntity
  8
x_lower_sheets
100
AcDbSpline
210
0
220
0
230
1
 70
8
 71
1
 72
4
 73
2
 74
0
 40
24.000000000
 40
24.000000000
 40
26.200000000
 40
26.200000000
 10
16.000000000
 20
111.500000000
 30
-0.000000000
 10
16.000000000
 20
113.700000000
 30
-0.000000000
  0
SPLINE
  5
A18
330
A02
100
AcDbEntity
  8
x_lower_sheets
100
AcDbSpline
210
0
220
0
230
1
 70
8
 71
1
 72
4
 73
2
 74
0
 40
10.000000000
 40
10.000000000
 40
26.000000000
 40
26.000000000
 10
16.000000000
 20
111.500000000
 30
-0.000000000
 10
0.000000000
 20
111.500000000
 30
0.000000000
  0
SPLINE
  5
A19
330
A02
100
AcDbEntity
  8
x_lower_sheets
100
AcDbSpline
210
0
220
0
230
1
 70
8
 71
1
 72
4
 73
2
 74
0
 40
-6.250000000
 40
-6.250000000
 40
-5.250000000
 40
-5.250000000
 10
0.000000000
 20
111.500000000
 30
0.000000000
 10
0.000000000
 20
110.500000000
 30
0.000000000
  0
SPLINE
  5
A1A
330
A02
100
AcDbEntity
  8
x_lower_sheets
100
AcDbSpline
210
0
220
0
230
1
 70
8
 71
1
 72
4
 73
2
 74
0
 40
4.250000000
 40
4.250000000
 40
5.250000000
 40
5.250000000
 10
0.000000000
 20
109.500000000
 30
0.000000000
 10
0.000000000
 20
110.500000000
 30
0.000000000
  0
SPLINE
  5
A1B
330
A02
100
AcDbEntity
  8
x_lower_sheets
100
AcDbSpline
210
0
220
0
230
1
 70
8
 71
1
 72
4
 73
2
 74
0
 40
10.000000000
 40
10.000000000
 40
26.000000000
 40
26.000000000
 10
16.000000000
 20
109.500000000
 30
-0.000000000
 10
0.000000000
 20
109.500000000
 30
0.000000000
  0
SPLINE
  5
A1C
330
A02
100
AcDbEntity
  8
x_lower_sheets
100
AcDbSpline
210
0
220
0
230
1
 70
8
 71
1
 72
4
 73
2
 74
0
 40
19.800000000
 40
19.800000000
 40
22.000000000
 40
22.000000000
 10
16.000000000
 20
107.300000000
 30
-0.000000000
 10
16.000000000
 20
109.500000000
 30
-0.000000000
  0
SPLINE
  5
A1D
330
A02
100
AcDbEntity
  8
x_lower_sheets
100
AcDbSpline
210
0
220
0
230
1
 70
8
 71
1
 72
4
 73
2
 74
0
 40
10.000000000
 40
10.000000000
 40
26.000000000
 40
26.000000000
 10
16.000000000
 20
107.300000000
 30
-0.000000000
 10
0.000000000
 20
107.300000000
 30
0.000000000
  0
SPLINE
  5
A1E
330
A02
100
AcDbEntity
  8
x_lower_sheets
100
AcDbSpline
210
0
220
0
230
1
 70
8
 71
1
 72
4
 73
2
 74
0
 40
-4.150000000
 40
-4.150000000
 40
-3.150000000
 40
-3.150000000
 10
0.000000000
 20
107.300000000
 30
0.000000000
 10
0.000000000
 20
106.300000000
 30
0.000000000
  0
SPLINE
  5
A1F
330
A02
100
AcDbEntity
  8
x_lower_sheets
100
AcDbSpline
210
0
220
0
230
1
 70
8
 71
1
 72
4
 73
2
 74
0
 40
2.150000000
 40
2.150000000
 40
3.150000000
 40
3.150000000
 10
0.000000000
 20
105.300000000
 30
0.000000000
 10
0.000000000
 20
106.300000000
 30
0.000000000
  0
SPLINE
  5
A20
330
A02
100
AcDbEntity
  8
x_lower_sheets
100
AcDbSpline
210
0
220
0
230
1
 70
8
 71
1
 72
4
 73
2
 74
0
 40
10.000000000
 40
10.000000000
 40
26.000000000
 40
26.000000000
 10
16.000000000
 20
105.300000000
 30
-0.000000000
 10
0.000000000
 20
105.300000000
 30
0.000000000
  0
SPLINE
  5
A21
330
A02
100
AcDbEntity
  8
x_lower_sheets
100
AcDbSpline
210
0
220
0
230
1
 70
8
 71
1
 72
4
 73
2
 74
0
 40
15.600000000
 40
15.600000000
 40
17.800000000
 40
17.800000000
 10
16.000000000
 20
103.100000000
 30
-0.000000000
 10
16.000000000
 20
105.300000000
 30
-0.000000000
  0
SPLINE
  5
A22
330
A02
100
AcDbEntity
  8
x_lower_sheets
100
AcDbSpline
210
0
220
0
230
1
 70
8
 71
1
 72
4
 73
2
 74
0
 40
10.000000000
 40
10.000000000
 40
26.000000000
 40
26.000000000
 10
16.000000000
 20
103.100000000
 30
-0.000000000
 10
0.000000000
 20
103.100000000
 30
0.000000000
  0
SPLINE
  5
A23
330
A02
100
AcDbEntity
  8
x_lower_sheets
100
AcDbSpline
210
0
220
0
230
1
 70
8
 71
1
 72
4
 73
2
 74
0
 40
-2.050000000
 40
-2.050000000
 40
-1.050000000
 40
-1.050000000
 10
0.000000000
 20
103.100000000
 30
0.000000000
 10
0.000000000
 20
102.100000000
 30
0.000000000
  0
SPLINE
  5
A24
330
A02
100
AcDbEntity
  8
x_lower_sheets
100
AcDbSpline
210
0
220
0
230
1
 70
8
 71
1
 72
4
 73
2
 74
0
 40
0.050000000
 40
0.050000000
 40
1.050000000
 40
1.050000000
 10
0.000000000
 20
101.100000000
 30
0.000000000
 10
0.000000000
 20
102.100000000
 30
0.000000000
  0
SPLINE
  5
A25
330
A02
100
AcDbEntity
  8
x_lower_sheets
100
AcDbSpline
210
0
220
0
230
1
 70
8
 71
1
 72
4
 73
2
 74
0
 40
10.000000000
 40
10.000000000
 40
26.000000000
 40
26.000000000
 10
16.000000000
 20
101.100000000
 30
-0.000000000
 10
0.000000000
 20
101.100000000
 30
0.000000000
  0
SPLINE
  5
A26
330
A02
100
AcDbEntity
  8
x_lower_sheets
100
AcDbSpline
210
0
220
0
230
1
 70
8
 71
1
 72
4
 73
2
 74
0
 40
11.400000000
 40
11.400000000
 40
13.600000000
 40
13.600000000
 10
16.000000000
 20
98.900000000
 30
-0.000000000
 10
16.000000000
 20
101.100000000
 30
-0.000000000
  0
SPLINE
  5
A27
330
A02
100
AcDbEntity
  8
x_lower_sheets
100
AcDbSpline
210
0
220
0
230
1
 70
8
 71
1
 72
4
 73
2
 74
0
 40
10.000000000
 40
10.000000000
 40
26.000000000
 40
26.000000000
 10
16.000000000
 20
98.900000000
 30
-0.000000000
 10
0.000000000
 20
98.900000000
 30
0.000000000
  0
SPLINE
  5
A28
330
A02
100
AcDbEntity
  8
x_lower_sheets
100
AcDbSpline
210
0
220
0
230
1
 70
8
 71
1
 72
4
 73
2
 74
0
 40
0.050000000
 40
0.050000000
 40
1.050000000
 40
1.050000000
 10
0.000000000
 20
98.900000000
 30
0.000000000
 10
0.000000000
 20
97.900000000
 30
0.000000000
  0
SPLINE
  5
A29
330
A02
100
AcDbEntity
  8
x_lower_sheets
100
AcDbSpline
210
0
220
0
230
1
 70
8
 71
1
 72
4
 73
2
 74
0
 40
-2.050000000
 40
-2.050000000
 40
-1.050000000
 40
-1.050000000
 10
0.000000000
 20
96.900000000
 30
0.000000000
 10
0.000000000
 20
97.900000000
 30
0.000000000
  0
SPLINE
  5
A2A
330
A02
100
AcDbEntity
  8
x_lower_sheets
100
AcDbSpline
210
0
220
0
230
1
 70
8
 71
1
 72
4
 73
2
 74
0
 40
10.000000000
 40
10.000000000
 40
26.000000000
 40
26.000000000
 10
16.000000000
 20
96.900000000
 30
-0.000000000
 10
0.000000000
 20
96.900000000
 30
0.000000000
  0
SPLINE
  5
A2B
330
A02
100
AcDbEntity
  8
x_lower_sheets
100
AcDbSpline
210
0
220
0
230
1
 70
8
 71
1
 72
4
 73
2
 74
0
 40
7.200000000
 40
7.200000000
 40
9.400000000
 40
9.400000000
 10
16.000000000
 20
94.700000000
 30
-0.000000000
 10
16.000000000
 20
96.900000000
 30
-0.000000000
  0
SPLINE
  5
A2C
330
A02
100
AcDbEntity
  8
x_lower_sheets
100
AcDbSpline
210
0
220
0
230
1
 70
8
 71
1
 72
4
 73
2
 74
0
 40
10.000000000
 40
10.000000000
 40
26.000000000
 40
26.000000000
 10
16.000000000
 20
94.700000000
 30
-0.000000000
 10
0.000000000
 20
94.700000000
 30
0.000000000
  0
SPLINE
  5
A2D
330
A02
100
AcDbEntity
  8
x_lower_sheets
100
AcDbSpline
210
0
220
0
230
1
 70
8
 71
1
 72
4
 73
2
 74
0
 40
2.150000000
 40
2.150000000
 40
3.150000000
 40
3.150000000
 10
0.000000000
 20
94.700000000
 30
0.000000000
 10
0.000000000
 20
93.700000000
 30
0.000000000
  0
SPLINE
  5
A2E
330
A02
100
AcDbEntity
  8
x_lower_sheets
100
AcDbSpline
210
0
220
0
230
1
 70
8
 71
1
 72
4
 73
2
 74
0
 40
-4.150000000
 40
-4.150000000
 40
-3.150000000
 40
-3.150000000
 10
0.000000000
 20
92.700000000
 30
0.000000000
 10
0.000000000
 20
93.700000000
 30
0.000000000
  0
SPLINE
  5
A2F
330
A02
100
AcDbEntity
  8
x_lower_sheets
100
AcDbSpline
210
0
220
0
230
1
 70
8
 71
1
 72
4
 73
2
 74
0
 40
10.000000000
 40
10.000000000
 40
26.000000000
 40
26.000000000
 10
16.000000000
 20
92.700000000
 30
-0.000000000
 10
0.000000000
 20
92.700000000
 30
0.000000000
  0
SPLINE
  5
A30
330
A02
100
AcDbEntity
  8
x_lower_sheets
100
AcDbSpline
210
0
220
0
230
1
 70
8
 71
1
 72
4
 73
2
 74
0
 40
3.000000000
 40
3.000000000
 40
5.200000000
 40
5.200000000
 10
16.000000000
 20
90.500000000
 30
-0.000000000
 10
16.000000000
 20
92.700000000
 30
-0.000000000
  0
SPLINE
  5
A31
330
A02
100
AcDbEntity
  8
x_lower_sheets
100
AcDbSpline
210
0
220
0
230
1
 70
8
 71
1
 72
4
 73
2
 74
0
 40
10.000000000
 40
10.000000000
 40
26.000000000
 40
26.000000000
 10
16.000000000
 20
90.500000000
 30
-0.000000000
 10
0.000000000
 20
90.500000000
 30
0.000000000
  0
SPLINE
  5
A32
330
A02
100
AcDbEntity
  8
x_lower_sheets
100
AcDbSpline
210
0
220
0
230
1
 70
8
 71
1
 72
4
 73
2
 74
0
 40
4.250000000
 40
4.250000000
 40
5.250000000
 40
5.250000000
 10
0.000000000
 20
90.500000000
 30
0.000000000
 10
0.000000000
 20
89.500000000
 30
0.000000000
  0
SPLINE
  5
A33
330
A02
100
AcDbEntity
  8
x_lower_sheets
100
AcDbSpline
210
0
220
0
230
1
 70
8
 71
1
 72
4
 73
2
 74
0
 40
-6.250000000
 40
-6.250000000
 40
-5.250000000
 40
-5.250000000
 10
0.000000000
 20
88.500000000
 30
0.000000000
 10
0.000000000
 20
89.500000000
 30
0.000000000
  0
SPLINE
  5
A34
330
A02
100
AcDbEntity
  8
x_lower_sheets
100
AcDbSpline
210
0
220
0
230
1
 70
8
 71
1
 72
4
 73
2
 74
0
 40
10.000000000
 40
10.000000000
 40
26.000000000
 40
26.000000000
 10
16.000000000
 20
88.500000000
 30
-0.000000000
 10
0.000000000
 20
88.500000000
 30
0.000000000
  0
SPLINE
  5
A35
330
A02
100
AcDbEntity
  8
x_lower_sheets
100
AcDbSpline
210
0
220
0
230
1
 70
8
 71
1
 72
4
 73
2
 74
0
 40
-1.200000000
 40
-1.200000000
 40
1.000000000
 40
1.000000000
 10
16.000000000
 20
86.300000000
 30
-0.000000000
 10
16.000000000
 20
88.500000000
 30
-0.000000000
  0
SPLINE
  5
A36
330
A02
100
AcDbEntity
  8
x_lower_sheets
100
AcDbSpline
210
0
220
0
230
1
 70
8
 71
1
 72
4
 73
2
 74
0
 40
10.000000000
 40
10.000000000
 40
26.000000000
 40
26.000000000
 10
16.000000000
 20
86.300000000
 30
-0.000000000
 10
0.000000000
 20
86.300000000
 30
0.000000000
  0
SPLINE
  5
A37
330
A02
100
AcDbEntity
  8
x_lower_sheets
100
AcDbSpline
210
0
220
0
230
1
 70
8
 71
1
 72
4
 73
2
 74
0
 40
6.350000000
 40
6.350000000
 40
7.350000000
 40
7.350000000
 10
0.000000000
 20
86.300000000
 30
0.000000000
 10
0.000000000
 20
85.300000000
 30
0.000000000
  0
SPLINE
  5
A38
330
A02
100
AcDbEntity
  8
x_lower_sheets
100
AcDbSpline
210
0
220
0
230
1
 70
8
 71
1
 72
4
 73
2
 74
0
 40
-8.350000000
 40
-8.350000000
 40
-7.350000000
 40
-7.350000000
 10
0.000000000
 20
84.300000000
 30
0.000000000
 10
0.000000000
 20
85.300000000
 30
0.000000000
  0
SPLINE
  5
A39
330
A02
100
AcDbEntity
  8
x_lower_sheets
100
AcDbSpline
210
0
220
0
230
1
 70
8
 71
1
 72
4
 73
2
 74
0
 40
10.000000000
 40
10.000000000
 40
26.000000000
 40
26.000000000
 10
16.000000000
 20
84.300000000
 30
-0.000000000
 10
0.000000000
 20
84.300000000
 30
0.000000000
  0
SPLINE
  5
A3A
330
A02
100
AcDbEntity
  8
x_lower_sheets
100
AcDbSpline
210
0
220
0
230
1
 70
8
 71
1
 72
4
 73
2
 74
0
 40
-5.400000000
 40
-5.400000000
 40
-3.200000000
 40
-3.200000000
 10
16.000000000
 20
82.100000000
 30
-0.000000000
 10
16.000000000
 20
84.300000000
 30
-0.000000000
  0
SPLINE
  5
A3B
330
A02
100
AcDbEntity
  8
x_lower_sheets
100
AcDbSpline
210
0
220
0
230
1
 70
8
 71
1
 72
4
 73
2
 74
0
 40
10.000000000
 40
10.000000000
 40
26.000000000
 40
26.000000000
 10
16.000000000
 20
82.100000000
 30
-0.000000000
 10
0.000000000
 20
82.100000000
 30
0.000000000
  0
SPLINE
  5
A3C
330
A02
100
AcDbEntity
  8
x_lower_sheets
100
AcDbSpline
210
0
220
0
230
1
 70
8
 71
1
 72
4
 73
2
 74
0
 40
8.450000000
 40
8.450000000
 40
9.450000000
 40
9.450000000
 10
0.000000000
 20
82.100000000
 30
0.000000000
 10
0.000000000
 20
81.100000000
 30
0.000000000
  0
SPLINE
  5
A3D
330
A02
100
AcDbEntity
  8
x_lower_sheets
100
AcDbSpline
210
0
220
0
230
1
 70
8
 71
1
 72
4
 73
2
 74
0
 40
-10.450000000
 40
-10.450000000
 40
-9.450000000
 40
-9.450000000
 10
0.000000000
 20
80.100000000
 30
0.000000000
 10
0.000000000
 20
81.100000000
 30
0.000000000
  0
SPLINE
  5
A3E
330
A02
100
AcDbEntity
  8
x_lower_sheets
100
AcDbSpline
210
0
220
0
230
1
 70
8
 71
1
 72
4
 73
2
 74
0
 40
10.000000000
 40
10.000000000
 40
26.000000000
 40
26.000000000
 10
16.000000000
 20
80.100000000
 30
-0.000000000
 10
0.000000000
 20
80.100000000
 30
0.000000000
  0
SPLINE
  5
A3F
330
A02
100
AcDbEntity
  8
x_lower_sheets
100
AcDbSpline
210
0
220
0
230
1
 70
8
 71
1
 72
4
 73
2
 74
0
 40
-12.500000000
 40
-12.500000000
 40
-7.400000000
 40
-7.400000000
 10
16.000000000
 20
75.000000000
 30
-0.000000000
 10
16.000000000
 20
80.100000000
 30
-0.000000000
  0
SPLINE
  5
A40
330
A02
100
AcDbEntity
  8
x_lower_sheets
100
AcDbSpline
210
0
220
0
230
1
 70
8
 71
1
 72
4
 73
2
 74
0
 40
-16.000000000
 40
-16.000000000
 40
16.000000000
 40
16.000000000
 10
-16.000000000
 20
75.000000000
 30
0.000000000
 10
16.000000000
 20
75.000000000
 30
-0.000000000
  0
SPLINE
  5
A41
330
A02
100
AcDbEntity
  8
x_lower_sheets
100
AcDbSpline
210
0
220
0
230
1
 70
8
 71
1
 72
4
 73
2
 74
0
 40
19.889444437
 40
19.889444437
 40
25.000000000
 40
25.000000000
 10
-16.000000000
 20
80.110555563
 30
0.000000000
 10
-16.000000000
 20
75.000000000
 30
0.000000000
  0
SPLINE
  5
A42
330
A02
100
AcDbEntity
  8
x_lower_sheets
100
AcDbSpline
210
0
220
0
230
1
 70
8
 71
3
 72
11
 73
7
 74
0
 40
2.242583002
 40
2.242583002
 40
2.242583002
 40
2.242583002
 40
2.593378698
 40
2.593378698
 40
2.593378698
 40
2.944174394
 40
2.944174394
 40
2.944174394
 40
2.944174394
 10
36.725723000
 20
90.222986141
 30
0.000000000
 10
35.472961298
 20
89.028411574
 30
0.000000000
 10
34.036764898
 20
87.668196525
 30
0.000000000
 10
32.304435562
 20
86.034876049
 30
0.000000000
 10
30.567787616
 20
84.397573935
 30
0.000000000
 10
28.542591581
 20
82.494317542
 30
0.000000000
 10
26.000000000
 20
80.110555563
 30
0.000000000
  0
SPLINE
  5
A43
330
A02
100
AcDbEntity
  8
x_lower_sheets
100
AcDbSpline
210
0
220
0
230
1
 70
8
 71
1
 72
4
 73
2
 74
0
 40
-9.777013859
 40
-9.777013859
 40
9.777013859
 40
9.777013859
 10
36.725723000
 20
109.777013859
 30
0.000000000
 10
36.725723000
 20
90.222986141
 30
0.000000000
  0
SPLINE
  5
A44
330
A02
100
AcDbEntity
  8
x_lower_sheets
100
AcDbSpline
210
0
220
0
230
1
 70
8
 71
3
 72
11
 73
7
 74
0
 40
-2.944174394
 40
-2.944174394
 40
-2.944174394
 40
-2.944174394
 40
-2.593378698
 40
-2.593378698
 40
-2.593378698
 40
-2.242583002
 40
-2.242583002
 40
-2.242583002
 40
-2.242583002
 10
26.000000000
 20
119.889444437
 30
0.000000000
 10
28.542591581
 20
117.505682458
 30
0.000000000
 10
30.567787616
 20
115.602426065
 30
0.000000000
 10
32.304435562
 20
113.965123951
 30
0.000000000
 10
34.036764898
 20
112.331803475
 30
0.000000000
 10
35.472961298
 20
110.971588426
 30
0.000000000
 10
36.725723000
 20
109.777013859
 30
0.000000000
  0
SPLINE
  5
A45
330
A02
100
AcDbEntity
  8
x_lower_sheets
100
AcDbSpline
210
0
220
0
230
1
 70
8
 71
1
 72
4
 73
2
 74
0
 40
-25.000000000
 40
-25.000000000
 40
-19.889444437
 40
-19.889444437
 10
26.000000000
 20
125.000000000
 30
0.000000000
 10
26.000000000
 20
119.889444437
 30
0.000000000
  0
SPLINE
  5
A46
330
A02
100
AcDbEntity
  8
x_lower_sheets
100
AcDbSpline
210
0
220
0
230
1
 70
8
 71
1
 72
4
 73
2
 74
0
 40
-16.000000000
 40
-16.000000000
 40
16.000000000
 40
16.000000000
 10
26.000000000
 20
125.000000000
 30
0.000000000
 10
58.000000000
 20
125.000000000
 30
-0.000000000
  0
SPLINE
  5
A47
330
A02
100
AcDbEntity
  8
x_lower_sheets
100
AcDbSpline
210
0
220
0
230
1
 70
8
 71
1
 72
4
 73
2
 74
0
 40
32.400000000
 40
32.400000000
 40
37.500000000
 40
37.500000000
 10
58.000000000
 20
119.900000000
 30
-0.000000000
 10
58.000000000
 20
125.000000000
 30
-0.000000000
  0
SPLINE
  5
A48
330
A02
100
AcDbEntity
  8
x_lower_sheets
100
AcDbSpline
210
0
220
0
230
1
 70
8
 71
1
 72
4
 73
2
 74
0
 40
10.000000000
 40
10.000000000
 40
26.000000000
 40
26.000000000
 10
58.000000000
 20
119.900000000
 30
-0.000000000
 10
42.000000000
 20
119.900000000
 30
0.000000000
  0
SPLINE
  5
A49
330
A02
100
AcDbEntity
  8
x_lower_sheets
100
AcDbSpline
210
0
220
0
230
1
 70
8
 71
1
 72
4
 73
2
 74
0
 40
-10.450000000
 40
-10.450000000
 40
-9.450000000
 40
-9.450000000
 10
42.000000000
 20
119.900000000
 30
-0.000000000
 10
42.000000000
 20
118.900000000
 30
-0.000000000
  0
SPLINE
  5
A4A
330
A02
100
AcDbEntity
  8
x_lower_sheets
100
AcDbSpline
210
0
220
0
230
1
 70
8
 71
1
 72
4
 73
2
 74
0
 40
8.450000000
 40
8.450000000
 40
9.450000000
 40
9.450000000
 10
42.000000000
 20
117.900000000
 30
-0.000000000
 10
42.000000000
 20
118.900000000
 30
-0.000000000
  0
SPLINE
  5
A4B
330
A02
100
AcDbEntity
  8
x_lower_sheets
100
AcDbSpline
210
0
220
0
230
1
 70
8
 71
1
 72
4
 73
2
 74
0
 40
10.000000000
 40
10.000000000
 40
26.000000000
 40
26.000000000
 10
58.000000000
 20
117.900000000
 30
-0.000000000
 10
42.000000000
 20
117.900000000
 30
0.000000000
  0
SPLINE
  5
A4C
330
A02
100
AcDbEntity
  8
x_lower_sheets
100
AcDbSpline
210
0
220
0
230
1
 70
8
 71
1
 72
4
 73
2
 74
0
 40
28.200000000
 40
28.200000000
 40
30.400000000
 40
30.400000000
 10
58.000000000
 20
115.700000000
 30
-0.000000000
 10
58.000000000
 20
117.900000000
 30
-0.000000000
  0
SPLINE
  5
A4D
330
A02
100
AcDbEntity
  8
x_lower_sheets
100
AcDbSpline
210
0
220
0
230
1
 70
8
 71
1
 72
4
 73
2
 74
0
 40
10.000000000
 40
10.000000000
 40
26.000000000
 40
26.000000000
 10
58.000000000
 20
115.700000000
 30
-0.000000000
 10
42.000000000
 20
115.700000000
 30
0.000000000
  0
SPLINE
  5
A4E
330
A02
100
AcDbEntity
  8
x_lower_sheets
100
AcDbSpline
210
0
220
0
230
1
 70
8
 71
1
 72
4
 73
2
 74
0
 40
-8.350000000
 40
-8.350000000
 40
-7.350000000
 40
-7.350000000
 10
42.000000000
 20
115.700000000
 30
-0.000000000
 10
42.000000000
 20
114.700000000
 30
-0.000000000
  0
SPLINE
  5
A4F
330
A02
100
AcDbEntity
  8
x_lower_sheets
100
AcDbSpline
210
0
220
0
230
1
 70
8
 71
1
 72
4
 73
2
 74
0
 40
6.350000000
 40
6.350000000
 40
7.350000000
 40
7.350000000
 10
42.000000000
 20
113.700000000
 30
-0.000000000
 10
42.000000000
 20
114.700000000
 30
-0.000000000
  0
SPLINE
  5
A50
330
A02
100
AcDbEntity
  8
x_lower_sheets
100
AcDbSpline
210
0
220
0
230
1
 70
8
 71
1
 72
4
 73
2
 74
0
 40
10.000000000
 40
10.000000000
 40
26.000000000
 40
26.000000000
 10
58.000000000
 20
113.700000000
 30
-0.000000000
 10
42.000000000
 20
113.700000000
 30
0.000000000
  0
SPLINE
  5
A51
330
A02
100
AcDbEntity
  8
x_lower_sheets
100
AcDbSpline
210
0
220
0
230
1
 70
8
 71
1
 72
4
 73
2
 74
0
 40
24.000000000
 40
24.000000000
 40
26.200000000
 40
26.200000000
 10
58.000000000
 20
111.500000000
 30
-0.000000000
 10
58.000000000
 20
113.700000000
 30
-0.000000000
  0
SPLINE
  5
A52
330
A02
100
AcDbEntity
  8
x_lower_sheets
100
AcDbSpline
210
0
220
0
230
1
 70
8
 71
1
 72
4
 73
2
 74
0
 40
10.000000000
 40
10.000000000
 40
26.000000000
 40
26.000000000
 10
58.000000000
 20
111.500000000
 30
-0.000000000
 10
42.000000000
 20
111.500000000
 30
0.000000000
  0
SPLINE
  5
A53
330
A02
100
AcDbEntity
  8
x_lower_sheets
100
AcDbSpline
210
0
220
0
230
1
 70
8
 71
1
 72
4
 73
2
 74
0
 40
-6.250000000
 40
-6.250000000
 40
-5.250000000
 40
-5.250000000
 10
42.000000000
 20
111.500000000
 30
-0.000000000
 10
42.000000000
 20
110.500000000
 30
-0.000000000
  0
SPLINE
  5
A54
330
A02
100
AcDbEntity
  8
x_lower_sheets
100
AcDbSpline
210
0
220
0
230
1
 70
8
 71
1
 72
4
 73
2
 74
0
 40
4.250000000
 40
4.250000000
 40
5.250000000
 40
5.250000000
 10
42.000000000
 20
109.500000000
 30
-0.000000000
 10
42.000000000
 20
110.500000000
 30
-0.000000000
  0
SPLINE
  5
A55
330
A02
100
AcDbEntity
  8
x_lower_sheets
100
AcDbSpline
210
0
220
0
230
1
 70
8
 71
1
 72
4
 73
2
 74
0
 40
10.000000000
 40
10.000000000
 40
26.000000000
 40
26.000000000
 10
58.000000000
 20
109.500000000
 30
-0.000000000
 10
42.000000000
 20
109.500000000
 30
0.000000000
  0
SPLINE
  5
A56
330
A02
100
AcDbEntity
  8
x_lower_sheets
100
AcDbSpline
210
0
220
0
230
1
 70
8
 71
1
 72
4
 73
2
 74
0
 40
19.800000000
 40
19.800000000
 40
22.000000000
 40
22.000000000
 10
58.000000000
 20
107.300000000
 30
-0.000000000
 10
58.000000000
 20
109.500000000
 30
-0.000000000
  0
SPLINE
  5
A57
330
A02
100
AcDbEntity
  8
x_lower_sheets
100
AcDbSpline
210
0
220
0
230
1
 70
8
 71
1
 72
4
 73
2
 74
0
 40
10.000000000
 40
10.000000000
 40
26.000000000
 40
26.000000000
 10
58.000000000
 20
107.300000000
 30
-0.000000000
 10
42.000000000
 20
107.300000000
 30
0.000000000
  0
SPLINE
  5
A58
330
A02
100
AcDbEntity
  8
x_lower_sheets
100
AcDbSpline
210
0
220
0
230
1
 70
8
 71
1
 72
4
 73
2
 74
0
 40
-4.150000000
 40
-4.150000000
 40
-3.150000000
 40
-3.150000000
 10
42.000000000
 20
107.300000000
 30
-0.000000000
 10
42.000000000
 20
106.300000000
 30
-0.000000000
  0
SPLINE
  5
A59
330
A02
100
AcDbEntity
  8
x_lower_sheets
100
AcDbSpline
210
0
220
0
230
1
 70
8
 71
1
 72
4
 73
2
 74
0
 40
2.150000000
 40
2.150000000
 40
3.150000000
 40
3.150000000
 10
42.000000000
 20
105.300000000
 30
-0.000000000
 10
42.000000000
 20
106.300000000
 30
-0.000000000
  0
SPLINE
  5
A5A
330
A02
100
AcDbEntity
  8
x_lower_sheets
100
AcDbSpline
210
0
220
0
230
1
 70
8
 71
1
 72
4
 73
2
 74
0
 40
10.000000000
 40
10.000000000
 40
26.000000000
 40
26.000000000
 10
58.000000000
 20
105.300000000
 30
-0.000000000
 10
42.000000000
 20
105.300000000
 30
0.000000000
  0
SPLINE
  5
A5B
330
A02
100
AcDbEntity
  8
x_lower_sheets
100
AcDbSpline
210
0
220
0
230
1
 70
8
 71
1
 72
4
 73
2
 74
0
 40
15.600000000
 40
15.600000000
 40
17.800000000
 40
17.800000000
 10
58.000000000
 20
103.100000000
 30
-0.000000000
 10
58.000000000
 20
105.300000000
 30
-0.000000000
  0
SPLINE
  5
A5C
330
A02
100
AcDbEntity
  8
x_lower_sheets
100
AcDbSpline
210
0
220
0
230
1
 70
8
 71
1
 72
4
 73
2
 74
0
 40
10.000000000
 40
10.000000000
 40
26.000000000
 40
26.000000000
 10
58.000000000
 20
103.100000000
 30
-0.000000000
 10
42.000000000
 20
103.100000000
 30
0.000000000
  0
SPLINE
  5
A5D
330
A02
100
AcDbEntity
  8
x_lower_sheets
100
AcDbSpline
210
0
220
0
230
1
 70
8
 71
1
 72
4
 73
2
 74
0
 40
-2.050000000
 40
-2.050000000
 40
-1.050000000
 40
-1.050000000
 10
42.000000000
 20
103.100000000
 30
-0.000000000
 10
42.000000000
 20
102.100000000
 30
-0.000000000
  0
SPLINE
  5
A5E
330
A02
100
AcDbEntity
  8
x_lower_sheets
100
AcDbSpline
210
0
220
0
230
1
 70
8
 71
1
 72
4
 73
2
 74
0
 40
0.050000000
 40
0.050000000
 40
1.050000000
 40
1.050000000
 10
42.000000000
 20
101.100000000
 30
-0.000000000
 10
42.000000000
 20
102.100000000
 30
-0.000000000
  0
SPLINE
  5
A5F
330
A02
100
AcDbEntity
  8
x_lower_sheets
100
AcDbSpline
210
0
220
0
230
1
 70
8
 71
1
 72
4
 73
2
 74
0
 40
10.000000000
 40
10.000000000
 40
26.000000000
 40
26.000000000
 10
58.000000000
 20
101.100000000
 30
-0.000000000
 10
42.000000000
 20
101.100000000
 30
0.000000000
  0
SPLINE
  5
A60
330
A02
100
AcDbEntity
  8
x_lower_sheets
100
AcDbSpline
210
0
220
0
230
1
 70
8
 71
1
 72
4
 73
2
 74
0
 40
11.400000000
 40
11.400000000
 40
13.600000000
 40
13.600000000
 10
58.000000000
 20
98.900000000
 30
-0.000000000
 10
58.000000000
 20
101.100000000
 30
-0.000000000
  0
SPLINE
  5
A61
330
A02
100
AcDbEntity
  8
x_lower_sheets
100
AcDbSpline
210
0
220
0
230
1
 70
8
 71
1
 72
4
 73
2
 74
0
 40
10.000000000
 40
10.000000000
 40
26.000000000
 40
26.000000000
 10
58.000000000
 20
98.900000000
 30
-0.000000000
 10
42.000000000
 20
98.900000000
 30
0.000000000
  0
SPLINE
  5
A62
330
A02
100
AcDbEntity
  8
x_lower_sheets
100
AcDbSpline
210
0
220
0
230
1
 70
8
 71
1
 72
4
 73
2
 74
0
 40
0.050000000
 40
0.050000000
 40
1.050000000
 40
1.050000000
 10
42.000000000
 20
98.900000000
 30
-0.000000000
 10
42.000000000
 20
97.900000000
 30
-0.000000000
  0
SPLINE
  5
A63
330
A02
100
AcDbEntity
  8
x_lower_sheets
100
AcDbSpline
210
0
220
0
230
1
 70
8
 71
1
 72
4
 73
2
 74
0
 40
-2.050000000
 40
-2.050000000
 40
-1.050000000
 40
-1.050000000
 10
42.000000000
 20
96.900000000
 30
-0.000000000
 10
42.000000000
 20
97.900000000
 30
-0.000000000
  0
SPLINE
  5
A64
330
A02
100
AcDbEntity
  8
x_lower_sheets
100
AcDbSpline
210
0
220
0
230
1
 70
8
 71
1
 72
4
 73
2
 74
0
 40
10.000000000
 40
10.000000000
 40
26.000000000
 40
26.000000000
 10
58.000000000
 20
96.900000000
 30
-0.000000000
 10
42.000000000
 20
96.900000000
 30
0.000000000
  0
SPLINE
  5
A65
330
A02
100
AcDbEntity
  8
x_lower_sheets
100
AcDbSpline
210
0
220
0
230
1
 70
8
 71
1
 72
4
 73
2
 74
0
 40
7.200000000
 40
7.200000000
 40
9.400000000
 40
9.400000000
 10
58.000000000
 20
94.700000000
 30
-0.000000000
 10
58.000000000
 20
96.900000000
 30
-0.000000000
  0
SPLINE
  5
A66
330
A02
100
AcDbEntity
  8
x_lower_sheets
100
AcDbSpline
210
0
220
0
230
1
 70
8
 71
1
 72
4
 73
2
 74
0
 40
10.000000000
 40
10.000000000
 40
26.000000000
 40
26.000000000
 10
58.000000000
 20
94.700000000
 30
-0.000000000
 10
42.000000000
 20
94.700000000
 30
0.000000000
  0
SPLINE
  5
A67
330
A02
100
AcDbEntity
  8
x_lower_sheets
100
AcDbSpline
210
0
220
0
230
1
 70
8
 71
1
 72
4
 73
2
 74
0
 40
2.150000000
 40
2.150000000
 40
3.150000000
 40
3.150000000
 10
42.000000000
 20
94.700000000
 30
-0.000000000
 10
42.000000000
 20
93.700000000
 30
-0.000000000
  0
SPLINE
  5
A68
330
A02
100
AcDbEntity
  8
x_lower_sheets
100
AcDbSpline
210
0
220
0
230
1
 70
8
 71
1
 72
4
 73
2
 74
0
 40
-4.150000000
 40
-4.150000000
 40
-3.150000000
 40
-3.150000000
 10
42.000000000
 20
92.700000000
 30
-0.000000000
 10
42.000000000
 20
93.700000000
 30
-0.000000000
  0
SPLINE
  5
A69
330
A02
100
AcDbEntity
  8
x_lower_sheets
100
AcDbSpline
210
0
220
0
230
1
 70
8
 71
1
 72
4
 73
2
 74
0
 40
10.000000000
 40
10.000000000
 40
26.000000000
 40
26.000000000
 10
58.000000000
 20
92.700000000
 30
-0.000000000
 10
42.000000000
 20
92.700000000
 30
0.000000000
  0
SPLINE
  5
A6A
330
A02
100
AcDbEntity
  8
x_lower_sheets
100
AcDbSpline
210
0
220
0
230
1
 70
8
 71
1
 72
4
 73
2
 74
0
 40
3.000000000
 40
3.000000000
 40
5.200000000
 40
5.200000000
 10
58.000000000
 20
90.500000000
 30
-0.000000000
 10
58.000000000
 20
92.700000000
 30
-0.000000000
  0
SPLINE
  5
A6B
330
A02
100
AcDbEntity
  8
x_lower_sheets
100
AcDbSpline
210
0
220
0
230
1
 70
8
 71
1
 72
4
 73
2
 74
0
 40
10.000000000
 40
10.000000000
 40
26.000000000
 40
26.000000000
 10
58.000000000
 20
90.500000000
 30
-0.000000000
 10
42.000000000
 20
90.500000000
 30
0.000000000
  0
SPLINE
  5
A6C
330
A02
100
AcDbEntity
  8
x_lower_sheets
100
AcDbSpline
210
0
220
0
230
1
 70
8
 71
1
 72
4
 73
2
 74
0
 40
4.250000000
 40
4.250000000
 40
5.250000000
 40
5.250000000
 10
42.000000000
 20
90.500000000
 30
-0.000000000
 10
42.000000000
 20
89.500000000
 30
-0.000000000
  0
SPLINE
  5
A6D
330
A02
100
AcDbEntity
  8
x_lower_sheets
100
AcDbSpline
210
0
220
0
230
1
 70
8
 71
1
 72
4
 73
2
 74
0
 40
-6.250000000
 40
-6.250000000
 40
-5.250000000
 40
-5.250000000
 10
42.000000000
 20
88.500000000
 30
-0.000000000
 10
42.000000000
 20
89.500000000
 30
-0.000000000
  0
SPLINE
  5
A6E
330
A02
100
AcDbEntity
  8
x_lower_sheets
100
AcDbSpline
210
0
220
0
230
1
 70
8
 71
1
 72
4
 73
2
 74
0
 40
10.000000000
 40
10.000000000
 40
26.000000000
 40
26.000000000
 10
58.000000000
 20
88.500000000
 30
-0.000000000
 10
42.000000000
 20
88.500000000
 30
0.000000000
  0
SPLINE
  5
A6F
330
A02
100
AcDbEntity
  8
x_lower_sheets
100
AcDbSpline
210
0
220
0
230
1
 70
8
 71
1
 72
4
 73
2
 74
0
 40
-1.200000000
 40
-1.200000000
 40
1.000000000
 40
1.000000000
 10
58.000000000
 20
86.300000000
 30
-0.000000000
 10
58.000000000
 20
88.500000000
 30
-0.000000000
  0
SPLINE
  5
A70
330
A02
100
AcDbEntity
  8
x_lower_sheets
100
AcDbSpline
210
0
220
0
230
1
 70
8
 71
1
 72
4
 73
2
 74
0
 40
10.000000000
 40
10.000000000
 40
26.000000000
 40
26.000000000
 10
58.000000000
 20
86.300000000
 30
-0.000000000
 10
42.000000000
 20
86.300000000
 30
0.000000000
  0
SPLINE
  5
A71
330
A02
100
AcDbEntity
  8
x_lower_sheets
100
AcDbSpline
210
0
220
0
230
1
 70
8
 71
1
 72
4
 73
2
 74
0
 40
6.350000000
 40
6.350000000
 40
7.350000000
 40
7.350000000
 10
42.000000000
 20
86.300000000
 30
-0.000000000
 10
42.000000000
 20
85.300000000
 30
-0.000000000
  0
SPLINE
  5
A72
330
A02
100
AcDbEntity
  8
x_lower_sheets
100
AcDbSpline
210
0
220
0
230
1
 70
8
 71
1
 72
4
 73
2
 74
0
 40
-8.350000000
 40
-8.350000000
 40
-7.350000000
 40
-7.350000000
 10
42.000000000
 20
84.300000000
 30
-0.000000000
 10
42.000000000
 20
85.300000000
 30
-0.000000000
  0
SPLINE
  5
A73
330
A02
100
AcDbEntity
  8
x_lower_sheets
100
AcDbSpline
210
0
220
0
230
1
 70
8
 71
1
 72
4
 73
2
 74
0
 40
10.000000000
 40
10.000000000
 40
26.000000000
 40
26.000000000
 10
58.000000000
 20
84.300000000
 30
-0.000000000
 10
42.000000000
 20
84.300000000
 30
0.000000000
  0
SPLINE
  5
A74
330
A02
100
AcDbEntity
  8
x_lower_sheets
100
AcDbSpline
210
0
220
0
230
1
 70
8
 71
1
 72
4
 73
2
 74
0
 40
-5.400000000
 40
-5.400000000
 40
-3.200000000
 40
-3.200000000
 10
58.000000000
 20
82.100000000
 30
-0.000000000
 10
58.000000000
 20
84.300000000
 30
-0.000000000
  0
SPLINE
  5
A75
330
A02
100
AcDbEntity
  8
x_lower_sheets
100
AcDbSpline
210
0
220
0
230
1
 70
8
 71
1
 72
4
 73
2
 74
0
 40
10.000000000
 40
10.000000000
 40
26.000000000
 40
26.000000000
 10
58.000000000
 20
82.100000000
 30
-0.000000000
 10
42.000000000
 20
82.100000000
 30
0.000000000
  0
SPLINE
  5
A76
330
A02
100
AcDbEntity
  8
x_lower_sheets
100
AcDbSpline
210
0
220
0
230
1
 70
8
 71
1
 72
4
 73
2
 74
0
 40
8.450000000
 40
8.450000000
 40
9.450000000
 40
9.450000000
 10
42.000000000
 20
82.100000000
 30
-0.000000000
 10
42.000000000
 20
81.100000000
 30
-0.000000000
  0
SPLINE
  5
A77
330
A02
100
AcDbEntity
  8
x_lower_sheets
100
AcDbSpline
210
0
220
0
230
1
 70
8
 71
1
 72
4
 73
2
 74
0
 40
-10.450000000
 40
-10.450000000
 40
-9.450000000
 40
-9.450000000
 10
42.000000000
 20
80.100000000
 30
-0.000000000
 10
42.000000000
 20
81.100000000
 30
-0.000000000
  0
SPLINE
  5
A78
330
A02
100
AcDbEntity
  8
x_lower_sheets
100
AcDbSpline
210
0
220
0
230
1
 70
8
 71
1
 72
4
 73
2
 74
0
 40
10.000000000
 40
10.000000000
 40
26.000000000
 40
26.000000000
 10
58.000000000
 20
80.100000000
 30
-0.000000000
 10
42.000000000
 20
80.100000000
 30
0.000000000
  0
SPLINE
  5
A79
330
A02
100
AcDbEntity
  8
x_lower_sheets
100
AcDbSpline
210
0
220
0
230
1
 70
8
 71
1
 72
4
 73
2
 74
0
 40
-12.500000000
 40
-12.500000000
 40
-7.400000000
 40
-7.400000000
 10
58.000000000
 20
75.000000000
 30
-0.000000000
 10
58.000000000
 20
80.100000000
 30
-0.000000000
  0
SPLINE
  5
A7A
330
A02
100
AcDbEntity
  8
x_lower_sheets
100
AcDbSpline
210
0
220
0
230
1
 70
8
 71
1
 72
4
 73
2
 74
0
 40
-16.000000000
 40
-16.000000000
 40
16.000000000
 40
16.000000000
 10
26.000000000
 20
75.000000000
 30
0.000000000
 10
58.000000000
 20
75.000000000
 30
-0.000000000
  0
SPLINE
  5
A7B
330
A02
100
AcDbEntity
  8
x_lower_sheets
100
AcDbSpline
210
0
220
0
230
1
 70
8
 71
1
 72
4
 73
2
 74
0
 40
19.889444437
 40
19.889444437
 40
25.000000000
 40
25.000000000
 10
26.000000000
 20
80.110555563
 30
0.000000000
 10
26.000000000
 20
75.000000000
 30
0.000000000
  0
SPLINE
  5
A7C
330
A02
100
AcDbEntity
  8
x_lower_sheets
100
AcDbSpline
210
0
220
0
230
1
 70
8
 71
3
 72
14
 73
10
 74
0
 40
1.036734145
 40
1.036734145
 40
1.036734145
 40
1.036734145
 40
1.429640120
 40
1.429640120
 40
1.429640120
 40
1.626093107
 40
1.626093107
 40
1.626093107
 40
1.822546094
 40
1.822546094
 40
1.822546094
 40
1.822546094
 10
78.725723000
 20
92.234048674
 30
0.000000000
 10
77.604524938
 20
90.889100261
 30
0.000000000
 10
76.247699118
 20
89.393332776
 30
0.000000000
 10
74.529540565
 20
87.595928200
 30
0.000000000
 10
73.669128100
 20
86.696237040
 30
0.000000000
 10
72.716422033
 20
85.719863252
 30
0.000000000
 10
71.641127240
 20
84.636278353
 30
0.000000000
 10
70.565203499
 20
83.552131649
 30
0.000000000
 10
69.367372802
 20
82.361432408
 30
0.000000000
 10
68.000000000
 20
81.018166580
 30
0.000000000
  0
SPLINE
  5
A7D
330
A02
100
AcDbEntity
  8
x_lower_sheets
100
AcDbSpline
210
0
220
0
230
1
 70
8
 71
1
 72
4
 73
2
 74
0
 40
-7.765951326
 40
-7.765951326
 40
7.765951326
 40
7.765951326
 10
78.725723000
 20
107.765951326
 30
0.000000000
 10
78.725723000
 20
92.234048674
 30
0.000000000
  0
SPLINE
  5
A7E
330
A02
100
AcDbEntity
  8
x_lower_sheets
100
AcDbSpline
210
0
220
0
230
1
 70
8
 71
3
 72
14
 73
10
 74
0
 40
-1.822546094
 40
-1.822546094
 40
-1.822546094
 40
-1.822546094
 40
-1.626093107
 40
-1.626093107
 40
-1.626093107
 40
-1.429640120
 40
-1.429640120
 40
-1.429640120
 40
-1.036734145
 40
-1.036734145
 40
-1.036734145
 40
-1.036734145
 10
68.000000000
 20
118.981833420
 30
0.000000000
 10
69.367372802
 20
117.638567592
 30
0.000000000
 10
70.565203499
 20
116.447868351
 30
0.000000000
 10
71.641127240
 20
115.363721647
 30
0.000000000
 10
72.716422033
 20
114.280136748
 30
0.000000000
 10
73.669128100
 20
113.303762960
 30
0.000000000
 10
74.529540565
 20
112.404071800
 30
0.000000000
 10
76.247699118
 20
110.606667224
 30
0.000000000
 10
77.604524938
 20
109.110899739
 30
0.000000000
 10
78.725723000
 20
107.765951326
 30
0.000000000
  0
SPLINE
  5
A7F
330
A02
100
AcDbEntity
  8
x_lower_sheets
100
AcDbSpline
210
0
220
0
230
1
 70
8
 71
1
 72
4
 73
2
 74
0
 40
-25.000000000
 40
-25.000000000
 40
-18.981833420
 40
-18.981833420
 10
68.000000000
 20
125.000000000
 30
0.000000000
 10
68.000000000
 20
118.981833420
 30
0.000000000
  0
SPLINE
  5
A80
330
A02
100
AcDbEntity
  8
x_lower_sheets
100
AcDbSpline
210
0
220
0
230
1
 70
8
 71
1
 72
4
 73
2
 74
0
 40
-16.000000000
 40
-16.000000000
 40
16.000000000
 40
16.000000000
 10
68.000000000
 20
125.000000000
 30
0.000000000
 10
100.000000000
 20
125.000000000
 30
-0.000000000
  0
SPLINE
  5
A81
330
A02
100
AcDbEntity
  8
x_lower_sheets
100
AcDbSpline
210
0
220
0
230
1
 70
8
 71
1
 72
4
 73
2
 74
0
 40
32.400000000
 40
32.400000000
 40
37.500000000
 40
37.500000000
 10
100.000000000
 20
119.900000000
 30
-0.000000000
 10
100.000000000
 20
125.000000000
 30
-0.000000000
  0
SPLINE
  5
A82
330
A02
100
AcDbEntity
  8
x_lower_sheets
100
AcDbSpline
210
0
220
0
230
1
 70
8
 71
1
 72
4
 73
2
 74
0
 40
10.000000000
 40
10.000000000
 40
26.000000000
 40
26.000000000
 10
100.000000000
 20
119.900000000
 30
-0.000000000
 10
84.000000000
 20
119.900000000
 30
0.000000000
  0
SPLINE
  5
A83
330
A02
100
AcDbEntity
  8
x_lower_sheets
100
AcDbSpline
210
0
220
0
230
1
 70
8
 71
1
 72
4
 73
2
 74
0
 40
-10.450000000
 40
-10.450000000
 40
-9.450000000
 40
-9.450000000
 10
84.000000000
 20
119.900000000
 30
0.000000000
 10
84.000000000
 20
118.900000000
 30
0.000000000
  0
SPLINE
  5
A84
330
A02
100
AcDbEntity
  8
x_lower_sheets
100
AcDbSpline
210
0
220
0
230
1
 70
8
 71
1
 72
4
 73
2
 74
0
 40
8.450000000
 40
8.450000000
 40
9.450000000
 40
9.450000000
 10
84.000000000
 20
117.900000000
 30
0.000000000
 10
84.000000000
 20
118.900000000
 30
0.000000000
  0
SPLINE
  5
A85
330
A02
100
AcDbEntity
  8
x_lower_sheets
100
AcDbSpline
210
0
220
0
230
1
 70
8
 71
1
 72
4
 73
2
 74
0
 40
10.000000000
 40
10.000000000
 40
26.000000000
 40
26.000000000
 10
100.000000000
 20
117.900000000
 30
-0.000000000
 10
84.000000000
 20
117.900000000
 30
0.000000000
  0
SPLINE
  5
A86
330
A02
100
AcDbEntity
  8
x_lower_sheets
100
AcDbSpline
210
0
220
0
230
1
 70
8
 71
1
 72
4
 73
2
 74
0
 40
28.200000000
 40
28.200000000
 40
30.400000000
 40
30.400000000
 10
100.000000000
 20
115.700000000
 30
-0.000000000
 10
100.000000000
 20
117.900000000
 30
-0.000000000
  0
SPLINE
  5
A87
330
A02
100
AcDbEntity
  8
x_lower_sheets
100
AcDbSpline
210
0
220
0
230
1
 70
8
 71
1
 72
4
 73
2
 74
0
 40
10.000000000
 40
10.000000000
 40
26.000000000
 40
26.000000000
 10
100.000000000
 20
115.700000000
 30
-0.000000000
 10
84.000000000
 20
115.700000000
 30
0.000000000
  0
SPLINE
  5
A88
330
A02
100
AcDbEntity
  8
x_lower_sheets
100
AcDbSpline
210
0
220
0
230
1
 70
8
 71
1
 72
4
 73
2
 74
0
 40
-8.350000000
 40
-8.350000000
 40
-7.350000000
 40
-7.350000000
 10
84.000000000
 20
115.700000000
 30
0.000000000
 10
84.000000000
 20
114.700000000
 30
0.000000000
  0
SPLINE
  5
A89
330
A02
100
AcDbEntity
  8
x_lower_sheets
100
AcDbSpline
210
0
220
0
230
1
 70
8
 71
1
 72
4
 73
2
 74
0
 40
6.350000000
 40
6.350000000
 40
7.350000000
 40
7.350000000
 10
84.000000000
 20
113.700000000
 30
0.000000000
 10
84.000000000
 20
114.700000000
 30
0.000000000
  0
SPLINE
  5
A8A
330
A02
100
AcDbEntity
  8
x_lower_sheets
100
AcDbSpline
210
0
220
0
230
1
 70
8
 71
1
 72
4
 73
2
 74
0
 40
10.000000000
 40
10.000000000
 40
26.000000000
 40
26.000000000
 10
100.000000000
 20
113.700000000
 30
-0.000000000
 10
84.000000000
 20
113.700000000
 30
0.000000000
  0
SPLINE
  5
A8B
330
A02
100
AcDbEntity
  8
x_lower_sheets
100
AcDbSpline
210
0
220
0
230
1
 70
8
 71
1
 72
4
 73
2
 74
0
 40
24.000000000
 40
24.000000000
 40
26.200000000
 40
26.200000000
 10
100.000000000
 20
111.500000000
 30
-0.000000000
 10
100.000000000
 20
113.700000000
 30
-0.000000000
  0
SPLINE
  5
A8C
330
A02
100
AcDbEntity
  8
x_lower_sheets
100
AcDbSpline
210
0
220
0
230
1
 70
8
 71
1
 72
4
 73
2
 74
0
 40
10.000000000
 40
10.000000000
 40
26.000000000
 40
26.000000000
 10
100.000000000
 20
111.500000000
 30
-0.000000000
 10
84.000000000
 20
111.500000000
 30
0.000000000
  0
SPLINE
  5
A8D
330
A02
100
AcDbEntity
  8
x_lower_sheets
100
AcDbSpline
210
0
220
0
230
1
 70
8
 71
1
 72
4
 73
2
 74
0
 40
-6.250000000
 40
-6.250000000
 40
-5.250000000
 40
-5.250000000
 10
84.000000000
 20
111.500000000
 30
0.000000000
 10
84.000000000
 20
110.500000000
 30
0.000000000
  0
SPLINE
  5
A8E
330
A02
100
AcDbEntity
  8
x_lower_sheets
100
AcDbSpline
210
0
220
0
230
1
 70
8
 71
1
 72
4
 73
2
 74
0
 40
4.250000000
 40
4.250000000
 40
5.250000000
 40
5.250000000
 10
84.000000000
 20
109.500000000
 30
0.000000000
 10
84.000000000
 20
110.500000000
 30
0.000000000
  0
SPLINE
  5
A8F
330
A02
100
AcDbEntity
  8
x_lower_sheets
100
AcDbSpline
210
0
220
0
230
1
 70
8
 71
1
 72
4
 73
2
 74
0
 40
10.000000000
 40
10.000000000
 40
26.000000000
 40
26.000000000
 10
100.000000000
 20
109.500000000
 30
-0.000000000
 10
84.000000000
 20
109.500000000
 30
0.000000000
  0
SPLINE
  5
A90
330
A02
100
AcDbEntity
  8
x_lower_sheets
100
AcDbSpline
210
0
220
0
230
1
 70
8
 71
1
 72
4
 73
2
 74
0
 40
19.800000000
 40
19.800000000
 40
22.000000000
 40
22.000000000
 10
100.000000000
 20
107.300000000
 30
-0.000000000
 10
100.000000000
 20
109.500000000
 30
-0.000000000
  0
SPLINE
  5
A91
330
A02
100
AcDbEntity
  8
x_lower_sheets
100
AcDbSpline
210
0
220
0
230
1
 70
8
 71
1
 72
4
 73
2
 74
0
 40
10.000000000
 40
10.000000000
 40
26.000000000
 40
26.000000000
 10
100.000000000
 20
107.300000000
 30
-0.000000000
 10
84.000000000
 20
107.300000000
 30
0.000000000
  0
SPLINE
  5
A92
330
A02
100
AcDbEntity
  8
x_lower_sheets
100
AcDbSpline
210
0
220
0
230
1
 70
8
 71
1
 72
4
 73
2
 74
0
 40
-4.150000000
 40
-4.150000000
 40
-3.150000000
 40
-3.150000000
 10
84.000000000
 20
107.300000000
 30
0.000000000
 10
84.000000000
 20
106.300000000
 30
0.000000000
  0
SPLINE
  5
A93
330
A02
100
AcDbEntity
  8
x_lower_sheets
100
AcDbSpline
210
0
220
0
230
1
 70
8
 71
1
 72
4
 73
2
 74
0
 40
2.150000000
 40
2.150000000
 40
3.150000000
 40
3.150000000
 10
84.000000000
 20
105.300000000
 30
0.000000000
 10
84.000000000
 20
106.300000000
 30
0.000000000
  0
SPLINE
  5
A94
330
A02
100
AcDbEntity
  8
x_lower_sheets
100
AcDbSpline
210
0
220
0
230
1
 70
8
 71
1
 72
4
 73
2
 74
0
 40
10.000000000
 40
10.000000000
 40
26.000000000
 40
26.000000000
 10
100.000000000
 20
105.300000000
 30
-0.000000000
 10
84.000000000
 20
105.300000000
 30
0.000000000
  0
SPLINE
  5
A95
330
A02
100
AcDbEntity
  8
x_lower_sheets
100
AcDbSpline
210
0
220
0
230
1
 70
8
 71
1
 72
4
 73
2
 74
0
 40
15.600000000
 40
15.600000000
 40
17.800000000
 40
17.800000000
 10
100.000000000
 20
103.100000000
 30
-0.000000000
 10
100.000000000
 20
105.300000000
 30
-0.000000000
  0
SPLINE
  5
A96
330
A02
100
AcDbEntity
  8
x_lower_sheets
100
AcDbSpline
210
0
220
0
230
1
 70
8
 71
1
 72
4
 73
2
 74
0
 40
10.000000000
 40
10.000000000
 40
26.000000000
 40
26.000000000
 10
100.000000000
 20
103.100000000
 30
-0.000000000
 10
84.000000000
 20
103.100000000
 30
0.000000000
  0
SPLINE
  5
A97
330
A02
100
AcDbEntity
  8
x_lower_sheets
100
AcDbSpline
210
0
220
0
230
1
 70
8
 71
1
 72
4
 73
2
 74
0
 40
-2.050000000
 40
-2.050000000
 40
-1.050000000
 40
-1.050000000
 10
84.000000000
 20
103.100000000
 30
0.000000000
 10
84.000000000
 20
102.100000000
 30
0.000000000
  0
SPLINE
  5
A98
330
A02
100
AcDbEntity
  8
x_lower_sheets
100
AcDbSpline
210
0
220
0
230
1
 70
8
 71
1
 72
4
 73
2
 74
0
 40
0.050000000
 40
0.050000000
 40
1.050000000
 40
1.050000000
 10
84.000000000
 20
101.100000000
 30
0.000000000
 10
84.000000000
 20
102.100000000
 30
0.000000000
  0
SPLINE
  5
A99
330
A02
100
AcDbEntity
  8
x_lower_sheets
100
AcDbSpline
210
0
220
0
230
1
 70
8
 71
1
 72
4
 73
2
 74
0
 40
10.000000000
 40
10.000000000
 40
26.000000000
 40
26.000000000
 10
100.000000000
 20
101.100000000
 30
-0.000000000
 10
84.000000000
 20
101.100000000
 30
0.000000000
  0
SPLINE
  5
A9A
330
A02
100
AcDbEntity
  8
x_lower_sheets
100
AcDbSpline
210
0
220
0
230
1
 70
8
 71
1
 72
4
 73
2
 74
0
 40
11.400000000
 40
11.400000000
 40
13.600000000
 40
13.600000000
 10
100.000000000
 20
98.900000000
 30
-0.000000000
 10
100.000000000
 20
101.100000000
 30
-0.000000000
  0
SPLINE
  5
A9B
330
A02
100
AcDbEntity
  8
x_lower_sheets
100
AcDbSpline
210
0
220
0
230
1
 70
8
 71
1
 72
4
 73
2
 74
0
 40
10.000000000
 40
10.000000000
 40
26.000000000
 40
26.000000000
 10
100.000000000
 20
98.900000000
 30
-0.000000000
 10
84.000000000
 20
98.900000000
 30
0.000000000
  0
SPLINE
  5
A9C
330
A02
100
AcDbEntity
  8
x_lower_sheets
100
AcDbSpline
210
0
220
0
230
1
 70
8
 71
1
 72
4
 73
2
 74
0
 40
0.050000000
 40
0.050000000
 40
1.050000000
 40
1.050000000
 10
84.000000000
 20
98.900000000
 30
0.000000000
 10
84.000000000
 20
97.900000000
 30
0.000000000
  0
SPLINE
  5
A9D
330
A02
100
AcDbEntity
  8
x_lower_sheets
100
AcDbSpline
210
0
220
0
230
1
 70
8
 71
1
 72
4
 73
2
 74
0
 40
-2.050000000
 40
-2.050000000
 40
-1.050000000
 40
-1.050000000
 10
84.000000000
 20
96.900000000
 30
0.000000000
 10
84.000000000
 20
97.900000000
 30
0.000000000
  0
SPLINE
  5
A9E
330
A02
100
AcDbEntity
  8
x_lower_sheets
100
AcDbSpline
210
0
220
0
230
1
 70
8
 71
1
 72
4
 73
2
 74
0
 40
10.000000000
 40
10.000000000
 40
26.000000000
 40
26.000000000
 10
100.000000000
 20
96.900000000
 30
-0.000000000
 10
84.000000000
 20
96.900000000
 30
0.000000000
  0
SPLINE
  5
A9F
330
A02
100
AcDbEntity
  8
x_lower_sheets
100
AcDbSpline
210
0
220
0
230
1
 70
8
 71
1
 72
4
 73
2
 74
0
 40
7.200000000
 40
7.200000000
 40
9.400000000
 40
9.400000000
 10
100.000000000
 20
94.700000000
 30
-0.000000000
 10
100.000000000
 20
96.900000000
 30
-0.000000000
  0
SPLINE
  5
AA0
330
A02
100
AcDbEntity
  8
x_lower_sheets
100
AcDbSpline
210
0
220
0
230
1
 70
8
 71
1
 72
4
 73
2
 74
0
 40
10.000000000
 40
10.000000000
 40
26.000000000
 40
26.000000000
 10
100.000000000
 20
94.700000000
 30
-0.000000000
 10
84.000000000
 20
94.700000000
 30
0.000000000
  0
SPLINE
  5
AA1
330
A02
100
AcDbEntity
  8
x_lower_sheets
100
AcDbSpline
210
0
220
0
230
1
 70
8
 71
1
 72
4
 73
2
 74
0
 40
2.150000000
 40
2.150000000
 40
3.150000000
 40
3.150000000
 10
84.000000000
 20
94.700000000
 30
0.000000000
 10
84.000000000
 20
93.700000000
 30
0.000000000
  0
SPLINE
  5
AA2
330
A02
100
AcDbEntity
  8
x_lower_sheets
100
AcDbSpline
210
0
220
0
230
1
 70
8
 71
1
 72
4
 73
2
 74
0
 40
-4.150000000
 40
-4.150000000
 40
-3.150000000
 40
-3.150000000
 10
84.000000000
 20
92.700000000
 30
0.000000000
 10
84.000000000
 20
93.700000000
 30
0.000000000
  0
SPLINE
  5
AA3
330
A02
100
AcDbEntity
  8
x_lower_sheets
100
AcDbSpline
210
0
220
0
230
1
 70
8
 71
1
 72
4
 73
2
 74
0
 40
10.000000000
 40
10.000000000
 40
26.000000000
 40
26.000000000
 10
100.000000000
 20
92.700000000
 30
-0.000000000
 10
84.000000000
 20
92.700000000
 30
0.000000000
  0
SPLINE
  5
AA4
330
A02
100
AcDbEntity
  8
x_lower_sheets
100
AcDbSpline
210
0
220
0
230
1
 70
8
 71
1
 72
4
 73
2
 74
0
 40
3.000000000
 40
3.000000000
 40
5.200000000
 40
5.200000000
 10
100.000000000
 20
90.500000000
 30
-0.000000000
 10
100.000000000
 20
92.700000000
 30
-0.000000000
  0
SPLINE
  5
AA5
330
A02
100
AcDbEntity
  8
x_lower_sheets
100
AcDbSpline
210
0
220
0
230
1
 70
8
 71
1
 72
4
 73
2
 74
0
 40
10.000000000
 40
10.000000000
 40
26.000000000
 40
26.000000000
 10
100.000000000
 20
90.500000000
 30
-0.000000000
 10
84.000000000
 20
90.500000000
 30
0.000000000
  0
SPLINE
  5
AA6
330
A02
100
AcDbEntity
  8
x_lower_sheets
100
AcDbSpline
210
0
220
0
230
1
 70
8
 71
1
 72
4
 73
2
 74
0
 40
4.250000000
 40
4.250000000
 40
5.250000000
 40
5.250000000
 10
84.000000000
 20
90.500000000
 30
0.000000000
 10
84.000000000
 20
89.500000000
 30
0.000000000
  0
SPLINE
  5
AA7
330
A02
100
AcDbEntity
  8
x_lower_sheets
100
AcDbSpline
210
0
220
0
230
1
 70
8
 71
1
 72
4
 73
2
 74
0
 40
-6.250000000
 40
-6.250000000
 40
-5.250000000
 40
-5.250000000
 10
84.000000000
 20
88.500000000
 30
0.000000000
 10
84.000000000
 20
89.500000000
 30
0.000000000
  0
SPLINE
  5
AA8
330
A02
100
AcDbEntity
  8
x_lower_sheets
100
AcDbSpline
210
0
220
0
230
1
 70
8
 71
1
 72
4
 73
2
 74
0
 40
10.000000000
 40
10.000000000
 40
26.000000000
 40
26.000000000
 10
100.000000000
 20
88.500000000
 30
-0.000000000
 10
84.000000000
 20
88.500000000
 30
0.000000000
  0
SPLINE
  5
AA9
330
A02
100
AcDbEntity
  8
x_lower_sheets
100
AcDbSpline
210
0
220
0
230
1
 70
8
 71
1
 72
4
 73
2
 74
0
 40
-1.200000000
 40
-1.200000000
 40
1.000000000
 40
1.000000000
 10
100.000000000
 20
86.300000000
 30
-0.000000000
 10
100.000000000
 20
88.500000000
 30
-0.000000000
  0
SPLINE
  5
AAA
330
A02
100
AcDbEntity
  8
x_lower_sheets
100
AcDbSpline
210
0
220
0
230
1
 70
8
 71
1
 72
4
 73
2
 74
0
 40
10.000000000
 40
10.000000000
 40
26.000000000
 40
26.000000000
 10
100.000000000
 20
86.300000000
 30
-0.000000000
 10
84.000000000
 20
86.300000000
 30
0.000000000
  0
SPLINE
  5
AAB
330
A02
100
AcDbEntity
  8
x_lower_sheets
100
AcDbSpline
210
0
220
0
230
1
 70
8
 71
1
 72
4
 73
2
 74
0
 40
6.350000000
 40
6.350000000
 40
7.350000000
 40
7.350000000
 10
84.000000000
 20
86.300000000
 30
0.000000000
 10
84.000000000
 20
85.300000000
 30
0.000000000
  0
SPLINE
  5
AAC
330
A02
100
AcDbEntity
  8
x_lower_sheets
100
AcDbSpline
210
0
220
0
230
1
 70
8
 71
1
 72
4
 73
2
 74
0
 40
-8.350000000
 40
-8.350000000
 40
-7.350000000
 40
-7.350000000
 10
84.000000000
 20
84.300000000
 30
0.000000000
 10
84.000000000
 20
85.300000000
 30
0.000000000
  0
SPLINE
  5
AAD
330
A02
100
AcDbEntity
  8
x_lower_sheets
100
AcDbSpline
210
0
220
0
230
1
 70
8
 71
1
 72
4
 73
2
 74
0
 40
10.000000000
 40
10.000000000
 40
26.000000000
 40
26.000000000
 10
100.000000000
 20
84.300000000
 30
-0.000000000
 10
84.000000000
 20
84.300000000
 30
0.000000000
  0
SPLINE
  5
AAE
330
A02
100
AcDbEntity
  8
x_lower_sheets
100
AcDbSpline
210
0
220
0
230
1
 70
8
 71
1
 72
4
 73
2
 74
0
 40
-5.400000000
 40
-5.400000000
 40
-3.200000000
 40
-3.200000000
 10
100.000000000
 20
82.100000000
 30
-0.000000000
 10
100.000000000
 20
84.300000000
 30
-0.000000000
  0
SPLINE
  5
AAF
330
A02
100
AcDbEntity
  8
x_lower_sheets
100
AcDbSpline
210
0
220
0
230
1
 70
8
 71
1
 72
4
 73
2
 74
0
 40
10.000000000
 40
10.000000000
 40
26.000000000
 40
26.000000000
 10
100.000000000
 20
82.100000000
 30
-0.000000000
 10
84.000000000
 20
82.100000000
 30
0.000000000
  0
SPLINE
  5
AB0
330
A02
100
AcDbEntity
  8
x_lower_sheets
100
AcDbSpline
210
0
220
0
230
1
 70
8
 71
1
 72
4
 73
2
 74
0
 40
8.450000000
 40
8.450000000
 40
9.450000000
 40
9.450000000
 10
84.000000000
 20
82.100000000
 30
0.000000000
 10
84.000000000
 20
81.100000000
 30
0.000000000
  0
SPLINE
  5
AB1
330
A02
100
AcDbEntity
  8
x_lower_sheets
100
AcDbSpline
210
0
220
0
230
1
 70
8
 71
1
 72
4
 73
2
 74
0
 40
-10.450000000
 40
-10.450000000
 40
-9.450000000
 40
-9.450000000
 10
84.000000000
 20
80.100000000
 30
0.000000000
 10
84.000000000
 20
81.100000000
 30
0.000000000
  0
SPLINE
  5
AB2
330
A02
100
AcDbEntity
  8
x_lower_sheets
100
AcDbSpline
210
0
220
0
230
1
 70
8
 71
1
 72
4
 73
2
 74
0
 40
10.000000000
 40
10.000000000
 40
26.000000000
 40
26.000000000
 10
100.000000000
 20
80.100000000
 30
-0.000000000
 10
84.000000000
 20
80.100000000
 30
0.000000000
  0
SPLINE
  5
AB3
330
A02
100
AcDbEntity
  8
x_lower_sheets
100
AcDbSpline
210
0
220
0
230
1
 70
8
 71
1
 72
4
 73
2
 74
0
 40
-12.500000000
 40
-12.500000000
 40
-7.400000000
 40
-7.400000000
 10
100.000000000
 20
75.000000000
 30
-0.000000000
 10
100.000000000
 20
80.100000000
 30
-0.000000000
  0
SPLINE
  5
AB4
330
A02
100
AcDbEntity
  8
x_lower_sheets
100
AcDbSpline
210
0
220
0
230
1
 70
8
 71
1
 72
4
 73
2
 74
0
 40
-16.000000000
 40
-16.000000000
 40
16.000000000
 40
16.000000000
 10
68.000000000
 20
75.000000000
 30
0.000000000
 10
100.000000000
 20
75.000000000
 30
-0.000000000
  0
SPLINE
  5
AB5
330
A02
100
AcDbEntity
  8
x_lower_sheets
100
AcDbSpline
210
0
220
0
230
1
 70
8
 71
1
 72
4
 73
2
 74
0
 40
18.981833420
 40
18.981833420
 40
25.000000000
 40
25.000000000
 10
68.000000000
 20
81.018166580
 30
0.000000000
 10
68.000000000
 20
75.000000000
 30
0.000000000
  0
SPLINE
  5
AB6
330
A02
100
AcDbEntity
  8
x_lower_sheets
100
AcDbSpline
210
0
220
0
230
1
 70
8
 71
3
 72
14
 73
10
 74
0
 40
1.036734145
 40
1.036734145
 40
1.036734145
 40
1.036734145
 40
1.429640120
 40
1.429640120
 40
1.429640120
 40
1.626093107
 40
1.626093107
 40
1.626093107
 40
1.822546094
 40
1.822546094
 40
1.822546094
 40
1.822546094
 10
120.725723000
 20
92.234048674
 30
0.000000000
 10
119.604524938
 20
90.889100261
 30
0.000000000
 10
118.247699118
 20
89.393332776
 30
0.000000000
 10
116.529540565
 20
87.595928200
 30
0.000000000
 10
115.669128100
 20
86.696237040
 30
0.000000000
 10
114.716422033
 20
85.719863252
 30
0.000000000
 10
113.641127240
 20
84.636278353
 30
0.000000000
 10
112.565203499
 20
83.552131649
 30
0.000000000
 10
111.367372802
 20
82.361432408
 30
0.000000000
 10
110.000000000
 20
81.018166580
 30
0.000000000
  0
SPLINE
  5
AB7
330
A02
100
AcDbEntity
  8
x_lower_sheets
100
AcDbSpline
210
0
220
0
230
1
 70
8
 71
1
 72
4
 73
2
 74
0
 40
-7.765951326
 40
-7.765951326
 40
7.765951326
 40
7.765951326
 10
120.725723000
 20
107.765951326
 30
0.000000000
 10
120.725723000
 20
92.234048674
 30
0.000000000
  0
SPLINE
  5
AB8
330
A02
100
AcDbEntity
  8
x_lower_sheets
100
AcDbSpline
210
0
220
0
230
1
 70
8
 71
3
 72
14
 73
10
 74
0
 40
-1.822546094
 40
-1.822546094
 40
-1.822546094
 40
-1.822546094
 40
-1.626093107
 40
-1.626093107
 40
-1.626093107
 40
-1.429640120
 40
-1.429640120
 40
-1.429640120
 40
-1.036734145
 40
-1.036734145
 40
-1.036734145
 40
-1.036734145
 10
110.000000000
 20
118.981833420
 30
0.000000000
 10
111.367372802
 20
117.638567592
 30
0.000000000
 10
112.565203499
 20
116.447868351
 30
0.000000000
 10
113.641127240
 20
115.363721647
 30
0.000000000
 10
114.716422033
 20
114.280136748
 30
0.000000000
 10
115.669128100
 20
113.303762960
 30
0.000000000
 10
116.529540565
 20
112.404071800
 30
0.000000000
 10
118.247699118
 20
110.606667224
 30
0.000000000
 10
119.604524938
 20
109.110899739
 30
0.000000000
 10
120.725723000
 20
107.765951326
 30
0.000000000
  0
SPLINE
  5
AB9
330
A02
100
AcDbEntity
  8
x_lower_sheets
100
AcDbSpline
210
0
220
0
230
1
 70
8
 71
1
 72
4
 73
2
 74
0
 40
-25.000000000
 40
-25.000000000
 40
-18.981833420
 40
-18.981833420
 10
110.000000000
 20
125.000000000
 30
0.000000000
 10
110.000000000
 20
118.981833420
 30
0.000000000
  0
SPLINE
  5
ABA
330
A02
100
AcDbEntity
  8
x_lower_sheets
100
AcDbSpline
210
0
220
0
230
1
 70
8
 71
1
 72
4
 73
2
 74
0
 40
-16.000000000
 40
-16.000000000
 40
16.000000000
 40
16.000000000
 10
110.000000000
 20
125.000000000
 30
0.000000000
 10
142.000000000
 20
125.000000000
 30
-0.000000000
  0
SPLINE
  5
ABB
330
A02
100
AcDbEntity
  8
x_lower_sheets
100
AcDbSpline
210
0
220
0
230
1
 70
8
 71
1
 72
4
 73
2
 74
0
 40
32.400000000
 40
32.400000000
 40
37.500000000
 40
37.500000000
 10
142.000000000
 20
119.900000000
 30
-0.000000000
 10
142.000000000
 20
125.000000000
 30
-0.000000000
  0
SPLINE
  5
ABC
330
A02
100
AcDbEntity
  8
x_lower_sheets
100
AcDbSpline
210
0
220
0
230
1
 70
8
 71
1
 72
4
 73
2
 74
0
 40
10.000000000
 40
10.000000000
 40
26.000000000
 40
26.000000000
 10
142.000000000
 20
119.900000000
 30
-0.000000000
 10
126.000000000
 20
119.900000000
 30
0.000000000
  0
SPLINE
  5
ABD
330
A02
100
AcDbEntity
  8
x_lower_sheets
100
AcDbSpline
210
0
220
0
230
1
 70
8
 71
1
 72
4
 73
2
 74
0
 40
-10.450000000
 40
-10.450000000
 40
-9.450000000
 40
-9.450000000
 10
126.000000000
 20
119.900000000
 30
0.000000000
 10
126.000000000
 20
118.900000000
 30
0.000000000
  0
SPLINE
  5
ABE
330
A02
100
AcDbEntity
  8
x_lower_sheets
100
AcDbSpline
210
0
220
0
230
1
 70
8
 71
1
 72
4
 73
2
 74
0
 40
8.450000000
 40
8.450000000
 40
9.450000000
 40
9.450000000
 10
126.000000000
 20
117.900000000
 30
0.000000000
 10
126.000000000
 20
118.900000000
 30
0.000000000
  0
SPLINE
  5
ABF
330
A02
100
AcDbEntity
  8
x_lower_sheets
100
AcDbSpline
210
0
220
0
230
1
 70
8
 71
1
 72
4
 73
2
 74
0
 40
10.000000000
 40
10.000000000
 40
26.000000000
 40
26.000000000
 10
142.000000000
 20
117.900000000
 30
-0.000000000
 10
126.000000000
 20
117.900000000
 30
0.000000000
  0
SPLINE
  5
AC0
330
A02
100
AcDbEntity
  8
x_lower_sheets
100
AcDbSpline
210
0
220
0
230
1
 70
8
 71
1
 72
4
 73
2
 74
0
 40
28.200000000
 40
28.200000000
 40
30.400000000
 40
30.400000000
 10
142.000000000
 20
115.700000000
 30
-0.000000000
 10
142.000000000
 20
117.900000000
 30
-0.000000000
  0
SPLINE
  5
AC1
330
A02
100
AcDbEntity
  8
x_lower_sheets
100
AcDbSpline
210
0
220
0
230
1
 70
8
 71
1
 72
4
 73
2
 74
0
 40
10.000000000
 40
10.000000000
 40
26.000000000
 40
26.000000000
 10
142.000000000
 20
115.700000000
 30
-0.000000000
 10
126.000000000
 20
115.700000000
 30
0.000000000
  0
SPLINE
  5
AC2
330
A02
100
AcDbEntity
  8
x_lower_sheets
100
AcDbSpline
210
0
220
0
230
1
 70
8
 71
1
 72
4
 73
2
 74
0
 40
-8.350000000
 40
-8.350000000
 40
-7.350000000
 40
-7.350000000
 10
126.000000000
 20
115.700000000
 30
0.000000000
 10
126.000000000
 20
114.700000000
 30
0.000000000
  0
SPLINE
  5
AC3
330
A02
100
AcDbEntity
  8
x_lower_sheets
100
AcDbSpline
210
0
220
0
230
1
 70
8
 71
1
 72
4
 73
2
 74
0
 40
6.350000000
 40
6.350000000
 40
7.350000000
 40
7.350000000
 10
126.000000000
 20
113.700000000
 30
0.000000000
 10
126.000000000
 20
114.700000000
 30
0.000000000
  0
SPLINE
  5
AC4
330
A02
100
AcDbEntity
  8
x_lower_sheets
100
AcDbSpline
210
0
220
0
230
1
 70
8
 71
1
 72
4
 73
2
 74
0
 40
10.000000000
 40
10.000000000
 40
26.000000000
 40
26.000000000
 10
142.000000000
 20
113.700000000
 30
-0.000000000
 10
126.000000000
 20
113.700000000
 30
0.000000000
  0
SPLINE
  5
AC5
330
A02
100
AcDbEntity
  8
x_lower_sheets
100
AcDbSpline
210
0
220
0
230
1
 70
8
 71
1
 72
4
 73
2
 74
0
 40
24.000000000
 40
24.000000000
 40
26.200000000
 40
26.200000000
 10
142.000000000
 20
111.500000000
 30
-0.000000000
 10
142.000000000
 20
113.700000000
 30
-0.000000000
  0
SPLINE
  5
AC6
330
A02
100
AcDbEntity
  8
x_lower_sheets
100
AcDbSpline
210
0
220
0
230
1
 70
8
 71
1
 72
4
 73
2
 74
0
 40
10.000000000
 40
10.000000000
 40
26.000000000
 40
26.000000000
 10
142.000000000
 20
111.500000000
 30
-0.000000000
 10
126.000000000
 20
111.500000000
 30
0.000000000
  0
SPLINE
  5
AC7
330
A02
100
AcDbEntity
  8
x_lower_sheets
100
AcDbSpline
210
0
220
0
230
1
 70
8
 71
1
 72
4
 73
2
 74
0
 40
-6.250000000
 40
-6.250000000
 40
-5.250000000
 40
-5.250000000
 10
126.000000000
 20
111.500000000
 30
0.000000000
 10
126.000000000
 20
110.500000000
 30
0.000000000
  0
SPLINE
  5
AC8
330
A02
100
AcDbEntity
  8
x_lower_sheets
100
AcDbSpline
210
0
220
0
230
1
 70
8
 71
1
 72
4
 73
2
 74
0
 40
4.250000000
 40
4.250000000
 40
5.250000000
 40
5.250000000
 10
126.000000000
 20
109.500000000
 30
0.000000000
 10
126.000000000
 20
110.500000000
 30
0.000000000
  0
SPLINE
  5
AC9
330
A02
100
AcDbEntity
  8
x_lower_sheets
100
AcDbSpline
210
0
220
0
230
1
 70
8
 71
1
 72
4
 73
2
 74
0
 40
10.000000000
 40
10.000000000
 40
26.000000000
 40
26.000000000
 10
142.000000000
 20
109.500000000
 30
-0.000000000
 10
126.000000000
 20
109.500000000
 30
0.000000000
  0
SPLINE
  5
ACA
330
A02
100
AcDbEntity
  8
x_lower_sheets
100
AcDbSpline
210
0
220
0
230
1
 70
8
 71
1
 72
4
 73
2
 74
0
 40
19.800000000
 40
19.800000000
 40
22.000000000
 40
22.000000000
 10
142.000000000
 20
107.300000000
 30
-0.000000000
 10
142.000000000
 20
109.500000000
 30
-0.000000000
  0
SPLINE
  5
ACB
330
A02
100
AcDbEntity
  8
x_lower_sheets
100
AcDbSpline
210
0
220
0
230
1
 70
8
 71
1
 72
4
 73
2
 74
0
 40
10.000000000
 40
10.000000000
 40
26.000000000
 40
26.000000000
 10
142.000000000
 20
107.300000000
 30
-0.000000000
 10
126.000000000
 20
107.300000000
 30
0.000000000
  0
SPLINE
  5
ACC
330
A02
100
AcDbEntity
  8
x_lower_sheets
100
AcDbSpline
210
0
220
0
230
1
 70
8
 71
1
 72
4
 73
2
 74
0
 40
-4.150000000
 40
-4.150000000
 40
-3.150000000
 40
-3.150000000
 10
126.000000000
 20
107.300000000
 30
0.000000000
 10
126.000000000
 20
106.300000000
 30
0.000000000
  0
SPLINE
  5
ACD
330
A02
100
AcDbEntity
  8
x_lower_sheets
100
AcDbSpline
210
0
220
0
230
1
 70
8
 71
1
 72
4
 73
2
 74
0
 40
2.150000000
 40
2.150000000
 40
3.150000000
 40
3.150000000
 10
126.000000000
 20
105.300000000
 30
0.000000000
 10
126.000000000
 20
106.300000000
 30
0.000000000
  0
SPLINE
  5
ACE
330
A02
100
AcDbEntity
  8
x_lower_sheets
100
AcDbSpline
210
0
220
0
230
1
 70
8
 71
1
 72
4
 73
2
 74
0
 40
10.000000000
 40
10.000000000
 40
26.000000000
 40
26.000000000
 10
142.000000000
 20
105.300000000
 30
-0.000000000
 10
126.000000000
 20
105.300000000
 30
0.000000000
  0
SPLINE
  5
ACF
330
A02
100
AcDbEntity
  8
x_lower_sheets
100
AcDbSpline
210
0
220
0
230
1
 70
8
 71
1
 72
4
 73
2
 74
0
 40
15.600000000
 40
15.600000000
 40
17.800000000
 40
17.800000000
 10
142.000000000
 20
103.100000000
 30
-0.000000000
 10
142.000000000
 20
105.300000000
 30
-0.000000000
  0
SPLINE
  5
AD0
330
A02
100
AcDbEntity
  8
x_lower_sheets
100
AcDbSpline
210
0
220
0
230
1
 70
8
 71
1
 72
4
 73
2
 74
0
 40
10.000000000
 40
10.000000000
 40
26.000000000
 40
26.000000000
 10
142.000000000
 20
103.100000000
 30
-0.000000000
 10
126.000000000
 20
103.100000000
 30
0.000000000
  0
SPLINE
  5
AD1
330
A02
100
AcDbEntity
  8
x_lower_sheets
100
AcDbSpline
210
0
220
0
230
1
 70
8
 71
1
 72
4
 73
2
 74
0
 40
-2.050000000
 40
-2.050000000
 40
-1.050000000
 40
-1.050000000
 10
126.000000000
 20
103.100000000
 30
0.000000000
 10
126.000000000
 20
102.100000000
 30
0.000000000
  0
SPLINE
  5
AD2
330
A02
100
AcDbEntity
  8
x_lower_sheets
100
AcDbSpline
210
0
220
0
230
1
 70
8
 71
1
 72
4
 73
2
 74
0
 40
0.050000000
 40
0.050000000
 40
1.050000000
 40
1.050000000
 10
126.000000000
 20
101.100000000
 30
0.000000000
 10
126.000000000
 20
102.100000000
 30
0.000000000
  0
SPLINE
  5
AD3
330
A02
100
AcDbEntity
  8
x_lower_sheets
100
AcDbSpline
210
0
220
0
230
1
 70
8
 71
1
 72
4
 73
2
 74
0
 40
10.000000000
 40
10.000000000
 40
26.000000000
 40
26.000000000
 10
142.000000000
 20
101.100000000
 30
-0.000000000
 10
126.000000000
 20
101.100000000
 30
0.000000000
  0
SPLINE
  5
AD4
330
A02
100
AcDbEntity
  8
x_lower_sheets
100
AcDbSpline
210
0
220
0
230
1
 70
8
 71
1
 72
4
 73
2
 74
0
 40
11.400000000
 40
11.400000000
 40
13.600000000
 40
13.600000000
 10
142.000000000
 20
98.900000000
 30
-0.000000000
 10
142.000000000
 20
101.100000000
 30
-0.000000000
  0
SPLINE
  5
AD5
330
A02
100
AcDbEntity
  8
x_lower_sheets
100
AcDbSpline
210
0
220
0
230
1
 70
8
 71
1
 72
4
 73
2
 74
0
 40
10.000000000
 40
10.000000000
 40
26.000000000
 40
26.000000000
 10
142.000000000
 20
98.900000000
 30
-0.000000000
 10
126.000000000
 20
98.900000000
 30
0.000000000
  0
SPLINE
  5
AD6
330
A02
100
AcDbEntity
  8
x_lower_sheets
100
AcDbSpline
210
0
220
0
230
1
 70
8
 71
1
 72
4
 73
2
 74
0
 40
0.050000000
 40
0.050000000
 40
1.050000000
 40
1.050000000
 10
126.000000000
 20
98.900000000
 30
0.000000000
 10
126.000000000
 20
97.900000000
 30
0.000000000
  0
SPLINE
  5
AD7
330
A02
100
AcDbEntity
  8
x_lower_sheets
100
AcDbSpline
210
0
220
0
230
1
 70
8
 71
1
 72
4
 73
2
 74
0
 40
-2.050000000
 40
-2.050000000
 40
-1.050000000
 40
-1.050000000
 10
126.000000000
 20
96.900000000
 30
0.000000000
 10
126.000000000
 20
97.900000000
 30
0.000000000
  0
SPLINE
  5
AD8
330
A02
100
AcDbEntity
  8
x_lower_sheets
100
AcDbSpline
210
0
220
0
230
1
 70
8
 71
1
 72
4
 73
2
 74
0
 40
10.000000000
 40
10.000000000
 40
26.000000000
 40
26.000000000
 10
142.000000000
 20
96.900000000
 30
-0.000000000
 10
126.000000000
 20
96.900000000
 30
0.000000000
  0
SPLINE
  5
AD9
330
A02
100
AcDbEntity
  8
x_lower_sheets
100
AcDbSpline
210
0
220
0
230
1
 70
8
 71
1
 72
4
 73
2
 74
0
 40
7.200000000
 40
7.200000000
 40
9.400000000
 40
9.400000000
 10
142.000000000
 20
94.700000000
 30
-0.000000000
 10
142.000000000
 20
96.900000000
 30
-0.000000000
  0
SPLINE
  5
ADA
330
A02
100
AcDbEntity
  8
x_lower_sheets
100
AcDbSpline
210
0
220
0
230
1
 70
8
 71
1
 72
4
 73
2
 74
0
 40
10.000000000
 40
10.000000000
 40
26.000000000
 40
26.000000000
 10
142.000000000
 20
94.700000000
 30
-0.000000000
 10
126.000000000
 20
94.700000000
 30
0.000000000
  0
SPLINE
  5
ADB
330
A02
100
AcDbEntity
  8
x_lower_sheets
100
AcDbSpline
210
0
220
0
230
1
 70
8
 71
1
 72
4
 73
2
 74
0
 40
2.150000000
 40
2.150000000
 40
3.150000000
 40
3.150000000
 10
126.000000000
 20
94.700000000
 30
0.000000000
 10
126.000000000
 20
93.700000000
 30
0.000000000
  0
SPLINE
  5
ADC
330
A02
100
AcDbEntity
  8
x_lower_sheets
100
AcDbSpline
210
0
220
0
230
1
 70
8
 71
1
 72
4
 73
2
 74
0
 40
-4.150000000
 40
-4.150000000
 40
-3.150000000
 40
-3.150000000
 10
126.000000000
 20
92.700000000
 30
0.000000000
 10
126.000000000
 20
93.700000000
 30
0.000000000
  0
SPLINE
  5
ADD
330
A02
100
AcDbEntity
  8
x_lower_sheets
100
AcDbSpline
210
0
220
0
230
1
 70
8
 71
1
 72
4
 73
2
 74
0
 40
10.000000000
 40
10.000000000
 40
26.000000000
 40
26.000000000
 10
142.000000000
 20
92.700000000
 30
-0.000000000
 10
126.000000000
 20
92.700000000
 30
0.000000000
  0
SPLINE
  5
ADE
330
A02
100
AcDbEntity
  8
x_lower_sheets
100
AcDbSpline
210
0
220
0
230
1
 70
8
 71
1
 72
4
 73
2
 74
0
 40
3.000000000
 40
3.000000000
 40
5.200000000
 40
5.200000000
 10
142.000000000
 20
90.500000000
 30
-0.000000000
 10
142.000000000
 20
92.700000000
 30
-0.000000000
  0
SPLINE
  5
ADF
330
A02
100
AcDbEntity
  8
x_lower_sheets
100
AcDbSpline
210
0
220
0
230
1
 70
8
 71
1
 72
4
 73
2
 74
0
 40
10.000000000
 40
10.000000000
 40
26.000000000
 40
26.000000000
 10
142.000000000
 20
90.500000000
 30
-0.000000000
 10
126.000000000
 20
90.500000000
 30
0.000000000
  0
SPLINE
  5
AE0
330
A02
100
AcDbEntity
  8
x_lower_sheets
100
AcDbSpline
210
0
220
0
230
1
 70
8
 71
1
 72
4
 73
2
 74
0
 40
4.250000000
 40
4.250000000
 40
5.250000000
 40
5.250000000
 10
126.000000000
 20
90.500000000
 30
0.000000000
 10
126.000000000
 20
89.500000000
 30
0.000000000
  0
SPLINE
  5
AE1
330
A02
100
AcDbEntity
  8
x_lower_sheets
100
AcDbSpline
210
0
220
0
230
1
 70
8
 71
1
 72
4
 73
2
 74
0
 40
-6.250000000
 40
-6.250000000
 40
-5.250000000
 40
-5.250000000
 10
126.000000000
 20
88.500000000
 30
0.000000000
 10
126.000000000
 20
89.500000000
 30
0.000000000
  0
SPLINE
  5
AE2
330
A02
100
AcDbEntity
  8
x_lower_sheets
100
AcDbSpline
210
0
220
0
230
1
 70
8
 71
1
 72
4
 73
2
 74
0
 40
10.000000000
 40
10.000000000
 40
26.000000000
 40
26.000000000
 10
142.000000000
 20
88.500000000
 30
-0.000000000
 10
126.000000000
 20
88.500000000
 30
0.000000000
  0
SPLINE
  5
AE3
330
A02
100
AcDbEntity
  8
x_lower_sheets
100
AcDbSpline
210
0
220
0
230
1
 70
8
 71
1
 72
4
 73
2
 74
0
 40
-1.200000000
 40
-1.200000000
 40
1.000000000
 40
1.000000000
 10
142.000000000
 20
86.300000000
 30
-0.000000000
 10
142.000000000
 20
88.500000000
 30
-0.000000000
  0
SPLINE
  5
AE4
330
A02
100
AcDbEntity
  8
x_lower_sheets
100
AcDbSpline
210
0
220
0
230
1
 70
8
 71
1
 72
4
 73
2
 74
0
 40
10.000000000
 40
10.000000000
 40
26.000000000
 40
26.000000000
 10
142.000000000
 20
86.300000000
 30
-0.000000000
 10
126.000000000
 20
86.300000000
 30
0.000000000
  0
SPLINE
  5
AE5
330
A02
100
AcDbEntity
  8
x_lower_sheets
100
AcDbSpline
210
0
220
0
230
1
 70
8
 71
1
 72
4
 73
2
 74
0
 40
6.350000000
 40
6.350000000
 40
7.350000000
 40
7.350000000
 10
126.000000000
 20
86.300000000
 30
0.000000000
 10
126.000000000
 20
85.300000000
 30
0.000000000
  0
SPLINE
  5
AE6
330
A02
100
AcDbEntity
  8
x_lower_sheets
100
AcDbSpline
210
0
220
0
230
1
 70
8
 71
1
 72
4
 73
2
 74
0
 40
-8.350000000
 40
-8.350000000
 40
-7.350000000
 40
-7.350000000
 10
126.000000000
 20
84.300000000
 30
0.000000000
 10
126.000000000
 20
85.300000000
 30
0.000000000
  0
SPLINE
  5
AE7
330
A02
100
AcDbEntity
  8
x_lower_sheets
100
AcDbSpline
210
0
220
0
230
1
 70
8
 71
1
 72
4
 73
2
 74
0
 40
10.000000000
 40
10.000000000
 40
26.000000000
 40
26.000000000
 10
142.000000000
 20
84.300000000
 30
-0.000000000
 10
126.000000000
 20
84.300000000
 30
0.000000000
  0
SPLINE
  5
AE8
330
A02
100
AcDbEntity
  8
x_lower_sheets
100
AcDbSpline
210
0
220
0
230
1
 70
8
 71
1
 72
4
 73
2
 74
0
 40
-5.400000000
 40
-5.400000000
 40
-3.200000000
 40
-3.200000000
 10
142.000000000
 20
82.100000000
 30
-0.000000000
 10
142.000000000
 20
84.300000000
 30
-0.000000000
  0
SPLINE
  5
AE9
330
A02
100
AcDbEntity
  8
x_lower_sheets
100
AcDbSpline
210
0
220
0
230
1
 70
8
 71
1
 72
4
 73
2
 74
0
 40
10.000000000
 40
10.000000000
 40
26.000000000
 40
26.000000000
 10
142.000000000
 20
82.100000000
 30
-0.000000000
 10
126.000000000
 20
82.100000000
 30
0.000000000
  0
SPLINE
  5
AEA
330
A02
100
AcDbEntity
  8
x_lower_sheets
100
AcDbSpline
210
0
220
0
230
1
 70
8
 71
1
 72
4
 73
2
 74
0
 40
8.450000000
 40
8.450000000
 40
9.450000000
 40
9.450000000
 10
126.000000000
 20
82.100000000
 30
0.000000000
 10
126.000000000
 20
81.100000000
 30
0.000000000
  0
SPLINE
  5
AEB
330
A02
100
AcDbEntity
  8
x_lower_sheets
100
AcDbSpline
210
0
220
0
230
1
 70
8
 71
1
 72
4
 73
2
 74
0
 40
-10.450000000
 40
-10.450000000
 40
-9.450000000
 40
-9.450000000
 10
126.000000000
 20
80.100000000
 30
0.000000000
 10
126.000000000
 20
81.100000000
 30
0.000000000
  0
SPLINE
  5
AEC
330
A02
100
AcDbEntity
  8
x_lower_sheets
100
AcDbSpline
210
0
220
0
230
1
 70
8
 71
1
 72
4
 73
2
 74
0
 40
10.000000000
 40
10.000000000
 40
26.000000000
 40
26.000000000
 10
142.000000000
 20
80.100000000
 30
-0.000000000
 10
126.000000000
 20
80.100000000
 30
0.000000000
  0
SPLINE
  5
AED
330
A02
100
AcDbEntity
  8
x_lower_sheets
100
AcDbSpline
210
0
220
0
230
1
 70
8
 71
1
 72
4
 73
2
 74
0
 40
-12.500000000
 40
-12.500000000
 40
-7.400000000
 40
-7.400000000
 10
142.000000000
 20
75.000000000
 30
-0.000000000
 10
142.000000000
 20
80.100000000
 30
-0.000000000
  0
SPLINE
  5
AEE
330
A02
100
AcDbEntity
  8
x_lower_sheets
100
AcDbSpline
210
0
220
0
230
1
 70
8
 71
1
 72
4
 73
2
 74
0
 40
-16.000000000
 40
-16.000000000
 40
16.000000000
 40
16.000000000
 10
110.000000000
 20
75.000000000
 30
0.000000000
 10
142.000000000
 20
75.000000000
 30
-0.000000000
  0
SPLINE
  5
AEF
330
A02
100
AcDbEntity
  8
x_lower_sheets
100
AcDbSpline
210
0
220
0
230
1
 70
8
 71
1
 72
4
 73
2
 74
0
 40
18.981833420
 40
18.981833420
 40
25.000000000
 40
25.000000000
 10
110.000000000
 20
81.018166580
 30
0.000000000
 10
110.000000000
 20
75.000000000
 30
0.000000000
  0
SPLINE
  5
AF0
330
A02
100
AcDbEntity
  8
x_lower_sheets
100
AcDbSpline
210
0
220
0
230
1
 70
8
 71
3
 72
17
 73
13
 74
0
 40
0.000000000
 40
0.000000000
 40
0.000000000
 40
0.000000000
 40
0.315034569
 40
0.315034569
 40
0.315034569
 40
0.630069138
 40
0.630069138
 40
0.630069138
 40
0.945103707
 40
0.945103707
 40
0.945103707
 40
1.260138276
 40
1.260138276
 40
1.260138276
 40
1.260138276
 10
162.189436850
 20
100.000000000
 30
0.000000000
 10
162.188223147
 20
98.823572458
 30
0.000000000
 10
161.981825265
 20
97.703773290
 30
0.000000000
 10
161.598089616
 20
96.552969781
 30
-0.000000000
 10
161.212333077
 20
95.402468016
 30
0.000000000
 10
160.648256261
 20
94.224057414
 30
0.000000000
 10
159.879061699
 20
92.937776554
 30
0.000000000
 10
159.107612291
 20
91.650322413
 30
0.000000000
 10
158.133026947
 20
90.258308741
 30
0.000000000
 10
156.867311747
 20
88.649931296
 30
0.000000000
 10
155.597222561
 20
87.037924613
 30
0.000000000
 10
154.043257421
 20
85.216935376
 30
0.000000000
 10
152.000000000
 20
82.977955469
 30
0.000000000
  0
SPLINE
  5
AF1
330
A02
100
AcDbEntity
  8
x_lower_sheets
100
AcDbSpline
210
0
220
0
230
1
 70
8
 71
3
 72
17
 73
13
 74
0
 40
-1.260138276
 40
-1.260138276
 40
-1.260138276
 40
-1.260138276
 40
-0.945103707
 40
-0.945103707
 40
-0.945103707
 40
-0.630069138
 40
-0.630069138
 40
-0.630069138
 40
-0.315034569
 40
-0.315034569
 40
-0.315034569
 40
0.000000000
 40
0.000000000
 40
0.000000000
 40
0.000000000
 10
152.000000000
 20
117.022044531
 30
0.000000000
 10
154.043257421
 20
114.783064624
 30
0.000000000
 10
155.597222561
 20
112.962075387
 30
0.000000000
 10
156.867311747
 20
111.350068704
 30
0.000000000
 10
158.133026947
 20
109.741691259
 30
0.000000000
 10
159.107612291
 20
108.349677587
 30
-0.000000000
 10
159.879061699
 20
107.062223446
 30
0.000000000
 10
160.648256261
 20
105.775942586
 30
-0.000000000
 10
161.212333077
 20
104.597531984
 30
0.000000000
 10
161.598089616
 20
103.447030219
 30
0.000000000
 10
161.981825265
 20
102.296226710
 30
0.000000000
 10
162.188223147
 20
101.176427542
 30
0.000000000
 10
162.189436850
 20
100.000000000
 30
0.000000000
  0
SPLINE
  5
AF2
330
A02
100
AcDbEntity
  8
x_lower_sheets
100
AcDbSpline
210
0
220
0
230
1
 70
8
 71
1
 72
4
 73
2
 74
0
 40
-25.000000000
 40
-25.000000000
 40
-17.022044531
 40
-17.022044531
 10
152.000000000
 20
125.000000000
 30
0.000000000
 10
152.000000000
 20
117.022044531
 30
0.000000000
  0
SPLINE
  5
AF3
330
A02
100
AcDbEntity
  8
x_lower_sheets
100
AcDbSpline
210
0
220
0
230
1
 70
8
 71
1
 72
4
 73
2
 74
0
 40
-16.000000000
 40
-16.000000000
 40
16.000000000
 40
16.000000000
 10
152.000000000
 20
125.000000000
 30
0.000000000
 10
184.000000000
 20
125.000000000
 30
-0.000000000
  0
SPLINE
  5
AF4
330
A02
100
AcDbEntity
  8
x_lower_sheets
100
AcDbSpline
210
0
220
0
230
1
 70
8
 71
1
 72
4
 73
2
 74
0
 40
32.400000000
 40
32.400000000
 40
37.500000000
 40
37.500000000
 10
184.000000000
 20
119.900000000
 30
-0.000000000
 10
184.000000000
 20
125.000000000
 30
-0.000000000
  0
SPLINE
  5
AF5
330
A02
100
AcDbEntity
  8
x_lower_sheets
100
AcDbSpline
210
0
220
0
230
1
 70
8
 71
1
 72
4
 73
2
 74
0
 40
10.000000000
 40
10.000000000
 40
26.000000000
 40
26.000000000
 10
184.000000000
 20
119.900000000
 30
-0.000000000
 10
168.000000000
 20
119.900000000
 30
0.000000000
  0
SPLINE
  5
AF6
330
A02
100
AcDbEntity
  8
x_lower_sheets
100
AcDbSpline
210
0
220
0
230
1
 70
8
 71
1
 72
4
 73
2
 74
0
 40
-10.450000000
 40
-10.450000000
 40
-9.450000000
 40
-9.450000000
 10
168.000000000
 20
119.900000000
 30
0.000000000
 10
168.000000000
 20
118.900000000
 30
0.000000000
  0
SPLINE
  5
AF7
330
A02
100
AcDbEntity
  8
x_lower_sheets
100
AcDbSpline
210
0
220
0
230
1
 70
8
 71
1
 72
4
 73
2
 74
0
 40
8.450000000
 40
8.450000000
 40
9.450000000
 40
9.450000000
 10
168.000000000
 20
117.900000000
 30
0.000000000
 10
168.000000000
 20
118.900000000
 30
0.000000000
  0
SPLINE
  5
AF8
330
A02
100
AcDbEntity
  8
x_lower_sheets
100
AcDbSpline
210
0
220
0
230
1
 70
8
 71
1
 72
4
 73
2
 74
0
 40
10.000000000
 40
10.000000000
 40
26.000000000
 40
26.000000000
 10
184.000000000
 20
117.900000000
 30
-0.000000000
 10
168.000000000
 20
117.900000000
 30
0.000000000
  0
SPLINE
  5
AF9
330
A02
100
AcDbEntity
  8
x_lower_sheets
100
AcDbSpline
210
0
220
0
230
1
 70
8
 71
1
 72
4
 73
2
 74
0
 40
28.200000000
 40
28.200000000
 40
30.400000000
 40
30.400000000
 10
184.000000000
 20
115.700000000
 30
-0.000000000
 10
184.000000000
 20
117.900000000
 30
-0.000000000
  0
SPLINE
  5
AFA
330
A02
100
AcDbEntity
  8
x_lower_sheets
100
AcDbSpline
210
0
220
0
230
1
 70
8
 71
1
 72
4
 73
2
 74
0
 40
10.000000000
 40
10.000000000
 40
26.000000000
 40
26.000000000
 10
184.000000000
 20
115.700000000
 30
-0.000000000
 10
168.000000000
 20
115.700000000
 30
0.000000000
  0
SPLINE
  5
AFB
330
A02
100
AcDbEntity
  8
x_lower_sheets
100
AcDbSpline
210
0
220
0
230
1
 70
8
 71
1
 72
4
 73
2
 74
0
 40
-8.350000000
 40
-8.350000000
 40
-7.350000000
 40
-7.350000000
 10
168.000000000
 20
115.700000000
 30
0.000000000
 10
168.000000000
 20
114.700000000
 30
0.000000000
  0
SPLINE
  5
AFC
330
A02
100
AcDbEntity
  8
x_lower_sheets
100
AcDbSpline
210
0
220
0
230
1
 70
8
 71
1
 72
4
 73
2
 74
0
 40
6.350000000
 40
6.350000000
 40
7.350000000
 40
7.350000000
 10
168.000000000
 20
113.700000000
 30
0.000000000
 10
168.000000000
 20
114.700000000
 30
0.000000000
  0
SPLINE
  5
AFD
330
A02
100
AcDbEntity
  8
x_lower_sheets
100
AcDbSpline
210
0
220
0
230
1
 70
8
 71
1
 72
4
 73
2
 74
0
 40
10.000000000
 40
10.000000000
 40
26.000000000
 40
26.000000000
 10
184.000000000
 20
113.700000000
 30
-0.000000000
 10
168.000000000
 20
113.700000000
 30
0.000000000
  0
SPLINE
  5
AFE
330
A02
100
AcDbEntity
  8
x_lower_sheets
100
AcDbSpline
210
0
220
0
230
1
 70
8
 71
1
 72
4
 73
2
 74
0
 40
24.000000000
 40
24.000000000
 40
26.200000000
 40
26.200000000
 10
184.000000000
 20
111.500000000
 30
-0.000000000
 10
184.000000000
 20
113.700000000
 30
-0.000000000
  0
SPLINE
  5
AFF
330
A02
100
AcDbEntity
  8
x_lower_sheets
100
AcDbSpline
210
0
220
0
230
1
 70
8
 71
1
 72
4
 73
2
 74
0
 40
10.000000000
 40
10.000000000
 40
26.000000000
 40
26.000000000
 10
184.000000000
 20
111.500000000
 30
-0.000000000
 10
168.000000000
 20
111.500000000
 30
0.000000000
  0
SPLINE
  5
B00
330
A02
100
AcDbEntity
  8
x_lower_sheets
100
AcDbSpline
210
0
220
0
230
1
 70
8
 71
1
 72
4
 73
2
 74
0
 40
-6.250000000
 40
-6.250000000
 40
-5.250000000
 40
-5.250000000
 10
168.000000000
 20
111.500000000
 30
0.000000000
 10
168.000000000
 20
110.500000000
 30
0.000000000
  0
SPLINE
  5
B01
330
A02
100
AcDbEntity
  8
x_lower_sheets
100
AcDbSpline
210
0
220
0
230
1
 70
8
 71
1
 72
4
 73
2
 74
0
 40
4.250000000
 40
4.250000000
 40
5.250000000
 40
5.250000000
 10
168.000000000
 20
109.500000000
 30
0.000000000
 10
168.000000000
 20
110.500000000
 30
0.000000000
  0
SPLINE
  5
B02
330
A02
100
AcDbEntity
  8
x_lower_sheets
100
AcDbSpline
210
0
220
0
230
1
 70
8
 71
1
 72
4
 73
2
 74
0
 40
10.000000000
 40
10.000000000
 40
26.000000000
 40
26.000000000
 10
184.000000000
 20
109.500000000
 30
-0.000000000
 10
168.000000000
 20
109.500000000
 30
0.000000000
  0
SPLINE
  5
B03
330
A02
100
AcDbEntity
  8
x_lower_sheets
100
AcDbSpline
210
0
220
0
230
1
 70
8
 71
1
 72
4
 73
2
 74
0
 40
19.800000000
 40
19.800000000
 40
22.000000000
 40
22.000000000
 10
184.000000000
 20
107.300000000
 30
-0.000000000
 10
184.000000000
 20
109.500000000
 30
-0.000000000
  0
SPLINE
  5
B04
330
A02
100
AcDbEntity
  8
x_lower_sheets
100
AcDbSpline
210
0
220
0
230
1
 70
8
 71
1
 72
4
 73
2
 74
0
 40
10.000000000
 40
10.000000000
 40
26.000000000
 40
26.000000000
 10
184.000000000
 20
107.300000000
 30
-0.000000000
 10
168.000000000
 20
107.300000000
 30
0.000000000
  0
SPLINE
  5
B05
330
A02
100
AcDbEntity
  8
x_lower_sheets
100
AcDbSpline
210
0
220
0
230
1
 70
8
 71
1
 72
4
 73
2
 74
0
 40
-4.150000000
 40
-4.150000000
 40
-3.150000000
 40
-3.150000000
 10
168.000000000
 20
107.300000000
 30
0.000000000
 10
168.000000000
 20
106.300000000
 30
0.000000000
  0
SPLINE
  5
B06
330
A02
100
AcDbEntity
  8
x_lower_sheets
100
AcDbSpline
210
0
220
0
230
1
 70
8
 71
1
 72
4
 73
2
 74
0
 40
2.150000000
 40
2.150000000
 40
3.150000000
 40
3.150000000
 10
168.000000000
 20
105.300000000
 30
0.000000000
 10
168.000000000
 20
106.300000000
 30
0.000000000
  0
SPLINE
  5
B07
330
A02
100
AcDbEntity
  8
x_lower_sheets
100
AcDbSpline
210
0
220
0
230
1
 70
8
 71
1
 72
4
 73
2
 74
0
 40
10.000000000
 40
10.000000000
 40
26.000000000
 40
26.000000000
 10
184.000000000
 20
105.300000000
 30
-0.000000000
 10
168.000000000
 20
105.300000000
 30
0.000000000
  0
SPLINE
  5
B08
330
A02
100
AcDbEntity
  8
x_lower_sheets
100
AcDbSpline
210
0
220
0
230
1
 70
8
 71
1
 72
4
 73
2
 74
0
 40
15.600000000
 40
15.600000000
 40
17.800000000
 40
17.800000000
 10
184.000000000
 20
103.100000000
 30
-0.000000000
 10
184.000000000
 20
105.300000000
 30
-0.000000000
  0
SPLINE
  5
B09
330
A02
100
AcDbEntity
  8
x_lower_sheets
100
AcDbSpline
210
0
220
0
230
1
 70
8
 71
1
 72
4
 73
2
 74
0
 40
10.000000000
 40
10.000000000
 40
26.000000000
 40
26.000000000
 10
184.000000000
 20
103.100000000
 30
-0.000000000
 10
168.000000000
 20
103.100000000
 30
0.000000000
  0
SPLINE
  5
B0A
330
A02
100
AcDbEntity
  8
x_lower_sheets
100
AcDbSpline
210
0
220
0
230
1
 70
8
 71
1
 72
4
 73
2
 74
0
 40
-2.050000000
 40
-2.050000000
 40
-1.050000000
 40
-1.050000000
 10
168.000000000
 20
103.100000000
 30
0.000000000
 10
168.000000000
 20
102.100000000
 30
0.000000000
  0
SPLINE
  5
B0B
330
A02
100
AcDbEntity
  8
x_lower_sheets
100
AcDbSpline
210
0
220
0
230
1
 70
8
 71
1
 72
4
 73
2
 74
0
 40
0.050000000
 40
0.050000000
 40
1.050000000
 40
1.050000000
 10
168.000000000
 20
101.100000000
 30
0.000000000
 10
168.000000000
 20
102.100000000
 30
0.000000000
  0
SPLINE
  5
B0C
330
A02
100
AcDbEntity
  8
x_lower_sheets
100
AcDbSpline
210
0
220
0
230
1
 70
8
 71
1
 72
4
 73
2
 74
0
 40
10.000000000
 40
10.000000000
 40
26.000000000
 40
26.000000000
 10
184.000000000
 20
101.100000000
 30
-0.000000000
 10
168.000000000
 20
101.100000000
 30
0.000000000
  0
SPLINE
  5
B0D
330
A02
100
AcDbEntity
  8
x_lower_sheets
100
AcDbSpline
210
0
220
0
230
1
 70
8
 71
1
 72
4
 73
2
 74
0
 40
11.400000000
 40
11.400000000
 40
13.600000000
 40
13.600000000
 10
184.000000000
 20
98.900000000
 30
-0.000000000
 10
184.000000000
 20
101.100000000
 30
-0.000000000
  0
SPLINE
  5
B0E
330
A02
100
AcDbEntity
  8
x_lower_sheets
100
AcDbSpline
210
0
220
0
230
1
 70
8
 71
1
 72
4
 73
2
 74
0
 40
10.000000000
 40
10.000000000
 40
26.000000000
 40
26.000000000
 10
184.000000000
 20
98.900000000
 30
-0.000000000
 10
168.000000000
 20
98.900000000
 30
0.000000000
  0
SPLINE
  5
B0F
330
A02
100
AcDbEntity
  8
x_lower_sheets
100
AcDbSpline
210
0
220
0
230
1
 70
8
 71
1
 72
4
 73
2
 74
0
 40
0.050000000
 40
0.050000000
 40
1.050000000
 40
1.050000000
 10
168.000000000
 20
98.900000000
 30
0.000000000
 10
168.000000000
 20
97.900000000
 30
0.000000000
  0
SPLINE
  5
B10
330
A02
100
AcDbEntity
  8
x_lower_sheets
100
AcDbSpline
210
0
220
0
230
1
 70
8
 71
1
 72
4
 73
2
 74
0
 40
-2.050000000
 40
-2.050000000
 40
-1.050000000
 40
-1.050000000
 10
168.000000000
 20
96.900000000
 30
0.000000000
 10
168.000000000
 20
97.900000000
 30
0.000000000
  0
SPLINE
  5
B11
330
A02
100
AcDbEntity
  8
x_lower_sheets
100
AcDbSpline
210
0
220
0
230
1
 70
8
 71
1
 72
4
 73
2
 74
0
 40
10.000000000
 40
10.000000000
 40
26.000000000
 40
26.000000000
 10
184.000000000
 20
96.900000000
 30
-0.000000000
 10
168.000000000
 20
96.900000000
 30
0.000000000
  0
SPLINE
  5
B12
330
A02
100
AcDbEntity
  8
x_lower_sheets
100
AcDbSpline
210
0
220
0
230
1
 70
8
 71
1
 72
4
 73
2
 74
0
 40
7.200000000
 40
7.200000000
 40
9.400000000
 40
9.400000000
 10
184.000000000
 20
94.700000000
 30
-0.000000000
 10
184.000000000
 20
96.900000000
 30
-0.000000000
  0
SPLINE
  5
B13
330
A02
100
AcDbEntity
  8
x_lower_sheets
100
AcDbSpline
210
0
220
0
230
1
 70
8
 71
1
 72
4
 73
2
 74
0
 40
10.000000000
 40
10.000000000
 40
26.000000000
 40
26.000000000
 10
184.000000000
 20
94.700000000
 30
-0.000000000
 10
168.000000000
 20
94.700000000
 30
0.000000000
  0
SPLINE
  5
B14
330
A02
100
AcDbEntity
  8
x_lower_sheets
100
AcDbSpline
210
0
220
0
230
1
 70
8
 71
1
 72
4
 73
2
 74
0
 40
2.150000000
 40
2.150000000
 40
3.150000000
 40
3.150000000
 10
168.000000000
 20
94.700000000
 30
0.000000000
 10
168.000000000
 20
93.700000000
 30
0.000000000
  0
SPLINE
  5
B15
330
A02
100
AcDbEntity
  8
x_lower_sheets
100
AcDbSpline
210
0
220
0
230
1
 70
8
 71
1
 72
4
 73
2
 74
0
 40
-4.150000000
 40
-4.150000000
 40
-3.150000000
 40
-3.150000000
 10
168.000000000
 20
92.700000000
 30
0.000000000
 10
168.000000000
 20
93.700000000
 30
0.000000000
  0
SPLINE
  5
B16
330
A02
100
AcDbEntity
  8
x_lower_sheets
100
AcDbSpline
210
0
220
0
230
1
 70
8
 71
1
 72
4
 73
2
 74
0
 40
10.000000000
 40
10.000000000
 40
26.000000000
 40
26.000000000
 10
184.000000000
 20
92.700000000
 30
-0.000000000
 10
168.000000000
 20
92.700000000
 30
0.000000000
  0
SPLINE
  5
B17
330
A02
100
AcDbEntity
  8
x_lower_sheets
100
AcDbSpline
210
0
220
0
230
1
 70
8
 71
1
 72
4
 73
2
 74
0
 40
3.000000000
 40
3.000000000
 40
5.200000000
 40
5.200000000
 10
184.000000000
 20
90.500000000
 30
-0.000000000
 10
184.000000000
 20
92.700000000
 30
-0.000000000
  0
SPLINE
  5
B18
330
A02
100
AcDbEntity
  8
x_lower_sheets
100
AcDbSpline
210
0
220
0
230
1
 70
8
 71
1
 72
4
 73
2
 74
0
 40
10.000000000
 40
10.000000000
 40
26.000000000
 40
26.000000000
 10
184.000000000
 20
90.500000000
 30
-0.000000000
 10
168.000000000
 20
90.500000000
 30
0.000000000
  0
SPLINE
  5
B19
330
A02
100
AcDbEntity
  8
x_lower_sheets
100
AcDbSpline
210
0
220
0
230
1
 70
8
 71
1
 72
4
 73
2
 74
0
 40
4.250000000
 40
4.250000000
 40
5.250000000
 40
5.250000000
 10
168.000000000
 20
90.500000000
 30
0.000000000
 10
168.000000000
 20
89.500000000
 30
0.000000000
  0
SPLINE
  5
B1A
330
A02
100
AcDbEntity
  8
x_lower_sheets
100
AcDbSpline
210
0
220
0
230
1
 70
8
 71
1
 72
4
 73
2
 74
0
 40
-6.250000000
 40
-6.250000000
 40
-5.250000000
 40
-5.250000000
 10
168.000000000
 20
88.500000000
 30
0.000000000
 10
168.000000000
 20
89.500000000
 30
0.000000000
  0
SPLINE
  5
B1B
330
A02
100
AcDbEntity
  8
x_lower_sheets
100
AcDbSpline
210
0
220
0
230
1
 70
8
 71
1
 72
4
 73
2
 74
0
 40
10.000000000
 40
10.000000000
 40
26.000000000
 40
26.000000000
 10
184.000000000
 20
88.500000000
 30
-0.000000000
 10
168.000000000
 20
88.500000000
 30
0.000000000
  0
SPLINE
  5
B1C
330
A02
100
AcDbEntity
  8
x_lower_sheets
100
AcDbSpline
210
0
220
0
230
1
 70
8
 71
1
 72
4
 73
2
 74
0
 40
-1.200000000
 40
-1.200000000
 40
1.000000000
 40
1.000000000
 10
184.000000000
 20
86.300000000
 30
-0.000000000
 10
184.000000000
 20
88.500000000
 30
-0.000000000
  0
SPLINE
  5
B1D
330
A02
100
AcDbEntity
  8
x_lower_sheets
100
AcDbSpline
210
0
220
0
230
1
 70
8
 71
1
 72
4
 73
2
 74
0
 40
10.000000000
 40
10.000000000
 40
26.000000000
 40
26.000000000
 10
184.000000000
 20
86.300000000
 30
-0.000000000
 10
168.000000000
 20
86.300000000
 30
0.000000000
  0
SPLINE
  5
B1E
330
A02
100
AcDbEntity
  8
x_lower_sheets
100
AcDbSpline
210
0
220
0
230
1
 70
8
 71
1
 72
4
 73
2
 74
0
 40
6.350000000
 40
6.350000000
 40
7.350000000
 40
7.350000000
 10
168.000000000
 20
86.300000000
 30
0.000000000
 10
168.000000000
 20
85.300000000
 30
0.000000000
  0
SPLINE
  5
B1F
330
A02
100
AcDbEntity
  8
x_lower_sheets
100
AcDbSpline
210
0
220
0
230
1
 70
8
 71
1
 72
4
 73
2
 74
0
 40
-8.350000000
 40
-8.350000000
 40
-7.350000000
 40
-7.350000000
 10
168.000000000
 20
84.300000000
 30
0.000000000
 10
168.000000000
 20
85.300000000
 30
0.000000000
  0
SPLINE
  5
B20
330
A02
100
AcDbEntity
  8
x_lower_sheets
100
AcDbSpline
210
0
220
0
230
1
 70
8
 71
1
 72
4
 73
2
 74
0
 40
10.000000000
 40
10.000000000
 40
26.000000000
 40
26.000000000
 10
184.000000000
 20
84.300000000
 30
-0.000000000
 10
168.000000000
 20
84.300000000
 30
0.000000000
  0
SPLINE
  5
B21
330
A02
100
AcDbEntity
  8
x_lower_sheets
100
AcDbSpline
210
0
220
0
230
1
 70
8
 71
1
 72
4
 73
2
 74
0
 40
-5.400000000
 40
-5.400000000
 40
-3.200000000
 40
-3.200000000
 10
184.000000000
 20
82.100000000
 30
-0.000000000
 10
184.000000000
 20
84.300000000
 30
-0.000000000
  0
SPLINE
  5
B22
330
A02
100
AcDbEntity
  8
x_lower_sheets
100
AcDbSpline
210
0
220
0
230
1
 70
8
 71
1
 72
4
 73
2
 74
0
 40
10.000000000
 40
10.000000000
 40
26.000000000
 40
26.000000000
 10
184.000000000
 20
82.100000000
 30
-0.000000000
 10
168.000000000
 20
82.100000000
 30
0.000000000
  0
SPLINE
  5
B23
330
A02
100
AcDbEntity
  8
x_lower_sheets
100
AcDbSpline
210
0
220
0
230
1
 70
8
 71
1
 72
4
 73
2
 74
0
 40
8.450000000
 40
8.450000000
 40
9.450000000
 40
9.450000000
 10
168.000000000
 20
82.100000000
 30
0.000000000
 10
168.000000000
 20
81.100000000
 30
0.000000000
  0
SPLINE
  5
B24
330
A02
100
AcDbEntity
  8
x_lower_sheets
100
AcDbSpline
210
0
220
0
230
1
 70
8
 71
1
 72
4
 73
2
 74
0
 40
-10.450000000
 40
-10.450000000
 40
-9.450000000
 40
-9.450000000
 10
168.000000000
 20
80.100000000
 30
0.000000000
 10
168.000000000
 20
81.100000000
 30
0.000000000
  0
SPLINE
  5
B25
330
A02
100
AcDbEntity
  8
x_lower_sheets
100
AcDbSpline
210
0
220
0
230
1
 70
8
 71
1
 72
4
 73
2
 74
0
 40
10.000000000
 40
10.000000000
 40
26.000000000
 40
26.000000000
 10
184.000000000
 20
80.100000000
 30
-0.000000000
 10
168.000000000
 20
80.100000000
 30
0.000000000
  0
SPLINE
  5
B26
330
A02
100
AcDbEntity
  8
x_lower_sheets
100
AcDbSpline
210
0
220
0
230
1
 70
8
 71
1
 72
4
 73
2
 74
0
 40
-12.500000000
 40
-12.500000000
 40
-7.400000000
 40
-7.400000000
 10
184.000000000
 20
75.000000000
 30
-0.000000000
 10
184.000000000
 20
80.100000000
 30
-0.000000000
  0
SPLINE
  5
B27
330
A02
100
AcDbEntity
  8
x_lower_sheets
100
AcDbSpline
210
0
220
0
230
1
 70
8
 71
1
 72
4
 73
2
 74
0
 40
-16.000000000
 40
-16.000000000
 40
16.000000000
 40
16.000000000
 10
152.000000000
 20
75.000000000
 30
0.000000000
 10
184.000000000
 20
75.000000000
 30
-0.000000000
  0
SPLINE
  5
B28
330
A02
100
AcDbEntity
  8
x_lower_sheets
100
AcDbSpline
210
0
220
0
230
1
 70
8
 71
1
 72
4
 73
2
 74
0
 40
17.022044531
 40
17.022044531
 40
25.000000000
 40
25.000000000
 10
152.000000000
 20
82.977955469
 30
0.000000000
 10
152.000000000
 20
75.000000000
 30
0.000000000
  0
SPLINE
  5
B29
330
A02
100
AcDbEntity
  8
x_lower_sheets
100
AcDbSpline
210
0
220
0
230
1
 70
8
 71
3
 72
35
 73
31
 74
0
 40
-1.260138276
 40
-1.260138276
 40
-1.260138276
 40
-1.260138276
 40
-1.102620992
 40
-1.102620992
 40
-1.102620992
 40
-0.945103707
 40
-0.945103707
 40
-0.945103707
 40
-0.630069138
 40
-0.630069138
 40
-0.630069138
 40
-0.315034569
 40
-0.315034569
 40
-0.315034569
 40
0.000000000
 40
0.000000000
 40
0.000000000
 40
0.315034569
 40
0.315034569
 40
0.315034569
 40
0.630069138
 40
0.630069138
 40
0.630069138
 40
0.945103707
 40
0.945103707
 40
0.945103707
 40
1.102620992
 40
1.102620992
 40
1.102620992
 40
1.260138276
 40
1.260138276
 40
1.260138276
 40
1.260138276
 10
194.000000000
 20
117.022044531
 30
0.000000000
 10
195.232416337
 20
115.671857260
 30
0.000000000
 10
196.253145165
 20
114.510051709
 30
-0.000000000
 10
197.136002260
 20
113.466481243
 30
0.000000000
 10
198.017702818
 20
112.423979263
 30
0.000000000
 10
198.759902852
 20
111.501235834
 30
0.000000000
 10
199.404831720
 20
110.657280054
 30
0.000000000
 10
200.690978070
 20
108.972694688
 30
-0.000000000
 10
201.597344169
 20
107.595137648
 30
0.000000000
 10
202.287408638
 20
106.354896625
 30
0.000000000
 10
202.973771648
 20
105.117761978
 30
0.000000000
 10
203.437151291
 20
104.024567352
 30
0.000000000
 10
203.742251534
 20
102.988195905
 30
0.000000000
 10
204.045616766
 20
101.952822133
 30
0.000000000
 10
204.188789105
 20
100.976848403
 30
-0.000000000
 10
204.189436850
 20
100.000000000
 30
0.000000000
 10
204.188789105
 20
99.023151597
 30
0.000000000
 10
204.045616766
 20
98.047177867
 30
0.000000000
 10
203.742251534
 20
97.011804095
 30
0.000000000
 10
203.437151291
 20
95.975432648
 30
0.000000000
 10
202.973771648
 20
94.882238022
 30
-0.000000000
 10
202.287408638
 20
93.645103375
 30
0.000000000
 10
201.597344169
 20
92.404862352
 30
0.000000000
 10
200.690978070
 20
91.027305312
 30
-0.000000000
 10
199.404831720
 20
89.342719946
 30
0.000000000
 10
198.759902852
 20
88.498764166
 30
-0.000000000
 10
198.017702818
 20
87.576020737
 30
-0.000000000
 10
197.136002260
 20
86.533518757
 30
0.000000000
 10
196.253145165
 20
85.489948291
 30
0.000000000
 10
195.232416337
 20
84.328142740
 30
-0.000000000
 10
194.000000000
 20
82.977955469
 30
0.000000000
  0
SPLINE
  5
B2A
330
A02
100
AcDbEntity
  8
x_lower_sheets
100
AcDbSpline
210
0
220
0
230
1
 70
8
 71
1
 72
4
 73
2
 74
0
 40
-25.000000000
 40
-25.000000000
 40
-17.022044531
 40
-17.022044531
 10
194.000000000
 20
125.000000000
 30
0.000000000
 10
194.000000000
 20
117.022044531
 30
0.000000000
  0
SPLINE
  5
B2B
330
A02
100
AcDbEntity
  8
x_lower_sheets
100
AcDbSpline
210
0
220
0
230
1
 70
8
 71
1
 72
4
 73
2
 74
0
 40
-16.000000000
 40
-16.000000000
 40
16.000000000
 40
16.000000000
 10
194.000000000
 20
125.000000000
 30
0.000000000
 10
226.000000000
 20
125.000000000
 30
-0.000000000
  0
SPLINE
  5
B2C
330
A02
100
AcDbEntity
  8
x_lower_sheets
100
AcDbSpline
210
0
220
0
230
1
 70
8
 71
1
 72
4
 73
2
 74
0
 40
32.400000000
 40
32.400000000
 40
37.500000000
 40
37.500000000
 10
226.000000000
 20
119.900000000
 30
-0.000000000
 10
226.000000000
 20
125.000000000
 30
-0.000000000
  0
SPLINE
  5
B2D
330
A02
100
AcDbEntity
  8
x_lower_sheets
100
AcDbSpline
210
0
220
0
230
1
 70
8
 71
1
 72
4
 73
2
 74
0
 40
10.000000000
 40
10.000000000
 40
26.000000000
 40
26.000000000
 10
226.000000000
 20
119.900000000
 30
-0.000000000
 10
210.000000000
 20
119.900000000
 30
0.000000000
  0
SPLINE
  5
B2E
330
A02
100
AcDbEntity
  8
x_lower_sheets
100
AcDbSpline
210
0
220
0
230
1
 70
8
 71
1
 72
4
 73
2
 74
0
 40
-10.450000000
 40
-10.450000000
 40
-9.450000000
 40
-9.450000000
 10
210.000000000
 20
119.900000000
 30
0.000000000
 10
210.000000000
 20
118.900000000
 30
0.000000000
  0
SPLINE
  5
B2F
330
A02
100
AcDbEntity
  8
x_lower_sheets
100
AcDbSpline
210
0
220
0
230
1
 70
8
 71
1
 72
4
 73
2
 74
0
 40
8.450000000
 40
8.450000000
 40
9.450000000
 40
9.450000000
 10
210.000000000
 20
117.900000000
 30
0.000000000
 10
210.000000000
 20
118.900000000
 30
0.000000000
  0
SPLINE
  5
B30
330
A02
100
AcDbEntity
  8
x_lower_sheets
100
AcDbSpline
210
0
220
0
230
1
 70
8
 71
1
 72
4
 73
2
 74
0
 40
10.000000000
 40
10.000000000
 40
26.000000000
 40
26.000000000
 10
226.000000000
 20
117.900000000
 30
-0.000000000
 10
210.000000000
 20
117.900000000
 30
0.000000000
  0
SPLINE
  5
B31
330
A02
100
AcDbEntity
  8
x_lower_sheets
100
AcDbSpline
210
0
220
0
230
1
 70
8
 71
1
 72
4
 73
2
 74
0
 40
28.200000000
 40
28.200000000
 40
30.400000000
 40
30.400000000
 10
226.000000000
 20
115.700000000
 30
-0.000000000
 10
226.000000000
 20
117.900000000
 30
-0.000000000
  0
SPLINE
  5
B32
330
A02
100
AcDbEntity
  8
x_lower_sheets
100
AcDbSpline
210
0
220
0
230
1
 70
8
 71
1
 72
4
 73
2
 74
0
 40
10.000000000
 40
10.000000000
 40
26.000000000
 40
26.000000000
 10
226.000000000
 20
115.700000000
 30
-0.000000000
 10
210.000000000
 20
115.700000000
 30
0.000000000
  0
SPLINE
  5
B33
330
A02
100
AcDbEntity
  8
x_lower_sheets
100
AcDbSpline
210
0
220
0
230
1
 70
8
 71
1
 72
4
 73
2
 74
0
 40
-8.350000000
 40
-8.350000000
 40
-7.350000000
 40
-7.350000000
 10
210.000000000
 20
115.700000000
 30
0.000000000
 10
210.000000000
 20
114.700000000
 30
0.000000000
  0
SPLINE
  5
B34
330
A02
100
AcDbEntity
  8
x_lower_sheets
100
AcDbSpline
210
0
220
0
230
1
 70
8
 71
1
 72
4
 73
2
 74
0
 40
6.350000000
 40
6.350000000
 40
7.350000000
 40
7.350000000
 10
210.000000000
 20
113.700000000
 30
0.000000000
 10
210.000000000
 20
114.700000000
 30
0.000000000
  0
SPLINE
  5
B35
330
A02
100
AcDbEntity
  8
x_lower_sheets
100
AcDbSpline
210
0
220
0
230
1
 70
8
 71
1
 72
4
 73
2
 74
0
 40
10.000000000
 40
10.000000000
 40
26.000000000
 40
26.000000000
 10
226.000000000
 20
113.700000000
 30
-0.000000000
 10
210.000000000
 20
113.700000000
 30
0.000000000
  0
SPLINE
  5
B36
330
A02
100
AcDbEntity
  8
x_lower_sheets
100
AcDbSpline
210
0
220
0
230
1
 70
8
 71
1
 72
4
 73
2
 74
0
 40
24.000000000
 40
24.000000000
 40
26.200000000
 40
26.200000000
 10
226.000000000
 20
111.500000000
 30
-0.000000000
 10
226.000000000
 20
113.700000000
 30
-0.000000000
  0
SPLINE
  5
B37
330
A02
100
AcDbEntity
  8
x_lower_sheets
100
AcDbSpline
210
0
220
0
230
1
 70
8
 71
1
 72
4
 73
2
 74
0
 40
10.000000000
 40
10.000000000
 40
26.000000000
 40
26.000000000
 10
226.000000000
 20
111.500000000
 30
-0.000000000
 10
210.000000000
 20
111.500000000
 30
0.000000000
  0
SPLINE
  5
B38
330
A02
100
AcDbEntity
  8
x_lower_sheets
100
AcDbSpline
210
0
220
0
230
1
 70
8
 71
1
 72
4
 73
2
 74
0
 40
-6.250000000
 40
-6.250000000
 40
-5.250000000
 40
-5.250000000
 10
210.000000000
 20
111.500000000
 30
0.000000000
 10
210.000000000
 20
110.500000000
 30
0.000000000
  0
SPLINE
  5
B39
330
A02
100
AcDbEntity
  8
x_lower_sheets
100
AcDbSpline
210
0
220
0
230
1
 70
8
 71
1
 72
4
 73
2
 74
0
 40
4.250000000
 40
4.250000000
 40
5.250000000
 40
5.250000000
 10
210.000000000
 20
109.500000000
 30
0.000000000
 10
210.000000000
 20
110.500000000
 30
0.000000000
  0
SPLINE
  5
B3A
330
A02
100
AcDbEntity
  8
x_lower_sheets
100
AcDbSpline
210
0
220
0
230
1
 70
8
 71
1
 72
4
 73
2
 74
0
 40
10.000000000
 40
10.000000000
 40
26.000000000
 40
26.000000000
 10
226.000000000
 20
109.500000000
 30
-0.000000000
 10
210.000000000
 20
109.500000000
 30
0.000000000
  0
SPLINE
  5
B3B
330
A02
100
AcDbEntity
  8
x_lower_sheets
100
AcDbSpline
210
0
220
0
230
1
 70
8
 71
1
 72
4
 73
2
 74
0
 40
19.800000000
 40
19.800000000
 40
22.000000000
 40
22.000000000
 10
226.000000000
 20
107.300000000
 30
-0.000000000
 10
226.000000000
 20
109.500000000
 30
-0.000000000
  0
SPLINE
  5
B3C
330
A02
100
AcDbEntity
  8
x_lower_sheets
100
AcDbSpline
210
0
220
0
230
1
 70
8
 71
1
 72
4
 73
2
 74
0
 40
10.000000000
 40
10.000000000
 40
26.000000000
 40
26.000000000
 10
226.000000000
 20
107.300000000
 30
-0.000000000
 10
210.000000000
 20
107.300000000
 30
0.000000000
  0
SPLINE
  5
B3D
330
A02
100
AcDbEntity
  8
x_lower_sheets
100
AcDbSpline
210
0
220
0
230
1
 70
8
 71
1
 72
4
 73
2
 74
0
 40
-4.150000000
 40
-4.150000000
 40
-3.150000000
 40
-3.150000000
 10
210.000000000
 20
107.300000000
 30
0.000000000
 10
210.000000000
 20
106.300000000
 30
0.000000000
  0
SPLINE
  5
B3E
330
A02
100
AcDbEntity
  8
x_lower_sheets
100
AcDbSpline
210
0
220
0
230
1
 70
8
 71
1
 72
4
 73
2
 74
0
 40
2.150000000
 40
2.150000000
 40
3.150000000
 40
3.150000000
 10
210.000000000
 20
105.300000000
 30
0.000000000
 10
210.000000000
 20
106.300000000
 30
0.000000000
  0
SPLINE
  5
B3F
330
A02
100
AcDbEntity
  8
x_lower_sheets
100
AcDbSpline
210
0
220
0
230
1
 70
8
 71
1
 72
4
 73
2
 74
0
 40
10.000000000
 40
10.000000000
 40
26.000000000
 40
26.000000000
 10
226.000000000
 20
105.300000000
 30
-0.000000000
 10
210.000000000
 20
105.300000000
 30
0.000000000
  0
SPLINE
  5
B40
330
A02
100
AcDbEntity
  8
x_lower_sheets
100
AcDbSpline
210
0
220
0
230
1
 70
8
 71
1
 72
4
 73
2
 74
0
 40
15.600000000
 40
15.600000000
 40
17.800000000
 40
17.800000000
 10
226.000000000
 20
103.100000000
 30
-0.000000000
 10
226.000000000
 20
105.300000000
 30
-0.000000000
  0
SPLINE
  5
B41
330
A02
100
AcDbEntity
  8
x_lower_sheets
100
AcDbSpline
210
0
220
0
230
1
 70
8
 71
1
 72
4
 73
2
 74
0
 40
10.000000000
 40
10.000000000
 40
26.000000000
 40
26.000000000
 10
226.000000000
 20
103.100000000
 30
-0.000000000
 10
210.000000000
 20
103.100000000
 30
0.000000000
  0
SPLINE
  5
B42
330
A02
100
AcDbEntity
  8
x_lower_sheets
100
AcDbSpline
210
0
220
0
230
1
 70
8
 71
1
 72
4
 73
2
 74
0
 40
-2.050000000
 40
-2.050000000
 40
-1.050000000
 40
-1.050000000
 10
210.000000000
 20
103.100000000
 30
0.000000000
 10
210.000000000
 20
102.100000000
 30
0.000000000
  0
SPLINE
  5
B43
330
A02
100
AcDbEntity
  8
x_lower_sheets
100
AcDbSpline
210
0
220
0
230
1
 70
8
 71
1
 72
4
 73
2
 74
0
 40
0.050000000
 40
0.050000000
 40
1.050000000
 40
1.050000000
 10
210.000000000
 20
101.100000000
 30
0.000000000
 10
210.000000000
 20
102.100000000
 30
0.000000000
  0
SPLINE
  5
B44
330
A02
100
AcDbEntity
  8
x_lower_sheets
100
AcDbSpline
210
0
220
0
230
1
 70
8
 71
1
 72
4
 73
2
 74
0
 40
10.000000000
 40
10.000000000
 40
26.000000000
 40
26.000000000
 10
226.000000000
 20
101.100000000
 30
-0.000000000
 10
210.000000000
 20
101.100000000
 30
0.000000000
  0
SPLINE
  5
B45
330
A02
100
AcDbEntity
  8
x_lower_sheets
100
AcDbSpline
210
0
220
0
230
1
 70
8
 71
1
 72
4
 73
2
 74
0
 40
11.400000000
 40
11.400000000
 40
13.600000000
 40
13.600000000
 10
226.000000000
 20
98.900000000
 30
-0.000000000
 10
226.000000000
 20
101.100000000
 30
-0.000000000
  0
SPLINE
  5
B46
330
A02
100
AcDbEntity
  8
x_lower_sheets
100
AcDbSpline
210
0
220
0
230
1
 70
8
 71
1
 72
4
 73
2
 74
0
 40
10.000000000
 40
10.000000000
 40
26.000000000
 40
26.000000000
 10
226.000000000
 20
98.900000000
 30
-0.000000000
 10
210.000000000
 20
98.900000000
 30
0.000000000
  0
SPLINE
  5
B47
330
A02
100
AcDbEntity
  8
x_lower_sheets
100
AcDbSpline
210
0
220
0
230
1
 70
8
 71
1
 72
4
 73
2
 74
0
 40
0.050000000
 40
0.050000000
 40
1.050000000
 40
1.050000000
 10
210.000000000
 20
98.900000000
 30
0.000000000
 10
210.000000000
 20
97.900000000
 30
0.000000000
  0
SPLINE
  5
B48
330
A02
100
AcDbEntity
  8
x_lower_sheets
100
AcDbSpline
210
0
220
0
230
1
 70
8
 71
1
 72
4
 73
2
 74
0
 40
-2.050000000
 40
-2.050000000
 40
-1.050000000
 40
-1.050000000
 10
210.000000000
 20
96.900000000
 30
0.000000000
 10
210.000000000
 20
97.900000000
 30
0.000000000
  0
SPLINE
  5
B49
330
A02
100
AcDbEntity
  8
x_lower_sheets
100
AcDbSpline
210
0
220
0
230
1
 70
8
 71
1
 72
4
 73
2
 74
0
 40
10.000000000
 40
10.000000000
 40
26.000000000
 40
26.000000000
 10
226.000000000
 20
96.900000000
 30
-0.000000000
 10
210.000000000
 20
96.900000000
 30
0.000000000
  0
SPLINE
  5
B4A
330
A02
100
AcDbEntity
  8
x_lower_sheets
100
AcDbSpline
210
0
220
0
230
1
 70
8
 71
1
 72
4
 73
2
 74
0
 40
7.200000000
 40
7.200000000
 40
9.400000000
 40
9.400000000
 10
226.000000000
 20
94.700000000
 30
-0.000000000
 10
226.000000000
 20
96.900000000
 30
-0.000000000
  0
SPLINE
  5
B4B
330
A02
100
AcDbEntity
  8
x_lower_sheets
100
AcDbSpline
210
0
220
0
230
1
 70
8
 71
1
 72
4
 73
2
 74
0
 40
10.000000000
 40
10.000000000
 40
26.000000000
 40
26.000000000
 10
226.000000000
 20
94.700000000
 30
-0.000000000
 10
210.000000000
 20
94.700000000
 30
0.000000000
  0
SPLINE
  5
B4C
330
A02
100
AcDbEntity
  8
x_lower_sheets
100
AcDbSpline
210
0
220
0
230
1
 70
8
 71
1
 72
4
 73
2
 74
0
 40
2.150000000
 40
2.150000000
 40
3.150000000
 40
3.150000000
 10
210.000000000
 20
94.700000000
 30
0.000000000
 10
210.000000000
 20
93.700000000
 30
0.000000000
  0
SPLINE
  5
B4D
330
A02
100
AcDbEntity
  8
x_lower_sheets
100
AcDbSpline
210
0
220
0
230
1
 70
8
 71
1
 72
4
 73
2
 74
0
 40
-4.150000000
 40
-4.150000000
 40
-3.150000000
 40
-3.150000000
 10
210.000000000
 20
92.700000000
 30
0.000000000
 10
210.000000000
 20
93.700000000
 30
0.000000000
  0
SPLINE
  5
B4E
330
A02
100
AcDbEntity
  8
x_lower_sheets
100
AcDbSpline
210
0
220
0
230
1
 70
8
 71
1
 72
4
 73
2
 74
0
 40
10.000000000
 40
10.000000000
 40
26.000000000
 40
26.000000000
 10
226.000000000
 20
92.700000000
 30
-0.000000000
 10
210.000000000
 20
92.700000000
 30
0.000000000
  0
SPLINE
  5
B4F
330
A02
100
AcDbEntity
  8
x_lower_sheets
100
AcDbSpline
210
0
220
0
230
1
 70
8
 71
1
 72
4
 73
2
 74
0
 40
3.000000000
 40
3.000000000
 40
5.200000000
 40
5.200000000
 10
226.000000000
 20
90.500000000
 30
-0.000000000
 10
226.000000000
 20
92.700000000
 30
-0.000000000
  0
SPLINE
  5
B50
330
A02
100
AcDbEntity
  8
x_lower_sheets
100
AcDbSpline
210
0
220
0
230
1
 70
8
 71
1
 72
4
 73
2
 74
0
 40
10.000000000
 40
10.000000000
 40
26.000000000
 40
26.000000000
 10
226.000000000
 20
90.500000000
 30
-0.000000000
 10
210.000000000
 20
90.500000000
 30
0.000000000
  0
SPLINE
  5
B51
330
A02
100
AcDbEntity
  8
x_lower_sheets
100
AcDbSpline
210
0
220
0
230
1
 70
8
 71
1
 72
4
 73
2
 74
0
 40
4.250000000
 40
4.250000000
 40
5.250000000
 40
5.250000000
 10
210.000000000
 20
90.500000000
 30
0.000000000
 10
210.000000000
 20
89.500000000
 30
0.000000000
  0
SPLINE
  5
B52
330
A02
100
AcDbEntity
  8
x_lower_sheets
100
AcDbSpline
210
0
220
0
230
1
 70
8
 71
1
 72
4
 73
2
 74
0
 40
-6.250000000
 40
-6.250000000
 40
-5.250000000
 40
-5.250000000
 10
210.000000000
 20
88.500000000
 30
0.000000000
 10
210.000000000
 20
89.500000000
 30
0.000000000
  0
SPLINE
  5
B53
330
A02
100
AcDbEntity
  8
x_lower_sheets
100
AcDbSpline
210
0
220
0
230
1
 70
8
 71
1
 72
4
 73
2
 74
0
 40
10.000000000
 40
10.000000000
 40
26.000000000
 40
26.000000000
 10
226.000000000
 20
88.500000000
 30
-0.000000000
 10
210.000000000
 20
88.500000000
 30
0.000000000
  0
SPLINE
  5
B54
330
A02
100
AcDbEntity
  8
x_lower_sheets
100
AcDbSpline
210
0
220
0
230
1
 70
8
 71
1
 72
4
 73
2
 74
0
 40
-1.200000000
 40
-1.200000000
 40
1.000000000
 40
1.000000000
 10
226.000000000
 20
86.300000000
 30
-0.000000000
 10
226.000000000
 20
88.500000000
 30
-0.000000000
  0
SPLINE
  5
B55
330
A02
100
AcDbEntity
  8
x_lower_sheets
100
AcDbSpline
210
0
220
0
230
1
 70
8
 71
1
 72
4
 73
2
 74
0
 40
10.000000000
 40
10.000000000
 40
26.000000000
 40
26.000000000
 10
226.000000000
 20
86.300000000
 30
-0.000000000
 10
210.000000000
 20
86.300000000
 30
0.000000000
  0
SPLINE
  5
B56
330
A02
100
AcDbEntity
  8
x_lower_sheets
100
AcDbSpline
210
0
220
0
230
1
 70
8
 71
1
 72
4
 73
2
 74
0
 40
6.350000000
 40
6.350000000
 40
7.350000000
 40
7.350000000
 10
210.000000000
 20
86.300000000
 30
0.000000000
 10
210.000000000
 20
85.300000000
 30
0.000000000
  0
SPLINE
  5
B57
330
A02
100
AcDbEntity
  8
x_lower_sheets
100
AcDbSpline
210
0
220
0
230
1
 70
8
 71
1
 72
4
 73
2
 74
0
 40
-8.350000000
 40
-8.350000000
 40
-7.350000000
 40
-7.350000000
 10
210.000000000
 20
84.300000000
 30
0.000000000
 10
210.000000000
 20
85.300000000
 30
0.000000000
  0
SPLINE
  5
B58
330
A02
100
AcDbEntity
  8
x_lower_sheets
100
AcDbSpline
210
0
220
0
230
1
 70
8
 71
1
 72
4
 73
2
 74
0
 40
10.000000000
 40
10.000000000
 40
26.000000000
 40
26.000000000
 10
226.000000000
 20
84.300000000
 30
-0.000000000
 10
210.000000000
 20
84.300000000
 30
0.000000000
  0
SPLINE
  5
B59
330
A02
100
AcDbEntity
  8
x_lower_sheets
100
AcDbSpline
210
0
220
0
230
1
 70
8
 71
1
 72
4
 73
2
 74
0
 40
-5.400000000
 40
-5.400000000
 40
-3.200000000
 40
-3.200000000
 10
226.000000000
 20
82.100000000
 30
-0.000000000
 10
226.000000000
 20
84.300000000
 30
-0.000000000
  0
SPLINE
  5
B5A
330
A02
100
AcDbEntity
  8
x_lower_sheets
100
AcDbSpline
210
0
220
0
230
1
 70
8
 71
1
 72
4
 73
2
 74
0
 40
10.000000000
 40
10.000000000
 40
26.000000000
 40
26.000000000
 10
226.000000000
 20
82.100000000
 30
-0.000000000
 10
210.000000000
 20
82.100000000
 30
0.000000000
  0
SPLINE
  5
B5B
330
A02
100
AcDbEntity
  8
x_lower_sheets
100
AcDbSpline
210
0
220
0
230
1
 70
8
 71
1
 72
4
 73
2
 74
0
 40
8.450000000
 40
8.450000000
 40
9.450000000
 40
9.450000000
 10
210.000000000
 20
82.100000000
 30
0.000000000
 10
210.000000000
 20
81.100000000
 30
0.000000000
  0
SPLINE
  5
B5C
330
A02
100
AcDbEntity
  8
x_lower_sheets
100
AcDbSpline
210
0
220
0
230
1
 70
8
 71
1
 72
4
 73
2
 74
0
 40
-10.450000000
 40
-10.450000000
 40
-9.450000000
 40
-9.450000000
 10
210.000000000
 20
80.100000000
 30
0.000000000
 10
210.000000000
 20
81.100000000
 30
0.000000000
  0
SPLINE
  5
B5D
330
A02
100
AcDbEntity
  8
x_lower_sheets
100
AcDbSpline
210
0
220
0
230
1
 70
8
 71
1
 72
4
 73
2
 74
0
 40
10.000000000
 40
10.000000000
 40
26.000000000
 40
26.000000000
 10
226.000000000
 20
80.100000000
 30
-0.000000000
 10
210.000000000
 20
80.100000000
 30
0.000000000
  0
SPLINE
  5
B5E
330
A02
100
AcDbEntity
  8
x_lower_sheets
100
AcDbSpline
210
0
220
0
230
1
 70
8
 71
1
 72
4
 73
2
 74
0
 40
-12.500000000
 40
-12.500000000
 40
-7.400000000
 40
-7.400000000
 10
226.000000000
 20
75.000000000
 30
-0.000000000
 10
226.000000000
 20
80.100000000
 30
-0.000000000
  0
SPLINE
  5
B5F
330
A02
100
AcDbEntity
  8
x_lower_sheets
100
AcDbSpline
210
0
220
0
230
1
 70
8
 71
1
 72
4
 73
2
 74
0
 40
-16.000000000
 40
-16.000000000
 40
16.000000000
 40
16.000000000
 10
194.000000000
 20
75.000000000
 30
0.000000000
 10
226.000000000
 20
75.000000000
 30
-0.000000000
  0
SPLINE
  5
B60
330
A02
100
AcDbEntity
  8
x_lower_sheets
100
AcDbSpline
210
0
220
0
230
1
 70
8
 71
1
 72
4
 73
2
 74
0
 40
17.022044531
 40
17.022044531
 40
25.000000000
 40
25.000000000
 10
194.000000000
 20
82.977955469
 30
0.000000000
 10
194.000000000
 20
75.000000000
 30
0.000000000
  0
SPLINE
  5
B61
330
A02
100
AcDbEntity
  8
x_lower_sheets
100
AcDbSpline
210
0
220
0
230
1
 70
8
 71
3
 72
14
 73
10
 74
0
 40
0.000000000
 40
0.000000000
 40
0.000000000
 40
0.000000000
 40
0.412763689
 40
0.412763689
 40
0.412763689
 40
0.619145534
 40
0.619145534
 40
0.619145534
 40
0.825527379
 40
0.825527379
 40
0.825527379
 40
0.825527379
 10
241.684633190
 20
100.000000000
 30
0.000000000
 10
241.680489684
 20
97.920230629
 30
0.000000000
 10
241.226521487
 20
95.925307968
 30
-0.000000000
 10
240.322328688
 20
93.758605925
 30
0.000000000
 10
239.867933864
 20
92.675142639
 30
0.000000000
 10
239.296952553
 20
91.549427218
 30
-0.000000000
 10
238.587381787
 20
90.344085814
 30
0.000000000
 10
237.877060730
 20
89.138233352
 30
0.000000000
 10
237.028822284
 20
87.853564943
 30
0.000000000
 10
236.000000000
 20
86.438657884
 30
0.000000000
  0
SPLINE
  5
B62
330
A02
100
AcDbEntity
  8
x_lower_sheets
100
AcDbSpline
210
0
220
0
230
1
 70
8
 71
3
 72
14
 73
10
 74
0
 40
-0.825527379
 40
-0.825527379
 40
-0.825527379
 40
-0.825527379
 40
-0.619145534
 40
-0.619145534
 40
-0.619145534
 40
-0.412763689
 40
-0.412763689
 40
-0.412763689
 40
0.000000000
 40
0.000000000
 40
0.000000000
 40
0.000000000
 10
236.000000000
 20
113.561342116
 30
0.000000000
 10
237.028822284
 20
112.146435057
 30
0.000000000
 10
237.877060730
 20
110.861766648
 30
0.000000000
 10
238.587381787
 20
109.655914186
 30
0.000000000
 10
239.296952553
 20
108.450572782
 30
0.000000000
 10
239.867933864
 20
107.324857361
 30
0.000000000
 10
240.322328688
 20
106.241394075
 30
0.000000000
 10
241.226521487
 20
104.074692032
 30
0.000000000
 10
241.680489684
 20
102.079769371
 30
0.000000000
 10
241.684633190
 20
100.000000000
 30
0.000000000
  0
SPLINE
  5
B63
330
A02
100
AcDbEntity
  8
x_lower_sheets
100
AcDbSpline
210
0
220
0
230
1
 70
8
 71
1
 72
4
 73
2
 74
0
 40
-25.000000000
 40
-25.000000000
 40
-13.561342116
 40
-13.561342116
 10
236.000000000
 20
125.000000000
 30
0.000000000
 10
236.000000000
 20
113.561342116
 30
0.000000000
  0
SPLINE
  5
B64
330
A02
100
AcDbEntity
  8
x_lower_sheets
100
AcDbSpline
210
0
220
0
230
1
 70
8
 71
1
 72
4
 73
2
 74
0
 40
-16.000000000
 40
-16.000000000
 40
16.000000000
 40
16.000000000
 10
236.000000000
 20
125.000000000
 30
0.000000000
 10
268.000000000
 20
125.000000000
 30
-0.000000000
  0
SPLINE
  5
B65
330
A02
100
AcDbEntity
  8
x_lower_sheets
100
AcDbSpline
210
0
220
0
230
1
 70
8
 71
1
 72
4
 73
2
 74
0
 40
32.400000000
 40
32.400000000
 40
37.500000000
 40
37.500000000
 10
268.000000000
 20
119.900000000
 30
-0.000000000
 10
268.000000000
 20
125.000000000
 30
-0.000000000
  0
SPLINE
  5
B66
330
A02
100
AcDbEntity
  8
x_lower_sheets
100
AcDbSpline
210
0
220
0
230
1
 70
8
 71
1
 72
4
 73
2
 74
0
 40
10.000000000
 40
10.000000000
 40
26.000000000
 40
26.000000000
 10
268.000000000
 20
119.900000000
 30
-0.000000000
 10
252.000000000
 20
119.900000000
 30
0.000000000
  0
SPLINE
  5
B67
330
A02
100
AcDbEntity
  8
x_lower_sheets
100
AcDbSpline
210
0
220
0
230
1
 70
8
 71
1
 72
4
 73
2
 74
0
 40
-10.450000000
 40
-10.450000000
 40
-9.450000000
 40
-9.450000000
 10
252.000000000
 20
119.900000000
 30
0.000000000
 10
252.000000000
 20
118.900000000
 30
0.000000000
  0
SPLINE
  5
B68
330
A02
100
AcDbEntity
  8
x_lower_sheets
100
AcDbSpline
210
0
220
0
230
1
 70
8
 71
1
 72
4
 73
2
 74
0
 40
8.450000000
 40
8.450000000
 40
9.450000000
 40
9.450000000
 10
252.000000000
 20
117.900000000
 30
0.000000000
 10
252.000000000
 20
118.900000000
 30
0.000000000
  0
SPLINE
  5
B69
330
A02
100
AcDbEntity
  8
x_lower_sheets
100
AcDbSpline
210
0
220
0
230
1
 70
8
 71
1
 72
4
 73
2
 74
0
 40
10.000000000
 40
10.000000000
 40
26.000000000
 40
26.000000000
 10
268.000000000
 20
117.900000000
 30
-0.000000000
 10
252.000000000
 20
117.900000000
 30
0.000000000
  0
SPLINE
  5
B6A
330
A02
100
AcDbEntity
  8
x_lower_sheets
100
AcDbSpline
210
0
220
0
230
1
 70
8
 71
1
 72
4
 73
2
 74
0
 40
28.200000000
 40
28.200000000
 40
30.400000000
 40
30.400000000
 10
268.000000000
 20
115.700000000
 30
-0.000000000
 10
268.000000000
 20
117.900000000
 30
-0.000000000
  0
SPLINE
  5
B6B
330
A02
100
AcDbEntity
  8
x_lower_sheets
100
AcDbSpline
210
0
220
0
230
1
 70
8
 71
1
 72
4
 73
2
 74
0
 40
10.000000000
 40
10.000000000
 40
26.000000000
 40
26.000000000
 10
268.000000000
 20
115.700000000
 30
-0.000000000
 10
252.000000000
 20
115.700000000
 30
0.000000000
  0
SPLINE
  5
B6C
330
A02
100
AcDbEntity
  8
x_lower_sheets
100
AcDbSpline
210
0
220
0
230
1
 70
8
 71
1
 72
4
 73
2
 74
0
 40
-8.350000000
 40
-8.350000000
 40
-7.350000000
 40
-7.350000000
 10
252.000000000
 20
115.700000000
 30
0.000000000
 10
252.000000000
 20
114.700000000
 30
0.000000000
  0
SPLINE
  5
B6D
330
A02
100
AcDbEntity
  8
x_lower_sheets
100
AcDbSpline
210
0
220
0
230
1
 70
8
 71
1
 72
4
 73
2
 74
0
 40
6.350000000
 40
6.350000000
 40
7.350000000
 40
7.350000000
 10
252.000000000
 20
113.700000000
 30
0.000000000
 10
252.000000000
 20
114.700000000
 30
0.000000000
  0
SPLINE
  5
B6E
330
A02
100
AcDbEntity
  8
x_lower_sheets
100
AcDbSpline
210
0
220
0
230
1
 70
8
 71
1
 72
4
 73
2
 74
0
 40
10.000000000
 40
10.000000000
 40
26.000000000
 40
26.000000000
 10
268.000000000
 20
113.700000000
 30
-0.000000000
 10
252.000000000
 20
113.700000000
 30
0.000000000
  0
SPLINE
  5
B6F
330
A02
100
AcDbEntity
  8
x_lower_sheets
100
AcDbSpline
210
0
220
0
230
1
 70
8
 71
1
 72
4
 73
2
 74
0
 40
24.000000000
 40
24.000000000
 40
26.200000000
 40
26.200000000
 10
268.000000000
 20
111.500000000
 30
-0.000000000
 10
268.000000000
 20
113.700000000
 30
-0.000000000
  0
SPLINE
  5
B70
330
A02
100
AcDbEntity
  8
x_lower_sheets
100
AcDbSpline
210
0
220
0
230
1
 70
8
 71
1
 72
4
 73
2
 74
0
 40
10.000000000
 40
10.000000000
 40
26.000000000
 40
26.000000000
 10
268.000000000
 20
111.500000000
 30
-0.000000000
 10
252.000000000
 20
111.500000000
 30
0.000000000
  0
SPLINE
  5
B71
330
A02
100
AcDbEntity
  8
x_lower_sheets
100
AcDbSpline
210
0
220
0
230
1
 70
8
 71
1
 72
4
 73
2
 74
0
 40
-6.250000000
 40
-6.250000000
 40
-5.250000000
 40
-5.250000000
 10
252.000000000
 20
111.500000000
 30
0.000000000
 10
252.000000000
 20
110.500000000
 30
0.000000000
  0
SPLINE
  5
B72
330
A02
100
AcDbEntity
  8
x_lower_sheets
100
AcDbSpline
210
0
220
0
230
1
 70
8
 71
1
 72
4
 73
2
 74
0
 40
4.250000000
 40
4.250000000
 40
5.250000000
 40
5.250000000
 10
252.000000000
 20
109.500000000
 30
0.000000000
 10
252.000000000
 20
110.500000000
 30
0.000000000
  0
SPLINE
  5
B73
330
A02
100
AcDbEntity
  8
x_lower_sheets
100
AcDbSpline
210
0
220
0
230
1
 70
8
 71
1
 72
4
 73
2
 74
0
 40
10.000000000
 40
10.000000000
 40
26.000000000
 40
26.000000000
 10
268.000000000
 20
109.500000000
 30
-0.000000000
 10
252.000000000
 20
109.500000000
 30
0.000000000
  0
SPLINE
  5
B74
330
A02
100
AcDbEntity
  8
x_lower_sheets
100
AcDbSpline
210
0
220
0
230
1
 70
8
 71
1
 72
4
 73
2
 74
0
 40
19.800000000
 40
19.800000000
 40
22.000000000
 40
22.000000000
 10
268.000000000
 20
107.300000000
 30
-0.000000000
 10
268.000000000
 20
109.500000000
 30
-0.000000000
  0
SPLINE
  5
B75
330
A02
100
AcDbEntity
  8
x_lower_sheets
100
AcDbSpline
210
0
220
0
230
1
 70
8
 71
1
 72
4
 73
2
 74
0
 40
10.000000000
 40
10.000000000
 40
26.000000000
 40
26.000000000
 10
268.000000000
 20
107.300000000
 30
-0.000000000
 10
252.000000000
 20
107.300000000
 30
0.000000000
  0
SPLINE
  5
B76
330
A02
100
AcDbEntity
  8
x_lower_sheets
100
AcDbSpline
210
0
220
0
230
1
 70
8
 71
1
 72
4
 73
2
 74
0
 40
-4.150000000
 40
-4.150000000
 40
-3.150000000
 40
-3.150000000
 10
252.000000000
 20
107.300000000
 30
0.000000000
 10
252.000000000
 20
106.300000000
 30
0.000000000
  0
SPLINE
  5
B77
330
A02
100
AcDbEntity
  8
x_lower_sheets
100
AcDbSpline
210
0
220
0
230
1
 70
8
 71
1
 72
4
 73
2
 74
0
 40
2.150000000
 40
2.150000000
 40
3.150000000
 40
3.150000000
 10
252.000000000
 20
105.300000000
 30
0.000000000
 10
252.000000000
 20
106.300000000
 30
0.000000000
  0
SPLINE
  5
B78
330
A02
100
AcDbEntity
  8
x_lower_sheets
100
AcDbSpline
210
0
220
0
230
1
 70
8
 71
1
 72
4
 73
2
 74
0
 40
10.000000000
 40
10.000000000
 40
26.000000000
 40
26.000000000
 10
268.000000000
 20
105.300000000
 30
-0.000000000
 10
252.000000000
 20
105.300000000
 30
0.000000000
  0
SPLINE
  5
B79
330
A02
100
AcDbEntity
  8
x_lower_sheets
100
AcDbSpline
210
0
220
0
230
1
 70
8
 71
1
 72
4
 73
2
 74
0
 40
15.600000000
 40
15.600000000
 40
17.800000000
 40
17.800000000
 10
268.000000000
 20
103.100000000
 30
-0.000000000
 10
268.000000000
 20
105.300000000
 30
-0.000000000
  0
SPLINE
  5
B7A
330
A02
100
AcDbEntity
  8
x_lower_sheets
100
AcDbSpline
210
0
220
0
230
1
 70
8
 71
1
 72
4
 73
2
 74
0
 40
10.000000000
 40
10.000000000
 40
26.000000000
 40
26.000000000
 10
268.000000000
 20
103.100000000
 30
-0.000000000
 10
252.000000000
 20
103.100000000
 30
0.000000000
  0
SPLINE
  5
B7B
330
A02
100
AcDbEntity
  8
x_lower_sheets
100
AcDbSpline
210
0
220
0
230
1
 70
8
 71
1
 72
4
 73
2
 74
0
 40
-2.050000000
 40
-2.050000000
 40
-1.050000000
 40
-1.050000000
 10
252.000000000
 20
103.100000000
 30
0.000000000
 10
252.000000000
 20
102.100000000
 30
0.000000000
  0
SPLINE
  5
B7C
330
A02
100
AcDbEntity
  8
x_lower_sheets
100
AcDbSpline
210
0
220
0
230
1
 70
8
 71
1
 72
4
 73
2
 74
0
 40
0.050000000
 40
0.050000000
 40
1.050000000
 40
1.050000000
 10
252.000000000
 20
101.100000000
 30
0.000000000
 10
252.000000000
 20
102.100000000
 30
0.000000000
  0
SPLINE
  5
B7D
330
A02
100
AcDbEntity
  8
x_lower_sheets
100
AcDbSpline
210
0
220
0
230
1
 70
8
 71
1
 72
4
 73
2
 74
0
 40
10.000000000
 40
10.000000000
 40
26.000000000
 40
26.000000000
 10
268.000000000
 20
101.100000000
 30
-0.000000000
 10
252.000000000
 20
101.100000000
 30
0.000000000
  0
SPLINE
  5
B7E
330
A02
100
AcDbEntity
  8
x_lower_sheets
100
AcDbSpline
210
0
220
0
230
1
 70
8
 71
1
 72
4
 73
2
 74
0
 40
11.400000000
 40
11.400000000
 40
13.600000000
 40
13.600000000
 10
268.000000000
 20
98.900000000
 30
-0.000000000
 10
268.000000000
 20
101.100000000
 30
-0.000000000
  0
SPLINE
  5
B7F
330
A02
100
AcDbEntity
  8
x_lower_sheets
100
AcDbSpline
210
0
220
0
230
1
 70
8
 71
1
 72
4
 73
2
 74
0
 40
10.000000000
 40
10.000000000
 40
26.000000000
 40
26.000000000
 10
268.000000000
 20
98.900000000
 30
-0.000000000
 10
252.000000000
 20
98.900000000
 30
0.000000000
  0
SPLINE
  5
B80
330
A02
100
AcDbEntity
  8
x_lower_sheets
100
AcDbSpline
210
0
220
0
230
1
 70
8
 71
1
 72
4
 73
2
 74
0
 40
0.050000000
 40
0.050000000
 40
1.050000000
 40
1.050000000
 10
252.000000000
 20
98.900000000
 30
0.000000000
 10
252.000000000
 20
97.900000000
 30
0.000000000
  0
SPLINE
  5
B81
330
A02
100
AcDbEntity
  8
x_lower_sheets
100
AcDbSpline
210
0
220
0
230
1
 70
8
 71
1
 72
4
 73
2
 74
0
 40
-2.050000000
 40
-2.050000000
 40
-1.050000000
 40
-1.050000000
 10
252.000000000
 20
96.900000000
 30
0.000000000
 10
252.000000000
 20
97.900000000
 30
0.000000000
  0
SPLINE
  5
B82
330
A02
100
AcDbEntity
  8
x_lower_sheets
100
AcDbSpline
210
0
220
0
230
1
 70
8
 71
1
 72
4
 73
2
 74
0
 40
10.000000000
 40
10.000000000
 40
26.000000000
 40
26.000000000
 10
268.000000000
 20
96.900000000
 30
-0.000000000
 10
252.000000000
 20
96.900000000
 30
0.000000000
  0
SPLINE
  5
B83
330
A02
100
AcDbEntity
  8
x_lower_sheets
100
AcDbSpline
210
0
220
0
230
1
 70
8
 71
1
 72
4
 73
2
 74
0
 40
7.200000000
 40
7.200000000
 40
9.400000000
 40
9.400000000
 10
268.000000000
 20
94.700000000
 30
-0.000000000
 10
268.000000000
 20
96.900000000
 30
-0.000000000
  0
SPLINE
  5
B84
330
A02
100
AcDbEntity
  8
x_lower_sheets
100
AcDbSpline
210
0
220
0
230
1
 70
8
 71
1
 72
4
 73
2
 74
0
 40
10.000000000
 40
10.000000000
 40
26.000000000
 40
26.000000000
 10
268.000000000
 20
94.700000000
 30
-0.000000000
 10
252.000000000
 20
94.700000000
 30
0.000000000
  0
SPLINE
  5
B85
330
A02
100
AcDbEntity
  8
x_lower_sheets
100
AcDbSpline
210
0
220
0
230
1
 70
8
 71
1
 72
4
 73
2
 74
0
 40
2.150000000
 40
2.150000000
 40
3.150000000
 40
3.150000000
 10
252.000000000
 20
94.700000000
 30
0.000000000
 10
252.000000000
 20
93.700000000
 30
0.000000000
  0
SPLINE
  5
B86
330
A02
100
AcDbEntity
  8
x_lower_sheets
100
AcDbSpline
210
0
220
0
230
1
 70
8
 71
1
 72
4
 73
2
 74
0
 40
-4.150000000
 40
-4.150000000
 40
-3.150000000
 40
-3.150000000
 10
252.000000000
 20
92.700000000
 30
0.000000000
 10
252.000000000
 20
93.700000000
 30
0.000000000
  0
SPLINE
  5
B87
330
A02
100
AcDbEntity
  8
x_lower_sheets
100
AcDbSpline
210
0
220
0
230
1
 70
8
 71
1
 72
4
 73
2
 74
0
 40
10.000000000
 40
10.000000000
 40
26.000000000
 40
26.000000000
 10
268.000000000
 20
92.700000000
 30
-0.000000000
 10
252.000000000
 20
92.700000000
 30
0.000000000
  0
SPLINE
  5
B88
330
A02
100
AcDbEntity
  8
x_lower_sheets
100
AcDbSpline
210
0
220
0
230
1
 70
8
 71
1
 72
4
 73
2
 74
0
 40
3.000000000
 40
3.000000000
 40
5.200000000
 40
5.200000000
 10
268.000000000
 20
90.500000000
 30
-0.000000000
 10
268.000000000
 20
92.700000000
 30
-0.000000000
  0
SPLINE
  5
B89
330
A02
100
AcDbEntity
  8
x_lower_sheets
100
AcDbSpline
210
0
220
0
230
1
 70
8
 71
1
 72
4
 73
2
 74
0
 40
10.000000000
 40
10.000000000
 40
26.000000000
 40
26.000000000
 10
268.000000000
 20
90.500000000
 30
-0.000000000
 10
252.000000000
 20
90.500000000
 30
0.000000000
  0
SPLINE
  5
B8A
330
A02
100
AcDbEntity
  8
x_lower_sheets
100
AcDbSpline
210
0
220
0
230
1
 70
8
 71
1
 72
4
 73
2
 74
0
 40
4.250000000
 40
4.250000000
 40
5.250000000
 40
5.250000000
 10
252.000000000
 20
90.500000000
 30
0.000000000
 10
252.000000000
 20
89.500000000
 30
0.000000000
  0
SPLINE
  5
B8B
330
A02
100
AcDbEntity
  8
x_lower_sheets
100
AcDbSpline
210
0
220
0
230
1
 70
8
 71
1
 72
4
 73
2
 74
0
 40
-6.250000000
 40
-6.250000000
 40
-5.250000000
 40
-5.250000000
 10
252.000000000
 20
88.500000000
 30
0.000000000
 10
252.000000000
 20
89.500000000
 30
0.000000000
  0
SPLINE
  5
B8C
330
A02
100
AcDbEntity
  8
x_lower_sheets
100
AcDbSpline
210
0
220
0
230
1
 70
8
 71
1
 72
4
 73
2
 74
0
 40
10.000000000
 40
10.000000000
 40
26.000000000
 40
26.000000000
 10
268.000000000
 20
88.500000000
 30
-0.000000000
 10
252.000000000
 20
88.500000000
 30
0.000000000
  0
SPLINE
  5
B8D
330
A02
100
AcDbEntity
  8
x_lower_sheets
100
AcDbSpline
210
0
220
0
230
1
 70
8
 71
1
 72
4
 73
2
 74
0
 40
-1.200000000
 40
-1.200000000
 40
1.000000000
 40
1.000000000
 10
268.000000000
 20
86.300000000
 30
-0.000000000
 10
268.000000000
 20
88.500000000
 30
-0.000000000
  0
SPLINE
  5
B8E
330
A02
100
AcDbEntity
  8
x_lower_sheets
100
AcDbSpline
210
0
220
0
230
1
 70
8
 71
1
 72
4
 73
2
 74
0
 40
10.000000000
 40
10.000000000
 40
26.000000000
 40
26.000000000
 10
268.000000000
 20
86.300000000
 30
-0.000000000
 10
252.000000000
 20
86.300000000
 30
0.000000000
  0
SPLINE
  5
B8F
330
A02
100
AcDbEntity
  8
x_lower_sheets
100
AcDbSpline
210
0
220
0
230
1
 70
8
 71
1
 72
4
 73
2
 74
0
 40
6.350000000
 40
6.350000000
 40
7.350000000
 40
7.350000000
 10
252.000000000
 20
86.300000000
 30
0.000000000
 10
252.000000000
 20
85.300000000
 30
0.000000000
  0
SPLINE
  5
B90
330
A02
100
AcDbEntity
  8
x_lower_sheets
100
AcDbSpline
210
0
220
0
230
1
 70
8
 71
1
 72
4
 73
2
 74
0
 40
-8.350000000
 40
-8.350000000
 40
-7.350000000
 40
-7.350000000
 10
252.000000000
 20
84.300000000
 30
0.000000000
 10
252.000000000
 20
85.300000000
 30
0.000000000
  0
SPLINE
  5
B91
330
A02
100
AcDbEntity
  8
x_lower_sheets
100
AcDbSpline
210
0
220
0
230
1
 70
8
 71
1
 72
4
 73
2
 74
0
 40
10.000000000
 40
10.000000000
 40
26.000000000
 40
26.000000000
 10
268.000000000
 20
84.300000000
 30
-0.000000000
 10
252.000000000
 20
84.300000000
 30
0.000000000
  0
SPLINE
  5
B92
330
A02
100
AcDbEntity
  8
x_lower_sheets
100
AcDbSpline
210
0
220
0
230
1
 70
8
 71
1
 72
4
 73
2
 74
0
 40
-5.400000000
 40
-5.400000000
 40
-3.200000000
 40
-3.200000000
 10
268.000000000
 20
82.100000000
 30
-0.000000000
 10
268.000000000
 20
84.300000000
 30
-0.000000000
  0
SPLINE
  5
B93
330
A02
100
AcDbEntity
  8
x_lower_sheets
100
AcDbSpline
210
0
220
0
230
1
 70
8
 71
1
 72
4
 73
2
 74
0
 40
10.000000000
 40
10.000000000
 40
26.000000000
 40
26.000000000
 10
268.000000000
 20
82.100000000
 30
-0.000000000
 10
252.000000000
 20
82.100000000
 30
0.000000000
  0
SPLINE
  5
B94
330
A02
100
AcDbEntity
  8
x_lower_sheets
100
AcDbSpline
210
0
220
0
230
1
 70
8
 71
1
 72
4
 73
2
 74
0
 40
8.450000000
 40
8.450000000
 40
9.450000000
 40
9.450000000
 10
252.000000000
 20
82.100000000
 30
0.000000000
 10
252.000000000
 20
81.100000000
 30
0.000000000
  0
SPLINE
  5
B95
330
A02
100
AcDbEntity
  8
x_lower_sheets
100
AcDbSpline
210
0
220
0
230
1
 70
8
 71
1
 72
4
 73
2
 74
0
 40
-10.450000000
 40
-10.450000000
 40
-9.450000000
 40
-9.450000000
 10
252.000000000
 20
80.100000000
 30
0.000000000
 10
252.000000000
 20
81.100000000
 30
0.000000000
  0
SPLINE
  5
B96
330
A02
100
AcDbEntity
  8
x_lower_sheets
100
AcDbSpline
210
0
220
0
230
1
 70
8
 71
1
 72
4
 73
2
 74
0
 40
10.000000000
 40
10.000000000
 40
26.000000000
 40
26.000000000
 10
268.000000000
 20
80.100000000
 30
-0.000000000
 10
252.000000000
 20
80.100000000
 30
0.000000000
  0
SPLINE
  5
B97
330
A02
100
AcDbEntity
  8
x_lower_sheets
100
AcDbSpline
210
0
220
0
230
1
 70
8
 71
1
 72
4
 73
2
 74
0
 40
-12.500000000
 40
-12.500000000
 40
-7.400000000
 40
-7.400000000
 10
268.000000000
 20
75.000000000
 30
-0.000000000
 10
268.000000000
 20
80.100000000
 30
-0.000000000
  0
SPLINE
  5
B98
330
A02
100
AcDbEntity
  8
x_lower_sheets
100
AcDbSpline
210
0
220
0
230
1
 70
8
 71
1
 72
4
 73
2
 74
0
 40
-16.000000000
 40
-16.000000000
 40
16.000000000
 40
16.000000000
 10
236.000000000
 20
75.000000000
 30
0.000000000
 10
268.000000000
 20
75.000000000
 30
-0.000000000
  0
SPLINE
  5
B99
330
A02
100
AcDbEntity
  8
x_lower_sheets
100
AcDbSpline
210
0
220
0
230
1
 70
8
 71
1
 72
4
 73
2
 74
0
 40
13.561342116
 40
13.561342116
 40
25.000000000
 40
25.000000000
 10
236.000000000
 20
86.438657884
 30
0.000000000
 10
236.000000000
 20
75.000000000
 30
0.000000000
  0
SPLINE
  5
B9A
330
A02
100
AcDbEntity
  8
x_lower_sheets
100
AcDbSpline
210
0
220
0
230
1
 70
8
 71
3
 72
23
 73
19
 74
0
 40
-0.825527379
 40
-0.825527379
 40
-0.825527379
 40
-0.825527379
 40
-0.619145534
 40
-0.619145534
 40
-0.619145534
 40
-0.412763689
 40
-0.412763689
 40
-0.412763689
 40
0.000000000
 40
0.000000000
 40
0.000000000
 40
0.412763689
 40
0.412763689
 40
0.412763689
 40
0.619145534
 40
0.619145534
 40
0.619145534
 40
0.825527379
 40
0.825527379
 40
0.825527379
 40
0.825527379
 10
278.000000000
 20
113.561342116
 30
0.000000000
 10
279.117322484
 20
112.024583533
 30
0.000000000
 10
279.999427400
 20
110.672593065
 30
0.000000000
 10
280.720783058
 20
109.427470933
 30
0.000000000
 10
281.440846870
 20
108.183445486
 30
0.000000000
 10
281.998436157
 20
107.047983054
 30
0.000000000
 10
282.432736443
 20
105.973085516
 30
0.000000000
 10
283.296440631
 20
103.825904566
 30
0.000000000
 10
283.680935489
 20
101.916360587
 30
0.000000000
 10
283.684633190
 20
100.000000000
 30
0.000000000
 10
283.680935489
 20
98.083639413
 30
0.000000000
 10
283.296440631
 20
96.174095434
 30
0.000000000
 10
282.432736443
 20
94.026914484
 30
0.000000000
 10
281.998436157
 20
92.952016946
 30
0.000000000
 10
281.440846870
 20
91.816554514
 30
0.000000000
 10
280.720783058
 20
90.572529067
 30
0.000000000
 10
279.999427400
 20
89.327406935
 30
0.000000000
 10
279.117322484
 20
87.975416467
 30
0.000000000
 10
278.000000000
 20
86.438657884
 30
0.000000000
  0
SPLINE
  5
B9B
330
A02
100
AcDbEntity
  8
x_lower_sheets
100
AcDbSpline
210
0
220
0
230
1
 70
8
 71
1
 72
4
 73
2
 74
0
 40
-25.000000000
 40
-25.000000000
 40
-13.561342116
 40
-13.561342116
 10
278.000000000
 20
125.000000000
 30
0.000000000
 10
278.000000000
 20
113.561342116
 30
0.000000000
  0
SPLINE
  5
B9C
330
A02
100
AcDbEntity
  8
x_lower_sheets
100
AcDbSpline
210
0
220
0
230
1
 70
8
 71
1
 72
4
 73
2
 74
0
 40
-16.000000000
 40
-16.000000000
 40
16.000000000
 40
16.000000000
 10
278.000000000
 20
125.000000000
 30
0.000000000
 10
310.000000000
 20
125.000000000
 30
-0.000000000
  0
SPLINE
  5
B9D
330
A02
100
AcDbEntity
  8
x_lower_sheets
100
AcDbSpline
210
0
220
0
230
1
 70
8
 71
1
 72
4
 73
2
 74
0
 40
32.400000000
 40
32.400000000
 40
37.500000000
 40
37.500000000
 10
310.000000000
 20
119.900000000
 30
-0.000000000
 10
310.000000000
 20
125.000000000
 30
-0.000000000
  0
SPLINE
  5
B9E
330
A02
100
AcDbEntity
  8
x_lower_sheets
100
AcDbSpline
210
0
220
0
230
1
 70
8
 71
1
 72
4
 73
2
 74
0
 40
10.000000000
 40
10.000000000
 40
26.000000000
 40
26.000000000
 10
310.000000000
 20
119.900000000
 30
-0.000000000
 10
294.000000000
 20
119.900000000
 30
0.000000000
  0
SPLINE
  5
B9F
330
A02
100
AcDbEntity
  8
x_lower_sheets
100
AcDbSpline
210
0
220
0
230
1
 70
8
 71
1
 72
4
 73
2
 74
0
 40
-10.450000000
 40
-10.450000000
 40
-9.450000000
 40
-9.450000000
 10
294.000000000
 20
119.900000000
 30
-0.000000000
 10
294.000000000
 20
118.900000000
 30
-0.000000000
  0
SPLINE
  5
BA0
330
A02
100
AcDbEntity
  8
x_lower_sheets
100
AcDbSpline
210
0
220
0
230
1
 70
8
 71
1
 72
4
 73
2
 74
0
 40
8.450000000
 40
8.450000000
 40
9.450000000
 40
9.450000000
 10
294.000000000
 20
117.900000000
 30
-0.000000000
 10
294.000000000
 20
118.900000000
 30
-0.000000000
  0
SPLINE
  5
BA1
330
A02
100
AcDbEntity
  8
x_lower_sheets
100
AcDbSpline
210
0
220
0
230
1
 70
8
 71
1
 72
4
 73
2
 74
0
 40
10.000000000
 40
10.000000000
 40
26.000000000
 40
26.000000000
 10
310.000000000
 20
117.900000000
 30
-0.000000000
 10
294.000000000
 20
117.900000000
 30
0.000000000
  0
SPLINE
  5
BA2
330
A02
100
AcDbEntity
  8
x_lower_sheets
100
AcDbSpline
210
0
220
0
230
1
 70
8
 71
1
 72
4
 73
2
 74
0
 40
28.200000000
 40
28.200000000
 40
30.400000000
 40
30.400000000
 10
310.000000000
 20
115.700000000
 30
-0.000000000
 10
310.000000000
 20
117.900000000
 30
-0.000000000
  0
SPLINE
  5
BA3
330
A02
100
AcDbEntity
  8
x_lower_sheets
100
AcDbSpline
210
0
220
0
230
1
 70
8
 71
1
 72
4
 73
2
 74
0
 40
10.000000000
 40
10.000000000
 40
26.000000000
 40
26.000000000
 10
310.000000000
 20
115.700000000
 30
-0.000000000
 10
294.000000000
 20
115.700000000
 30
0.000000000
  0
SPLINE
  5
BA4
330
A02
100
AcDbEntity
  8
x_lower_sheets
100
AcDbSpline
210
0
220
0
230
1
 70
8
 71
1
 72
4
 73
2
 74
0
 40
-8.350000000
 40
-8.350000000
 40
-7.350000000
 40
-7.350000000
 10
294.000000000
 20
115.700000000
 30
-0.000000000
 10
294.000000000
 20
114.700000000
 30
-0.000000000
  0
SPLINE
  5
BA5
330
A02
100
AcDbEntity
  8
x_lower_sheets
100
AcDbSpline
210
0
220
0
230
1
 70
8
 71
1
 72
4
 73
2
 74
0
 40
6.350000000
 40
6.350000000
 40
7.350000000
 40
7.350000000
 10
294.000000000
 20
113.700000000
 30
-0.000000000
 10
294.000000000
 20
114.700000000
 30
-0.000000000
  0
SPLINE
  5
BA6
330
A02
100
AcDbEntity
  8
x_lower_sheets
100
AcDbSpline
210
0
220
0
230
1
 70
8
 71
1
 72
4
 73
2
 74
0
 40
10.000000000
 40
10.000000000
 40
26.000000000
 40
26.000000000
 10
310.000000000
 20
113.700000000
 30
-0.000000000
 10
294.000000000
 20
113.700000000
 30
0.000000000
  0
SPLINE
  5
BA7
330
A02
100
AcDbEntity
  8
x_lower_sheets
100
AcDbSpline
210
0
220
0
230
1
 70
8
 71
1
 72
4
 73
2
 74
0
 40
24.000000000
 40
24.000000000
 40
26.200000000
 40
26.200000000
 10
310.000000000
 20
111.500000000
 30
-0.000000000
 10
310.000000000
 20
113.700000000
 30
-0.000000000
  0
SPLINE
  5
BA8
330
A02
100
AcDbEntity
  8
x_lower_sheets
100
AcDbSpline
210
0
220
0
230
1
 70
8
 71
1
 72
4
 73
2
 74
0
 40
10.000000000
 40
10.000000000
 40
26.000000000
 40
26.000000000
 10
310.000000000
 20
111.500000000
 30
-0.000000000
 10
294.000000000
 20
111.500000000
 30
0.000000000
  0
SPLINE
  5
BA9
330
A02
100
AcDbEntity
  8
x_lower_sheets
100
AcDbSpline
210
0
220
0
230
1
 70
8
 71
1
 72
4
 73
2
 74
0
 40
-6.250000000
 40
-6.250000000
 40
-5.250000000
 40
-5.250000000
 10
294.000000000
 20
111.500000000
 30
-0.000000000
 10
294.000000000
 20
110.500000000
 30
-0.000000000
  0
SPLINE
  5
BAA
330
A02
100
AcDbEntity
  8
x_lower_sheets
100
AcDbSpline
210
0
220
0
230
1
 70
8
 71
1
 72
4
 73
2
 74
0
 40
4.250000000
 40
4.250000000
 40
5.250000000
 40
5.250000000
 10
294.000000000
 20
109.500000000
 30
-0.000000000
 10
294.000000000
 20
110.500000000
 30
-0.000000000
  0
SPLINE
  5
BAB
330
A02
100
AcDbEntity
  8
x_lower_sheets
100
AcDbSpline
210
0
220
0
230
1
 70
8
 71
1
 72
4
 73
2
 74
0
 40
10.000000000
 40
10.000000000
 40
26.000000000
 40
26.000000000
 10
310.000000000
 20
109.500000000
 30
-0.000000000
 10
294.000000000
 20
109.500000000
 30
0.000000000
  0
SPLINE
  5
BAC
330
A02
100
AcDbEntity
  8
x_lower_sheets
100
AcDbSpline
210
0
220
0
230
1
 70
8
 71
1
 72
4
 73
2
 74
0
 40
19.800000000
 40
19.800000000
 40
22.000000000
 40
22.000000000
 10
310.000000000
 20
107.300000000
 30
-0.000000000
 10
310.000000000
 20
109.500000000
 30
-0.000000000
  0
SPLINE
  5
BAD
330
A02
100
AcDbEntity
  8
x_lower_sheets
100
AcDbSpline
210
0
220
0
230
1
 70
8
 71
1
 72
4
 73
2
 74
0
 40
10.000000000
 40
10.000000000
 40
26.000000000
 40
26.000000000
 10
310.000000000
 20
107.300000000
 30
-0.000000000
 10
294.000000000
 20
107.300000000
 30
0.000000000
  0
SPLINE
  5
BAE
330
A02
100
AcDbEntity
  8
x_lower_sheets
100
AcDbSpline
210
0
220
0
230
1
 70
8
 71
1
 72
4
 73
2
 74
0
 40
-4.150000000
 40
-4.150000000
 40
-3.150000000
 40
-3.150000000
 10
294.000000000
 20
107.300000000
 30
-0.000000000
 10
294.000000000
 20
106.300000000
 30
-0.000000000
  0
SPLINE
  5
BAF
330
A02
100
AcDbEntity
  8
x_lower_sheets
100
AcDbSpline
210
0
220
0
230
1
 70
8
 71
1
 72
4
 73
2
 74
0
 40
2.150000000
 40
2.150000000
 40
3.150000000
 40
3.150000000
 10
294.000000000
 20
105.300000000
 30
-0.000000000
 10
294.000000000
 20
106.300000000
 30
-0.000000000
  0
SPLINE
  5
BB0
330
A02
100
AcDbEntity
  8
x_lower_sheets
100
AcDbSpline
210
0
220
0
230
1
 70
8
 71
1
 72
4
 73
2
 74
0
 40
10.000000000
 40
10.000000000
 40
26.000000000
 40
26.000000000
 10
310.000000000
 20
105.300000000
 30
-0.000000000
 10
294.000000000
 20
105.300000000
 30
0.000000000
  0
SPLINE
  5
BB1
330
A02
100
AcDbEntity
  8
x_lower_sheets
100
AcDbSpline
210
0
220
0
230
1
 70
8
 71
1
 72
4
 73
2
 74
0
 40
15.600000000
 40
15.600000000
 40
17.800000000
 40
17.800000000
 10
310.000000000
 20
103.100000000
 30
-0.000000000
 10
310.000000000
 20
105.300000000
 30
-0.000000000
  0
SPLINE
  5
BB2
330
A02
100
AcDbEntity
  8
x_lower_sheets
100
AcDbSpline
210
0
220
0
230
1
 70
8
 71
1
 72
4
 73
2
 74
0
 40
10.000000000
 40
10.000000000
 40
26.000000000
 40
26.000000000
 10
310.000000000
 20
103.100000000
 30
-0.000000000
 10
294.000000000
 20
103.100000000
 30
0.000000000
  0
SPLINE
  5
BB3
330
A02
100
AcDbEntity
  8
x_lower_sheets
100
AcDbSpline
210
0
220
0
230
1
 70
8
 71
1
 72
4
 73
2
 74
0
 40
-2.050000000
 40
-2.050000000
 40
-1.050000000
 40
-1.050000000
 10
294.000000000
 20
103.100000000
 30
-0.000000000
 10
294.000000000
 20
102.100000000
 30
-0.000000000
  0
SPLINE
  5
BB4
330
A02
100
AcDbEntity
  8
x_lower_sheets
100
AcDbSpline
210
0
220
0
230
1
 70
8
 71
1
 72
4
 73
2
 74
0
 40
0.050000000
 40
0.050000000
 40
1.050000000
 40
1.050000000
 10
294.000000000
 20
101.100000000
 30
-0.000000000
 10
294.000000000
 20
102.100000000
 30
-0.000000000
  0
SPLINE
  5
BB5
330
A02
100
AcDbEntity
  8
x_lower_sheets
100
AcDbSpline
210
0
220
0
230
1
 70
8
 71
1
 72
4
 73
2
 74
0
 40
10.000000000
 40
10.000000000
 40
26.000000000
 40
26.000000000
 10
310.000000000
 20
101.100000000
 30
-0.000000000
 10
294.000000000
 20
101.100000000
 30
0.000000000
  0
SPLINE
  5
BB6
330
A02
100
AcDbEntity
  8
x_lower_sheets
100
AcDbSpline
210
0
220
0
230
1
 70
8
 71
1
 72
4
 73
2
 74
0
 40
11.400000000
 40
11.400000000
 40
13.600000000
 40
13.600000000
 10
310.000000000
 20
98.900000000
 30
-0.000000000
 10
310.000000000
 20
101.100000000
 30
-0.000000000
  0
SPLINE
  5
BB7
330
A02
100
AcDbEntity
  8
x_lower_sheets
100
AcDbSpline
210
0
220
0
230
1
 70
8
 71
1
 72
4
 73
2
 74
0
 40
10.000000000
 40
10.000000000
 40
26.000000000
 40
26.000000000
 10
310.000000000
 20
98.900000000
 30
-0.000000000
 10
294.000000000
 20
98.900000000
 30
0.000000000
  0
SPLINE
  5
BB8
330
A02
100
AcDbEntity
  8
x_lower_sheets
100
AcDbSpline
210
0
220
0
230
1
 70
8
 71
1
 72
4
 73
2
 74
0
 40
0.050000000
 40
0.050000000
 40
1.050000000
 40
1.050000000
 10
294.000000000
 20
98.900000000
 30
-0.000000000
 10
294.000000000
 20
97.900000000
 30
-0.000000000
  0
SPLINE
  5
BB9
330
A02
100
AcDbEntity
  8
x_lower_sheets
100
AcDbSpline
210
0
220
0
230
1
 70
8
 71
1
 72
4
 73
2
 74
0
 40
-2.050000000
 40
-2.050000000
 40
-1.050000000
 40
-1.050000000
 10
294.000000000
 20
96.900000000
 30
-0.000000000
 10
294.000000000
 20
97.900000000
 30
-0.000000000
  0
SPLINE
  5
BBA
330
A02
100
AcDbEntity
  8
x_lower_sheets
100
AcDbSpline
210
0
220
0
230
1
 70
8
 71
1
 72
4
 73
2
 74
0
 40
10.000000000
 40
10.000000000
 40
26.000000000
 40
26.000000000
 10
310.000000000
 20
96.900000000
 30
-0.000000000
 10
294.000000000
 20
96.900000000
 30
0.000000000
  0
SPLINE
  5
BBB
330
A02
100
AcDbEntity
  8
x_lower_sheets
100
AcDbSpline
210
0
220
0
230
1
 70
8
 71
1
 72
4
 73
2
 74
0
 40
7.200000000
 40
7.200000000
 40
9.400000000
 40
9.400000000
 10
310.000000000
 20
94.700000000
 30
-0.000000000
 10
310.000000000
 20
96.900000000
 30
-0.000000000
  0
SPLINE
  5
BBC
330
A02
100
AcDbEntity
  8
x_lower_sheets
100
AcDbSpline
210
0
220
0
230
1
 70
8
 71
1
 72
4
 73
2
 74
0
 40
10.000000000
 40
10.000000000
 40
26.000000000
 40
26.000000000
 10
310.000000000
 20
94.700000000
 30
-0.000000000
 10
294.000000000
 20
94.700000000
 30
0.000000000
  0
SPLINE
  5
BBD
330
A02
100
AcDbEntity
  8
x_lower_sheets
100
AcDbSpline
210
0
220
0
230
1
 70
8
 71
1
 72
4
 73
2
 74
0
 40
2.150000000
 40
2.150000000
 40
3.150000000
 40
3.150000000
 10
294.000000000
 20
94.700000000
 30
-0.000000000
 10
294.000000000
 20
93.700000000
 30
-0.000000000
  0
SPLINE
  5
BBE
330
A02
100
AcDbEntity
  8
x_lower_sheets
100
AcDbSpline
210
0
220
0
230
1
 70
8
 71
1
 72
4
 73
2
 74
0
 40
-4.150000000
 40
-4.150000000
 40
-3.150000000
 40
-3.150000000
 10
294.000000000
 20
92.700000000
 30
-0.000000000
 10
294.000000000
 20
93.700000000
 30
-0.000000000
  0
SPLINE
  5
BBF
330
A02
100
AcDbEntity
  8
x_lower_sheets
100
AcDbSpline
210
0
220
0
230
1
 70
8
 71
1
 72
4
 73
2
 74
0
 40
10.000000000
 40
10.000000000
 40
26.000000000
 40
26.000000000
 10
310.000000000
 20
92.700000000
 30
-0.000000000
 10
294.000000000
 20
92.700000000
 30
0.000000000
  0
SPLINE
  5
BC0
330
A02
100
AcDbEntity
  8
x_lower_sheets
100
AcDbSpline
210
0
220
0
230
1
 70
8
 71
1
 72
4
 73
2
 74
0
 40
3.000000000
 40
3.000000000
 40
5.200000000
 40
5.200000000
 10
310.000000000
 20
90.500000000
 30
-0.000000000
 10
310.000000000
 20
92.700000000
 30
-0.000000000
  0
SPLINE
  5
BC1
330
A02
100
AcDbEntity
  8
x_lower_sheets
100
AcDbSpline
210
0
220
0
230
1
 70
8
 71
1
 72
4
 73
2
 74
0
 40
10.000000000
 40
10.000000000
 40
26.000000000
 40
26.000000000
 10
310.000000000
 20
90.500000000
 30
-0.000000000
 10
294.000000000
 20
90.500000000
 30
0.000000000
  0
SPLINE
  5
BC2
330
A02
100
AcDbEntity
  8
x_lower_sheets
100
AcDbSpline
210
0
220
0
230
1
 70
8
 71
1
 72
4
 73
2
 74
0
 40
4.250000000
 40
4.250000000
 40
5.250000000
 40
5.250000000
 10
294.000000000
 20
90.500000000
 30
-0.000000000
 10
294.000000000
 20
89.500000000
 30
-0.000000000
  0
SPLINE
  5
BC3
330
A02
100
AcDbEntity
  8
x_lower_sheets
100
AcDbSpline
210
0
220
0
230
1
 70
8
 71
1
 72
4
 73
2
 74
0
 40
-6.250000000
 40
-6.250000000
 40
-5.250000000
 40
-5.250000000
 10
294.000000000
 20
88.500000000
 30
-0.000000000
 10
294.000000000
 20
89.500000000
 30
-0.000000000
  0
SPLINE
  5
BC4
330
A02
100
AcDbEntity
  8
x_lower_sheets
100
AcDbSpline
210
0
220
0
230
1
 70
8
 71
1
 72
4
 73
2
 74
0
 40
10.000000000
 40
10.000000000
 40
26.000000000
 40
26.000000000
 10
310.000000000
 20
88.500000000
 30
-0.000000000
 10
294.000000000
 20
88.500000000
 30
0.000000000
  0
SPLINE
  5
BC5
330
A02
100
AcDbEntity
  8
x_lower_sheets
100
AcDbSpline
210
0
220
0
230
1
 70
8
 71
1
 72
4
 73
2
 74
0
 40
-1.200000000
 40
-1.200000000
 40
1.000000000
 40
1.000000000
 10
310.000000000
 20
86.300000000
 30
-0.000000000
 10
310.000000000
 20
88.500000000
 30
-0.000000000
  0
SPLINE
  5
BC6
330
A02
100
AcDbEntity
  8
x_lower_sheets
100
AcDbSpline
210
0
220
0
230
1
 70
8
 71
1
 72
4
 73
2
 74
0
 40
10.000000000
 40
10.000000000
 40
26.000000000
 40
26.000000000
 10
310.000000000
 20
86.300000000
 30
-0.000000000
 10
294.000000000
 20
86.300000000
 30
0.000000000
  0
SPLINE
  5
BC7
330
A02
100
AcDbEntity
  8
x_lower_sheets
100
AcDbSpline
210
0
220
0
230
1
 70
8
 71
1
 72
4
 73
2
 74
0
 40
6.350000000
 40
6.350000000
 40
7.350000000
 40
7.350000000
 10
294.000000000
 20
86.300000000
 30
-0.000000000
 10
294.000000000
 20
85.300000000
 30
-0.000000000
  0
SPLINE
  5
BC8
330
A02
100
AcDbEntity
  8
x_lower_sheets
100
AcDbSpline
210
0
220
0
230
1
 70
8
 71
1
 72
4
 73
2
 74
0
 40
-8.350000000
 40
-8.350000000
 40
-7.350000000
 40
-7.350000000
 10
294.000000000
 20
84.300000000
 30
-0.000000000
 10
294.000000000
 20
85.300000000
 30
-0.000000000
  0
SPLINE
  5
BC9
330
A02
100
AcDbEntity
  8
x_lower_sheets
100
AcDbSpline
210
0
220
0
230
1
 70
8
 71
1
 72
4
 73
2
 74
0
 40
10.000000000
 40
10.000000000
 40
26.000000000
 40
26.000000000
 10
310.000000000
 20
84.300000000
 30
-0.000000000
 10
294.000000000
 20
84.300000000
 30
0.000000000
  0
SPLINE
  5
BCA
330
A02
100
AcDbEntity
  8
x_lower_sheets
100
AcDbSpline
210
0
220
0
230
1
 70
8
 71
1
 72
4
 73
2
 74
0
 40
-5.400000000
 40
-5.400000000
 40
-3.200000000
 40
-3.200000000
 10
310.000000000
 20
82.100000000
 30
-0.000000000
 10
310.000000000
 20
84.300000000
 30
-0.000000000
  0
SPLINE
  5
BCB
330
A02
100
AcDbEntity
  8
x_lower_sheets
100
AcDbSpline
210
0
220
0
230
1
 70
8
 71
1
 72
4
 73
2
 74
0
 40
10.000000000
 40
10.000000000
 40
26.000000000
 40
26.000000000
 10
310.000000000
 20
82.100000000
 30
-0.000000000
 10
294.000000000
 20
82.100000000
 30
0.000000000
  0
SPLINE
  5
BCC
330
A02
100
AcDbEntity
  8
x_lower_sheets
100
AcDbSpline
210
0
220
0
230
1
 70
8
 71
1
 72
4
 73
2
 74
0
 40
8.450000000
 40
8.450000000
 40
9.450000000
 40
9.450000000
 10
294.000000000
 20
82.100000000
 30
-0.000000000
 10
294.000000000
 20
81.100000000
 30
-0.000000000
  0
SPLINE
  5
BCD
330
A02
100
AcDbEntity
  8
x_lower_sheets
100
AcDbSpline
210
0
220
0
230
1
 70
8
 71
1
 72
4
 73
2
 74
0
 40
-10.450000000
 40
-10.450000000
 40
-9.450000000
 40
-9.450000000
 10
294.000000000
 20
80.100000000
 30
-0.000000000
 10
294.000000000
 20
81.100000000
 30
-0.000000000
  0
SPLINE
  5
BCE
330
A02
100
AcDbEntity
  8
x_lower_sheets
100
AcDbSpline
210
0
220
0
230
1
 70
8
 71
1
 72
4
 73
2
 74
0
 40
10.000000000
 40
10.000000000
 40
26.000000000
 40
26.000000000
 10
310.000000000
 20
80.100000000
 30
-0.000000000
 10
294.000000000
 20
80.100000000
 30
0.000000000
  0
SPLINE
  5
BCF
330
A02
100
AcDbEntity
  8
x_lower_sheets
100
AcDbSpline
210
0
220
0
230
1
 70
8
 71
1
 72
4
 73
2
 74
0
 40
-12.500000000
 40
-12.500000000
 40
-7.400000000
 40
-7.400000000
 10
310.000000000
 20
75.000000000
 30
-0.000000000
 10
310.000000000
 20
80.100000000
 30
-0.000000000
  0
SPLINE
  5
BD0
330
A02
100
AcDbEntity
  8
x_lower_sheets
100
AcDbSpline
210
0
220
0
230
1
 70
8
 71
1
 72
4
 73
2
 74
0
 40
-16.000000000
 40
-16.000000000
 40
16.000000000
 40
16.000000000
 10
278.000000000
 20
75.000000000
 30
0.000000000
 10
310.000000000
 20
75.000000000
 30
-0.000000000
  0
SPLINE
  5
BD1
330
A02
100
AcDbEntity
  8
x_lower_sheets
100
AcDbSpline
210
0
220
0
230
1
 70
8
 71
1
 72
4
 73
2
 74
0
 40
13.561342116
 40
13.561342116
 40
25.000000000
 40
25.000000000
 10
278.000000000
 20
86.438657884
 30
0.000000000
 10
278.000000000
 20
75.000000000
 30
0.000000000
  0
SPLINE
  5
BD2
330
A02
100
AcDbEntity
  8
x_lower_sheets
100
AcDbSpline
210
0
220
0
230
1
 70
8
 71
3
 72
8
 73
4
 74
0
 40
0.000000000
 40
0.000000000
 40
0.000000000
 40
0.000000000
 40
0.339544104
 40
0.339544104
 40
0.339544104
 40
0.339544104
 10
321.179829530
 20
100.000000000
 30
0.000000000
 10
321.177402508
 20
97.850347579
 30
0.000000000
 10
320.795434054
 20
95.732574719
 30
0.000000000
 10
320.000000000
 20
93.458593423
 30
0.000000000
  0
SPLINE
  5
BD3
330
A02
100
AcDbEntity
  8
x_lower_sheets
100
AcDbSpline
210
0
220
0
230
1
 70
8
 71
3
 72
8
 73
4
 74
0
 40
-0.339544104
 40
-0.339544104
 40
-0.339544104
 40
-0.339544104
 40
0.000000000
 40
0.000000000
 40
0.000000000
 40
0.000000000
 10
320.000000000
 20
106.541406577
 30
0.000000000
 10
320.795434054
 20
104.267425281
 30
0.000000000
 10
321.177402508
 20
102.149652421
 30
0.000000000
 10
321.179829530
 20
100.000000000
 30
0.000000000
  0
SPLINE
  5
BD4
330
A02
100
AcDbEntity
  8
x_lower_sheets
100
AcDbSpline
210
0
220
0
230
1
 70
8
 71
1
 72
4
 73
2
 74
0
 40
-25.000000000
 40
-25.000000000
 40
-6.541406577
 40
-6.541406577
 10
320.000000000
 20
125.000000000
 30
0.000000000
 10
320.000000000
 20
106.541406577
 30
0.000000000
  0
SPLINE
  5
BD5
330
A02
100
AcDbEntity
  8
x_lower_sheets
100
AcDbSpline
210
0
220
0
230
1
 70
8
 71
1
 72
4
 73
2
 74
0
 40
-16.000000000
 40
-16.000000000
 40
16.000000000
 40
16.000000000
 10
320.000000000
 20
125.000000000
 30
0.000000000
 10
352.000000000
 20
125.000000000
 30
-0.000000000
  0
SPLINE
  5
BD6
330
A02
100
AcDbEntity
  8
x_lower_sheets
100
AcDbSpline
210
0
220
0
230
1
 70
8
 71
1
 72
4
 73
2
 74
0
 40
32.400000000
 40
32.400000000
 40
37.500000000
 40
37.500000000
 10
352.000000000
 20
119.900000000
 30
-0.000000000
 10
352.000000000
 20
125.000000000
 30
-0.000000000
  0
SPLINE
  5
BD7
330
A02
100
AcDbEntity
  8
x_lower_sheets
100
AcDbSpline
210
0
220
0
230
1
 70
8
 71
1
 72
4
 73
2
 74
0
 40
10.000000000
 40
10.000000000
 40
26.000000000
 40
26.000000000
 10
352.000000000
 20
119.900000000
 30
-0.000000000
 10
336.000000000
 20
119.900000000
 30
0.000000000
  0
SPLINE
  5
BD8
330
A02
100
AcDbEntity
  8
x_lower_sheets
100
AcDbSpline
210
0
220
0
230
1
 70
8
 71
1
 72
4
 73
2
 74
0
 40
-10.450000000
 40
-10.450000000
 40
-9.450000000
 40
-9.450000000
 10
336.000000000
 20
119.900000000
 30
0.000000000
 10
336.000000000
 20
118.900000000
 30
0.000000000
  0
SPLINE
  5
BD9
330
A02
100
AcDbEntity
  8
x_lower_sheets
100
AcDbSpline
210
0
220
0
230
1
 70
8
 71
1
 72
4
 73
2
 74
0
 40
8.450000000
 40
8.450000000
 40
9.450000000
 40
9.450000000
 10
336.000000000
 20
117.900000000
 30
0.000000000
 10
336.000000000
 20
118.900000000
 30
0.000000000
  0
SPLINE
  5
BDA
330
A02
100
AcDbEntity
  8
x_lower_sheets
100
AcDbSpline
210
0
220
0
230
1
 70
8
 71
1
 72
4
 73
2
 74
0
 40
10.000000000
 40
10.000000000
 40
26.000000000
 40
26.000000000
 10
352.000000000
 20
117.900000000
 30
-0.000000000
 10
336.000000000
 20
117.900000000
 30
0.000000000
  0
SPLINE
  5
BDB
330
A02
100
AcDbEntity
  8
x_lower_sheets
100
AcDbSpline
210
0
220
0
230
1
 70
8
 71
1
 72
4
 73
2
 74
0
 40
28.200000000
 40
28.200000000
 40
30.400000000
 40
30.400000000
 10
352.000000000
 20
115.700000000
 30
-0.000000000
 10
352.000000000
 20
117.900000000
 30
-0.000000000
  0
SPLINE
  5
BDC
330
A02
100
AcDbEntity
  8
x_lower_sheets
100
AcDbSpline
210
0
220
0
230
1
 70
8
 71
1
 72
4
 73
2
 74
0
 40
10.000000000
 40
10.000000000
 40
26.000000000
 40
26.000000000
 10
352.000000000
 20
115.700000000
 30
-0.000000000
 10
336.000000000
 20
115.700000000
 30
0.000000000
  0
SPLINE
  5
BDD
330
A02
100
AcDbEntity
  8
x_lower_sheets
100
AcDbSpline
210
0
220
0
230
1
 70
8
 71
1
 72
4
 73
2
 74
0
 40
-8.350000000
 40
-8.350000000
 40
-7.350000000
 40
-7.350000000
 10
336.000000000
 20
115.700000000
 30
0.000000000
 10
336.000000000
 20
114.700000000
 30
0.000000000
  0
SPLINE
  5
BDE
330
A02
100
AcDbEntity
  8
x_lower_sheets
100
AcDbSpline
210
0
220
0
230
1
 70
8
 71
1
 72
4
 73
2
 74
0
 40
6.350000000
 40
6.350000000
 40
7.350000000
 40
7.350000000
 10
336.000000000
 20
113.700000000
 30
0.000000000
 10
336.000000000
 20
114.700000000
 30
0.000000000
  0
SPLINE
  5
BDF
330
A02
100
AcDbEntity
  8
x_lower_sheets
100
AcDbSpline
210
0
220
0
230
1
 70
8
 71
1
 72
4
 73
2
 74
0
 40
10.000000000
 40
10.000000000
 40
26.000000000
 40
26.000000000
 10
352.000000000
 20
113.700000000
 30
-0.000000000
 10
336.000000000
 20
113.700000000
 30
0.000000000
  0
SPLINE
  5
BE0
330
A02
100
AcDbEntity
  8
x_lower_sheets
100
AcDbSpline
210
0
220
0
230
1
 70
8
 71
1
 72
4
 73
2
 74
0
 40
24.000000000
 40
24.000000000
 40
26.200000000
 40
26.200000000
 10
352.000000000
 20
111.500000000
 30
-0.000000000
 10
352.000000000
 20
113.700000000
 30
-0.000000000
  0
SPLINE
  5
BE1
330
A02
100
AcDbEntity
  8
x_lower_sheets
100
AcDbSpline
210
0
220
0
230
1
 70
8
 71
1
 72
4
 73
2
 74
0
 40
10.000000000
 40
10.000000000
 40
26.000000000
 40
26.000000000
 10
352.000000000
 20
111.500000000
 30
-0.000000000
 10
336.000000000
 20
111.500000000
 30
0.000000000
  0
SPLINE
  5
BE2
330
A02
100
AcDbEntity
  8
x_lower_sheets
100
AcDbSpline
210
0
220
0
230
1
 70
8
 71
1
 72
4
 73
2
 74
0
 40
-6.250000000
 40
-6.250000000
 40
-5.250000000
 40
-5.250000000
 10
336.000000000
 20
111.500000000
 30
0.000000000
 10
336.000000000
 20
110.500000000
 30
0.000000000
  0
SPLINE
  5
BE3
330
A02
100
AcDbEntity
  8
x_lower_sheets
100
AcDbSpline
210
0
220
0
230
1
 70
8
 71
1
 72
4
 73
2
 74
0
 40
4.250000000
 40
4.250000000
 40
5.250000000
 40
5.250000000
 10
336.000000000
 20
109.500000000
 30
0.000000000
 10
336.000000000
 20
110.500000000
 30
0.000000000
  0
SPLINE
  5
BE4
330
A02
100
AcDbEntity
  8
x_lower_sheets
100
AcDbSpline
210
0
220
0
230
1
 70
8
 71
1
 72
4
 73
2
 74
0
 40
10.000000000
 40
10.000000000
 40
26.000000000
 40
26.000000000
 10
352.000000000
 20
109.500000000
 30
-0.000000000
 10
336.000000000
 20
109.500000000
 30
0.000000000
  0
SPLINE
  5
BE5
330
A02
100
AcDbEntity
  8
x_lower_sheets
100
AcDbSpline
210
0
220
0
230
1
 70
8
 71
1
 72
4
 73
2
 74
0
 40
19.800000000
 40
19.800000000
 40
22.000000000
 40
22.000000000
 10
352.000000000
 20
107.300000000
 30
-0.000000000
 10
352.000000000
 20
109.500000000
 30
-0.000000000
  0
SPLINE
  5
BE6
330
A02
100
AcDbEntity
  8
x_lower_sheets
100
AcDbSpline
210
0
220
0
230
1
 70
8
 71
1
 72
4
 73
2
 74
0
 40
10.000000000
 40
10.000000000
 40
26.000000000
 40
26.000000000
 10
352.000000000
 20
107.300000000
 30
-0.000000000
 10
336.000000000
 20
107.300000000
 30
0.000000000
  0
SPLINE
  5
BE7
330
A02
100
AcDbEntity
  8
x_lower_sheets
100
AcDbSpline
210
0
220
0
230
1
 70
8
 71
1
 72
4
 73
2
 74
0
 40
-4.150000000
 40
-4.150000000
 40
-3.150000000
 40
-3.150000000
 10
336.000000000
 20
107.300000000
 30
0.000000000
 10
336.000000000
 20
106.300000000
 30
0.000000000
  0
SPLINE
  5
BE8
330
A02
100
AcDbEntity
  8
x_lower_sheets
100
AcDbSpline
210
0
220
0
230
1
 70
8
 71
1
 72
4
 73
2
 74
0
 40
2.150000000
 40
2.150000000
 40
3.150000000
 40
3.150000000
 10
336.000000000
 20
105.300000000
 30
0.000000000
 10
336.000000000
 20
106.300000000
 30
0.000000000
  0
SPLINE
  5
BE9
330
A02
100
AcDbEntity
  8
x_lower_sheets
100
AcDbSpline
210
0
220
0
230
1
 70
8
 71
1
 72
4
 73
2
 74
0
 40
10.000000000
 40
10.000000000
 40
26.000000000
 40
26.000000000
 10
352.000000000
 20
105.300000000
 30
-0.000000000
 10
336.000000000
 20
105.300000000
 30
0.000000000
  0
SPLINE
  5
BEA
330
A02
100
AcDbEntity
  8
x_lower_sheets
100
AcDbSpline
210
0
220
0
230
1
 70
8
 71
1
 72
4
 73
2
 74
0
 40
15.600000000
 40
15.600000000
 40
17.800000000
 40
17.800000000
 10
352.000000000
 20
103.100000000
 30
-0.000000000
 10
352.000000000
 20
105.300000000
 30
-0.000000000
  0
SPLINE
  5
BEB
330
A02
100
AcDbEntity
  8
x_lower_sheets
100
AcDbSpline
210
0
220
0
230
1
 70
8
 71
1
 72
4
 73
2
 74
0
 40
10.000000000
 40
10.000000000
 40
26.000000000
 40
26.000000000
 10
352.000000000
 20
103.100000000
 30
-0.000000000
 10
336.000000000
 20
103.100000000
 30
0.000000000
  0
SPLINE
  5
BEC
330
A02
100
AcDbEntity
  8
x_lower_sheets
100
AcDbSpline
210
0
220
0
230
1
 70
8
 71
1
 72
4
 73
2
 74
0
 40
-2.050000000
 40
-2.050000000
 40
-1.050000000
 40
-1.050000000
 10
336.000000000
 20
103.100000000
 30
0.000000000
 10
336.000000000
 20
102.100000000
 30
0.000000000
  0
SPLINE
  5
BED
330
A02
100
AcDbEntity
  8
x_lower_sheets
100
AcDbSpline
210
0
220
0
230
1
 70
8
 71
1
 72
4
 73
2
 74
0
 40
0.050000000
 40
0.050000000
 40
1.050000000
 40
1.050000000
 10
336.000000000
 20
101.100000000
 30
0.000000000
 10
336.000000000
 20
102.100000000
 30
0.000000000
  0
SPLINE
  5
BEE
330
A02
100
AcDbEntity
  8
x_lower_sheets
100
AcDbSpline
210
0
220
0
230
1
 70
8
 71
1
 72
4
 73
2
 74
0
 40
10.000000000
 40
10.000000000
 40
26.000000000
 40
26.000000000
 10
352.000000000
 20
101.100000000
 30
-0.000000000
 10
336.000000000
 20
101.100000000
 30
0.000000000
  0
SPLINE
  5
BEF
330
A02
100
AcDbEntity
  8
x_lower_sheets
100
AcDbSpline
210
0
220
0
230
1
 70
8
 71
1
 72
4
 73
2
 74
0
 40
11.400000000
 40
11.400000000
 40
13.600000000
 40
13.600000000
 10
352.000000000
 20
98.900000000
 30
-0.000000000
 10
352.000000000
 20
101.100000000
 30
-0.000000000
  0
SPLINE
  5
BF0
330
A02
100
AcDbEntity
  8
x_lower_sheets
100
AcDbSpline
210
0
220
0
230
1
 70
8
 71
1
 72
4
 73
2
 74
0
 40
10.000000000
 40
10.000000000
 40
26.000000000
 40
26.000000000
 10
352.000000000
 20
98.900000000
 30
-0.000000000
 10
336.000000000
 20
98.900000000
 30
0.000000000
  0
SPLINE
  5
BF1
330
A02
100
AcDbEntity
  8
x_lower_sheets
100
AcDbSpline
210
0
220
0
230
1
 70
8
 71
1
 72
4
 73
2
 74
0
 40
0.050000000
 40
0.050000000
 40
1.050000000
 40
1.050000000
 10
336.000000000
 20
98.900000000
 30
0.000000000
 10
336.000000000
 20
97.900000000
 30
0.000000000
  0
SPLINE
  5
BF2
330
A02
100
AcDbEntity
  8
x_lower_sheets
100
AcDbSpline
210
0
220
0
230
1
 70
8
 71
1
 72
4
 73
2
 74
0
 40
-2.050000000
 40
-2.050000000
 40
-1.050000000
 40
-1.050000000
 10
336.000000000
 20
96.900000000
 30
0.000000000
 10
336.000000000
 20
97.900000000
 30
0.000000000
  0
SPLINE
  5
BF3
330
A02
100
AcDbEntity
  8
x_lower_sheets
100
AcDbSpline
210
0
220
0
230
1
 70
8
 71
1
 72
4
 73
2
 74
0
 40
10.000000000
 40
10.000000000
 40
26.000000000
 40
26.000000000
 10
352.000000000
 20
96.900000000
 30
-0.000000000
 10
336.000000000
 20
96.900000000
 30
0.000000000
  0
SPLINE
  5
BF4
330
A02
100
AcDbEntity
  8
x_lower_sheets
100
AcDbSpline
210
0
220
0
230
1
 70
8
 71
1
 72
4
 73
2
 74
0
 40
7.200000000
 40
7.200000000
 40
9.400000000
 40
9.400000000
 10
352.000000000
 20
94.700000000
 30
-0.000000000
 10
352.000000000
 20
96.900000000
 30
-0.000000000
  0
SPLINE
  5
BF5
330
A02
100
AcDbEntity
  8
x_lower_sheets
100
AcDbSpline
210
0
220
0
230
1
 70
8
 71
1
 72
4
 73
2
 74
0
 40
10.000000000
 40
10.000000000
 40
26.000000000
 40
26.000000000
 10
352.000000000
 20
94.700000000
 30
-0.000000000
 10
336.000000000
 20
94.700000000
 30
0.000000000
  0
SPLINE
  5
BF6
330
A02
100
AcDbEntity
  8
x_lower_sheets
100
AcDbSpline
210
0
220
0
230
1
 70
8
 71
1
 72
4
 73
2
 74
0
 40
2.150000000
 40
2.150000000
 40
3.150000000
 40
3.150000000
 10
336.000000000
 20
94.700000000
 30
0.000000000
 10
336.000000000
 20
93.700000000
 30
0.000000000
  0
SPLINE
  5
BF7
330
A02
100
AcDbEntity
  8
x_lower_sheets
100
AcDbSpline
210
0
220
0
230
1
 70
8
 71
1
 72
4
 73
2
 74
0
 40
-4.150000000
 40
-4.150000000
 40
-3.150000000
 40
-3.150000000
 10
336.000000000
 20
92.700000000
 30
0.000000000
 10
336.000000000
 20
93.700000000
 30
0.000000000
  0
SPLINE
  5
BF8
330
A02
100
AcDbEntity
  8
x_lower_sheets
100
AcDbSpline
210
0
220
0
230
1
 70
8
 71
1
 72
4
 73
2
 74
0
 40
10.000000000
 40
10.000000000
 40
26.000000000
 40
26.000000000
 10
352.000000000
 20
92.700000000
 30
-0.000000000
 10
336.000000000
 20
92.700000000
 30
0.000000000
  0
SPLINE
  5
BF9
330
A02
100
AcDbEntity
  8
x_lower_sheets
100
AcDbSpline
210
0
220
0
230
1
 70
8
 71
1
 72
4
 73
2
 74
0
 40
3.000000000
 40
3.000000000
 40
5.200000000
 40
5.200000000
 10
352.000000000
 20
90.500000000
 30
-0.000000000
 10
352.000000000
 20
92.700000000
 30
-0.000000000
  0
SPLINE
  5
BFA
330
A02
100
AcDbEntity
  8
x_lower_sheets
100
AcDbSpline
210
0
220
0
230
1
 70
8
 71
1
 72
4
 73
2
 74
0
 40
10.000000000
 40
10.000000000
 40
26.000000000
 40
26.000000000
 10
352.000000000
 20
90.500000000
 30
-0.000000000
 10
336.000000000
 20
90.500000000
 30
0.000000000
  0
SPLINE
  5
BFB
330
A02
100
AcDbEntity
  8
x_lower_sheets
100
AcDbSpline
210
0
220
0
230
1
 70
8
 71
1
 72
4
 73
2
 74
0
 40
4.250000000
 40
4.250000000
 40
5.250000000
 40
5.250000000
 10
336.000000000
 20
90.500000000
 30
0.000000000
 10
336.000000000
 20
89.500000000
 30
0.000000000
  0
SPLINE
  5
BFC
330
A02
100
AcDbEntity
  8
x_lower_sheets
100
AcDbSpline
210
0
220
0
230
1
 70
8
 71
1
 72
4
 73
2
 74
0
 40
-6.250000000
 40
-6.250000000
 40
-5.250000000
 40
-5.250000000
 10
336.000000000
 20
88.500000000
 30
0.000000000
 10
336.000000000
 20
89.500000000
 30
0.000000000
  0
SPLINE
  5
BFD
330
A02
100
AcDbEntity
  8
x_lower_sheets
100
AcDbSpline
210
0
220
0
230
1
 70
8
 71
1
 72
4
 73
2
 74
0
 40
10.000000000
 40
10.000000000
 40
26.000000000
 40
26.000000000
 10
352.000000000
 20
88.500000000
 30
-0.000000000
 10
336.000000000
 20
88.500000000
 30
0.000000000
  0
SPLINE
  5
BFE
330
A02
100
AcDbEntity
  8
x_lower_sheets
100
AcDbSpline
210
0
220
0
230
1
 70
8
 71
1
 72
4
 73
2
 74
0
 40
-1.200000000
 40
-1.200000000
 40
1.000000000
 40
1.000000000
 10
352.000000000
 20
86.300000000
 30
-0.000000000
 10
352.000000000
 20
88.500000000
 30
-0.000000000
  0
SPLINE
  5
BFF
330
A02
100
AcDbEntity
  8
x_lower_sheets
100
AcDbSpline
210
0
220
0
230
1
 70
8
 71
1
 72
4
 73
2
 74
0
 40
10.000000000
 40
10.000000000
 40
26.000000000
 40
26.000000000
 10
352.000000000
 20
86.300000000
 30
-0.000000000
 10
336.000000000
 20
86.300000000
 30
0.000000000
  0
SPLINE
  5
C00
330
A02
100
AcDbEntity
  8
x_lower_sheets
100
AcDbSpline
210
0
220
0
230
1
 70
8
 71
1
 72
4
 73
2
 74
0
 40
6.350000000
 40
6.350000000
 40
7.350000000
 40
7.350000000
 10
336.000000000
 20
86.300000000
 30
0.000000000
 10
336.000000000
 20
85.300000000
 30
0.000000000
  0
SPLINE
  5
C01
330
A02
100
AcDbEntity
  8
x_lower_sheets
100
AcDbSpline
210
0
220
0
230
1
 70
8
 71
1
 72
4
 73
2
 74
0
 40
-8.350000000
 40
-8.350000000
 40
-7.350000000
 40
-7.350000000
 10
336.000000000
 20
84.300000000
 30
0.000000000
 10
336.000000000
 20
85.300000000
 30
0.000000000
  0
SPLINE
  5
C02
330
A02
100
AcDbEntity
  8
x_lower_sheets
100
AcDbSpline
210
0
220
0
230
1
 70
8
 71
1
 72
4
 73
2
 74
0
 40
10.000000000
 40
10.000000000
 40
26.000000000
 40
26.000000000
 10
352.000000000
 20
84.300000000
 30
-0.000000000
 10
336.000000000
 20
84.300000000
 30
0.000000000
  0
SPLINE
  5
C03
330
A02
100
AcDbEntity
  8
x_lower_sheets
100
AcDbSpline
210
0
220
0
230
1
 70
8
 71
1
 72
4
 73
2
 74
0
 40
-5.400000000
 40
-5.400000000
 40
-3.200000000
 40
-3.200000000
 10
352.000000000
 20
82.100000000
 30
-0.000000000
 10
352.000000000
 20
84.300000000
 30
-0.000000000
  0
SPLINE
  5
C04
330
A02
100
AcDbEntity
  8
x_lower_sheets
100
AcDbSpline
210
0
220
0
230
1
 70
8
 71
1
 72
4
 73
2
 74
0
 40
10.000000000
 40
10.000000000
 40
26.000000000
 40
26.000000000
 10
352.000000000
 20
82.100000000
 30
-0.000000000
 10
336.000000000
 20
82.100000000
 30
0.000000000
  0
SPLINE
  5
C05
330
A02
100
AcDbEntity
  8
x_lower_sheets
100
AcDbSpline
210
0
220
0
230
1
 70
8
 71
1
 72
4
 73
2
 74
0
 40
8.450000000
 40
8.450000000
 40
9.450000000
 40
9.450000000
 10
336.000000000
 20
82.100000000
 30
0.000000000
 10
336.000000000
 20
81.100000000
 30
0.000000000
  0
SPLINE
  5
C06
330
A02
100
AcDbEntity
  8
x_lower_sheets
100
AcDbSpline
210
0
220
0
230
1
 70
8
 71
1
 72
4
 73
2
 74
0
 40
-10.450000000
 40
-10.450000000
 40
-9.450000000
 40
-9.450000000
 10
336.000000000
 20
80.100000000
 30
0.000000000
 10
336.000000000
 20
81.100000000
 30
0.000000000
  0
SPLINE
  5
C07
330
A02
100
AcDbEntity
  8
x_lower_sheets
100
AcDbSpline
210
0
220
0
230
1
 70
8
 71
1
 72
4
 73
2
 74
0
 40
10.000000000
 40
10.000000000
 40
26.000000000
 40
26.000000000
 10
352.000000000
 20
80.100000000
 30
-0.000000000
 10
336.000000000
 20
80.100000000
 30
0.000000000
  0
SPLINE
  5
C08
330
A02
100
AcDbEntity
  8
x_lower_sheets
100
AcDbSpline
210
0
220
0
230
1
 70
8
 71
1
 72
4
 73
2
 74
0
 40
-12.500000000
 40
-12.500000000
 40
-7.400000000
 40
-7.400000000
 10
352.000000000
 20
75.000000000
 30
-0.000000000
 10
352.000000000
 20
80.100000000
 30
-0.000000000
  0
SPLINE
  5
C09
330
A02
100
AcDbEntity
  8
x_lower_sheets
100
AcDbSpline
210
0
220
0
230
1
 70
8
 71
1
 72
4
 73
2
 74
0
 40
-16.000000000
 40
-16.000000000
 40
16.000000000
 40
16.000000000
 10
320.000000000
 20
75.000000000
 30
0.000000000
 10
352.000000000
 20
75.000000000
 30
-0.000000000
  0
SPLINE
  5
C0A
330
A02
100
AcDbEntity
  8
x_lower_sheets
100
AcDbSpline
210
0
220
0
230
1
 70
8
 71
1
 72
4
 73
2
 74
0
 40
6.541406577
 40
6.541406577
 40
25.000000000
 40
25.000000000
 10
320.000000000
 20
93.458593423
 30
0.000000000
 10
320.000000000
 20
75.000000000
 30
0.000000000
  0
SPLINE
  5
C0B
330
A02
100
AcDbEntity
  8
x_lower_sheets
100
AcDbSpline
210
0
220
0
230
1
 70
8
 71
3
 72
11
 73
7
 74
0
 40
-0.339544104
 40
-0.339544104
 40
-0.339544104
 40
-0.339544104
 40
-0.000000000
 40
-0.000000000
 40
-0.000000000
 40
0.339544104
 40
0.339544104
 40
0.339544104
 40
0.339544104
 10
362.000000000
 20
106.541406577
 30
0.000000000
 10
362.806746896
 20
104.235172763
 30
0.000000000
 10
363.177301188
 20
102.119619032
 30
0.000000000
 10
363.179829530
 20
100.000000000
 30
0.000000000
 10
363.177301188
 20
97.880380968
 30
0.000000000
 10
362.806746896
 20
95.764827237
 30
0.000000000
 10
362.000000000
 20
93.458593423
 30
0.000000000
  0
SPLINE
  5
C0C
330
A02
100
AcDbEntity
  8
x_lower_sheets
100
AcDbSpline
210
0
220
0
230
1
 70
8
 71
1
 72
4
 73
2
 74
0
 40
-25.000000000
 40
-25.000000000
 40
-6.541406577
 40
-6.541406577
 10
362.000000000
 20
125.000000000
 30
0.000000000
 10
362.000000000
 20
106.541406577
 30
0.000000000
  0
SPLINE
  5
C0D
330
A02
100
AcDbEntity
  8
x_lower_sheets
100
AcDbSpline
210
0
220
0
230
1
 70
8
 71
1
 72
4
 73
2
 74
0
 40
-16.000000000
 40
-16.000000000
 40
16.000000000
 40
16.000000000
 10
362.000000000
 20
125.000000000
 30
0.000000000
 10
394.000000000
 20
125.000000000
 30
-0.000000000
  0
SPLINE
  5
C0E
330
A02
100
AcDbEntity
  8
x_lower_sheets
100
AcDbSpline
210
0
220
0
230
1
 70
8
 71
1
 72
4
 73
2
 74
0
 40
32.400000000
 40
32.400000000
 40
37.500000000
 40
37.500000000
 10
394.000000000
 20
119.900000000
 30
-0.000000000
 10
394.000000000
 20
125.000000000
 30
-0.000000000
  0
SPLINE
  5
C0F
330
A02
100
AcDbEntity
  8
x_lower_sheets
100
AcDbSpline
210
0
220
0
230
1
 70
8
 71
1
 72
4
 73
2
 74
0
 40
10.000000000
 40
10.000000000
 40
26.000000000
 40
26.000000000
 10
394.000000000
 20
119.900000000
 30
-0.000000000
 10
378.000000000
 20
119.900000000
 30
0.000000000
  0
SPLINE
  5
C10
330
A02
100
AcDbEntity
  8
x_lower_sheets
100
AcDbSpline
210
0
220
0
230
1
 70
8
 71
1
 72
4
 73
2
 74
0
 40
-10.450000000
 40
-10.450000000
 40
-9.450000000
 40
-9.450000000
 10
378.000000000
 20
119.900000000
 30
0.000000000
 10
378.000000000
 20
118.900000000
 30
0.000000000
  0
SPLINE
  5
C11
330
A02
100
AcDbEntity
  8
x_lower_sheets
100
AcDbSpline
210
0
220
0
230
1
 70
8
 71
1
 72
4
 73
2
 74
0
 40
8.450000000
 40
8.450000000
 40
9.450000000
 40
9.450000000
 10
378.000000000
 20
117.900000000
 30
0.000000000
 10
378.000000000
 20
118.900000000
 30
0.000000000
  0
SPLINE
  5
C12
330
A02
100
AcDbEntity
  8
x_lower_sheets
100
AcDbSpline
210
0
220
0
230
1
 70
8
 71
1
 72
4
 73
2
 74
0
 40
10.000000000
 40
10.000000000
 40
26.000000000
 40
26.000000000
 10
394.000000000
 20
117.900000000
 30
-0.000000000
 10
378.000000000
 20
117.900000000
 30
0.000000000
  0
SPLINE
  5
C13
330
A02
100
AcDbEntity
  8
x_lower_sheets
100
AcDbSpline
210
0
220
0
230
1
 70
8
 71
1
 72
4
 73
2
 74
0
 40
28.200000000
 40
28.200000000
 40
30.400000000
 40
30.400000000
 10
394.000000000
 20
115.700000000
 30
-0.000000000
 10
394.000000000
 20
117.900000000
 30
-0.000000000
  0
SPLINE
  5
C14
330
A02
100
AcDbEntity
  8
x_lower_sheets
100
AcDbSpline
210
0
220
0
230
1
 70
8
 71
1
 72
4
 73
2
 74
0
 40
10.000000000
 40
10.000000000
 40
26.000000000
 40
26.000000000
 10
394.000000000
 20
115.700000000
 30
-0.000000000
 10
378.000000000
 20
115.700000000
 30
0.000000000
  0
SPLINE
  5
C15
330
A02
100
AcDbEntity
  8
x_lower_sheets
100
AcDbSpline
210
0
220
0
230
1
 70
8
 71
1
 72
4
 73
2
 74
0
 40
-8.350000000
 40
-8.350000000
 40
-7.350000000
 40
-7.350000000
 10
378.000000000
 20
115.700000000
 30
0.000000000
 10
378.000000000
 20
114.700000000
 30
0.000000000
  0
SPLINE
  5
C16
330
A02
100
AcDbEntity
  8
x_lower_sheets
100
AcDbSpline
210
0
220
0
230
1
 70
8
 71
1
 72
4
 73
2
 74
0
 40
6.350000000
 40
6.350000000
 40
7.350000000
 40
7.350000000
 10
378.000000000
 20
113.700000000
 30
0.000000000
 10
378.000000000
 20
114.700000000
 30
0.000000000
  0
SPLINE
  5
C17
330
A02
100
AcDbEntity
  8
x_lower_sheets
100
AcDbSpline
210
0
220
0
230
1
 70
8
 71
1
 72
4
 73
2
 74
0
 40
10.000000000
 40
10.000000000
 40
26.000000000
 40
26.000000000
 10
394.000000000
 20
113.700000000
 30
-0.000000000
 10
378.000000000
 20
113.700000000
 30
0.000000000
  0
SPLINE
  5
C18
330
A02
100
AcDbEntity
  8
x_lower_sheets
100
AcDbSpline
210
0
220
0
230
1
 70
8
 71
1
 72
4
 73
2
 74
0
 40
24.000000000
 40
24.000000000
 40
26.200000000
 40
26.200000000
 10
394.000000000
 20
111.500000000
 30
-0.000000000
 10
394.000000000
 20
113.700000000
 30
-0.000000000
  0
SPLINE
  5
C19
330
A02
100
AcDbEntity
  8
x_lower_sheets
100
AcDbSpline
210
0
220
0
230
1
 70
8
 71
1
 72
4
 73
2
 74
0
 40
10.000000000
 40
10.000000000
 40
26.000000000
 40
26.000000000
 10
394.000000000
 20
111.500000000
 30
-0.000000000
 10
378.000000000
 20
111.500000000
 30
0.000000000
  0
SPLINE
  5
C1A
330
A02
100
AcDbEntity
  8
x_lower_sheets
100
AcDbSpline
210
0
220
0
230
1
 70
8
 71
1
 72
4
 73
2
 74
0
 40
-6.250000000
 40
-6.250000000
 40
-5.250000000
 40
-5.250000000
 10
378.000000000
 20
111.500000000
 30
0.000000000
 10
378.000000000
 20
110.500000000
 30
0.000000000
  0
SPLINE
  5
C1B
330
A02
100
AcDbEntity
  8
x_lower_sheets
100
AcDbSpline
210
0
220
0
230
1
 70
8
 71
1
 72
4
 73
2
 74
0
 40
4.250000000
 40
4.250000000
 40
5.250000000
 40
5.250000000
 10
378.000000000
 20
109.500000000
 30
0.000000000
 10
378.000000000
 20
110.500000000
 30
0.000000000
  0
SPLINE
  5
C1C
330
A02
100
AcDbEntity
  8
x_lower_sheets
100
AcDbSpline
210
0
220
0
230
1
 70
8
 71
1
 72
4
 73
2
 74
0
 40
10.000000000
 40
10.000000000
 40
26.000000000
 40
26.000000000
 10
394.000000000
 20
109.500000000
 30
-0.000000000
 10
378.000000000
 20
109.500000000
 30
0.000000000
  0
SPLINE
  5
C1D
330
A02
100
AcDbEntity
  8
x_lower_sheets
100
AcDbSpline
210
0
220
0
230
1
 70
8
 71
1
 72
4
 73
2
 74
0
 40
19.800000000
 40
19.800000000
 40
22.000000000
 40
22.000000000
 10
394.000000000
 20
107.300000000
 30
-0.000000000
 10
394.000000000
 20
109.500000000
 30
-0.000000000
  0
SPLINE
  5
C1E
330
A02
100
AcDbEntity
  8
x_lower_sheets
100
AcDbSpline
210
0
220
0
230
1
 70
8
 71
1
 72
4
 73
2
 74
0
 40
10.000000000
 40
10.000000000
 40
26.000000000
 40
26.000000000
 10
394.000000000
 20
107.300000000
 30
-0.000000000
 10
378.000000000
 20
107.300000000
 30
0.000000000
  0
SPLINE
  5
C1F
330
A02
100
AcDbEntity
  8
x_lower_sheets
100
AcDbSpline
210
0
220
0
230
1
 70
8
 71
1
 72
4
 73
2
 74
0
 40
-4.150000000
 40
-4.150000000
 40
-3.150000000
 40
-3.150000000
 10
378.000000000
 20
107.300000000
 30
0.000000000
 10
378.000000000
 20
106.300000000
 30
0.000000000
  0
SPLINE
  5
C20
330
A02
100
AcDbEntity
  8
x_lower_sheets
100
AcDbSpline
210
0
220
0
230
1
 70
8
 71
1
 72
4
 73
2
 74
0
 40
2.150000000
 40
2.150000000
 40
3.150000000
 40
3.150000000
 10
378.000000000
 20
105.300000000
 30
0.000000000
 10
378.000000000
 20
106.300000000
 30
0.000000000
  0
SPLINE
  5
C21
330
A02
100
AcDbEntity
  8
x_lower_sheets
100
AcDbSpline
210
0
220
0
230
1
 70
8
 71
1
 72
4
 73
2
 74
0
 40
10.000000000
 40
10.000000000
 40
26.000000000
 40
26.000000000
 10
394.000000000
 20
105.300000000
 30
-0.000000000
 10
378.000000000
 20
105.300000000
 30
0.000000000
  0
SPLINE
  5
C22
330
A02
100
AcDbEntity
  8
x_lower_sheets
100
AcDbSpline
210
0
220
0
230
1
 70
8
 71
1
 72
4
 73
2
 74
0
 40
15.600000000
 40
15.600000000
 40
17.800000000
 40
17.800000000
 10
394.000000000
 20
103.100000000
 30
-0.000000000
 10
394.000000000
 20
105.300000000
 30
-0.000000000
  0
SPLINE
  5
C23
330
A02
100
AcDbEntity
  8
x_lower_sheets
100
AcDbSpline
210
0
220
0
230
1
 70
8
 71
1
 72
4
 73
2
 74
0
 40
10.000000000
 40
10.000000000
 40
26.000000000
 40
26.000000000
 10
394.000000000
 20
103.100000000
 30
-0.000000000
 10
378.000000000
 20
103.100000000
 30
0.000000000
  0
SPLINE
  5
C24
330
A02
100
AcDbEntity
  8
x_lower_sheets
100
AcDbSpline
210
0
220
0
230
1
 70
8
 71
1
 72
4
 73
2
 74
0
 40
-2.050000000
 40
-2.050000000
 40
-1.050000000
 40
-1.050000000
 10
378.000000000
 20
103.100000000
 30
0.000000000
 10
378.000000000
 20
102.100000000
 30
0.000000000
  0
SPLINE
  5
C25
330
A02
100
AcDbEntity
  8
x_lower_sheets
100
AcDbSpline
210
0
220
0
230
1
 70
8
 71
1
 72
4
 73
2
 74
0
 40
0.050000000
 40
0.050000000
 40
1.050000000
 40
1.050000000
 10
378.000000000
 20
101.100000000
 30
0.000000000
 10
378.000000000
 20
102.100000000
 30
0.000000000
  0
SPLINE
  5
C26
330
A02
100
AcDbEntity
  8
x_lower_sheets
100
AcDbSpline
210
0
220
0
230
1
 70
8
 71
1
 72
4
 73
2
 74
0
 40
10.000000000
 40
10.000000000
 40
26.000000000
 40
26.000000000
 10
394.000000000
 20
101.100000000
 30
-0.000000000
 10
378.000000000
 20
101.100000000
 30
0.000000000
  0
SPLINE
  5
C27
330
A02
100
AcDbEntity
  8
x_lower_sheets
100
AcDbSpline
210
0
220
0
230
1
 70
8
 71
1
 72
4
 73
2
 74
0
 40
11.400000000
 40
11.400000000
 40
13.600000000
 40
13.600000000
 10
394.000000000
 20
98.900000000
 30
-0.000000000
 10
394.000000000
 20
101.100000000
 30
-0.000000000
  0
SPLINE
  5
C28
330
A02
100
AcDbEntity
  8
x_lower_sheets
100
AcDbSpline
210
0
220
0
230
1
 70
8
 71
1
 72
4
 73
2
 74
0
 40
10.000000000
 40
10.000000000
 40
26.000000000
 40
26.000000000
 10
394.000000000
 20
98.900000000
 30
-0.000000000
 10
378.000000000
 20
98.900000000
 30
0.000000000
  0
SPLINE
  5
C29
330
A02
100
AcDbEntity
  8
x_lower_sheets
100
AcDbSpline
210
0
220
0
230
1
 70
8
 71
1
 72
4
 73
2
 74
0
 40
0.050000000
 40
0.050000000
 40
1.050000000
 40
1.050000000
 10
378.000000000
 20
98.900000000
 30
0.000000000
 10
378.000000000
 20
97.900000000
 30
0.000000000
  0
SPLINE
  5
C2A
330
A02
100
AcDbEntity
  8
x_lower_sheets
100
AcDbSpline
210
0
220
0
230
1
 70
8
 71
1
 72
4
 73
2
 74
0
 40
-2.050000000
 40
-2.050000000
 40
-1.050000000
 40
-1.050000000
 10
378.000000000
 20
96.900000000
 30
0.000000000
 10
378.000000000
 20
97.900000000
 30
0.000000000
  0
SPLINE
  5
C2B
330
A02
100
AcDbEntity
  8
x_lower_sheets
100
AcDbSpline
210
0
220
0
230
1
 70
8
 71
1
 72
4
 73
2
 74
0
 40
10.000000000
 40
10.000000000
 40
26.000000000
 40
26.000000000
 10
394.000000000
 20
96.900000000
 30
-0.000000000
 10
378.000000000
 20
96.900000000
 30
0.000000000
  0
SPLINE
  5
C2C
330
A02
100
AcDbEntity
  8
x_lower_sheets
100
AcDbSpline
210
0
220
0
230
1
 70
8
 71
1
 72
4
 73
2
 74
0
 40
7.200000000
 40
7.200000000
 40
9.400000000
 40
9.400000000
 10
394.000000000
 20
94.700000000
 30
-0.000000000
 10
394.000000000
 20
96.900000000
 30
-0.000000000
  0
SPLINE
  5
C2D
330
A02
100
AcDbEntity
  8
x_lower_sheets
100
AcDbSpline
210
0
220
0
230
1
 70
8
 71
1
 72
4
 73
2
 74
0
 40
10.000000000
 40
10.000000000
 40
26.000000000
 40
26.000000000
 10
394.000000000
 20
94.700000000
 30
-0.000000000
 10
378.000000000
 20
94.700000000
 30
0.000000000
  0
SPLINE
  5
C2E
330
A02
100
AcDbEntity
  8
x_lower_sheets
100
AcDbSpline
210
0
220
0
230
1
 70
8
 71
1
 72
4
 73
2
 74
0
 40
2.150000000
 40
2.150000000
 40
3.150000000
 40
3.150000000
 10
378.000000000
 20
94.700000000
 30
0.000000000
 10
378.000000000
 20
93.700000000
 30
0.000000000
  0
SPLINE
  5
C2F
330
A02
100
AcDbEntity
  8
x_lower_sheets
100
AcDbSpline
210
0
220
0
230
1
 70
8
 71
1
 72
4
 73
2
 74
0
 40
-4.150000000
 40
-4.150000000
 40
-3.150000000
 40
-3.150000000
 10
378.000000000
 20
92.700000000
 30
0.000000000
 10
378.000000000
 20
93.700000000
 30
0.000000000
  0
SPLINE
  5
C30
330
A02
100
AcDbEntity
  8
x_lower_sheets
100
AcDbSpline
210
0
220
0
230
1
 70
8
 71
1
 72
4
 73
2
 74
0
 40
10.000000000
 40
10.000000000
 40
26.000000000
 40
26.000000000
 10
394.000000000
 20
92.700000000
 30
-0.000000000
 10
378.000000000
 20
92.700000000
 30
0.000000000
  0
SPLINE
  5
C31
330
A02
100
AcDbEntity
  8
x_lower_sheets
100
AcDbSpline
210
0
220
0
230
1
 70
8
 71
1
 72
4
 73
2
 74
0
 40
3.000000000
 40
3.000000000
 40
5.200000000
 40
5.200000000
 10
394.000000000
 20
90.500000000
 30
-0.000000000
 10
394.000000000
 20
92.700000000
 30
-0.000000000
  0
SPLINE
  5
C32
330
A02
100
AcDbEntity
  8
x_lower_sheets
100
AcDbSpline
210
0
220
0
230
1
 70
8
 71
1
 72
4
 73
2
 74
0
 40
10.000000000
 40
10.000000000
 40
26.000000000
 40
26.000000000
 10
394.000000000
 20
90.500000000
 30
-0.000000000
 10
378.000000000
 20
90.500000000
 30
0.000000000
  0
SPLINE
  5
C33
330
A02
100
AcDbEntity
  8
x_lower_sheets
100
AcDbSpline
210
0
220
0
230
1
 70
8
 71
1
 72
4
 73
2
 74
0
 40
4.250000000
 40
4.250000000
 40
5.250000000
 40
5.250000000
 10
378.000000000
 20
90.500000000
 30
0.000000000
 10
378.000000000
 20
89.500000000
 30
0.000000000
  0
SPLINE
  5
C34
330
A02
100
AcDbEntity
  8
x_lower_sheets
100
AcDbSpline
210
0
220
0
230
1
 70
8
 71
1
 72
4
 73
2
 74
0
 40
-6.250000000
 40
-6.250000000
 40
-5.250000000
 40
-5.250000000
 10
378.000000000
 20
88.500000000
 30
0.000000000
 10
378.000000000
 20
89.500000000
 30
0.000000000
  0
SPLINE
  5
C35
330
A02
100
AcDbEntity
  8
x_lower_sheets
100
AcDbSpline
210
0
220
0
230
1
 70
8
 71
1
 72
4
 73
2
 74
0
 40
10.000000000
 40
10.000000000
 40
26.000000000
 40
26.000000000
 10
394.000000000
 20
88.500000000
 30
-0.000000000
 10
378.000000000
 20
88.500000000
 30
0.000000000
  0
SPLINE
  5
C36
330
A02
100
AcDbEntity
  8
x_lower_sheets
100
AcDbSpline
210
0
220
0
230
1
 70
8
 71
1
 72
4
 73
2
 74
0
 40
-1.200000000
 40
-1.200000000
 40
1.000000000
 40
1.000000000
 10
394.000000000
 20
86.300000000
 30
-0.000000000
 10
394.000000000
 20
88.500000000
 30
-0.000000000
  0
SPLINE
  5
C37
330
A02
100
AcDbEntity
  8
x_lower_sheets
100
AcDbSpline
210
0
220
0
230
1
 70
8
 71
1
 72
4
 73
2
 74
0
 40
10.000000000
 40
10.000000000
 40
26.000000000
 40
26.000000000
 10
394.000000000
 20
86.300000000
 30
-0.000000000
 10
378.000000000
 20
86.300000000
 30
0.000000000
  0
SPLINE
  5
C38
330
A02
100
AcDbEntity
  8
x_lower_sheets
100
AcDbSpline
210
0
220
0
230
1
 70
8
 71
1
 72
4
 73
2
 74
0
 40
6.350000000
 40
6.350000000
 40
7.350000000
 40
7.350000000
 10
378.000000000
 20
86.300000000
 30
0.000000000
 10
378.000000000
 20
85.300000000
 30
0.000000000
  0
SPLINE
  5
C39
330
A02
100
AcDbEntity
  8
x_lower_sheets
100
AcDbSpline
210
0
220
0
230
1
 70
8
 71
1
 72
4
 73
2
 74
0
 40
-8.350000000
 40
-8.350000000
 40
-7.350000000
 40
-7.350000000
 10
378.000000000
 20
84.300000000
 30
0.000000000
 10
378.000000000
 20
85.300000000
 30
0.000000000
  0
SPLINE
  5
C3A
330
A02
100
AcDbEntity
  8
x_lower_sheets
100
AcDbSpline
210
0
220
0
230
1
 70
8
 71
1
 72
4
 73
2
 74
0
 40
10.000000000
 40
10.000000000
 40
26.000000000
 40
26.000000000
 10
394.000000000
 20
84.300000000
 30
-0.000000000
 10
378.000000000
 20
84.300000000
 30
0.000000000
  0
SPLINE
  5
C3B
330
A02
100
AcDbEntity
  8
x_lower_sheets
100
AcDbSpline
210
0
220
0
230
1
 70
8
 71
1
 72
4
 73
2
 74
0
 40
-5.400000000
 40
-5.400000000
 40
-3.200000000
 40
-3.200000000
 10
394.000000000
 20
82.100000000
 30
-0.000000000
 10
394.000000000
 20
84.300000000
 30
-0.000000000
  0
SPLINE
  5
C3C
330
A02
100
AcDbEntity
  8
x_lower_sheets
100
AcDbSpline
210
0
220
0
230
1
 70
8
 71
1
 72
4
 73
2
 74
0
 40
10.000000000
 40
10.000000000
 40
26.000000000
 40
26.000000000
 10
394.000000000
 20
82.100000000
 30
-0.000000000
 10
378.000000000
 20
82.100000000
 30
0.000000000
  0
SPLINE
  5
C3D
330
A02
100
AcDbEntity
  8
x_lower_sheets
100
AcDbSpline
210
0
220
0
230
1
 70
8
 71
1
 72
4
 73
2
 74
0
 40
8.450000000
 40
8.450000000
 40
9.450000000
 40
9.450000000
 10
378.000000000
 20
82.100000000
 30
0.000000000
 10
378.000000000
 20
81.100000000
 30
0.000000000
  0
SPLINE
  5
C3E
330
A02
100
AcDbEntity
  8
x_lower_sheets
100
AcDbSpline
210
0
220
0
230
1
 70
8
 71
1
 72
4
 73
2
 74
0
 40
-10.450000000
 40
-10.450000000
 40
-9.450000000
 40
-9.450000000
 10
378.000000000
 20
80.100000000
 30
0.000000000
 10
378.000000000
 20
81.100000000
 30
0.000000000
  0
SPLINE
  5
C3F
330
A02
100
AcDbEntity
  8
x_lower_sheets
100
AcDbSpline
210
0
220
0
230
1
 70
8
 71
1
 72
4
 73
2
 74
0
 40
10.000000000
 40
10.000000000
 40
26.000000000
 40
26.000000000
 10
394.000000000
 20
80.100000000
 30
-0.000000000
 10
378.000000000
 20
80.100000000
 30
0.000000000
  0
SPLINE
  5
C40
330
A02
100
AcDbEntity
  8
x_lower_sheets
100
AcDbSpline
210
0
220
0
230
1
 70
8
 71
1
 72
4
 73
2
 74
0
 40
-12.500000000
 40
-12.500000000
 40
-7.400000000
 40
-7.400000000
 10
394.000000000
 20
75.000000000
 30
-0.000000000
 10
394.000000000
 20
80.100000000
 30
-0.000000000
  0
SPLINE
  5
C41
330
A02
100
AcDbEntity
  8
x_lower_sheets
100
AcDbSpline
210
0
220
0
230
1
 70
8
 71
1
 72
4
 73
2
 74
0
 40
-16.000000000
 40
-16.000000000
 40
16.000000000
 40
16.000000000
 10
362.000000000
 20
75.000000000
 30
0.000000000
 10
394.000000000
 20
75.000000000
 30
-0.000000000
  0
SPLINE
  5
C42
330
A02
100
AcDbEntity
  8
x_lower_sheets
100
AcDbSpline
210
0
220
0
230
1
 70
8
 71
1
 72
4
 73
2
 74
0
 40
6.541406577
 40
6.541406577
 40
25.000000000
 40
25.000000000
 10
362.000000000
 20
93.458593423
 30
0.000000000
 10
362.000000000
 20
75.000000000
 30
0.000000000
  0
SPLINE
  5
C43
330
A02
100
AcDbEntity
  8
y_lower_sheets
100
AcDbSpline
210
0
220
0
230
1
 70
8
 71
1
 72
4
 73
2
 74
0
 40
-16.000000000
 40
-16.000000000
 40
16.000000000
 40
16.000000000
 10
-16.000000000
 20
225.000000000
 30
-0.000000000
 10
16.000000000
 20
225.000000000
 30
0.000000000
  0
SPLINE
  5
C44
330
A02
100
AcDbEntity
  8
y_lower_sheets
100
AcDbSpline
210
0
220
0
230
1
 70
8
 71
1
 72
4
 73
2
 74
0
 40
19.900000000
 40
19.900000000
 40
25.000000000
 40
25.000000000
 10
16.000000000
 20
219.900000000
 30
0.000000000
 10
16.000000000
 20
225.000000000
 30
0.000000000
  0
SPLINE
  5
C45
330
A02
100
AcDbEntity
  8
y_lower_sheets
100
AcDbSpline
210
0
220
0
230
1
 70
8
 71
1
 72
4
 73
2
 74
0
 40
8.000000000
 40
8.000000000
 40
24.000000000
 40
24.000000000
 10
16.000000000
 20
219.900000000
 30
0.000000000
 10
0.000000000
 20
219.900000000
 30
0.000000000
  0
SPLINE
  5
C46
330
A02
100
AcDbEntity
  8
y_lower_sheets
100
AcDbSpline
210
0
220
0
230
1
 70
8
 71
1
 72
4
 73
2
 74
0
 40
9.450000000
 40
9.450000000
 40
10.450000000
 40
10.450000000
 10
0.000000000
 20
218.900000000
 30
0.000000000
 10
0.000000000
 20
219.900000000
 30
0.000000000
  0
SPLINE
  5
C47
330
A02
100
AcDbEntity
  8
y_lower_sheets
100
AcDbSpline
210
0
220
0
230
1
 70
8
 71
1
 72
4
 73
2
 74
0
 40
-9.450000000
 40
-9.450000000
 40
-8.450000000
 40
-8.450000000
 10
0.000000000
 20
218.900000000
 30
0.000000000
 10
0.000000000
 20
217.900000000
 30
0.000000000
  0
SPLINE
  5
C48
330
A02
100
AcDbEntity
  8
y_lower_sheets
100
AcDbSpline
210
0
220
0
230
1
 70
8
 71
1
 72
4
 73
2
 74
0
 40
10.120729225
 40
10.120729225
 40
24.000000000
 40
24.000000000
 10
13.879270775
 20
217.900000000
 30
0.000000000
 10
0.000000000
 20
217.900000000
 30
0.000000000
  0
SPLINE
  5
C49
330
A02
100
AcDbEntity
  8
y_lower_sheets
100
AcDbSpline
210
0
220
0
230
1
 70
8
 71
2
 72
6
 73
3
 74
0
 40
2.709313632
 40
2.709313632
 40
2.709313632
 40
2.839433827
 40
2.839433827
 40
2.839433827
 10
11.537909635
 20
215.700000000
 30
0.000000000
 10
12.631845849
 20
216.729003160
 30
0.000000000
 10
13.879270775
 20
217.900000000
 30
0.000000000
  0
SPLINE
  5
C4A
330
A02
100
AcDbEntity
  8
y_lower_sheets
100
AcDbSpline
210
0
220
0
230
1
 70
8
 71
1
 72
4
 73
2
 74
0
 40
12.462090365
 40
12.462090365
 40
24.000000000
 40
24.000000000
 10
11.537909635
 20
215.700000000
 30
0.000000000
 10
0.000000000
 20
215.700000000
 30
0.000000000
  0
SPLINE
  5
C4B
330
A02
100
AcDbEntity
  8
y_lower_sheets
100
AcDbSpline
210
0
220
0
230
1
 70
8
 71
1
 72
4
 73
2
 74
0
 40
7.350000000
 40
7.350000000
 40
8.350000000
 40
8.350000000
 10
0.000000000
 20
214.700000000
 30
0.000000000
 10
0.000000000
 20
215.700000000
 30
0.000000000
  0
SPLINE
  5
C4C
330
A02
100
AcDbEntity
  8
y_lower_sheets
100
AcDbSpline
210
0
220
0
230
1
 70
8
 71
1
 72
4
 73
2
 74
0
 40
-7.350000000
 40
-7.350000000
 40
-6.350000000
 40
-6.350000000
 10
0.000000000
 20
214.700000000
 30
0.000000000
 10
0.000000000
 20
213.700000000
 30
0.000000000
  0
SPLINE
  5
C4D
330
A02
100
AcDbEntity
  8
y_lower_sheets
100
AcDbSpline
210
0
220
0
230
1
 70
8
 71
1
 72
4
 73
2
 74
0
 40
14.585578445
 40
14.585578445
 40
24.000000000
 40
24.000000000
 10
9.414421555
 20
213.700000000
 30
0.000000000
 10
0.000000000
 20
213.700000000
 30
0.000000000
  0
SPLINE
  5
C4E
330
A02
100
AcDbEntity
  8
y_lower_sheets
100
AcDbSpline
210
0
220
0
230
1
 70
8
 71
3
 72
8
 73
4
 74
0
 40
2.401791000
 40
2.401791000
 40
2.401791000
 40
2.401791000
 40
2.574428625
 40
2.574428625
 40
2.574428625
 40
2.574428625
 10
7.087103101
 20
211.500000000
 30
0.000000000
 10
7.797894000
 20
212.173652901
 30
0.000000000
 10
8.567890171
 20
212.901525605
 30
0.000000000
 10
9.414421555
 20
213.700000000
 30
0.000000000
  0
SPLINE
  5
C4F
330
A02
100
AcDbEntity
  8
y_lower_sheets
100
AcDbSpline
210
0
220
0
230
1
 70
8
 71
1
 72
4
 73
2
 74
0
 40
16.912896899
 40
16.912896899
 40
24.000000000
 40
24.000000000
 10
7.087103101
 20
211.500000000
 30
0.000000000
 10
0.000000000
 20
211.500000000
 30
0.000000000
  0
SPLINE
  5
C50
330
A02
100
AcDbEntity
  8
y_lower_sheets
100
AcDbSpline
210
0
220
0
230
1
 70
8
 71
1
 72
4
 73
2
 74
0
 40
5.250000000
 40
5.250000000
 40
6.250000000
 40
6.250000000
 10
0.000000000
 20
210.500000000
 30
0.000000000
 10
0.000000000
 20
211.500000000
 30
0.000000000
  0
SPLINE
  5
C51
330
A02
100
AcDbEntity
  8
y_lower_sheets
100
AcDbSpline
210
0
220
0
230
1
 70
8
 71
1
 72
4
 73
2
 74
0
 40
-5.250000000
 40
-5.250000000
 40
-4.250000000
 40
-4.250000000
 10
0.000000000
 20
210.500000000
 30
0.000000000
 10
0.000000000
 20
209.500000000
 30
0.000000000
  0
SPLINE
  5
C52
330
A02
100
AcDbEntity
  8
y_lower_sheets
100
AcDbSpline
210
0
220
0
230
1
 70
8
 71
1
 72
4
 73
2
 74
0
 40
18.725723000
 40
18.725723000
 40
24.000000000
 40
24.000000000
 10
5.274277000
 20
209.500000000
 30
0.000000000
 10
0.000000000
 20
209.500000000
 30
0.000000000
  0
SPLINE
  5
C53
330
A02
100
AcDbEntity
  8
y_lower_sheets
100
AcDbSpline
210
0
220
0
230
1
 70
8
 71
1
 72
4
 73
2
 74
0
 40
7.300000000
 40
7.300000000
 40
9.500000000
 40
9.500000000
 10
5.274277000
 20
207.300000000
 30
0.000000000
 10
5.274277000
 20
209.500000000
 30
0.000000000
  0
SPLINE
  5
C54
330
A02
100
AcDbEntity
  8
y_lower_sheets
100
AcDbSpline
210
0
220
0
230
1
 70
8
 71
1
 72
4
 73
2
 74
0
 40
18.725723000
 40
18.725723000
 40
24.000000000
 40
24.000000000
 10
5.274277000
 20
207.300000000
 30
0.000000000
 10
0.000000000
 20
207.300000000
 30
0.000000000
  0
SPLINE
  5
C55
330
A02
100
AcDbEntity
  8
y_lower_sheets
100
AcDbSpline
210
0
220
0
230
1
 70
8
 71
1
 72
4
 73
2
 74
0
 40
3.150000000
 40
3.150000000
 40
4.150000000
 40
4.150000000
 10
0.000000000
 20
206.300000000
 30
0.000000000
 10
0.000000000
 20
207.300000000
 30
0.000000000
  0
SPLINE
  5
C56
330
A02
100
AcDbEntity
  8
y_lower_sheets
100
AcDbSpline
210
0
220
0
230
1
 70
8
 71
1
 72
4
 73
2
 74
0
 40
-3.150000000
 40
-3.150000000
 40
-2.150000000
 40
-2.150000000
 10
0.000000000
 20
206.300000000
 30
0.000000000
 10
0.000000000
 20
205.300000000
 30
0.000000000
  0
SPLINE
  5
C57
330
A02
100
AcDbEntity
  8
y_lower_sheets
100
AcDbSpline
210
0
220
0
230
1
 70
8
 71
1
 72
4
 73
2
 74
0
 40
18.725723000
 40
18.725723000
 40
24.000000000
 40
24.000000000
 10
5.274277000
 20
205.300000000
 30
0.000000000
 10
0.000000000
 20
205.300000000
 30
0.000000000
  0
SPLINE
  5
C58
330
A02
100
AcDbEntity
  8
y_lower_sheets
100
AcDbSpline
210
0
220
0
230
1
 70
8
 71
1
 72
4
 73
2
 74
0
 40
3.100000000
 40
3.100000000
 40
5.300000000
 40
5.300000000
 10
5.274277000
 20
203.100000000
 30
0.000000000
 10
5.274277000
 20
205.300000000
 30
0.000000000
  0
SPLINE
  5
C59
330
A02
100
AcDbEntity
  8
y_lower_sheets
100
AcDbSpline
210
0
220
0
230
1
 70
8
 71
1
 72
4
 73
2
 74
0
 40
18.725723000
 40
18.725723000
 40
24.000000000
 40
24.000000000
 10
5.274277000
 20
203.100000000
 30
0.000000000
 10
0.000000000
 20
203.100000000
 30
0.000000000
  0
SPLINE
  5
C5A
330
A02
100
AcDbEntity
  8
y_lower_sheets
100
AcDbSpline
210
0
220
0
230
1
 70
8
 71
1
 72
4
 73
2
 74
0
 40
1.050000000
 40
1.050000000
 40
2.050000000
 40
2.050000000
 10
0.000000000
 20
202.100000000
 30
0.000000000
 10
0.000000000
 20
203.100000000
 30
0.000000000
  0
SPLINE
  5
C5B
330
A02
100
AcDbEntity
  8
y_lower_sheets
100
AcDbSpline
210
0
220
0
230
1
 70
8
 71
1
 72
4
 73
2
 74
0
 40
-1.050000000
 40
-1.050000000
 40
-0.050000000
 40
-0.050000000
 10
0.000000000
 20
202.100000000
 30
0.000000000
 10
0.000000000
 20
201.100000000
 30
0.000000000
  0
SPLINE
  5
C5C
330
A02
100
AcDbEntity
  8
y_lower_sheets
100
AcDbSpline
210
0
220
0
230
1
 70
8
 71
1
 72
4
 73
2
 74
0
 40
18.725723000
 40
18.725723000
 40
24.000000000
 40
24.000000000
 10
5.274277000
 20
201.100000000
 30
0.000000000
 10
0.000000000
 20
201.100000000
 30
0.000000000
  0
SPLINE
  5
C5D
330
A02
100
AcDbEntity
  8
y_lower_sheets
100
AcDbSpline
210
0
220
0
230
1
 70
8
 71
1
 72
4
 73
2
 74
0
 40
-1.100000000
 40
-1.100000000
 40
1.100000000
 40
1.100000000
 10
5.274277000
 20
198.900000000
 30
0.000000000
 10
5.274277000
 20
201.100000000
 30
0.000000000
  0
SPLINE
  5
C5E
330
A02
100
AcDbEntity
  8
y_lower_sheets
100
AcDbSpline
210
0
220
0
230
1
 70
8
 71
1
 72
4
 73
2
 74
0
 40
18.725723000
 40
18.725723000
 40
24.000000000
 40
24.000000000
 10
5.274277000
 20
198.900000000
 30
0.000000000
 10
-0.000000000
 20
198.900000000
 30
0.000000000
  0
SPLINE
  5
C5F
330
A02
100
AcDbEntity
  8
y_lower_sheets
100
AcDbSpline
210
0
220
0
230
1
 70
8
 71
1
 72
4
 73
2
 74
0
 40
-1.050000000
 40
-1.050000000
 40
-0.050000000
 40
-0.050000000
 10
-0.000000000
 20
197.900000000
 30
0.000000000
 10
-0.000000000
 20
198.900000000
 30
0.000000000
  0
SPLINE
  5
C60
330
A02
100
AcDbEntity
  8
y_lower_sheets
100
AcDbSpline
210
0
220
0
230
1
 70
8
 71
1
 72
4
 73
2
 74
0
 40
1.050000000
 40
1.050000000
 40
2.050000000
 40
2.050000000
 10
-0.000000000
 20
197.900000000
 30
0.000000000
 10
-0.000000000
 20
196.900000000
 30
0.000000000
  0
SPLINE
  5
C61
330
A02
100
AcDbEntity
  8
y_lower_sheets
100
AcDbSpline
210
0
220
0
230
1
 70
8
 71
1
 72
4
 73
2
 74
0
 40
18.725723000
 40
18.725723000
 40
24.000000000
 40
24.000000000
 10
5.274277000
 20
196.900000000
 30
0.000000000
 10
-0.000000000
 20
196.900000000
 30
0.000000000
  0
SPLINE
  5
C62
330
A02
100
AcDbEntity
  8
y_lower_sheets
100
AcDbSpline
210
0
220
0
230
1
 70
8
 71
1
 72
4
 73
2
 74
0
 40
-5.300000000
 40
-5.300000000
 40
-3.100000000
 40
-3.100000000
 10
5.274277000
 20
194.700000000
 30
0.000000000
 10
5.274277000
 20
196.900000000
 30
0.000000000
  0
SPLINE
  5
C63
330
A02
100
AcDbEntity
  8
y_lower_sheets
100
AcDbSpline
210
0
220
0
230
1
 70
8
 71
1
 72
4
 73
2
 74
0
 40
18.725723000
 40
18.725723000
 40
24.000000000
 40
24.000000000
 10
5.274277000
 20
194.700000000
 30
0.000000000
 10
-0.000000000
 20
194.700000000
 30
0.000000000
  0
SPLINE
  5
C64
330
A02
100
AcDbEntity
  8
y_lower_sheets
100
AcDbSpline
210
0
220
0
230
1
 70
8
 71
1
 72
4
 73
2
 74
0
 40
-3.150000000
 40
-3.150000000
 40
-2.150000000
 40
-2.150000000
 10
-0.000000000
 20
193.700000000
 30
0.000000000
 10
-0.000000000
 20
194.700000000
 30
0.000000000
  0
SPLINE
  5
C65
330
A02
100
AcDbEntity
  8
y_lower_sheets
100
AcDbSpline
210
0
220
0
230
1
 70
8
 71
1
 72
4
 73
2
 74
0
 40
3.150000000
 40
3.150000000
 40
4.150000000
 40
4.150000000
 10
-0.000000000
 20
193.700000000
 30
0.000000000
 10
-0.000000000
 20
192.700000000
 30
0.000000000
  0
SPLINE
  5
C66
330
A02
100
AcDbEntity
  8
y_lower_sheets
100
AcDbSpline
210
0
220
0
230
1
 70
8
 71
1
 72
4
 73
2
 74
0
 40
18.725723000
 40
18.725723000
 40
24.000000000
 40
24.000000000
 10
5.274277000
 20
192.700000000
 30
0.000000000
 10
-0.000000000
 20
192.700000000
 30
0.000000000
  0
SPLINE
  5
C67
330
A02
100
AcDbEntity
  8
y_lower_sheets
100
AcDbSpline
210
0
220
0
230
1
 70
8
 71
1
 72
4
 73
2
 74
0
 40
-9.500000000
 40
-9.500000000
 40
-7.300000000
 40
-7.300000000
 10
5.274277000
 20
190.500000000
 30
0.000000000
 10
5.274277000
 20
192.700000000
 30
0.000000000
  0
SPLINE
  5
C68
330
A02
100
AcDbEntity
  8
y_lower_sheets
100
AcDbSpline
210
0
220
0
230
1
 70
8
 71
1
 72
4
 73
2
 74
0
 40
18.725723000
 40
18.725723000
 40
24.000000000
 40
24.000000000
 10
5.274277000
 20
190.500000000
 30
0.000000000
 10
-0.000000000
 20
190.500000000
 30
0.000000000
  0
SPLINE
  5
C69
330
A02
100
AcDbEntity
  8
y_lower_sheets
100
AcDbSpline
210
0
220
0
230
1
 70
8
 71
1
 72
4
 73
2
 74
0
 40
-5.250000000
 40
-5.250000000
 40
-4.250000000
 40
-4.250000000
 10
-0.000000000
 20
189.500000000
 30
0.000000000
 10
-0.000000000
 20
190.500000000
 30
0.000000000
  0
SPLINE
  5
C6A
330
A02
100
AcDbEntity
  8
y_lower_sheets
100
AcDbSpline
210
0
220
0
230
1
 70
8
 71
1
 72
4
 73
2
 74
0
 40
5.250000000
 40
5.250000000
 40
6.250000000
 40
6.250000000
 10
-0.000000000
 20
189.500000000
 30
0.000000000
 10
-0.000000000
 20
188.500000000
 30
0.000000000
  0
SPLINE
  5
C6B
330
A02
100
AcDbEntity
  8
y_lower_sheets
100
AcDbSpline
210
0
220
0
230
1
 70
8
 71
1
 72
4
 73
2
 74
0
 40
16.912896899
 40
16.912896899
 40
24.000000000
 40
24.000000000
 10
7.087103101
 20
188.500000000
 30
0.000000000
 10
-0.000000000
 20
188.500000000
 30
0.000000000
  0
SPLINE
  5
C6C
330
A02
100
AcDbEntity
  8
y_lower_sheets
100
AcDbSpline
210
0
220
0
230
1
 70
8
 71
3
 72
8
 73
4
 74
0
 40
-2.574428625
 40
-2.574428625
 40
-2.574428625
 40
-2.574428625
 40
-2.401791000
 40
-2.401791000
 40
-2.401791000
 40
-2.401791000
 10
9.414421555
 20
186.300000000
 30
0.000000000
 10
8.567890171
 20
187.098474395
 30
0.000000000
 10
7.797894000
 20
187.826347099
 30
0.000000000
 10
7.087103101
 20
188.500000000
 30
0.000000000
  0
SPLINE
  5
C6D
330
A02
100
AcDbEntity
  8
y_lower_sheets
100
AcDbSpline
210
0
220
0
230
1
 70
8
 71
1
 72
4
 73
2
 74
0
 40
14.585578445
 40
14.585578445
 40
24.000000000
 40
24.000000000
 10
9.414421555
 20
186.300000000
 30
0.000000000
 10
-0.000000000
 20
186.300000000
 30
0.000000000
  0
SPLINE
  5
C6E
330
A02
100
AcDbEntity
  8
y_lower_sheets
100
AcDbSpline
210
0
220
0
230
1
 70
8
 71
1
 72
4
 73
2
 74
0
 40
-7.350000000
 40
-7.350000000
 40
-6.350000000
 40
-6.350000000
 10
-0.000000000
 20
185.300000000
 30
0.000000000
 10
-0.000000000
 20
186.300000000
 30
0.000000000
  0
SPLINE
  5
C6F
330
A02
100
AcDbEntity
  8
y_lower_sheets
100
AcDbSpline
210
0
220
0
230
1
 70
8
 71
1
 72
4
 73
2
 74
0
 40
7.350000000
 40
7.350000000
 40
8.350000000
 40
8.350000000
 10
-0.000000000
 20
185.300000000
 30
0.000000000
 10
-0.000000000
 20
184.300000000
 30
0.000000000
  0
SPLINE
  5
C70
330
A02
100
AcDbEntity
  8
y_lower_sheets
100
AcDbSpline
210
0
220
0
230
1
 70
8
 71
1
 72
4
 73
2
 74
0
 40
12.462090365
 40
12.462090365
 40
24.000000000
 40
24.000000000
 10
11.537909635
 20
184.300000000
 30
0.000000000
 10
-0.000000000
 20
184.300000000
 30
0.000000000
  0
SPLINE
  5
C71
330
A02
100
AcDbEntity
  8
y_lower_sheets
100
AcDbSpline
210
0
220
0
230
1
 70
8
 71
2
 72
6
 73
3
 74
0
 40
-2.839433827
 40
-2.839433827
 40
-2.839433827
 40
-2.709313632
 40
-2.709313632
 40
-2.709313632
 10
13.879270775
 20
182.100000000
 30
0.000000000
 10
12.631845849
 20
183.270996840
 30
0.000000000
 10
11.537909635
 20
184.300000000
 30
0.000000000
  0
SPLINE
  5
C72
330
A02
100
AcDbEntity
  8
y_lower_sheets
100
AcDbSpline
210
0
220
0
230
1
 70
8
 71
1
 72
4
 73
2
 74
0
 40
10.120729225
 40
10.120729225
 40
24.000000000
 40
24.000000000
 10
13.879270775
 20
182.100000000
 30
0.000000000
 10
-0.000000000
 20
182.100000000
 30
0.000000000
  0
SPLINE
  5
C73
330
A02
100
AcDbEntity
  8
y_lower_sheets
100
AcDbSpline
210
0
220
0
230
1
 70
8
 71
1
 72
4
 73
2
 74
0
 40
-9.450000000
 40
-9.450000000
 40
-8.450000000
 40
-8.450000000
 10
-0.000000000
 20
181.100000000
 30
0.000000000
 10
-0.000000000
 20
182.100000000
 30
0.000000000
  0
SPLINE
  5
C74
330
A02
100
AcDbEntity
  8
y_lower_sheets
100
AcDbSpline
210
0
220
0
230
1
 70
8
 71
1
 72
4
 73
2
 74
0
 40
9.450000000
 40
9.450000000
 40
10.450000000
 40
10.450000000
 10
-0.000000000
 20
181.100000000
 30
0.000000000
 10
-0.000000000
 20
180.100000000
 30
0.000000000
  0
SPLINE
  5
C75
330
A02
100
AcDbEntity
  8
y_lower_sheets
100
AcDbSpline
210
0
220
0
230
1
 70
8
 71
1
 72
4
 73
2
 74
0
 40
8.000000000
 40
8.000000000
 40
24.000000000
 40
24.000000000
 10
16.000000000
 20
180.100000000
 30
0.000000000
 10
-0.000000000
 20
180.100000000
 30
0.000000000
  0
SPLINE
  5
C76
330
A02
100
AcDbEntity
  8
y_lower_sheets
100
AcDbSpline
210
0
220
0
230
1
 70
8
 71
1
 72
4
 73
2
 74
0
 40
-25.000000000
 40
-25.000000000
 40
-19.900000000
 40
-19.900000000
 10
16.000000000
 20
175.000000000
 30
0.000000000
 10
16.000000000
 20
180.100000000
 30
0.000000000
  0
SPLINE
  5
C77
330
A02
100
AcDbEntity
  8
y_lower_sheets
100
AcDbSpline
210
0
220
0
230
1
 70
8
 71
1
 72
4
 73
2
 74
0
 40
-16.000000000
 40
-16.000000000
 40
16.000000000
 40
16.000000000
 10
-16.000000000
 20
175.000000000
 30
-0.000000000
 10
16.000000000
 20
175.000000000
 30
0.000000000
  0
SPLINE
  5
C78
330
A02
100
AcDbEntity
  8
y_lower_sheets
100
AcDbSpline
210
0
220
0
230
1
 70
8
 71
1
 72
4
 73
2
 74
0
 40
-37.500000000
 40
-37.500000000
 40
12.500000000
 40
12.500000000
 10
-16.000000000
 20
225.000000000
 30
-0.000000000
 10
-16.000000000
 20
175.000000000
 30
-0.000000000
  0
SPLINE
  5
C79
330
A02
100
AcDbEntity
  8
y_lower_sheets
100
AcDbSpline
210
0
220
0
230
1
 70
8
 71
1
 72
4
 73
2
 74
0
 40
-16.000000000
 40
-16.000000000
 40
16.000000000
 40
16.000000000
 10
26.000000000
 20
225.000000000
 30
-0.000000000
 10
58.000000000
 20
225.000000000
 30
0.000000000
  0
SPLINE
  5
C7A
330
A02
100
AcDbEntity
  8
y_lower_sheets
100
AcDbSpline
210
0
220
0
230
1
 70
8
 71
1
 72
4
 73
2
 74
0
 40
19.900000000
 40
19.900000000
 40
25.000000000
 40
25.000000000
 10
58.000000000
 20
219.900000000
 30
0.000000000
 10
58.000000000
 20
225.000000000
 30
0.000000000
  0
SPLINE
  5
C7B
330
A02
100
AcDbEntity
  8
y_lower_sheets
100
AcDbSpline
210
0
220
0
230
1
 70
8
 71
1
 72
4
 73
2
 74
0
 40
8.000000000
 40
8.000000000
 40
24.000000000
 40
24.000000000
 10
58.000000000
 20
219.900000000
 30
0.000000000
 10
42.000000000
 20
219.900000000
 30
0.000000000
  0
SPLINE
  5
C7C
330
A02
100
AcDbEntity
  8
y_lower_sheets
100
AcDbSpline
210
0
220
0
230
1
 70
8
 71
1
 72
4
 73
2
 74
0
 40
9.450000000
 40
9.450000000
 40
10.450000000
 40
10.450000000
 10
42.000000000
 20
218.900000000
 30
-0.000000000
 10
42.000000000
 20
219.900000000
 30
-0.000000000
  0
SPLINE
  5
C7D
330
A02
100
AcDbEntity
  8
y_lower_sheets
100
AcDbSpline
210
0
220
0
230
1
 70
8
 71
1
 72
4
 73
2
 74
0
 40
-9.450000000
 40
-9.450000000
 40
-8.450000000
 40
-8.450000000
 10
42.000000000
 20
218.900000000
 30
-0.000000000
 10
42.000000000
 20
217.900000000
 30
-0.000000000
  0
SPLINE
  5
C7E
330
A02
100
AcDbEntity
  8
y_lower_sheets
100
AcDbSpline
210
0
220
0
230
1
 70
8
 71
1
 72
4
 73
2
 74
0
 40
10.120729225
 40
10.120729225
 40
24.000000000
 40
24.000000000
 10
55.879270775
 20
217.900000000
 30
0.000000000
 10
42.000000000
 20
217.900000000
 30
0.000000000
  0
SPLINE
  5
C7F
330
A02
100
AcDbEntity
  8
y_lower_sheets
100
AcDbSpline
210
0
220
0
230
1
 70
8
 71
2
 72
6
 73
3
 74
0
 40
2.709313632
 40
2.709313632
 40
2.709313632
 40
2.839433827
 40
2.839433827
 40
2.839433827
 10
53.537909635
 20
215.700000000
 30
0.000000000
 10
54.631845849
 20
216.729003160
 30
0.000000000
 10
55.879270775
 20
217.900000000
 30
0.000000000
  0
SPLINE
  5
C80
330
A02
100
AcDbEntity
  8
y_lower_sheets
100
AcDbSpline
210
0
220
0
230
1
 70
8
 71
1
 72
4
 73
2
 74
0
 40
12.462090365
 40
12.462090365
 40
24.000000000
 40
24.000000000
 10
53.537909635
 20
215.700000000
 30
0.000000000
 10
42.000000000
 20
215.700000000
 30
0.000000000
  0
SPLINE
  5
C81
330
A02
100
AcDbEntity
  8
y_lower_sheets
100
AcDbSpline
210
0
220
0
230
1
 70
8
 71
1
 72
4
 73
2
 74
0
 40
7.350000000
 40
7.350000000
 40
8.350000000
 40
8.350000000
 10
42.000000000
 20
214.700000000
 30
-0.000000000
 10
42.000000000
 20
215.700000000
 30
-0.000000000
  0
SPLINE
  5
C82
330
A02
100
AcDbEntity
  8
y_lower_sheets
100
AcDbSpline
210
0
220
0
230
1
 70
8
 71
1
 72
4
 73
2
 74
0
 40
-7.350000000
 40
-7.350000000
 40
-6.350000000
 40
-6.350000000
 10
42.000000000
 20
214.700000000
 30
-0.000000000
 10
42.000000000
 20
213.700000000
 30
-0.000000000
  0
SPLINE
  5
C83
330
A02
100
AcDbEntity
  8
y_lower_sheets
100
AcDbSpline
210
0
220
0
230
1
 70
8
 71
1
 72
4
 73
2
 74
0
 40
14.585578445
 40
14.585578445
 40
24.000000000
 40
24.000000000
 10
51.414421555
 20
213.700000000
 30
0.000000000
 10
42.000000000
 20
213.700000000
 30
0.000000000
  0
SPLINE
  5
C84
330
A02
100
AcDbEntity
  8
y_lower_sheets
100
AcDbSpline
210
0
220
0
230
1
 70
8
 71
3
 72
8
 73
4
 74
0
 40
2.401791000
 40
2.401791000
 40
2.401791000
 40
2.401791000
 40
2.574428625
 40
2.574428625
 40
2.574428625
 40
2.574428625
 10
49.087103101
 20
211.500000000
 30
0.000000000
 10
49.797894000
 20
212.173652901
 30
0.000000000
 10
50.567890171
 20
212.901525605
 30
0.000000000
 10
51.414421555
 20
213.700000000
 30
0.000000000
  0
SPLINE
  5
C85
330
A02
100
AcDbEntity
  8
y_lower_sheets
100
AcDbSpline
210
0
220
0
230
1
 70
8
 71
1
 72
4
 73
2
 74
0
 40
16.912896899
 40
16.912896899
 40
24.000000000
 40
24.000000000
 10
49.087103101
 20
211.500000000
 30
0.000000000
 10
42.000000000
 20
211.500000000
 30
0.000000000
  0
SPLINE
  5
C86
330
A02
100
AcDbEntity
  8
y_lower_sheets
100
AcDbSpline
210
0
220
0
230
1
 70
8
 71
1
 72
4
 73
2
 74
0
 40
5.250000000
 40
5.250000000
 40
6.250000000
 40
6.250000000
 10
42.000000000
 20
210.500000000
 30
-0.000000000
 10
42.000000000
 20
211.500000000
 30
-0.000000000
  0
SPLINE
  5
C87
330
A02
100
AcDbEntity
  8
y_lower_sheets
100
AcDbSpline
210
0
220
0
230
1
 70
8
 71
1
 72
4
 73
2
 74
0
 40
-5.250000000
 40
-5.250000000
 40
-4.250000000
 40
-4.250000000
 10
42.000000000
 20
210.500000000
 30
-0.000000000
 10
42.000000000
 20
209.500000000
 30
-0.000000000
  0
SPLINE
  5
C88
330
A02
100
AcDbEntity
  8
y_lower_sheets
100
AcDbSpline
210
0
220
0
230
1
 70
8
 71
1
 72
4
 73
2
 74
0
 40
18.725723000
 40
18.725723000
 40
24.000000000
 40
24.000000000
 10
47.274277000
 20
209.500000000
 30
0.000000000
 10
42.000000000
 20
209.500000000
 30
0.000000000
  0
SPLINE
  5
C89
330
A02
100
AcDbEntity
  8
y_lower_sheets
100
AcDbSpline
210
0
220
0
230
1
 70
8
 71
1
 72
4
 73
2
 74
0
 40
7.300000000
 40
7.300000000
 40
9.500000000
 40
9.500000000
 10
47.274277000
 20
207.300000000
 30
0.000000000
 10
47.274277000
 20
209.500000000
 30
0.000000000
  0
SPLINE
  5
C8A
330
A02
100
AcDbEntity
  8
y_lower_sheets
100
AcDbSpline
210
0
220
0
230
1
 70
8
 71
1
 72
4
 73
2
 74
0
 40
18.725723000
 40
18.725723000
 40
24.000000000
 40
24.000000000
 10
47.274277000
 20
207.300000000
 30
0.000000000
 10
42.000000000
 20
207.300000000
 30
0.000000000
  0
SPLINE
  5
C8B
330
A02
100
AcDbEntity
  8
y_lower_sheets
100
AcDbSpline
210
0
220
0
230
1
 70
8
 71
1
 72
4
 73
2
 74
0
 40
3.150000000
 40
3.150000000
 40
4.150000000
 40
4.150000000
 10
42.000000000
 20
206.300000000
 30
-0.000000000
 10
42.000000000
 20
207.300000000
 30
-0.000000000
  0
SPLINE
  5
C8C
330
A02
100
AcDbEntity
  8
y_lower_sheets
100
AcDbSpline
210
0
220
0
230
1
 70
8
 71
1
 72
4
 73
2
 74
0
 40
-3.150000000
 40
-3.150000000
 40
-2.150000000
 40
-2.150000000
 10
42.000000000
 20
206.300000000
 30
-0.000000000
 10
42.000000000
 20
205.300000000
 30
-0.000000000
  0
SPLINE
  5
C8D
330
A02
100
AcDbEntity
  8
y_lower_sheets
100
AcDbSpline
210
0
220
0
230
1
 70
8
 71
1
 72
4
 73
2
 74
0
 40
18.725723000
 40
18.725723000
 40
24.000000000
 40
24.000000000
 10
47.274277000
 20
205.300000000
 30
0.000000000
 10
42.000000000
 20
205.300000000
 30
0.000000000
  0
SPLINE
  5
C8E
330
A02
100
AcDbEntity
  8
y_lower_sheets
100
AcDbSpline
210
0
220
0
230
1
 70
8
 71
1
 72
4
 73
2
 74
0
 40
3.100000000
 40
3.100000000
 40
5.300000000
 40
5.300000000
 10
47.274277000
 20
203.100000000
 30
0.000000000
 10
47.274277000
 20
205.300000000
 30
0.000000000
  0
SPLINE
  5
C8F
330
A02
100
AcDbEntity
  8
y_lower_sheets
100
AcDbSpline
210
0
220
0
230
1
 70
8
 71
1
 72
4
 73
2
 74
0
 40
18.725723000
 40
18.725723000
 40
24.000000000
 40
24.000000000
 10
47.274277000
 20
203.100000000
 30
0.000000000
 10
42.000000000
 20
203.100000000
 30
0.000000000
  0
SPLINE
  5
C90
330
A02
100
AcDbEntity
  8
y_lower_sheets
100
AcDbSpline
210
0
220
0
230
1
 70
8
 71
1
 72
4
 73
2
 74
0
 40
1.050000000
 40
1.050000000
 40
2.050000000
 40
2.050000000
 10
42.000000000
 20
202.100000000
 30
-0.000000000
 10
42.000000000
 20
203.100000000
 30
-0.000000000
  0
SPLINE
  5
C91
330
A02
100
AcDbEntity
  8
y_lower_sheets
100
AcDbSpline
210
0
220
0
230
1
 70
8
 71
1
 72
4
 73
2
 74
0
 40
-1.050000000
 40
-1.050000000
 40
-0.050000000
 40
-0.050000000
 10
42.000000000
 20
202.100000000
 30
-0.000000000
 10
42.000000000
 20
201.100000000
 30
-0.000000000
  0
SPLINE
  5
C92
330
A02
100
AcDbEntity
  8
y_lower_sheets
100
AcDbSpline
210
0
220
0
230
1
 70
8
 71
1
 72
4
 73
2
 74
0
 40
18.725723000
 40
18.725723000
 40
24.000000000
 40
24.000000000
 10
47.274277000
 20
201.100000000
 30
0.000000000
 10
42.000000000
 20
201.100000000
 30
0.000000000
  0
SPLINE
  5
C93
330
A02
100
AcDbEntity
  8
y_lower_sheets
100
AcDbSpline
210
0
220
0
230
1
 70
8
 71
1
 72
4
 73
2
 74
0
 40
-1.100000000
 40
-1.100000000
 40
1.100000000
 40
1.100000000
 10
47.274277000
 20
198.900000000
 30
0.000000000
 10
47.274277000
 20
201.100000000
 30
0.000000000
  0
SPLINE
  5
C94
330
A02
100
AcDbEntity
  8
y_lower_sheets
100
AcDbSpline
210
0
220
0
230
1
 70
8
 71
1
 72
4
 73
2
 74
0
 40
18.725723000
 40
18.725723000
 40
24.000000000
 40
24.000000000
 10
47.274277000
 20
198.900000000
 30
0.000000000
 10
42.000000000
 20
198.900000000
 30
0.000000000
  0
SPLINE
  5
C95
330
A02
100
AcDbEntity
  8
y_lower_sheets
100
AcDbSpline
210
0
220
0
230
1
 70
8
 71
1
 72
4
 73
2
 74
0
 40
-1.050000000
 40
-1.050000000
 40
-0.050000000
 40
-0.050000000
 10
42.000000000
 20
197.900000000
 30
-0.000000000
 10
42.000000000
 20
198.900000000
 30
-0.000000000
  0
SPLINE
  5
C96
330
A02
100
AcDbEntity
  8
y_lower_sheets
100
AcDbSpline
210
0
220
0
230
1
 70
8
 71
1
 72
4
 73
2
 74
0
 40
1.050000000
 40
1.050000000
 40
2.050000000
 40
2.050000000
 10
42.000000000
 20
197.900000000
 30
-0.000000000
 10
42.000000000
 20
196.900000000
 30
-0.000000000
  0
SPLINE
  5
C97
330
A02
100
AcDbEntity
  8
y_lower_sheets
100
AcDbSpline
210
0
220
0
230
1
 70
8
 71
1
 72
4
 73
2
 74
0
 40
18.725723000
 40
18.725723000
 40
24.000000000
 40
24.000000000
 10
47.274277000
 20
196.900000000
 30
0.000000000
 10
42.000000000
 20
196.900000000
 30
0.000000000
  0
SPLINE
  5
C98
330
A02
100
AcDbEntity
  8
y_lower_sheets
100
AcDbSpline
210
0
220
0
230
1
 70
8
 71
1
 72
4
 73
2
 74
0
 40
-5.300000000
 40
-5.300000000
 40
-3.100000000
 40
-3.100000000
 10
47.274277000
 20
194.700000000
 30
0.000000000
 10
47.274277000
 20
196.900000000
 30
0.000000000
  0
SPLINE
  5
C99
330
A02
100
AcDbEntity
  8
y_lower_sheets
100
AcDbSpline
210
0
220
0
230
1
 70
8
 71
1
 72
4
 73
2
 74
0
 40
18.725723000
 40
18.725723000
 40
24.000000000
 40
24.000000000
 10
47.274277000
 20
194.700000000
 30
0.000000000
 10
42.000000000
 20
194.700000000
 30
0.000000000
  0
SPLINE
  5
C9A
330
A02
100
AcDbEntity
  8
y_lower_sheets
100
AcDbSpline
210
0
220
0
230
1
 70
8
 71
1
 72
4
 73
2
 74
0
 40
-3.150000000
 40
-3.150000000
 40
-2.150000000
 40
-2.150000000
 10
42.000000000
 20
193.700000000
 30
-0.000000000
 10
42.000000000
 20
194.700000000
 30
-0.000000000
  0
SPLINE
  5
C9B
330
A02
100
AcDbEntity
  8
y_lower_sheets
100
AcDbSpline
210
0
220
0
230
1
 70
8
 71
1
 72
4
 73
2
 74
0
 40
3.150000000
 40
3.150000000
 40
4.150000000
 40
4.150000000
 10
42.000000000
 20
193.700000000
 30
-0.000000000
 10
42.000000000
 20
192.700000000
 30
-0.000000000
  0
SPLINE
  5
C9C
330
A02
100
AcDbEntity
  8
y_lower_sheets
100
AcDbSpline
210
0
220
0
230
1
 70
8
 71
1
 72
4
 73
2
 74
0
 40
18.725723000
 40
18.725723000
 40
24.000000000
 40
24.000000000
 10
47.274277000
 20
192.700000000
 30
0.000000000
 10
42.000000000
 20
192.700000000
 30
0.000000000
  0
SPLINE
  5
C9D
330
A02
100
AcDbEntity
  8
y_lower_sheets
100
AcDbSpline
210
0
220
0
230
1
 70
8
 71
1
 72
4
 73
2
 74
0
 40
-9.500000000
 40
-9.500000000
 40
-7.300000000
 40
-7.300000000
 10
47.274277000
 20
190.500000000
 30
0.000000000
 10
47.274277000
 20
192.700000000
 30
0.000000000
  0
SPLINE
  5
C9E
330
A02
100
AcDbEntity
  8
y_lower_sheets
100
AcDbSpline
210
0
220
0
230
1
 70
8
 71
1
 72
4
 73
2
 74
0
 40
18.725723000
 40
18.725723000
 40
24.000000000
 40
24.000000000
 10
47.274277000
 20
190.500000000
 30
0.000000000
 10
42.000000000
 20
190.500000000
 30
0.000000000
  0
SPLINE
  5
C9F
330
A02
100
AcDbEntity
  8
y_lower_sheets
100
AcDbSpline
210
0
220
0
230
1
 70
8
 71
1
 72
4
 73
2
 74
0
 40
-5.250000000
 40
-5.250000000
 40
-4.250000000
 40
-4.250000000
 10
42.000000000
 20
189.500000000
 30
-0.000000000
 10
42.000000000
 20
190.500000000
 30
-0.000000000
  0
SPLINE
  5
CA0
330
A02
100
AcDbEntity
  8
y_lower_sheets
100
AcDbSpline
210
0
220
0
230
1
 70
8
 71
1
 72
4
 73
2
 74
0
 40
5.250000000
 40
5.250000000
 40
6.250000000
 40
6.250000000
 10
42.000000000
 20
189.500000000
 30
-0.000000000
 10
42.000000000
 20
188.500000000
 30
-0.000000000
  0
SPLINE
  5
CA1
330
A02
100
AcDbEntity
  8
y_lower_sheets
100
AcDbSpline
210
0
220
0
230
1
 70
8
 71
1
 72
4
 73
2
 74
0
 40
16.912896899
 40
16.912896899
 40
24.000000000
 40
24.000000000
 10
49.087103101
 20
188.500000000
 30
0.000000000
 10
42.000000000
 20
188.500000000
 30
0.000000000
  0
SPLINE
  5
CA2
330
A02
100
AcDbEntity
  8
y_lower_sheets
100
AcDbSpline
210
0
220
0
230
1
 70
8
 71
3
 72
8
 73
4
 74
0
 40
-2.574428625
 40
-2.574428625
 40
-2.574428625
 40
-2.574428625
 40
-2.401791000
 40
-2.401791000
 40
-2.401791000
 40
-2.401791000
 10
51.414421555
 20
186.300000000
 30
0.000000000
 10
50.567890171
 20
187.098474395
 30
0.000000000
 10
49.797894000
 20
187.826347099
 30
0.000000000
 10
49.087103101
 20
188.500000000
 30
0.000000000
  0
SPLINE
  5
CA3
330
A02
100
AcDbEntity
  8
y_lower_sheets
100
AcDbSpline
210
0
220
0
230
1
 70
8
 71
1
 72
4
 73
2
 74
0
 40
14.585578445
 40
14.585578445
 40
24.000000000
 40
24.000000000
 10
51.414421555
 20
186.300000000
 30
0.000000000
 10
42.000000000
 20
186.300000000
 30
0.000000000
  0
SPLINE
  5
CA4
330
A02
100
AcDbEntity
  8
y_lower_sheets
100
AcDbSpline
210
0
220
0
230
1
 70
8
 71
1
 72
4
 73
2
 74
0
 40
-7.350000000
 40
-7.350000000
 40
-6.350000000
 40
-6.350000000
 10
42.000000000
 20
185.300000000
 30
-0.000000000
 10
42.000000000
 20
186.300000000
 30
-0.000000000
  0
SPLINE
  5
CA5
330
A02
100
AcDbEntity
  8
y_lower_sheets
100
AcDbSpline
210
0
220
0
230
1
 70
8
 71
1
 72
4
 73
2
 74
0
 40
7.350000000
 40
7.350000000
 40
8.350000000
 40
8.350000000
 10
42.000000000
 20
185.300000000
 30
-0.000000000
 10
42.000000000
 20
184.300000000
 30
-0.000000000
  0
SPLINE
  5
CA6
330
A02
100
AcDbEntity
  8
y_lower_sheets
100
AcDbSpline
210
0
220
0
230
1
 70
8
 71
1
 72
4
 73
2
 74
0
 40
12.462090365
 40
12.462090365
 40
24.000000000
 40
24.000000000
 10
53.537909635
 20
184.300000000
 30
0.000000000
 10
42.000000000
 20
184.300000000
 30
0.000000000
  0
SPLINE
  5
CA7
330
A02
100
AcDbEntity
  8
y_lower_sheets
100
AcDbSpline
210
0
220
0
230
1
 70
8
 71
2
 72
6
 73
3
 74
0
 40
-2.839433827
 40
-2.839433827
 40
-2.839433827
 40
-2.709313632
 40
-2.709313632
 40
-2.709313632
 10
55.879270775
 20
182.100000000
 30
0.000000000
 10
54.631845849
 20
183.270996840
 30
0.000000000
 10
53.537909635
 20
184.300000000
 30
0.000000000
  0
SPLINE
  5
CA8
330
A02
100
AcDbEntity
  8
y_lower_sheets
100
AcDbSpline
210
0
220
0
230
1
 70
8
 71
1
 72
4
 73
2
 74
0
 40
10.120729225
 40
10.120729225
 40
24.000000000
 40
24.000000000
 10
55.879270775
 20
182.100000000
 30
0.000000000
 10
42.000000000
 20
182.100000000
 30
0.000000000
  0
SPLINE
  5
CA9
330
A02
100
AcDbEntity
  8
y_lower_sheets
100
AcDbSpline
210
0
220
0
230
1
 70
8
 71
1
 72
4
 73
2
 74
0
 40
-9.450000000
 40
-9.450000000
 40
-8.450000000
 40
-8.450000000
 10
42.000000000
 20
181.100000000
 30
-0.000000000
 10
42.000000000
 20
182.100000000
 30
-0.000000000
  0
SPLINE
  5
CAA
330
A02
100
AcDbEntity
  8
y_lower_sheets
100
AcDbSpline
210
0
220
0
230
1
 70
8
 71
1
 72
4
 73
2
 74
0
 40
9.450000000
 40
9.450000000
 40
10.450000000
 40
10.450000000
 10
42.000000000
 20
181.100000000
 30
-0.000000000
 10
42.000000000
 20
180.100000000
 30
-0.000000000
  0
SPLINE
  5
CAB
330
A02
100
AcDbEntity
  8
y_lower_sheets
100
AcDbSpline
210
0
220
0
230
1
 70
8
 71
1
 72
4
 73
2
 74
0
 40
8.000000000
 40
8.000000000
 40
24.000000000
 40
24.000000000
 10
58.000000000
 20
180.100000000
 30
0.000000000
 10
42.000000000
 20
180.100000000
 30
0.000000000
  0
SPLINE
  5
CAC
330
A02
100
AcDbEntity
  8
y_lower_sheets
100
AcDbSpline
210
0
220
0
230
1
 70
8
 71
1
 72
4
 73
2
 74
0
 40
-25.000000000
 40
-25.000000000
 40
-19.900000000
 40
-19.900000000
 10
58.000000000
 20
175.000000000
 30
0.000000000
 10
58.000000000
 20
180.100000000
 30
0.000000000
  0
SPLINE
  5
CAD
330
A02
100
AcDbEntity
  8
y_lower_sheets
100
AcDbSpline
210
0
220
0
230
1
 70
8
 71
1
 72
4
 73
2
 74
0
 40
-16.000000000
 40
-16.000000000
 40
16.000000000
 40
16.000000000
 10
26.000000000
 20
175.000000000
 30
-0.000000000
 10
58.000000000
 20
175.000000000
 30
0.000000000
  0
SPLINE
  5
CAE
330
A02
100
AcDbEntity
  8
y_lower_sheets
100
AcDbSpline
210
0
220
0
230
1
 70
8
 71
1
 72
4
 73
2
 74
0
 40
-37.500000000
 40
-37.500000000
 40
12.500000000
 40
12.500000000
 10
26.000000000
 20
225.000000000
 30
-0.000000000
 10
26.000000000
 20
175.000000000
 30
-0.000000000
  0
SPLINE
  5
CAF
330
A02
100
AcDbEntity
  8
y_lower_sheets
100
AcDbSpline
210
0
220
0
230
1
 70
8
 71
1
 72
4
 73
2
 74
0
 40
-16.000000000
 40
-16.000000000
 40
16.000000000
 40
16.000000000
 10
68.000000000
 20
225.000000000
 30
-0.000000000
 10
100.000000000
 20
225.000000000
 30
0.000000000
  0
SPLINE
  5
CB0
330
A02
100
AcDbEntity
  8
y_lower_sheets
100
AcDbSpline
210
0
220
0
230
1
 70
8
 71
1
 72
4
 73
2
 74
0
 40
19.900000000
 40
19.900000000
 40
25.000000000
 40
25.000000000
 10
100.000000000
 20
219.900000000
 30
0.000000000
 10
100.000000000
 20
225.000000000
 30
0.000000000
  0
SPLINE
  5
CB1
330
A02
100
AcDbEntity
  8
y_lower_sheets
100
AcDbSpline
210
0
220
0
230
1
 70
8
 71
1
 72
4
 73
2
 74
0
 40
8.000000000
 40
8.000000000
 40
24.000000000
 40
24.000000000
 10
100.000000000
 20
219.900000000
 30
0.000000000
 10
84.000000000
 20
219.900000000
 30
0.000000000
  0
SPLINE
  5
CB2
330
A02
100
AcDbEntity
  8
y_lower_sheets
100
AcDbSpline
210
0
220
0
230
1
 70
8
 71
1
 72
4
 73
2
 74
0
 40
9.450000000
 40
9.450000000
 40
10.450000000
 40
10.450000000
 10
84.000000000
 20
218.900000000
 30
0.000000000
 10
84.000000000
 20
219.900000000
 30
0.000000000
  0
SPLINE
  5
CB3
330
A02
100
AcDbEntity
  8
y_lower_sheets
100
AcDbSpline
210
0
220
0
230
1
 70
8
 71
1
 72
4
 73
2
 74
0
 40
-9.450000000
 40
-9.450000000
 40
-8.450000000
 40
-8.450000000
 10
84.000000000
 20
218.900000000
 30
0.000000000
 10
84.000000000
 20
217.900000000
 30
0.000000000
  0
SPLINE
  5
CB4
330
A02
100
AcDbEntity
  8
y_lower_sheets
100
AcDbSpline
210
0
220
0
230
1
 70
8
 71
1
 72
4
 73
2
 74
0
 40
9.097991181
 40
9.097991181
 40
24.000000000
 40
24.000000000
 10
98.902008819
 20
217.900000000
 30
0.000000000
 10
84.000000000
 20
217.900000000
 30
0.000000000
  0
SPLINE
  5
CB5
330
A02
100
AcDbEntity
  8
y_lower_sheets
100
AcDbSpline
210
0
220
0
230
1
 70
8
 71
2
 72
6
 73
3
 74
0
 40
1.644279561
 40
1.644279561
 40
1.644279561
 40
1.767019462
 40
1.767019462
 40
1.767019462
 10
96.693104612
 20
215.700000000
 30
0.000000000
 10
97.725163619
 20
216.736817297
 30
0.000000000
 10
98.902008819
 20
217.900000000
 30
0.000000000
  0
SPLINE
  5
CB6
330
A02
100
AcDbEntity
  8
y_lower_sheets
100
AcDbSpline
210
0
220
0
230
1
 70
8
 71
1
 72
4
 73
2
 74
0
 40
11.306895388
 40
11.306895388
 40
24.000000000
 40
24.000000000
 10
96.693104612
 20
215.700000000
 30
0.000000000
 10
84.000000000
 20
215.700000000
 30
0.000000000
  0
SPLINE
  5
CB7
330
A02
100
AcDbEntity
  8
y_lower_sheets
100
AcDbSpline
210
0
220
0
230
1
 70
8
 71
1
 72
4
 73
2
 74
0
 40
7.350000000
 40
7.350000000
 40
8.350000000
 40
8.350000000
 10
84.000000000
 20
214.700000000
 30
0.000000000
 10
84.000000000
 20
215.700000000
 30
0.000000000
  0
SPLINE
  5
CB8
330
A02
100
AcDbEntity
  8
y_lower_sheets
100
AcDbSpline
210
0
220
0
230
1
 70
8
 71
1
 72
4
 73
2
 74
0
 40
-7.350000000
 40
-7.350000000
 40
-6.350000000
 40
-6.350000000
 10
84.000000000
 20
214.700000000
 30
0.000000000
 10
84.000000000
 20
213.700000000
 30
0.000000000
  0
SPLINE
  5
CB9
330
A02
100
AcDbEntity
  8
y_lower_sheets
100
AcDbSpline
210
0
220
0
230
1
 70
8
 71
1
 72
4
 73
2
 74
0
 40
13.277994600
 40
13.277994600
 40
24.000000000
 40
24.000000000
 10
94.722005400
 20
213.700000000
 30
0.000000000
 10
84.000000000
 20
213.700000000
 30
0.000000000
  0
SPLINE
  5
CBA
330
A02
100
AcDbEntity
  8
y_lower_sheets
100
AcDbSpline
210
0
220
0
230
1
 70
8
 71
2
 72
6
 73
3
 74
0
 40
1.362708442
 40
1.362708442
 40
1.362708442
 40
1.519100652
 40
1.519100652
 40
1.519100652
 10
92.612754140
 20
211.500000000
 30
0.000000000
 10
93.575148551
 20
212.523134681
 30
0.000000000
 10
94.722005400
 20
213.700000000
 30
0.000000000
  0
SPLINE
  5
CBB
330
A02
100
AcDbEntity
  8
y_lower_sheets
100
AcDbSpline
210
0
220
0
230
1
 70
8
 71
1
 72
4
 73
2
 74
0
 40
15.387245860
 40
15.387245860
 40
24.000000000
 40
24.000000000
 10
92.612754140
 20
211.500000000
 30
0.000000000
 10
84.000000000
 20
211.500000000
 30
0.000000000
  0
SPLINE
  5
CBC
330
A02
100
AcDbEntity
  8
y_lower_sheets
100
AcDbSpline
210
0
220
0
230
1
 70
8
 71
1
 72
4
 73
2
 74
0
 40
5.250000000
 40
5.250000000
 40
6.250000000
 40
6.250000000
 10
84.000000000
 20
210.500000000
 30
0.000000000
 10
84.000000000
 20
211.500000000
 30
0.000000000
  0
SPLINE
  5
CBD
330
A02
100
AcDbEntity
  8
y_lower_sheets
100
AcDbSpline
210
0
220
0
230
1
 70
8
 71
1
 72
4
 73
2
 74
0
 40
-5.250000000
 40
-5.250000000
 40
-4.250000000
 40
-4.250000000
 10
84.000000000
 20
210.500000000
 30
0.000000000
 10
84.000000000
 20
209.500000000
 30
0.000000000
  0
SPLINE
  5
CBE
330
A02
100
AcDbEntity
  8
y_lower_sheets
100
AcDbSpline
210
0
220
0
230
1
 70
8
 71
1
 72
4
 73
2
 74
0
 40
17.225062669
 40
17.225062669
 40
24.000000000
 40
24.000000000
 10
90.774937331
 20
209.500000000
 30
0.000000000
 10
84.000000000
 20
209.500000000
 30
0.000000000
  0
SPLINE
  5
CBF
330
A02
100
AcDbEntity
  8
y_lower_sheets
100
AcDbSpline
210
0
220
0
230
1
 70
8
 71
2
 72
6
 73
3
 74
0
 40
1.036734145
 40
1.036734145
 40
1.036734145
 40
1.199157552
 40
1.199157552
 40
1.199157552
 10
89.274277000
 20
207.765951326
 30
0.000000000
 10
89.949108354
 20
208.576180928
 30
0.000000000
 10
90.774937331
 20
209.500000000
 30
0.000000000
  0
SPLINE
  5
CC0
330
A02
100
AcDbEntity
  8
y_lower_sheets
100
AcDbSpline
210
0
220
0
230
1
 70
8
 71
1
 72
4
 73
2
 74
0
 40
7.300000000
 40
7.300000000
 40
7.765951326
 40
7.765951326
 10
89.274277000
 20
207.300000000
 30
0.000000000
 10
89.274277000
 20
207.765951326
 30
0.000000000
  0
SPLINE
  5
CC1
330
A02
100
AcDbEntity
  8
y_lower_sheets
100
AcDbSpline
210
0
220
0
230
1
 70
8
 71
1
 72
4
 73
2
 74
0
 40
18.725723000
 40
18.725723000
 40
24.000000000
 40
24.000000000
 10
89.274277000
 20
207.300000000
 30
0.000000000
 10
84.000000000
 20
207.300000000
 30
0.000000000
  0
SPLINE
  5
CC2
330
A02
100
AcDbEntity
  8
y_lower_sheets
100
AcDbSpline
210
0
220
0
230
1
 70
8
 71
1
 72
4
 73
2
 74
0
 40
3.150000000
 40
3.150000000
 40
4.150000000
 40
4.150000000
 10
84.000000000
 20
206.300000000
 30
0.000000000
 10
84.000000000
 20
207.300000000
 30
0.000000000
  0
SPLINE
  5
CC3
330
A02
100
AcDbEntity
  8
y_lower_sheets
100
AcDbSpline
210
0
220
0
230
1
 70
8
 71
1
 72
4
 73
2
 74
0
 40
-3.150000000
 40
-3.150000000
 40
-2.150000000
 40
-2.150000000
 10
84.000000000
 20
206.300000000
 30
0.000000000
 10
84.000000000
 20
205.300000000
 30
0.000000000
  0
SPLINE
  5
CC4
330
A02
100
AcDbEntity
  8
y_lower_sheets
100
AcDbSpline
210
0
220
0
230
1
 70
8
 71
1
 72
4
 73
2
 74
0
 40
18.725723000
 40
18.725723000
 40
24.000000000
 40
24.000000000
 10
89.274277000
 20
205.300000000
 30
0.000000000
 10
84.000000000
 20
205.300000000
 30
0.000000000
  0
SPLINE
  5
CC5
330
A02
100
AcDbEntity
  8
y_lower_sheets
100
AcDbSpline
210
0
220
0
230
1
 70
8
 71
1
 72
4
 73
2
 74
0
 40
3.100000000
 40
3.100000000
 40
5.300000000
 40
5.300000000
 10
89.274277000
 20
203.100000000
 30
0.000000000
 10
89.274277000
 20
205.300000000
 30
0.000000000
  0
SPLINE
  5
CC6
330
A02
100
AcDbEntity
  8
y_lower_sheets
100
AcDbSpline
210
0
220
0
230
1
 70
8
 71
1
 72
4
 73
2
 74
0
 40
18.725723000
 40
18.725723000
 40
24.000000000
 40
24.000000000
 10
89.274277000
 20
203.100000000
 30
0.000000000
 10
84.000000000
 20
203.100000000
 30
0.000000000
  0
SPLINE
  5
CC7
330
A02
100
AcDbEntity
  8
y_lower_sheets
100
AcDbSpline
210
0
220
0
230
1
 70
8
 71
1
 72
4
 73
2
 74
0
 40
1.050000000
 40
1.050000000
 40
2.050000000
 40
2.050000000
 10
84.000000000
 20
202.100000000
 30
0.000000000
 10
84.000000000
 20
203.100000000
 30
0.000000000
  0
SPLINE
  5
CC8
330
A02
100
AcDbEntity
  8
y_lower_sheets
100
AcDbSpline
210
0
220
0
230
1
 70
8
 71
1
 72
4
 73
2
 74
0
 40
-1.050000000
 40
-1.050000000
 40
-0.050000000
 40
-0.050000000
 10
84.000000000
 20
202.100000000
 30
0.000000000
 10
84.000000000
 20
201.100000000
 30
0.000000000
  0
SPLINE
  5
CC9
330
A02
100
AcDbEntity
  8
y_lower_sheets
100
AcDbSpline
210
0
220
0
230
1
 70
8
 71
1
 72
4
 73
2
 74
0
 40
18.725723000
 40
18.725723000
 40
24.000000000
 40
24.000000000
 10
89.274277000
 20
201.100000000
 30
0.000000000
 10
84.000000000
 20
201.100000000
 30
0.000000000
  0
SPLINE
  5
CCA
330
A02
100
AcDbEntity
  8
y_lower_sheets
100
AcDbSpline
210
0
220
0
230
1
 70
8
 71
1
 72
4
 73
2
 74
0
 40
-1.100000000
 40
-1.100000000
 40
1.100000000
 40
1.100000000
 10
89.274277000
 20
198.900000000
 30
0.000000000
 10
89.274277000
 20
201.100000000
 30
0.000000000
  0
SPLINE
  5
CCB
330
A02
100
AcDbEntity
  8
y_lower_sheets
100
AcDbSpline
210
0
220
0
230
1
 70
8
 71
1
 72
4
 73
2
 74
0
 40
18.725723000
 40
18.725723000
 40
24.000000000
 40
24.000000000
 10
89.274277000
 20
198.900000000
 30
0.000000000
 10
84.000000000
 20
198.900000000
 30
0.000000000
  0
SPLINE
  5
CCC
330
A02
100
AcDbEntity
  8
y_lower_sheets
100
AcDbSpline
210
0
220
0
230
1
 70
8
 71
1
 72
4
 73
2
 74
0
 40
-1.050000000
 40
-1.050000000
 40
-0.050000000
 40
-0.050000000
 10
84.000000000
 20
197.900000000
 30
0.000000000
 10
84.000000000
 20
198.900000000
 30
0.000000000
  0
SPLINE
  5
CCD
330
A02
100
AcDbEntity
  8
y_lower_sheets
100
AcDbSpline
210
0
220
0
230
1
 70
8
 71
1
 72
4
 73
2
 74
0
 40
1.050000000
 40
1.050000000
 40
2.050000000
 40
2.050000000
 10
84.000000000
 20
197.900000000
 30
0.000000000
 10
84.000000000
 20
196.900000000
 30
0.000000000
  0
SPLINE
  5
CCE
330
A02
100
AcDbEntity
  8
y_lower_sheets
100
AcDbSpline
210
0
220
0
230
1
 70
8
 71
1
 72
4
 73
2
 74
0
 40
18.725723000
 40
18.725723000
 40
24.000000000
 40
24.000000000
 10
89.274277000
 20
196.900000000
 30
0.000000000
 10
84.000000000
 20
196.900000000
 30
0.000000000
  0
SPLINE
  5
CCF
330
A02
100
AcDbEntity
  8
y_lower_sheets
100
AcDbSpline
210
0
220
0
230
1
 70
8
 71
1
 72
4
 73
2
 74
0
 40
-5.300000000
 40
-5.300000000
 40
-3.100000000
 40
-3.100000000
 10
89.274277000
 20
194.700000000
 30
0.000000000
 10
89.274277000
 20
196.900000000
 30
0.000000000
  0
SPLINE
  5
CD0
330
A02
100
AcDbEntity
  8
y_lower_sheets
100
AcDbSpline
210
0
220
0
230
1
 70
8
 71
1
 72
4
 73
2
 74
0
 40
18.725723000
 40
18.725723000
 40
24.000000000
 40
24.000000000
 10
89.274277000
 20
194.700000000
 30
0.000000000
 10
84.000000000
 20
194.700000000
 30
0.000000000
  0
SPLINE
  5
CD1
330
A02
100
AcDbEntity
  8
y_lower_sheets
100
AcDbSpline
210
0
220
0
230
1
 70
8
 71
1
 72
4
 73
2
 74
0
 40
-3.150000000
 40
-3.150000000
 40
-2.150000000
 40
-2.150000000
 10
84.000000000
 20
193.700000000
 30
0.000000000
 10
84.000000000
 20
194.700000000
 30
0.000000000
  0
SPLINE
  5
CD2
330
A02
100
AcDbEntity
  8
y_lower_sheets
100
AcDbSpline
210
0
220
0
230
1
 70
8
 71
1
 72
4
 73
2
 74
0
 40
3.150000000
 40
3.150000000
 40
4.150000000
 40
4.150000000
 10
84.000000000
 20
193.700000000
 30
0.000000000
 10
84.000000000
 20
192.700000000
 30
0.000000000
  0
SPLINE
  5
CD3
330
A02
100
AcDbEntity
  8
y_lower_sheets
100
AcDbSpline
210
0
220
0
230
1
 70
8
 71
1
 72
4
 73
2
 74
0
 40
18.725723000
 40
18.725723000
 40
24.000000000
 40
24.000000000
 10
89.274277000
 20
192.700000000
 30
0.000000000
 10
84.000000000
 20
192.700000000
 30
0.000000000
  0
SPLINE
  5
CD4
330
A02
100
AcDbEntity
  8
y_lower_sheets
100
AcDbSpline
210
0
220
0
230
1
 70
8
 71
1
 72
4
 73
2
 74
0
 40
-7.765951326
 40
-7.765951326
 40
-7.300000000
 40
-7.300000000
 10
89.274277000
 20
192.234048674
 30
0.000000000
 10
89.274277000
 20
192.700000000
 30
0.000000000
  0
SPLINE
  5
CD5
330
A02
100
AcDbEntity
  8
y_lower_sheets
100
AcDbSpline
210
0
220
0
230
1
 70
8
 71
2
 72
6
 73
3
 74
0
 40
-1.199157552
 40
-1.199157552
 40
-1.199157552
 40
-1.036734145
 40
-1.036734145
 40
-1.036734145
 10
90.774937331
 20
190.500000000
 30
0.000000000
 10
89.949108354
 20
191.423819072
 30
0.000000000
 10
89.274277000
 20
192.234048674
 30
0.000000000
  0
SPLINE
  5
CD6
330
A02
100
AcDbEntity
  8
y_lower_sheets
100
AcDbSpline
210
0
220
0
230
1
 70
8
 71
1
 72
4
 73
2
 74
0
 40
17.225062669
 40
17.225062669
 40
24.000000000
 40
24.000000000
 10
90.774937331
 20
190.500000000
 30
0.000000000
 10
84.000000000
 20
190.500000000
 30
0.000000000
  0
SPLINE
  5
CD7
330
A02
100
AcDbEntity
  8
y_lower_sheets
100
AcDbSpline
210
0
220
0
230
1
 70
8
 71
1
 72
4
 73
2
 74
0
 40
-5.250000000
 40
-5.250000000
 40
-4.250000000
 40
-4.250000000
 10
84.000000000
 20
189.500000000
 30
0.000000000
 10
84.000000000
 20
190.500000000
 30
0.000000000
  0
SPLINE
  5
CD8
330
A02
100
AcDbEntity
  8
y_lower_sheets
100
AcDbSpline
210
0
220
0
230
1
 70
8
 71
1
 72
4
 73
2
 74
0
 40
5.250000000
 40
5.250000000
 40
6.250000000
 40
6.250000000
 10
84.000000000
 20
189.500000000
 30
0.000000000
 10
84.000000000
 20
188.500000000
 30
0.000000000
  0
SPLINE
  5
CD9
330
A02
100
AcDbEntity
  8
y_lower_sheets
100
AcDbSpline
210
0
220
0
230
1
 70
8
 71
1
 72
4
 73
2
 74
0
 40
15.387245860
 40
15.387245860
 40
24.000000000
 40
24.000000000
 10
92.612754140
 20
188.500000000
 30
0.000000000
 10
84.000000000
 20
188.500000000
 30
0.000000000
  0
SPLINE
  5
CDA
330
A02
100
AcDbEntity
  8
y_lower_sheets
100
AcDbSpline
210
0
220
0
230
1
 70
8
 71
2
 72
6
 73
3
 74
0
 40
-1.519100652
 40
-1.519100652
 40
-1.519100652
 40
-1.362708442
 40
-1.362708442
 40
-1.362708442
 10
94.722005400
 20
186.300000000
 30
0.000000000
 10
93.575148551
 20
187.476865319
 30
0.000000000
 10
92.612754140
 20
188.500000000
 30
0.000000000
  0
SPLINE
  5
CDB
330
A02
100
AcDbEntity
  8
y_lower_sheets
100
AcDbSpline
210
0
220
0
230
1
 70
8
 71
1
 72
4
 73
2
 74
0
 40
13.277994600
 40
13.277994600
 40
24.000000000
 40
24.000000000
 10
94.722005400
 20
186.300000000
 30
0.000000000
 10
84.000000000
 20
186.300000000
 30
0.000000000
  0
SPLINE
  5
CDC
330
A02
100
AcDbEntity
  8
y_lower_sheets
100
AcDbSpline
210
0
220
0
230
1
 70
8
 71
1
 72
4
 73
2
 74
0
 40
-7.350000000
 40
-7.350000000
 40
-6.350000000
 40
-6.350000000
 10
84.000000000
 20
185.300000000
 30
0.000000000
 10
84.000000000
 20
186.300000000
 30
0.000000000
  0
SPLINE
  5
CDD
330
A02
100
AcDbEntity
  8
y_lower_sheets
100
AcDbSpline
210
0
220
0
230
1
 70
8
 71
1
 72
4
 73
2
 74
0
 40
7.350000000
 40
7.350000000
 40
8.350000000
 40
8.350000000
 10
84.000000000
 20
185.300000000
 30
0.000000000
 10
84.000000000
 20
184.300000000
 30
0.000000000
  0
SPLINE
  5
CDE
330
A02
100
AcDbEntity
  8
y_lower_sheets
100
AcDbSpline
210
0
220
0
230
1
 70
8
 71
1
 72
4
 73
2
 74
0
 40
11.306895388
 40
11.306895388
 40
24.000000000
 40
24.000000000
 10
96.693104612
 20
184.300000000
 30
0.000000000
 10
84.000000000
 20
184.300000000
 30
0.000000000
  0
SPLINE
  5
CDF
330
A02
100
AcDbEntity
  8
y_lower_sheets
100
AcDbSpline
210
0
220
0
230
1
 70
8
 71
2
 72
6
 73
3
 74
0
 40
-1.767019462
 40
-1.767019462
 40
-1.767019462
 40
-1.644279561
 40
-1.644279561
 40
-1.644279561
 10
98.902008819
 20
182.100000000
 30
0.000000000
 10
97.725163619
 20
183.263182703
 30
0.000000000
 10
96.693104612
 20
184.300000000
 30
0.000000000
  0
SPLINE
  5
CE0
330
A02
100
AcDbEntity
  8
y_lower_sheets
100
AcDbSpline
210
0
220
0
230
1
 70
8
 71
1
 72
4
 73
2
 74
0
 40
9.097991181
 40
9.097991181
 40
24.000000000
 40
24.000000000
 10
98.902008819
 20
182.100000000
 30
0.000000000
 10
84.000000000
 20
182.100000000
 30
0.000000000
  0
SPLINE
  5
CE1
330
A02
100
AcDbEntity
  8
y_lower_sheets
100
AcDbSpline
210
0
220
0
230
1
 70
8
 71
1
 72
4
 73
2
 74
0
 40
-9.450000000
 40
-9.450000000
 40
-8.450000000
 40
-8.450000000
 10
84.000000000
 20
181.100000000
 30
0.000000000
 10
84.000000000
 20
182.100000000
 30
0.000000000
  0
SPLINE
  5
CE2
330
A02
100
AcDbEntity
  8
y_lower_sheets
100
AcDbSpline
210
0
220
0
230
1
 70
8
 71
1
 72
4
 73
2
 74
0
 40
9.450000000
 40
9.450000000
 40
10.450000000
 40
10.450000000
 10
84.000000000
 20
181.100000000
 30
0.000000000
 10
84.000000000
 20
180.100000000
 30
0.000000000
  0
SPLINE
  5
CE3
330
A02
100
AcDbEntity
  8
y_lower_sheets
100
AcDbSpline
210
0
220
0
230
1
 70
8
 71
1
 72
4
 73
2
 74
0
 40
8.000000000
 40
8.000000000
 40
24.000000000
 40
24.000000000
 10
100.000000000
 20
180.100000000
 30
0.000000000
 10
84.000000000
 20
180.100000000
 30
0.000000000
  0
SPLINE
  5
CE4
330
A02
100
AcDbEntity
  8
y_lower_sheets
100
AcDbSpline
210
0
220
0
230
1
 70
8
 71
1
 72
4
 73
2
 74
0
 40
-25.000000000
 40
-25.000000000
 40
-19.900000000
 40
-19.900000000
 10
100.000000000
 20
175.000000000
 30
0.000000000
 10
100.000000000
 20
180.100000000
 30
0.000000000
  0
SPLINE
  5
CE5
330
A02
100
AcDbEntity
  8
y_lower_sheets
100
AcDbSpline
210
0
220
0
230
1
 70
8
 71
1
 72
4
 73
2
 74
0
 40
-16.000000000
 40
-16.000000000
 40
16.000000000
 40
16.000000000
 10
68.000000000
 20
175.000000000
 30
-0.000000000
 10
100.000000000
 20
175.000000000
 30
0.000000000
  0
SPLINE
  5
CE6
330
A02
100
AcDbEntity
  8
y_lower_sheets
100
AcDbSpline
210
0
220
0
230
1
 70
8
 71
1
 72
4
 73
2
 74
0
 40
-37.500000000
 40
-37.500000000
 40
12.500000000
 40
12.500000000
 10
68.000000000
 20
225.000000000
 30
-0.000000000
 10
68.000000000
 20
175.000000000
 30
-0.000000000
  0
SPLINE
  5
CE7
330
A02
100
AcDbEntity
  8
y_lower_sheets
100
AcDbSpline
210
0
220
0
230
1
 70
8
 71
1
 72
4
 73
2
 74
0
 40
-16.000000000
 40
-16.000000000
 40
16.000000000
 40
16.000000000
 10
110.000000000
 20
225.000000000
 30
-0.000000000
 10
142.000000000
 20
225.000000000
 30
0.000000000
  0
SPLINE
  5
CE8
330
A02
100
AcDbEntity
  8
y_lower_sheets
100
AcDbSpline
210
0
220
0
230
1
 70
8
 71
1
 72
4
 73
2
 74
0
 40
19.900000000
 40
19.900000000
 40
25.000000000
 40
25.000000000
 10
142.000000000
 20
219.900000000
 30
0.000000000
 10
142.000000000
 20
225.000000000
 30
0.000000000
  0
SPLINE
  5
CE9
330
A02
100
AcDbEntity
  8
y_lower_sheets
100
AcDbSpline
210
0
220
0
230
1
 70
8
 71
1
 72
4
 73
2
 74
0
 40
8.000000000
 40
8.000000000
 40
24.000000000
 40
24.000000000
 10
142.000000000
 20
219.900000000
 30
0.000000000
 10
126.000000000
 20
219.900000000
 30
0.000000000
  0
SPLINE
  5
CEA
330
A02
100
AcDbEntity
  8
y_lower_sheets
100
AcDbSpline
210
0
220
0
230
1
 70
8
 71
1
 72
4
 73
2
 74
0
 40
9.450000000
 40
9.450000000
 40
10.450000000
 40
10.450000000
 10
126.000000000
 20
218.900000000
 30
0.000000000
 10
126.000000000
 20
219.900000000
 30
0.000000000
  0
SPLINE
  5
CEB
330
A02
100
AcDbEntity
  8
y_lower_sheets
100
AcDbSpline
210
0
220
0
230
1
 70
8
 71
1
 72
4
 73
2
 74
0
 40
-9.450000000
 40
-9.450000000
 40
-8.450000000
 40
-8.450000000
 10
126.000000000
 20
218.900000000
 30
0.000000000
 10
126.000000000
 20
217.900000000
 30
0.000000000
  0
SPLINE
  5
CEC
330
A02
100
AcDbEntity
  8
y_lower_sheets
100
AcDbSpline
210
0
220
0
230
1
 70
8
 71
1
 72
4
 73
2
 74
0
 40
9.097991181
 40
9.097991181
 40
24.000000000
 40
24.000000000
 10
140.902008819
 20
217.900000000
 30
0.000000000
 10
126.000000000
 20
217.900000000
 30
0.000000000
  0
SPLINE
  5
CED
330
A02
100
AcDbEntity
  8
y_lower_sheets
100
AcDbSpline
210
0
220
0
230
1
 70
8
 71
2
 72
6
 73
3
 74
0
 40
1.644279561
 40
1.644279561
 40
1.644279561
 40
1.767019462
 40
1.767019462
 40
1.767019462
 10
138.693104612
 20
215.700000000
 30
0.000000000
 10
139.725163619
 20
216.736817297
 30
0.000000000
 10
140.902008819
 20
217.900000000
 30
0.000000000
  0
SPLINE
  5
CEE
330
A02
100
AcDbEntity
  8
y_lower_sheets
100
AcDbSpline
210
0
220
0
230
1
 70
8
 71
1
 72
4
 73
2
 74
0
 40
11.306895388
 40
11.306895388
 40
24.000000000
 40
24.000000000
 10
138.693104612
 20
215.700000000
 30
0.000000000
 10
126.000000000
 20
215.700000000
 30
0.000000000
  0
SPLINE
  5
CEF
330
A02
100
AcDbEntity
  8
y_lower_sheets
100
AcDbSpline
210
0
220
0
230
1
 70
8
 71
1
 72
4
 73
2
 74
0
 40
7.350000000
 40
7.350000000
 40
8.350000000
 40
8.350000000
 10
126.000000000
 20
214.700000000
 30
0.000000000
 10
126.000000000
 20
215.700000000
 30
0.000000000
  0
SPLINE
  5
CF0
330
A02
100
AcDbEntity
  8
y_lower_sheets
100
AcDbSpline
210
0
220
0
230
1
 70
8
 71
1
 72
4
 73
2
 74
0
 40
-7.350000000
 40
-7.350000000
 40
-6.350000000
 40
-6.350000000
 10
126.000000000
 20
214.700000000
 30
0.000000000
 10
126.000000000
 20
213.700000000
 30
0.000000000
  0
SPLINE
  5
CF1
330
A02
100
AcDbEntity
  8
y_lower_sheets
100
AcDbSpline
210
0
220
0
230
1
 70
8
 71
1
 72
4
 73
2
 74
0
 40
13.277994600
 40
13.277994600
 40
24.000000000
 40
24.000000000
 10
136.722005400
 20
213.700000000
 30
0.000000000
 10
126.000000000
 20
213.700000000
 30
0.000000000
  0
SPLINE
  5
CF2
330
A02
100
AcDbEntity
  8
y_lower_sheets
100
AcDbSpline
210
0
220
0
230
1
 70
8
 71
2
 72
6
 73
3
 74
0
 40
1.362708442
 40
1.362708442
 40
1.362708442
 40
1.519100652
 40
1.519100652
 40
1.519100652
 10
134.612754140
 20
211.500000000
 30
0.000000000
 10
135.575148551
 20
212.523134681
 30
0.000000000
 10
136.722005400
 20
213.700000000
 30
0.000000000
  0
SPLINE
  5
CF3
330
A02
100
AcDbEntity
  8
y_lower_sheets
100
AcDbSpline
210
0
220
0
230
1
 70
8
 71
1
 72
4
 73
2
 74
0
 40
15.387245860
 40
15.387245860
 40
24.000000000
 40
24.000000000
 10
134.612754140
 20
211.500000000
 30
0.000000000
 10
126.000000000
 20
211.500000000
 30
0.000000000
  0
SPLINE
  5
CF4
330
A02
100
AcDbEntity
  8
y_lower_sheets
100
AcDbSpline
210
0
220
0
230
1
 70
8
 71
1
 72
4
 73
2
 74
0
 40
5.250000000
 40
5.250000000
 40
6.250000000
 40
6.250000000
 10
126.000000000
 20
210.500000000
 30
0.000000000
 10
126.000000000
 20
211.500000000
 30
0.000000000
  0
SPLINE
  5
CF5
330
A02
100
AcDbEntity
  8
y_lower_sheets
100
AcDbSpline
210
0
220
0
230
1
 70
8
 71
1
 72
4
 73
2
 74
0
 40
-5.250000000
 40
-5.250000000
 40
-4.250000000
 40
-4.250000000
 10
126.000000000
 20
210.500000000
 30
0.000000000
 10
126.000000000
 20
209.500000000
 30
0.000000000
  0
SPLINE
  5
CF6
330
A02
100
AcDbEntity
  8
y_lower_sheets
100
AcDbSpline
210
0
220
0
230
1
 70
8
 71
1
 72
4
 73
2
 74
0
 40
17.225062669
 40
17.225062669
 40
24.000000000
 40
24.000000000
 10
132.774937331
 20
209.500000000
 30
0.000000000
 10
126.000000000
 20
209.500000000
 30
0.000000000
  0
SPLINE
  5
CF7
330
A02
100
AcDbEntity
  8
y_lower_sheets
100
AcDbSpline
210
0
220
0
230
1
 70
8
 71
2
 72
6
 73
3
 74
0
 40
1.036734145
 40
1.036734145
 40
1.036734145
 40
1.199157552
 40
1.199157552
 40
1.199157552
 10
131.274277000
 20
207.765951326
 30
0.000000000
 10
131.949108354
 20
208.576180928
 30
0.000000000
 10
132.774937331
 20
209.500000000
 30
0.000000000
  0
SPLINE
  5
CF8
330
A02
100
AcDbEntity
  8
y_lower_sheets
100
AcDbSpline
210
0
220
0
230
1
 70
8
 71
1
 72
4
 73
2
 74
0
 40
7.300000000
 40
7.300000000
 40
7.765951326
 40
7.765951326
 10
131.274277000
 20
207.300000000
 30
0.000000000
 10
131.274277000
 20
207.765951326
 30
0.000000000
  0
SPLINE
  5
CF9
330
A02
100
AcDbEntity
  8
y_lower_sheets
100
AcDbSpline
210
0
220
0
230
1
 70
8
 71
1
 72
4
 73
2
 74
0
 40
18.725723000
 40
18.725723000
 40
24.000000000
 40
24.000000000
 10
131.274277000
 20
207.300000000
 30
0.000000000
 10
126.000000000
 20
207.300000000
 30
0.000000000
  0
SPLINE
  5
CFA
330
A02
100
AcDbEntity
  8
y_lower_sheets
100
AcDbSpline
210
0
220
0
230
1
 70
8
 71
1
 72
4
 73
2
 74
0
 40
3.150000000
 40
3.150000000
 40
4.150000000
 40
4.150000000
 10
126.000000000
 20
206.300000000
 30
0.000000000
 10
126.000000000
 20
207.300000000
 30
0.000000000
  0
SPLINE
  5
CFB
330
A02
100
AcDbEntity
  8
y_lower_sheets
100
AcDbSpline
210
0
220
0
230
1
 70
8
 71
1
 72
4
 73
2
 74
0
 40
-3.150000000
 40
-3.150000000
 40
-2.150000000
 40
-2.150000000
 10
126.000000000
 20
206.300000000
 30
0.000000000
 10
126.000000000
 20
205.300000000
 30
0.000000000
  0
SPLINE
  5
CFC
330
A02
100
AcDbEntity
  8
y_lower_sheets
100
AcDbSpline
210
0
220
0
230
1
 70
8
 71
1
 72
4
 73
2
 74
0
 40
18.725723000
 40
18.725723000
 40
24.000000000
 40
24.000000000
 10
131.274277000
 20
205.300000000
 30
0.000000000
 10
126.000000000
 20
205.300000000
 30
0.000000000
  0
SPLINE
  5
CFD
330
A02
100
AcDbEntity
  8
y_lower_sheets
100
AcDbSpline
210
0
220
0
230
1
 70
8
 71
1
 72
4
 73
2
 74
0
 40
3.100000000
 40
3.100000000
 40
5.300000000
 40
5.300000000
 10
131.274277000
 20
203.100000000
 30
0.000000000
 10
131.274277000
 20
205.300000000
 30
0.000000000
  0
SPLINE
  5
CFE
330
A02
100
AcDbEntity
  8
y_lower_sheets
100
AcDbSpline
210
0
220
0
230
1
 70
8
 71
1
 72
4
 73
2
 74
0
 40
18.725723000
 40
18.725723000
 40
24.000000000
 40
24.000000000
 10
131.274277000
 20
203.100000000
 30
0.000000000
 10
126.000000000
 20
203.100000000
 30
0.000000000
  0
SPLINE
  5
CFF
330
A02
100
AcDbEntity
  8
y_lower_sheets
100
AcDbSpline
210
0
220
0
230
1
 70
8
 71
1
 72
4
 73
2
 74
0
 40
1.050000000
 40
1.050000000
 40
2.050000000
 40
2.050000000
 10
126.000000000
 20
202.100000000
 30
0.000000000
 10
126.000000000
 20
203.100000000
 30
0.000000000
  0
SPLINE
  5
D00
330
A02
100
AcDbEntity
  8
y_lower_sheets
100
AcDbSpline
210
0
220
0
230
1
 70
8
 71
1
 72
4
 73
2
 74
0
 40
-1.050000000
 40
-1.050000000
 40
-0.050000000
 40
-0.050000000
 10
126.000000000
 20
202.100000000
 30
0.000000000
 10
126.000000000
 20
201.100000000
 30
0.000000000
  0
SPLINE
  5
D01
330
A02
100
AcDbEntity
  8
y_lower_sheets
100
AcDbSpline
210
0
220
0
230
1
 70
8
 71
1
 72
4
 73
2
 74
0
 40
18.725723000
 40
18.725723000
 40
24.000000000
 40
24.000000000
 10
131.274277000
 20
201.100000000
 30
0.000000000
 10
126.000000000
 20
201.100000000
 30
0.000000000
  0
SPLINE
  5
D02
330
A02
100
AcDbEntity
  8
y_lower_sheets
100
AcDbSpline
210
0
220
0
230
1
 70
8
 71
1
 72
4
 73
2
 74
0
 40
-1.100000000
 40
-1.100000000
 40
1.100000000
 40
1.100000000
 10
131.274277000
 20
198.900000000
 30
0.000000000
 10
131.274277000
 20
201.100000000
 30
0.000000000
  0
SPLINE
  5
D03
330
A02
100
AcDbEntity
  8
y_lower_sheets
100
AcDbSpline
210
0
220
0
230
1
 70
8
 71
1
 72
4
 73
2
 74
0
 40
18.725723000
 40
18.725723000
 40
24.000000000
 40
24.000000000
 10
131.274277000
 20
198.900000000
 30
0.000000000
 10
126.000000000
 20
198.900000000
 30
0.000000000
  0
SPLINE
  5
D04
330
A02
100
AcDbEntity
  8
y_lower_sheets
100
AcDbSpline
210
0
220
0
230
1
 70
8
 71
1
 72
4
 73
2
 74
0
 40
-1.050000000
 40
-1.050000000
 40
-0.050000000
 40
-0.050000000
 10
126.000000000
 20
197.900000000
 30
0.000000000
 10
126.000000000
 20
198.900000000
 30
0.000000000
  0
SPLINE
  5
D05
330
A02
100
AcDbEntity
  8
y_lower_sheets
100
AcDbSpline
210
0
220
0
230
1
 70
8
 71
1
 72
4
 73
2
 74
0
 40
1.050000000
 40
1.050000000
 40
2.050000000
 40
2.050000000
 10
126.000000000
 20
197.900000000
 30
0.000000000
 10
126.000000000
 20
196.900000000
 30
0.000000000
  0
SPLINE
  5
D06
330
A02
100
AcDbEntity
  8
y_lower_sheets
100
AcDbSpline
210
0
220
0
230
1
 70
8
 71
1
 72
4
 73
2
 74
0
 40
18.725723000
 40
18.725723000
 40
24.000000000
 40
24.000000000
 10
131.274277000
 20
196.900000000
 30
0.000000000
 10
126.000000000
 20
196.900000000
 30
0.000000000
  0
SPLINE
  5
D07
330
A02
100
AcDbEntity
  8
y_lower_sheets
100
AcDbSpline
210
0
220
0
230
1
 70
8
 71
1
 72
4
 73
2
 74
0
 40
-5.300000000
 40
-5.300000000
 40
-3.100000000
 40
-3.100000000
 10
131.274277000
 20
194.700000000
 30
0.000000000
 10
131.274277000
 20
196.900000000
 30
0.000000000
  0
SPLINE
  5
D08
330
A02
100
AcDbEntity
  8
y_lower_sheets
100
AcDbSpline
210
0
220
0
230
1
 70
8
 71
1
 72
4
 73
2
 74
0
 40
18.725723000
 40
18.725723000
 40
24.000000000
 40
24.000000000
 10
131.274277000
 20
194.700000000
 30
0.000000000
 10
126.000000000
 20
194.700000000
 30
0.000000000
  0
SPLINE
  5
D09
330
A02
100
AcDbEntity
  8
y_lower_sheets
100
AcDbSpline
210
0
220
0
230
1
 70
8
 71
1
 72
4
 73
2
 74
0
 40
-3.150000000
 40
-3.150000000
 40
-2.150000000
 40
-2.150000000
 10
126.000000000
 20
193.700000000
 30
0.000000000
 10
126.000000000
 20
194.700000000
 30
0.000000000
  0
SPLINE
  5
D0A
330
A02
100
AcDbEntity
  8
y_lower_sheets
100
AcDbSpline
210
0
220
0
230
1
 70
8
 71
1
 72
4
 73
2
 74
0
 40
3.150000000
 40
3.150000000
 40
4.150000000
 40
4.150000000
 10
126.000000000
 20
193.700000000
 30
0.000000000
 10
126.000000000
 20
192.700000000
 30
0.000000000
  0
SPLINE
  5
D0B
330
A02
100
AcDbEntity
  8
y_lower_sheets
100
AcDbSpline
210
0
220
0
230
1
 70
8
 71
1
 72
4
 73
2
 74
0
 40
18.725723000
 40
18.725723000
 40
24.000000000
 40
24.000000000
 10
131.274277000
 20
192.700000000
 30
0.000000000
 10
126.000000000
 20
192.700000000
 30
0.000000000
  0
SPLINE
  5
D0C
330
A02
100
AcDbEntity
  8
y_lower_sheets
100
AcDbSpline
210
0
220
0
230
1
 70
8
 71
1
 72
4
 73
2
 74
0
 40
-7.765951326
 40
-7.765951326
 40
-7.300000000
 40
-7.300000000
 10
131.274277000
 20
192.234048674
 30
0.000000000
 10
131.274277000
 20
192.700000000
 30
0.000000000
  0
SPLINE
  5
D0D
330
A02
100
AcDbEntity
  8
y_lower_sheets
100
AcDbSpline
210
0
220
0
230
1
 70
8
 71
2
 72
6
 73
3
 74
0
 40
-1.199157552
 40
-1.199157552
 40
-1.199157552
 40
-1.036734145
 40
-1.036734145
 40
-1.036734145
 10
132.774937331
 20
190.500000000
 30
0.000000000
 10
131.949108354
 20
191.423819072
 30
0.000000000
 10
131.274277000
 20
192.234048674
 30
0.000000000
  0
SPLINE
  5
D0E
330
A02
100
AcDbEntity
  8
y_lower_sheets
100
AcDbSpline
210
0
220
0
230
1
 70
8
 71
1
 72
4
 73
2
 74
0
 40
17.225062669
 40
17.225062669
 40
24.000000000
 40
24.000000000
 10
132.774937331
 20
190.500000000
 30
0.000000000
 10
126.000000000
 20
190.500000000
 30
0.000000000
  0
SPLINE
  5
D0F
330
A02
100
AcDbEntity
  8
y_lower_sheets
100
AcDbSpline
210
0
220
0
230
1
 70
8
 71
1
 72
4
 73
2
 74
0
 40
-5.250000000
 40
-5.250000000
 40
-4.250000000
 40
-4.250000000
 10
126.000000000
 20
189.500000000
 30
0.000000000
 10
126.000000000
 20
190.500000000
 30
0.000000000
  0
SPLINE
  5
D10
330
A02
100
AcDbEntity
  8
y_lower_sheets
100
AcDbSpline
210
0
220
0
230
1
 70
8
 71
1
 72
4
 73
2
 74
0
 40
5.250000000
 40
5.250000000
 40
6.250000000
 40
6.250000000
 10
126.000000000
 20
189.500000000
 30
0.000000000
 10
126.000000000
 20
188.500000000
 30
0.000000000
  0
SPLINE
  5
D11
330
A02
100
AcDbEntity
  8
y_lower_sheets
100
AcDbSpline
210
0
220
0
230
1
 70
8
 71
1
 72
4
 73
2
 74
0
 40
15.387245860
 40
15.387245860
 40
24.000000000
 40
24.000000000
 10
134.612754140
 20
188.500000000
 30
0.000000000
 10
126.000000000
 20
188.500000000
 30
0.000000000
  0
SPLINE
  5
D12
330
A02
100
AcDbEntity
  8
y_lower_sheets
100
AcDbSpline
210
0
220
0
230
1
 70
8
 71
2
 72
6
 73
3
 74
0
 40
-1.519100652
 40
-1.519100652
 40
-1.519100652
 40
-1.362708442
 40
-1.362708442
 40
-1.362708442
 10
136.722005400
 20
186.300000000
 30
0.000000000
 10
135.575148551
 20
187.476865319
 30
0.000000000
 10
134.612754140
 20
188.500000000
 30
0.000000000
  0
SPLINE
  5
D13
330
A02
100
AcDbEntity
  8
y_lower_sheets
100
AcDbSpline
210
0
220
0
230
1
 70
8
 71
1
 72
4
 73
2
 74
0
 40
13.277994600
 40
13.277994600
 40
24.000000000
 40
24.000000000
 10
136.722005400
 20
186.300000000
 30
0.000000000
 10
126.000000000
 20
186.300000000
 30
0.000000000
  0
SPLINE
  5
D14
330
A02
100
AcDbEntity
  8
y_lower_sheets
100
AcDbSpline
210
0
220
0
230
1
 70
8
 71
1
 72
4
 73
2
 74
0
 40
-7.350000000
 40
-7.350000000
 40
-6.350000000
 40
-6.350000000
 10
126.000000000
 20
185.300000000
 30
0.000000000
 10
126.000000000
 20
186.300000000
 30
0.000000000
  0
SPLINE
  5
D15
330
A02
100
AcDbEntity
  8
y_lower_sheets
100
AcDbSpline
210
0
220
0
230
1
 70
8
 71
1
 72
4
 73
2
 74
0
 40
7.350000000
 40
7.350000000
 40
8.350000000
 40
8.350000000
 10
126.000000000
 20
185.300000000
 30
0.000000000
 10
126.000000000
 20
184.300000000
 30
0.000000000
  0
SPLINE
  5
D16
330
A02
100
AcDbEntity
  8
y_lower_sheets
100
AcDbSpline
210
0
220
0
230
1
 70
8
 71
1
 72
4
 73
2
 74
0
 40
11.306895388
 40
11.306895388
 40
24.000000000
 40
24.000000000
 10
138.693104612
 20
184.300000000
 30
0.000000000
 10
126.000000000
 20
184.300000000
 30
0.000000000
  0
SPLINE
  5
D17
330
A02
100
AcDbEntity
  8
y_lower_sheets
100
AcDbSpline
210
0
220
0
230
1
 70
8
 71
2
 72
6
 73
3
 74
0
 40
-1.767019462
 40
-1.767019462
 40
-1.767019462
 40
-1.644279561
 40
-1.644279561
 40
-1.644279561
 10
140.902008819
 20
182.100000000
 30
0.000000000
 10
139.725163619
 20
183.263182703
 30
0.000000000
 10
138.693104612
 20
184.300000000
 30
0.000000000
  0
SPLINE
  5
D18
330
A02
100
AcDbEntity
  8
y_lower_sheets
100
AcDbSpline
210
0
220
0
230
1
 70
8
 71
1
 72
4
 73
2
 74
0
 40
9.097991181
 40
9.097991181
 40
24.000000000
 40
24.000000000
 10
140.902008819
 20
182.100000000
 30
0.000000000
 10
126.000000000
 20
182.100000000
 30
0.000000000
  0
SPLINE
  5
D19
330
A02
100
AcDbEntity
  8
y_lower_sheets
100
AcDbSpline
210
0
220
0
230
1
 70
8
 71
1
 72
4
 73
2
 74
0
 40
-9.450000000
 40
-9.450000000
 40
-8.450000000
 40
-8.450000000
 10
126.000000000
 20
181.100000000
 30
0.000000000
 10
126.000000000
 20
182.100000000
 30
0.000000000
  0
SPLINE
  5
D1A
330
A02
100
AcDbEntity
  8
y_lower_sheets
100
AcDbSpline
210
0
220
0
230
1
 70
8
 71
1
 72
4
 73
2
 74
0
 40
9.450000000
 40
9.450000000
 40
10.450000000
 40
10.450000000
 10
126.000000000
 20
181.100000000
 30
0.000000000
 10
126.000000000
 20
180.100000000
 30
0.000000000
  0
SPLINE
  5
D1B
330
A02
100
AcDbEntity
  8
y_lower_sheets
100
AcDbSpline
210
0
220
0
230
1
 70
8
 71
1
 72
4
 73
2
 74
0
 40
8.000000000
 40
8.000000000
 40
24.000000000
 40
24.000000000
 10
142.000000000
 20
180.100000000
 30
0.000000000
 10
126.000000000
 20
180.100000000
 30
0.000000000
  0
SPLINE
  5
D1C
330
A02
100
AcDbEntity
  8
y_lower_sheets
100
AcDbSpline
210
0
220
0
230
1
 70
8
 71
1
 72
4
 73
2
 74
0
 40
-25.000000000
 40
-25.000000000
 40
-19.900000000
 40
-19.900000000
 10
142.000000000
 20
175.000000000
 30
0.000000000
 10
142.000000000
 20
180.100000000
 30
0.000000000
  0
SPLINE
  5
D1D
330
A02
100
AcDbEntity
  8
y_lower_sheets
100
AcDbSpline
210
0
220
0
230
1
 70
8
 71
1
 72
4
 73
2
 74
0
 40
-16.000000000
 40
-16.000000000
 40
16.000000000
 40
16.000000000
 10
110.000000000
 20
175.000000000
 30
-0.000000000
 10
142.000000000
 20
175.000000000
 30
0.000000000
  0
SPLINE
  5
D1E
330
A02
100
AcDbEntity
  8
y_lower_sheets
100
AcDbSpline
210
0
220
0
230
1
 70
8
 71
1
 72
4
 73
2
 74
0
 40
-37.500000000
 40
-37.500000000
 40
12.500000000
 40
12.500000000
 10
110.000000000
 20
225.000000000
 30
-0.000000000
 10
110.000000000
 20
175.000000000
 30
-0.000000000
  0
SPLINE
  5
D1F
330
A02
100
AcDbEntity
  8
y_lower_sheets
100
AcDbSpline
210
0
220
0
230
1
 70
8
 71
1
 72
4
 73
2
 74
0
 40
-16.000000000
 40
-16.000000000
 40
16.000000000
 40
16.000000000
 10
152.000000000
 20
225.000000000
 30
-0.000000000
 10
184.000000000
 20
225.000000000
 30
0.000000000
  0
SPLINE
  5
D20
330
A02
100
AcDbEntity
  8
y_lower_sheets
100
AcDbSpline
210
0
220
0
230
1
 70
8
 71
1
 72
4
 73
2
 74
0
 40
19.900000000
 40
19.900000000
 40
25.000000000
 40
25.000000000
 10
184.000000000
 20
219.900000000
 30
0.000000000
 10
184.000000000
 20
225.000000000
 30
0.000000000
  0
SPLINE
  5
D21
330
A02
100
AcDbEntity
  8
y_lower_sheets
100
AcDbSpline
210
0
220
0
230
1
 70
8
 71
1
 72
4
 73
2
 74
0
 40
8.000000000
 40
8.000000000
 40
24.000000000
 40
24.000000000
 10
184.000000000
 20
219.900000000
 30
0.000000000
 10
168.000000000
 20
219.900000000
 30
0.000000000
  0
SPLINE
  5
D22
330
A02
100
AcDbEntity
  8
y_lower_sheets
100
AcDbSpline
210
0
220
0
230
1
 70
8
 71
1
 72
4
 73
2
 74
0
 40
9.450000000
 40
9.450000000
 40
10.450000000
 40
10.450000000
 10
168.000000000
 20
218.900000000
 30
0.000000000
 10
168.000000000
 20
219.900000000
 30
0.000000000
  0
SPLINE
  5
D23
330
A02
100
AcDbEntity
  8
y_lower_sheets
100
AcDbSpline
210
0
220
0
230
1
 70
8
 71
1
 72
4
 73
2
 74
0
 40
-9.450000000
 40
-9.450000000
 40
-8.450000000
 40
-8.450000000
 10
168.000000000
 20
218.900000000
 30
0.000000000
 10
168.000000000
 20
217.900000000
 30
0.000000000
  0
SPLINE
  5
D24
330
A02
100
AcDbEntity
  8
y_lower_sheets
100
AcDbSpline
210
0
220
0
230
1
 70
8
 71
1
 72
4
 73
2
 74
0
 40
8.000000000
 40
8.000000000
 40
24.000000000
 40
24.000000000
 10
184.000000000
 20
217.900000000
 30
0.000000000
 10
168.000000000
 20
217.900000000
 30
0.000000000
  0
SPLINE
  5
D25
330
A02
100
AcDbEntity
  8
y_lower_sheets
100
AcDbSpline
210
0
220
0
230
1
 70
8
 71
1
 72
4
 73
2
 74
0
 40
17.022044531
 40
17.022044531
 40
17.900000000
 40
17.900000000
 10
184.000000000
 20
217.022044531
 30
0.000000000
 10
184.000000000
 20
217.900000000
 30
0.000000000
  0
SPLINE
  5
D26
330
A02
100
AcDbEntity
  8
y_lower_sheets
100
AcDbSpline
210
0
220
0
230
1
 70
8
 71
2
 72
6
 73
3
 74
0
 40
1.192118882
 40
1.192118882
 40
1.192118882
 40
1.260138276
 40
1.260138276
 40
1.260138276
 10
182.806829864
 20
215.700000000
 30
0.000000000
 10
183.379303583
 20
216.342106468
 30
0.000000000
 10
184.000000000
 20
217.022044531
 30
0.000000000
  0
SPLINE
  5
D27
330
A02
100
AcDbEntity
  8
y_lower_sheets
100
AcDbSpline
210
0
220
0
230
1
 70
8
 71
1
 72
4
 73
2
 74
0
 40
9.193170136
 40
9.193170136
 40
24.000000000
 40
24.000000000
 10
182.806829864
 20
215.700000000
 30
0.000000000
 10
168.000000000
 20
215.700000000
 30
0.000000000
  0
SPLINE
  5
D28
330
A02
100
AcDbEntity
  8
y_lower_sheets
100
AcDbSpline
210
0
220
0
230
1
 70
8
 71
1
 72
4
 73
2
 74
0
 40
7.350000000
 40
7.350000000
 40
8.350000000
 40
8.350000000
 10
168.000000000
 20
214.700000000
 30
0.000000000
 10
168.000000000
 20
215.700000000
 30
0.000000000
  0
SPLINE
  5
D29
330
A02
100
AcDbEntity
  8
y_lower_sheets
100
AcDbSpline
210
0
220
0
230
1
 70
8
 71
1
 72
4
 73
2
 74
0
 40
-7.350000000
 40
-7.350000000
 40
-6.350000000
 40
-6.350000000
 10
168.000000000
 20
214.700000000
 30
0.000000000
 10
168.000000000
 20
213.700000000
 30
0.000000000
  0
SPLINE
  5
D2A
330
A02
100
AcDbEntity
  8
y_lower_sheets
100
AcDbSpline
210
0
220
0
230
1
 70
8
 71
1
 72
4
 73
2
 74
0
 40
10.937841428
 40
10.937841428
 40
24.000000000
 40
24.000000000
 10
181.062158572
 20
213.700000000
 30
0.000000000
 10
168.000000000
 20
213.700000000
 30
0.000000000
  0
SPLINE
  5
D2B
330
A02
100
AcDbEntity
  8
y_lower_sheets
100
AcDbSpline
210
0
220
0
230
1
 70
8
 71
2
 72
6
 73
3
 74
0
 40
0.947139926
 40
0.947139926
 40
0.947139926
 40
1.081351106
 40
1.081351106
 40
1.081351106
 10
179.251091222
 20
211.500000000
 30
0.000000000
 10
180.077468714
 20
212.543357344
 30
0.000000000
 10
181.062158572
 20
213.700000000
 30
0.000000000
  0
SPLINE
  5
D2C
330
A02
100
AcDbEntity
  8
y_lower_sheets
100
AcDbSpline
210
0
220
0
230
1
 70
8
 71
1
 72
4
 73
2
 74
0
 40
12.748908778
 40
12.748908778
 40
24.000000000
 40
24.000000000
 10
179.251091222
 20
211.500000000
 30
0.000000000
 10
168.000000000
 20
211.500000000
 30
0.000000000
  0
SPLINE
  5
D2D
330
A02
100
AcDbEntity
  8
y_lower_sheets
100
AcDbSpline
210
0
220
0
230
1
 70
8
 71
1
 72
4
 73
2
 74
0
 40
5.250000000
 40
5.250000000
 40
6.250000000
 40
6.250000000
 10
168.000000000
 20
210.500000000
 30
0.000000000
 10
168.000000000
 20
211.500000000
 30
0.000000000
  0
SPLINE
  5
D2E
330
A02
100
AcDbEntity
  8
y_lower_sheets
100
AcDbSpline
210
0
220
0
230
1
 70
8
 71
1
 72
4
 73
2
 74
0
 40
-5.250000000
 40
-5.250000000
 40
-4.250000000
 40
-4.250000000
 10
168.000000000
 20
210.500000000
 30
0.000000000
 10
168.000000000
 20
209.500000000
 30
0.000000000
  0
SPLINE
  5
D2F
330
A02
100
AcDbEntity
  8
y_lower_sheets
100
AcDbSpline
210
0
220
0
230
1
 70
8
 71
1
 72
4
 73
2
 74
0
 40
14.264034324
 40
14.264034324
 40
24.000000000
 40
24.000000000
 10
177.735965676
 20
209.500000000
 30
0.000000000
 10
168.000000000
 20
209.500000000
 30
0.000000000
  0
SPLINE
  5
D30
330
A02
100
AcDbEntity
  8
y_lower_sheets
100
AcDbSpline
210
0
220
0
230
1
 70
8
 71
2
 72
6
 73
3
 74
0
 40
0.648761098
 40
0.648761098
 40
0.648761098
 40
0.812402244
 40
0.812402244
 40
0.812402244
 10
176.264904474
 20
207.300000000
 30
0.000000000
 10
176.903931511
 20
208.343908344
 30
0.000000000
 10
177.735965676
 20
209.500000000
 30
0.000000000
  0
SPLINE
  5
D31
330
A02
100
AcDbEntity
  8
y_lower_sheets
100
AcDbSpline
210
0
220
0
230
1
 70
8
 71
1
 72
4
 73
2
 74
0
 40
15.735095526
 40
15.735095526
 40
24.000000000
 40
24.000000000
 10
176.264904474
 20
207.300000000
 30
0.000000000
 10
168.000000000
 20
207.300000000
 30
0.000000000
  0
SPLINE
  5
D32
330
A02
100
AcDbEntity
  8
y_lower_sheets
100
AcDbSpline
210
0
220
0
230
1
 70
8
 71
1
 72
4
 73
2
 74
0
 40
3.150000000
 40
3.150000000
 40
4.150000000
 40
4.150000000
 10
168.000000000
 20
206.300000000
 30
0.000000000
 10
168.000000000
 20
207.300000000
 30
0.000000000
  0
SPLINE
  5
D33
330
A02
100
AcDbEntity
  8
y_lower_sheets
100
AcDbSpline
210
0
220
0
230
1
 70
8
 71
1
 72
4
 73
2
 74
0
 40
-3.150000000
 40
-3.150000000
 40
-2.150000000
 40
-2.150000000
 10
168.000000000
 20
206.300000000
 30
0.000000000
 10
168.000000000
 20
205.300000000
 30
0.000000000
  0
SPLINE
  5
D34
330
A02
100
AcDbEntity
  8
y_lower_sheets
100
AcDbSpline
210
0
220
0
230
1
 70
8
 71
1
 72
4
 73
2
 74
0
 40
16.836062351
 40
16.836062351
 40
24.000000000
 40
24.000000000
 10
175.163937649
 20
205.300000000
 30
0.000000000
 10
168.000000000
 20
205.300000000
 30
0.000000000
  0
SPLINE
  5
D35
330
A02
100
AcDbEntity
  8
y_lower_sheets
100
AcDbSpline
210
0
220
0
230
1
 70
8
 71
3
 72
8
 73
4
 74
0
 40
0.291108993
 40
0.291108993
 40
0.291108993
 40
0.291108993
 40
0.485466941
 40
0.485466941
 40
0.485466941
 40
0.485466941
 10
174.291139025
 20
203.100000000
 30
0.000000000
 10
174.507042510
 20
203.810445585
 30
0.000000000
 10
174.795230047
 20
204.536858946
 30
0.000000000
 10
175.163937649
 20
205.300000000
 30
0.000000000
  0
SPLINE
  5
D36
330
A02
100
AcDbEntity
  8
y_lower_sheets
100
AcDbSpline
210
0
220
0
230
1
 70
8
 71
1
 72
4
 73
2
 74
0
 40
17.708860975
 40
17.708860975
 40
24.000000000
 40
24.000000000
 10
174.291139025
 20
203.100000000
 30
0.000000000
 10
168.000000000
 20
203.100000000
 30
0.000000000
  0
SPLINE
  5
D37
330
A02
100
AcDbEntity
  8
y_lower_sheets
100
AcDbSpline
210
0
220
0
230
1
 70
8
 71
1
 72
4
 73
2
 74
0
 40
1.050000000
 40
1.050000000
 40
2.050000000
 40
2.050000000
 10
168.000000000
 20
202.100000000
 30
0.000000000
 10
168.000000000
 20
203.100000000
 30
0.000000000
  0
SPLINE
  5
D38
330
A02
100
AcDbEntity
  8
y_lower_sheets
100
AcDbSpline
210
0
220
0
230
1
 70
8
 71
1
 72
4
 73
2
 74
0
 40
-1.050000000
 40
-1.050000000
 40
-0.050000000
 40
-0.050000000
 10
168.000000000
 20
202.100000000
 30
0.000000000
 10
168.000000000
 20
201.100000000
 30
0.000000000
  0
SPLINE
  5
D39
330
A02
100
AcDbEntity
  8
y_lower_sheets
100
AcDbSpline
210
0
220
0
230
1
 70
8
 71
1
 72
4
 73
2
 74
0
 40
18.127804898
 40
18.127804898
 40
24.000000000
 40
24.000000000
 10
173.872195102
 20
201.100000000
 30
0.000000000
 10
168.000000000
 20
201.100000000
 30
0.000000000
  0
SPLINE
  5
D3A
330
A02
100
AcDbEntity
  8
y_lower_sheets
100
AcDbSpline
210
0
220
0
230
1
 70
8
 71
3
 72
8
 73
4
 74
0
 40
-0.104571217
 40
-0.104571217
 40
-0.104571217
 40
-0.104571217
 40
0.104571217
 40
0.104571217
 40
0.104571217
 40
0.104571217
 10
173.872195102
 20
198.900000000
 30
0.000000000
 10
173.789987102
 20
199.637339233
 30
0.000000000
 10
173.789987102
 20
200.362660767
 30
0.000000000
 10
173.872195102
 20
201.100000000
 30
0.000000000
  0
SPLINE
  5
D3B
330
A02
100
AcDbEntity
  8
y_lower_sheets
100
AcDbSpline
210
0
220
0
230
1
 70
8
 71
1
 72
4
 73
2
 74
0
 40
18.127804898
 40
18.127804898
 40
24.000000000
 40
24.000000000
 10
173.872195102
 20
198.900000000
 30
0.000000000
 10
168.000000000
 20
198.900000000
 30
0.000000000
  0
SPLINE
  5
D3C
330
A02
100
AcDbEntity
  8
y_lower_sheets
100
AcDbSpline
210
0
220
0
230
1
 70
8
 71
1
 72
4
 73
2
 74
0
 40
-1.050000000
 40
-1.050000000
 40
-0.050000000
 40
-0.050000000
 10
168.000000000
 20
197.900000000
 30
0.000000000
 10
168.000000000
 20
198.900000000
 30
0.000000000
  0
SPLINE
  5
D3D
330
A02
100
AcDbEntity
  8
y_lower_sheets
100
AcDbSpline
210
0
220
0
230
1
 70
8
 71
1
 72
4
 73
2
 74
0
 40
1.050000000
 40
1.050000000
 40
2.050000000
 40
2.050000000
 10
168.000000000
 20
197.900000000
 30
0.000000000
 10
168.000000000
 20
196.900000000
 30
0.000000000
  0
SPLINE
  5
D3E
330
A02
100
AcDbEntity
  8
y_lower_sheets
100
AcDbSpline
210
0
220
0
230
1
 70
8
 71
1
 72
4
 73
2
 74
0
 40
17.708860975
 40
17.708860975
 40
24.000000000
 40
24.000000000
 10
174.291139025
 20
196.900000000
 30
0.000000000
 10
168.000000000
 20
196.900000000
 30
0.000000000
  0
SPLINE
  5
D3F
330
A02
100
AcDbEntity
  8
y_lower_sheets
100
AcDbSpline
210
0
220
0
230
1
 70
8
 71
3
 72
8
 73
4
 74
0
 40
-0.485466941
 40
-0.485466941
 40
-0.485466941
 40
-0.485466941
 40
-0.291108993
 40
-0.291108993
 40
-0.291108993
 40
-0.291108993
 10
175.163937649
 20
194.700000000
 30
0.000000000
 10
174.795230047
 20
195.463141054
 30
0.000000000
 10
174.507042510
 20
196.189554415
 30
0.000000000
 10
174.291139025
 20
196.900000000
 30
0.000000000
  0
SPLINE
  5
D40
330
A02
100
AcDbEntity
  8
y_lower_sheets
100
AcDbSpline
210
0
220
0
230
1
 70
8
 71
1
 72
4
 73
2
 74
0
 40
16.836062351
 40
16.836062351
 40
24.000000000
 40
24.000000000
 10
175.163937649
 20
194.700000000
 30
0.000000000
 10
168.000000000
 20
194.700000000
 30
0.000000000
  0
SPLINE
  5
D41
330
A02
100
AcDbEntity
  8
y_lower_sheets
100
AcDbSpline
210
0
220
0
230
1
 70
8
 71
1
 72
4
 73
2
 74
0
 40
-3.150000000
 40
-3.150000000
 40
-2.150000000
 40
-2.150000000
 10
168.000000000
 20
193.700000000
 30
0.000000000
 10
168.000000000
 20
194.700000000
 30
0.000000000
  0
SPLINE
  5
D42
330
A02
100
AcDbEntity
  8
y_lower_sheets
100
AcDbSpline
210
0
220
0
230
1
 70
8
 71
1
 72
4
 73
2
 74
0
 40
3.150000000
 40
3.150000000
 40
4.150000000
 40
4.150000000
 10
168.000000000
 20
193.700000000
 30
0.000000000
 10
168.000000000
 20
192.700000000
 30
0.000000000
  0
SPLINE
  5
D43
330
A02
100
AcDbEntity
  8
y_lower_sheets
100
AcDbSpline
210
0
220
0
230
1
 70
8
 71
1
 72
4
 73
2
 74
0
 40
15.735095526
 40
15.735095526
 40
24.000000000
 40
24.000000000
 10
176.264904474
 20
192.700000000
 30
0.000000000
 10
168.000000000
 20
192.700000000
 30
0.000000000
  0
SPLINE
  5
D44
330
A02
100
AcDbEntity
  8
y_lower_sheets
100
AcDbSpline
210
0
220
0
230
1
 70
8
 71
2
 72
6
 73
3
 74
0
 40
-0.812402244
 40
-0.812402244
 40
-0.812402244
 40
-0.648761098
 40
-0.648761098
 40
-0.648761098
 10
177.735965676
 20
190.500000000
 30
0.000000000
 10
176.903931511
 20
191.656091656
 30
0.000000000
 10
176.264904474
 20
192.700000000
 30
0.000000000
  0
SPLINE
  5
D45
330
A02
100
AcDbEntity
  8
y_lower_sheets
100
AcDbSpline
210
0
220
0
230
1
 70
8
 71
1
 72
4
 73
2
 74
0
 40
14.264034324
 40
14.264034324
 40
24.000000000
 40
24.000000000
 10
177.735965676
 20
190.500000000
 30
0.000000000
 10
168.000000000
 20
190.500000000
 30
0.000000000
  0
SPLINE
  5
D46
330
A02
100
AcDbEntity
  8
y_lower_sheets
100
AcDbSpline
210
0
220
0
230
1
 70
8
 71
1
 72
4
 73
2
 74
0
 40
-5.250000000
 40
-5.250000000
 40
-4.250000000
 40
-4.250000000
 10
168.000000000
 20
189.500000000
 30
0.000000000
 10
168.000000000
 20
190.500000000
 30
0.000000000
  0
SPLINE
  5
D47
330
A02
100
AcDbEntity
  8
y_lower_sheets
100
AcDbSpline
210
0
220
0
230
1
 70
8
 71
1
 72
4
 73
2
 74
0
 40
5.250000000
 40
5.250000000
 40
6.250000000
 40
6.250000000
 10
168.000000000
 20
189.500000000
 30
0.000000000
 10
168.000000000
 20
188.500000000
 30
0.000000000
  0
SPLINE
  5
D48
330
A02
100
AcDbEntity
  8
y_lower_sheets
100
AcDbSpline
210
0
220
0
230
1
 70
8
 71
1
 72
4
 73
2
 74
0
 40
12.748908778
 40
12.748908778
 40
24.000000000
 40
24.000000000
 10
179.251091222
 20
188.500000000
 30
0.000000000
 10
168.000000000
 20
188.500000000
 30
0.000000000
  0
SPLINE
  5
D49
330
A02
100
AcDbEntity
  8
y_lower_sheets
100
AcDbSpline
210
0
220
0
230
1
 70
8
 71
2
 72
6
 73
3
 74
0
 40
-1.081351106
 40
-1.081351106
 40
-1.081351106
 40
-0.947139926
 40
-0.947139926
 40
-0.947139926
 10
181.062158572
 20
186.300000000
 30
0.000000000
 10
180.077468714
 20
187.456642656
 30
0.000000000
 10
179.251091222
 20
188.500000000
 30
0.000000000
  0
SPLINE
  5
D4A
330
A02
100
AcDbEntity
  8
y_lower_sheets
100
AcDbSpline
210
0
220
0
230
1
 70
8
 71
1
 72
4
 73
2
 74
0
 40
10.937841428
 40
10.937841428
 40
24.000000000
 40
24.000000000
 10
181.062158572
 20
186.300000000
 30
0.000000000
 10
168.000000000
 20
186.300000000
 30
0.000000000
  0
SPLINE
  5
D4B
330
A02
100
AcDbEntity
  8
y_lower_sheets
100
AcDbSpline
210
0
220
0
230
1
 70
8
 71
1
 72
4
 73
2
 74
0
 40
-7.350000000
 40
-7.350000000
 40
-6.350000000
 40
-6.350000000
 10
168.000000000
 20
185.300000000
 30
0.000000000
 10
168.000000000
 20
186.300000000
 30
0.000000000
  0
SPLINE
  5
D4C
330
A02
100
AcDbEntity
  8
y_lower_sheets
100
AcDbSpline
210
0
220
0
230
1
 70
8
 71
1
 72
4
 73
2
 74
0
 40
7.350000000
 40
7.350000000
 40
8.350000000
 40
8.350000000
 10
168.000000000
 20
185.300000000
 30
0.000000000
 10
168.000000000
 20
184.300000000
 30
0.000000000
  0
SPLINE
  5
D4D
330
A02
100
AcDbEntity
  8
y_lower_sheets
100
AcDbSpline
210
0
220
0
230
1
 70
8
 71
1
 72
4
 73
2
 74
0
 40
9.193170136
 40
9.193170136
 40
24.000000000
 40
24.000000000
 10
182.806829864
 20
184.300000000
 30
0.000000000
 10
168.000000000
 20
184.300000000
 30
0.000000000
  0
SPLINE
  5
D4E
330
A02
100
AcDbEntity
  8
y_lower_sheets
100
AcDbSpline
210
0
220
0
230
1
 70
8
 71
2
 72
6
 73
3
 74
0
 40
-1.260138276
 40
-1.260138276
 40
-1.260138276
 40
-1.192118882
 40
-1.192118882
 40
-1.192118882
 10
184.000000000
 20
182.977955469
 30
0.000000000
 10
183.379303583
 20
183.657893532
 30
0.000000000
 10
182.806829864
 20
184.300000000
 30
0.000000000
  0
SPLINE
  5
D4F
330
A02
100
AcDbEntity
  8
y_lower_sheets
100
AcDbSpline
210
0
220
0
230
1
 70
8
 71
1
 72
4
 73
2
 74
0
 40
-17.900000000
 40
-17.900000000
 40
-17.022044531
 40
-17.022044531
 10
184.000000000
 20
182.100000000
 30
0.000000000
 10
184.000000000
 20
182.977955469
 30
0.000000000
  0
SPLINE
  5
D50
330
A02
100
AcDbEntity
  8
y_lower_sheets
100
AcDbSpline
210
0
220
0
230
1
 70
8
 71
1
 72
4
 73
2
 74
0
 40
8.000000000
 40
8.000000000
 40
24.000000000
 40
24.000000000
 10
184.000000000
 20
182.100000000
 30
0.000000000
 10
168.000000000
 20
182.100000000
 30
0.000000000
  0
SPLINE
  5
D51
330
A02
100
AcDbEntity
  8
y_lower_sheets
100
AcDbSpline
210
0
220
0
230
1
 70
8
 71
1
 72
4
 73
2
 74
0
 40
-9.450000000
 40
-9.450000000
 40
-8.450000000
 40
-8.450000000
 10
168.000000000
 20
181.100000000
 30
0.000000000
 10
168.000000000
 20
182.100000000
 30
0.000000000
  0
SPLINE
  5
D52
330
A02
100
AcDbEntity
  8
y_lower_sheets
100
AcDbSpline
210
0
220
0
230
1
 70
8
 71
1
 72
4
 73
2
 74
0
 40
9.450000000
 40
9.450000000
 40
10.450000000
 40
10.450000000
 10
168.000000000
 20
181.100000000
 30
0.000000000
 10
168.000000000
 20
180.100000000
 30
0.000000000
  0
SPLINE
  5
D53
330
A02
100
AcDbEntity
  8
y_lower_sheets
100
AcDbSpline
210
0
220
0
230
1
 70
8
 71
1
 72
4
 73
2
 74
0
 40
8.000000000
 40
8.000000000
 40
24.000000000
 40
24.000000000
 10
184.000000000
 20
180.100000000
 30
0.000000000
 10
168.000000000
 20
180.100000000
 30
0.000000000
  0
SPLINE
  5
D54
330
A02
100
AcDbEntity
  8
y_lower_sheets
100
AcDbSpline
210
0
220
0
230
1
 70
8
 71
1
 72
4
 73
2
 74
0
 40
-25.000000000
 40
-25.000000000
 40
-19.900000000
 40
-19.900000000
 10
184.000000000
 20
175.000000000
 30
0.000000000
 10
184.000000000
 20
180.100000000
 30
0.000000000
  0
SPLINE
  5
D55
330
A02
100
AcDbEntity
  8
y_lower_sheets
100
AcDbSpline
210
0
220
0
230
1
 70
8
 71
1
 72
4
 73
2
 74
0
 40
-16.000000000
 40
-16.000000000
 40
16.000000000
 40
16.000000000
 10
152.000000000
 20
175.000000000
 30
-0.000000000
 10
184.000000000
 20
175.000000000
 30
0.000000000
  0
SPLINE
  5
D56
330
A02
100
AcDbEntity
  8
y_lower_sheets
100
AcDbSpline
210
0
220
0
230
1
 70
8
 71
1
 72
4
 73
2
 74
0
 40
-37.500000000
 40
-37.500000000
 40
12.500000000
 40
12.500000000
 10
152.000000000
 20
225.000000000
 30
-0.000000000
 10
152.000000000
 20
175.000000000
 30
-0.000000000
  0
SPLINE
  5
D57
330
A02
100
AcDbEntity
  8
y_lower_sheets
100
AcDbSpline
210
0
220
0
230
1
 70
8
 71
1
 72
4
 73
2
 74
0
 40
-16.000000000
 40
-16.000000000
 40
16.000000000
 40
16.000000000
 10
194.000000000
 20
225.000000000
 30
-0.000000000
 10
226.000000000
 20
225.000000000
 30
0.000000000
  0
SPLINE
  5
D58
330
A02
100
AcDbEntity
  8
y_lower_sheets
100
AcDbSpline
210
0
220
0
230
1
 70
8
 71
1
 72
4
 73
2
 74
0
 40
19.900000000
 40
19.900000000
 40
25.000000000
 40
25.000000000
 10
226.000000000
 20
219.900000000
 30
0.000000000
 10
226.000000000
 20
225.000000000
 30
0.000000000
  0
SPLINE
  5
D59
330
A02
100
AcDbEntity
  8
y_lower_sheets
100
AcDbSpline
210
0
220
0
230
1
 70
8
 71
1
 72
4
 73
2
 74
0
 40
8.000000000
 40
8.000000000
 40
24.000000000
 40
24.000000000
 10
226.000000000
 20
219.900000000
 30
0.000000000
 10
210.000000000
 20
219.900000000
 30
0.000000000
  0
SPLINE
  5
D5A
330
A02
100
AcDbEntity
  8
y_lower_sheets
100
AcDbSpline
210
0
220
0
230
1
 70
8
 71
1
 72
4
 73
2
 74
0
 40
9.450000000
 40
9.450000000
 40
10.450000000
 40
10.450000000
 10
210.000000000
 20
218.900000000
 30
0.000000000
 10
210.000000000
 20
219.900000000
 30
0.000000000
  0
SPLINE
  5
D5B
330
A02
100
AcDbEntity
  8
y_lower_sheets
100
AcDbSpline
210
0
220
0
230
1
 70
8
 71
1
 72
4
 73
2
 74
0
 40
-9.450000000
 40
-9.450000000
 40
-8.450000000
 40
-8.450000000
 10
210.000000000
 20
218.900000000
 30
0.000000000
 10
210.000000000
 20
217.900000000
 30
0.000000000
  0
SPLINE
  5
D5C
330
A02
100
AcDbEntity
  8
y_lower_sheets
100
AcDbSpline
210
0
220
0
230
1
 70
8
 71
1
 72
4
 73
2
 74
0
 40
8.000000000
 40
8.000000000
 40
24.000000000
 40
24.000000000
 10
226.000000000
 20
217.900000000
 30
0.000000000
 10
210.000000000
 20
217.900000000
 30
0.000000000
  0
SPLINE
  5
D5D
330
A02
100
AcDbEntity
  8
y_lower_sheets
100
AcDbSpline
210
0
220
0
230
1
 70
8
 71
1
 72
4
 73
2
 74
0
 40
17.022044531
 40
17.022044531
 40
17.900000000
 40
17.900000000
 10
226.000000000
 20
217.022044531
 30
0.000000000
 10
226.000000000
 20
217.900000000
 30
0.000000000
  0
SPLINE
  5
D5E
330
A02
100
AcDbEntity
  8
y_lower_sheets
100
AcDbSpline
210
0
220
0
230
1
 70
8
 71
2
 72
6
 73
3
 74
0
 40
1.192118882
 40
1.192118882
 40
1.192118882
 40
1.260138276
 40
1.260138276
 40
1.260138276
 10
224.806829864
 20
215.700000000
 30
0.000000000
 10
225.379303583
 20
216.342106468
 30
0.000000000
 10
226.000000000
 20
217.022044531
 30
0.000000000
  0
SPLINE
  5
D5F
330
A02
100
AcDbEntity
  8
y_lower_sheets
100
AcDbSpline
210
0
220
0
230
1
 70
8
 71
1
 72
4
 73
2
 74
0
 40
9.193170136
 40
9.193170136
 40
24.000000000
 40
24.000000000
 10
224.806829864
 20
215.700000000
 30
0.000000000
 10
210.000000000
 20
215.700000000
 30
0.000000000
  0
SPLINE
  5
D60
330
A02
100
AcDbEntity
  8
y_lower_sheets
100
AcDbSpline
210
0
220
0
230
1
 70
8
 71
1
 72
4
 73
2
 74
0
 40
7.350000000
 40
7.350000000
 40
8.350000000
 40
8.350000000
 10
210.000000000
 20
214.700000000
 30
0.000000000
 10
210.000000000
 20
215.700000000
 30
0.000000000
  0
SPLINE
  5
D61
330
A02
100
AcDbEntity
  8
y_lower_sheets
100
AcDbSpline
210
0
220
0
230
1
 70
8
 71
1
 72
4
 73
2
 74
0
 40
-7.350000000
 40
-7.350000000
 40
-6.350000000
 40
-6.350000000
 10
210.000000000
 20
214.700000000
 30
0.000000000
 10
210.000000000
 20
213.700000000
 30
0.000000000
  0
SPLINE
  5
D62
330
A02
100
AcDbEntity
  8
y_lower_sheets
100
AcDbSpline
210
0
220
0
230
1
 70
8
 71
1
 72
4
 73
2
 74
0
 40
10.937841428
 40
10.937841428
 40
24.000000000
 40
24.000000000
 10
223.062158572
 20
213.700000000
 30
0.000000000
 10
210.000000000
 20
213.700000000
 30
0.000000000
  0
SPLINE
  5
D63
330
A02
100
AcDbEntity
  8
y_lower_sheets
100
AcDbSpline
210
0
220
0
230
1
 70
8
 71
2
 72
6
 73
3
 74
0
 40
0.947139926
 40
0.947139926
 40
0.947139926
 40
1.081351106
 40
1.081351106
 40
1.081351106
 10
221.251091222
 20
211.500000000
 30
0.000000000
 10
222.077468714
 20
212.543357344
 30
0.000000000
 10
223.062158572
 20
213.700000000
 30
0.000000000
  0
SPLINE
  5
D64
330
A02
100
AcDbEntity
  8
y_lower_sheets
100
AcDbSpline
210
0
220
0
230
1
 70
8
 71
1
 72
4
 73
2
 74
0
 40
12.748908778
 40
12.748908778
 40
24.000000000
 40
24.000000000
 10
221.251091222
 20
211.500000000
 30
0.000000000
 10
210.000000000
 20
211.500000000
 30
0.000000000
  0
SPLINE
  5
D65
330
A02
100
AcDbEntity
  8
y_lower_sheets
100
AcDbSpline
210
0
220
0
230
1
 70
8
 71
1
 72
4
 73
2
 74
0
 40
5.250000000
 40
5.250000000
 40
6.250000000
 40
6.250000000
 10
210.000000000
 20
210.500000000
 30
0.000000000
 10
210.000000000
 20
211.500000000
 30
0.000000000
  0
SPLINE
  5
D66
330
A02
100
AcDbEntity
  8
y_lower_sheets
100
AcDbSpline
210
0
220
0
230
1
 70
8
 71
1
 72
4
 73
2
 74
0
 40
-5.250000000
 40
-5.250000000
 40
-4.250000000
 40
-4.250000000
 10
210.000000000
 20
210.500000000
 30
0.000000000
 10
210.000000000
 20
209.500000000
 30
0.000000000
  0
SPLINE
  5
D67
330
A02
100
AcDbEntity
  8
y_lower_sheets
100
AcDbSpline
210
0
220
0
230
1
 70
8
 71
1
 72
4
 73
2
 74
0
 40
14.264034324
 40
14.264034324
 40
24.000000000
 40
24.000000000
 10
219.735965676
 20
209.500000000
 30
0.000000000
 10
210.000000000
 20
209.500000000
 30
0.000000000
  0
SPLINE
  5
D68
330
A02
100
AcDbEntity
  8
y_lower_sheets
100
AcDbSpline
210
0
220
0
230
1
 70
8
 71
2
 72
6
 73
3
 74
0
 40
0.648761098
 40
0.648761098
 40
0.648761098
 40
0.812402244
 40
0.812402244
 40
0.812402244
 10
218.264904474
 20
207.300000000
 30
0.000000000
 10
218.903931511
 20
208.343908344
 30
0.000000000
 10
219.735965676
 20
209.500000000
 30
0.000000000
  0
SPLINE
  5
D69
330
A02
100
AcDbEntity
  8
y_lower_sheets
100
AcDbSpline
210
0
220
0
230
1
 70
8
 71
1
 72
4
 73
2
 74
0
 40
15.735095526
 40
15.735095526
 40
24.000000000
 40
24.000000000
 10
218.264904474
 20
207.300000000
 30
0.000000000
 10
210.000000000
 20
207.300000000
 30
0.000000000
  0
SPLINE
  5
D6A
330
A02
100
AcDbEntity
  8
y_lower_sheets
100
AcDbSpline
210
0
220
0
230
1
 70
8
 71
1
 72
4
 73
2
 74
0
 40
3.150000000
 40
3.150000000
 40
4.150000000
 40
4.150000000
 10
210.000000000
 20
206.300000000
 30
0.000000000
 10
210.000000000
 20
207.300000000
 30
0.000000000
  0
SPLINE
  5
D6B
330
A02
100
AcDbEntity
  8
y_lower_sheets
100
AcDbSpline
210
0
220
0
230
1
 70
8
 71
1
 72
4
 73
2
 74
0
 40
-3.150000000
 40
-3.150000000
 40
-2.150000000
 40
-2.150000000
 10
210.000000000
 20
206.300000000
 30
0.000000000
 10
210.000000000
 20
205.300000000
 30
0.000000000
  0
SPLINE
  5
D6C
330
A02
100
AcDbEntity
  8
y_lower_sheets
100
AcDbSpline
210
0
220
0
230
1
 70
8
 71
1
 72
4
 73
2
 74
0
 40
16.836062351
 40
16.836062351
 40
24.000000000
 40
24.000000000
 10
217.163937649
 20
205.300000000
 30
0.000000000
 10
210.000000000
 20
205.300000000
 30
0.000000000
  0
SPLINE
  5
D6D
330
A02
100
AcDbEntity
  8
y_lower_sheets
100
AcDbSpline
210
0
220
0
230
1
 70
8
 71
3
 72
8
 73
4
 74
0
 40
0.291108993
 40
0.291108993
 40
0.291108993
 40
0.291108993
 40
0.485466941
 40
0.485466941
 40
0.485466941
 40
0.485466941
 10
216.291139025
 20
203.100000000
 30
0.000000000
 10
216.507042510
 20
203.810445585
 30
0.000000000
 10
216.795230047
 20
204.536858946
 30
0.000000000
 10
217.163937649
 20
205.300000000
 30
0.000000000
  0
SPLINE
  5
D6E
330
A02
100
AcDbEntity
  8
y_lower_sheets
100
AcDbSpline
210
0
220
0
230
1
 70
8
 71
1
 72
4
 73
2
 74
0
 40
17.708860975
 40
17.708860975
 40
24.000000000
 40
24.000000000
 10
216.291139025
 20
203.100000000
 30
0.000000000
 10
210.000000000
 20
203.100000000
 30
0.000000000
  0
SPLINE
  5
D6F
330
A02
100
AcDbEntity
  8
y_lower_sheets
100
AcDbSpline
210
0
220
0
230
1
 70
8
 71
1
 72
4
 73
2
 74
0
 40
1.050000000
 40
1.050000000
 40
2.050000000
 40
2.050000000
 10
210.000000000
 20
202.100000000
 30
0.000000000
 10
210.000000000
 20
203.100000000
 30
0.000000000
  0
SPLINE
  5
D70
330
A02
100
AcDbEntity
  8
y_lower_sheets
100
AcDbSpline
210
0
220
0
230
1
 70
8
 71
1
 72
4
 73
2
 74
0
 40
-1.050000000
 40
-1.050000000
 40
-0.050000000
 40
-0.050000000
 10
210.000000000
 20
202.100000000
 30
0.000000000
 10
210.000000000
 20
201.100000000
 30
0.000000000
  0
SPLINE
  5
D71
330
A02
100
AcDbEntity
  8
y_lower_sheets
100
AcDbSpline
210
0
220
0
230
1
 70
8
 71
1
 72
4
 73
2
 74
0
 40
18.127804898
 40
18.127804898
 40
24.000000000
 40
24.000000000
 10
215.872195102
 20
201.100000000
 30
0.000000000
 10
210.000000000
 20
201.100000000
 30
0.000000000
  0
SPLINE
  5
D72
330
A02
100
AcDbEntity
  8
y_lower_sheets
100
AcDbSpline
210
0
220
0
230
1
 70
8
 71
3
 72
8
 73
4
 74
0
 40
-0.104571217
 40
-0.104571217
 40
-0.104571217
 40
-0.104571217
 40
0.104571217
 40
0.104571217
 40
0.104571217
 40
0.104571217
 10
215.872195102
 20
198.900000000
 30
0.000000000
 10
215.789987102
 20
199.637339233
 30
0.000000000
 10
215.789987102
 20
200.362660767
 30
0.000000000
 10
215.872195102
 20
201.100000000
 30
0.000000000
  0
SPLINE
  5
D73
330
A02
100
AcDbEntity
  8
y_lower_sheets
100
AcDbSpline
210
0
220
0
230
1
 70
8
 71
1
 72
4
 73
2
 74
0
 40
18.127804898
 40
18.127804898
 40
24.000000000
 40
24.000000000
 10
215.872195102
 20
198.900000000
 30
0.000000000
 10
210.000000000
 20
198.900000000
 30
0.000000000
  0
SPLINE
  5
D74
330
A02
100
AcDbEntity
  8
y_lower_sheets
100
AcDbSpline
210
0
220
0
230
1
 70
8
 71
1
 72
4
 73
2
 74
0
 40
-1.050000000
 40
-1.050000000
 40
-0.050000000
 40
-0.050000000
 10
210.000000000
 20
197.900000000
 30
0.000000000
 10
210.000000000
 20
198.900000000
 30
0.000000000
  0
SPLINE
  5
D75
330
A02
100
AcDbEntity
  8
y_lower_sheets
100
AcDbSpline
210
0
220
0
230
1
 70
8
 71
1
 72
4
 73
2
 74
0
 40
1.050000000
 40
1.050000000
 40
2.050000000
 40
2.050000000
 10
210.000000000
 20
197.900000000
 30
0.000000000
 10
210.000000000
 20
196.900000000
 30
0.000000000
  0
SPLINE
  5
D76
330
A02
100
AcDbEntity
  8
y_lower_sheets
100
AcDbSpline
210
0
220
0
230
1
 70
8
 71
1
 72
4
 73
2
 74
0
 40
17.708860975
 40
17.708860975
 40
24.000000000
 40
24.000000000
 10
216.291139025
 20
196.900000000
 30
0.000000000
 10
210.000000000
 20
196.900000000
 30
0.000000000
  0
SPLINE
  5
D77
330
A02
100
AcDbEntity
  8
y_lower_sheets
100
AcDbSpline
210
0
220
0
230
1
 70
8
 71
3
 72
8
 73
4
 74
0
 40
-0.485466941
 40
-0.485466941
 40
-0.485466941
 40
-0.485466941
 40
-0.291108993
 40
-0.291108993
 40
-0.291108993
 40
-0.291108993
 10
217.163937649
 20
194.700000000
 30
0.000000000
 10
216.795230047
 20
195.463141054
 30
0.000000000
 10
216.507042510
 20
196.189554415
 30
0.000000000
 10
216.291139025
 20
196.900000000
 30
0.000000000
  0
SPLINE
  5
D78
330
A02
100
AcDbEntity
  8
y_lower_sheets
100
AcDbSpline
210
0
220
0
230
1
 70
8
 71
1
 72
4
 73
2
 74
0
 40
16.836062351
 40
16.836062351
 40
24.000000000
 40
24.000000000
 10
217.163937649
 20
194.700000000
 30
0.000000000
 10
210.000000000
 20
194.700000000
 30
0.000000000
  0
SPLINE
  5
D79
330
A02
100
AcDbEntity
  8
y_lower_sheets
100
AcDbSpline
210
0
220
0
230
1
 70
8
 71
1
 72
4
 73
2
 74
0
 40
-3.150000000
 40
-3.150000000
 40
-2.150000000
 40
-2.150000000
 10
210.000000000
 20
193.700000000
 30
0.000000000
 10
210.000000000
 20
194.700000000
 30
0.000000000
  0
SPLINE
  5
D7A
330
A02
100
AcDbEntity
  8
y_lower_sheets
100
AcDbSpline
210
0
220
0
230
1
 70
8
 71
1
 72
4
 73
2
 74
0
 40
3.150000000
 40
3.150000000
 40
4.150000000
 40
4.150000000
 10
210.000000000
 20
193.700000000
 30
0.000000000
 10
210.000000000
 20
192.700000000
 30
0.000000000
  0
SPLINE
  5
D7B
330
A02
100
AcDbEntity
  8
y_lower_sheets
100
AcDbSpline
210
0
220
0
230
1
 70
8
 71
1
 72
4
 73
2
 74
0
 40
15.735095526
 40
15.735095526
 40
24.000000000
 40
24.000000000
 10
218.264904474
 20
192.700000000
 30
0.000000000
 10
210.000000000
 20
192.700000000
 30
0.000000000
  0
SPLINE
  5
D7C
330
A02
100
AcDbEntity
  8
y_lower_sheets
100
AcDbSpline
210
0
220
0
230
1
 70
8
 71
2
 72
6
 73
3
 74
0
 40
-0.812402244
 40
-0.812402244
 40
-0.812402244
 40
-0.648761098
 40
-0.648761098
 40
-0.648761098
 10
219.735965676
 20
190.500000000
 30
0.000000000
 10
218.903931511
 20
191.656091656
 30
0.000000000
 10
218.264904474
 20
192.700000000
 30
0.000000000
  0
SPLINE
  5
D7D
330
A02
100
AcDbEntity
  8
y_lower_sheets
100
AcDbSpline
210
0
220
0
230
1
 70
8
 71
1
 72
4
 73
2
 74
0
 40
14.264034324
 40
14.264034324
 40
24.000000000
 40
24.000000000
 10
219.735965676
 20
190.500000000
 30
0.000000000
 10
210.000000000
 20
190.500000000
 30
0.000000000
  0
SPLINE
  5
D7E
330
A02
100
AcDbEntity
  8
y_lower_sheets
100
AcDbSpline
210
0
220
0
230
1
 70
8
 71
1
 72
4
 73
2
 74
0
 40
-5.250000000
 40
-5.250000000
 40
-4.250000000
 40
-4.250000000
 10
210.000000000
 20
189.500000000
 30
0.000000000
 10
210.000000000
 20
190.500000000
 30
0.000000000
  0
SPLINE
  5
D7F
330
A02
100
AcDbEntity
  8
y_lower_sheets
100
AcDbSpline
210
0
220
0
230
1
 70
8
 71
1
 72
4
 73
2
 74
0
 40
5.250000000
 40
5.250000000
 40
6.250000000
 40
6.250000000
 10
210.000000000
 20
189.500000000
 30
0.000000000
 10
210.000000000
 20
188.500000000
 30
0.000000000
  0
SPLINE
  5
D80
330
A02
100
AcDbEntity
  8
y_lower_sheets
100
AcDbSpline
210
0
220
0
230
1
 70
8
 71
1
 72
4
 73
2
 74
0
 40
12.748908778
 40
12.748908778
 40
24.000000000
 40
24.000000000
 10
221.251091222
 20
188.500000000
 30
0.000000000
 10
210.000000000
 20
188.500000000
 30
0.000000000
  0
SPLINE
  5
D81
330
A02
100
AcDbEntity
  8
y_lower_sheets
100
AcDbSpline
210
0
220
0
230
1
 70
8
 71
2
 72
6
 73
3
 74
0
 40
-1.081351106
 40
-1.081351106
 40
-1.081351106
 40
-0.947139926
 40
-0.947139926
 40
-0.947139926
 10
223.062158572
 20
186.300000000
 30
0.000000000
 10
222.077468714
 20
187.456642656
 30
0.000000000
 10
221.251091222
 20
188.500000000
 30
0.000000000
  0
SPLINE
  5
D82
330
A02
100
AcDbEntity
  8
y_lower_sheets
100
AcDbSpline
210
0
220
0
230
1
 70
8
 71
1
 72
4
 73
2
 74
0
 40
10.937841428
 40
10.937841428
 40
24.000000000
 40
24.000000000
 10
223.062158572
 20
186.300000000
 30
0.000000000
 10
210.000000000
 20
186.300000000
 30
0.000000000
  0
SPLINE
  5
D83
330
A02
100
AcDbEntity
  8
y_lower_sheets
100
AcDbSpline
210
0
220
0
230
1
 70
8
 71
1
 72
4
 73
2
 74
0
 40
-7.350000000
 40
-7.350000000
 40
-6.350000000
 40
-6.350000000
 10
210.000000000
 20
185.300000000
 30
0.000000000
 10
210.000000000
 20
186.300000000
 30
0.000000000
  0
SPLINE
  5
D84
330
A02
100
AcDbEntity
  8
y_lower_sheets
100
AcDbSpline
210
0
220
0
230
1
 70
8
 71
1
 72
4
 73
2
 74
0
 40
7.350000000
 40
7.350000000
 40
8.350000000
 40
8.350000000
 10
210.000000000
 20
185.300000000
 30
0.000000000
 10
210.000000000
 20
184.300000000
 30
0.000000000
  0
SPLINE
  5
D85
330
A02
100
AcDbEntity
  8
y_lower_sheets
100
AcDbSpline
210
0
220
0
230
1
 70
8
 71
1
 72
4
 73
2
 74
0
 40
9.193170136
 40
9.193170136
 40
24.000000000
 40
24.000000000
 10
224.806829864
 20
184.300000000
 30
0.000000000
 10
210.000000000
 20
184.300000000
 30
0.000000000
  0
SPLINE
  5
D86
330
A02
100
AcDbEntity
  8
y_lower_sheets
100
AcDbSpline
210
0
220
0
230
1
 70
8
 71
2
 72
6
 73
3
 74
0
 40
-1.260138276
 40
-1.260138276
 40
-1.260138276
 40
-1.192118882
 40
-1.192118882
 40
-1.192118882
 10
226.000000000
 20
182.977955469
 30
0.000000000
 10
225.379303583
 20
183.657893532
 30
0.000000000
 10
224.806829864
 20
184.300000000
 30
0.000000000
  0
SPLINE
  5
D87
330
A02
100
AcDbEntity
  8
y_lower_sheets
100
AcDbSpline
210
0
220
0
230
1
 70
8
 71
1
 72
4
 73
2
 74
0
 40
-17.900000000
 40
-17.900000000
 40
-17.022044531
 40
-17.022044531
 10
226.000000000
 20
182.100000000
 30
0.000000000
 10
226.000000000
 20
182.977955469
 30
0.000000000
  0
SPLINE
  5
D88
330
A02
100
AcDbEntity
  8
y_lower_sheets
100
AcDbSpline
210
0
220
0
230
1
 70
8
 71
1
 72
4
 73
2
 74
0
 40
8.000000000
 40
8.000000000
 40
24.000000000
 40
24.000000000
 10
226.000000000
 20
182.100000000
 30
0.000000000
 10
210.000000000
 20
182.100000000
 30
0.000000000
  0
SPLINE
  5
D89
330
A02
100
AcDbEntity
  8
y_lower_sheets
100
AcDbSpline
210
0
220
0
230
1
 70
8
 71
1
 72
4
 73
2
 74
0
 40
-9.450000000
 40
-9.450000000
 40
-8.450000000
 40
-8.450000000
 10
210.000000000
 20
181.100000000
 30
0.000000000
 10
210.000000000
 20
182.100000000
 30
0.000000000
  0
SPLINE
  5
D8A
330
A02
100
AcDbEntity
  8
y_lower_sheets
100
AcDbSpline
210
0
220
0
230
1
 70
8
 71
1
 72
4
 73
2
 74
0
 40
9.450000000
 40
9.450000000
 40
10.450000000
 40
10.450000000
 10
210.000000000
 20
181.100000000
 30
0.000000000
 10
210.000000000
 20
180.100000000
 30
0.000000000
  0
SPLINE
  5
D8B
330
A02
100
AcDbEntity
  8
y_lower_sheets
100
AcDbSpline
210
0
220
0
230
1
 70
8
 71
1
 72
4
 73
2
 74
0
 40
8.000000000
 40
8.000000000
 40
24.000000000
 40
24.000000000
 10
226.000000000
 20
180.100000000
 30
0.000000000
 10
210.000000000
 20
180.100000000
 30
0.000000000
  0
SPLINE
  5
D8C
330
A02
100
AcDbEntity
  8
y_lower_sheets
100
AcDbSpline
210
0
220
0
230
1
 70
8
 71
1
 72
4
 73
2
 74
0
 40
-25.000000000
 40
-25.000000000
 40
-19.900000000
 40
-19.900000000
 10
226.000000000
 20
175.000000000
 30
0.000000000
 10
226.000000000
 20
180.100000000
 30
0.000000000
  0
SPLINE
  5
D8D
330
A02
100
AcDbEntity
  8
y_lower_sheets
100
AcDbSpline
210
0
220
0
230
1
 70
8
 71
1
 72
4
 73
2
 74
0
 40
-16.000000000
 40
-16.000000000
 40
16.000000000
 40
16.000000000
 10
194.000000000
 20
175.000000000
 30
-0.000000000
 10
226.000000000
 20
175.000000000
 30
0.000000000
  0
SPLINE
  5
D8E
330
A02
100
AcDbEntity
  8
y_lower_sheets
100
AcDbSpline
210
0
220
0
230
1
 70
8
 71
1
 72
4
 73
2
 74
0
 40
-37.500000000
 40
-37.500000000
 40
12.500000000
 40
12.500000000
 10
194.000000000
 20
225.000000000
 30
-0.000000000
 10
194.000000000
 20
175.000000000
 30
-0.000000000
  0
SPLINE
  5
D8F
330
A02
100
AcDbEntity
  8
y_lower_sheets
100
AcDbSpline
210
0
220
0
230
1
 70
8
 71
1
 72
4
 73
2
 74
0
 40
-16.000000000
 40
-16.000000000
 40
16.000000000
 40
16.000000000
 10
236.000000000
 20
225.000000000
 30
-0.000000000
 10
268.000000000
 20
225.000000000
 30
0.000000000
  0
SPLINE
  5
D90
330
A02
100
AcDbEntity
  8
y_lower_sheets
100
AcDbSpline
210
0
220
0
230
1
 70
8
 71
1
 72
4
 73
2
 74
0
 40
19.900000000
 40
19.900000000
 40
25.000000000
 40
25.000000000
 10
268.000000000
 20
219.900000000
 30
0.000000000
 10
268.000000000
 20
225.000000000
 30
0.000000000
  0
SPLINE
  5
D91
330
A02
100
AcDbEntity
  8
y_lower_sheets
100
AcDbSpline
210
0
220
0
230
1
 70
8
 71
1
 72
4
 73
2
 74
0
 40
8.000000000
 40
8.000000000
 40
24.000000000
 40
24.000000000
 10
268.000000000
 20
219.900000000
 30
0.000000000
 10
252.000000000
 20
219.900000000
 30
0.000000000
  0
SPLINE
  5
D92
330
A02
100
AcDbEntity
  8
y_lower_sheets
100
AcDbSpline
210
0
220
0
230
1
 70
8
 71
1
 72
4
 73
2
 74
0
 40
9.450000000
 40
9.450000000
 40
10.450000000
 40
10.450000000
 10
252.000000000
 20
218.900000000
 30
0.000000000
 10
252.000000000
 20
219.900000000
 30
0.000000000
  0
SPLINE
  5
D93
330
A02
100
AcDbEntity
  8
y_lower_sheets
100
AcDbSpline
210
0
220
0
230
1
 70
8
 71
1
 72
4
 73
2
 74
0
 40
-9.450000000
 40
-9.450000000
 40
-8.450000000
 40
-8.450000000
 10
252.000000000
 20
218.900000000
 30
0.000000000
 10
252.000000000
 20
217.900000000
 30
0.000000000
  0
SPLINE
  5
D94
330
A02
100
AcDbEntity
  8
y_lower_sheets
100
AcDbSpline
210
0
220
0
230
1
 70
8
 71
1
 72
4
 73
2
 74
0
 40
8.000000000
 40
8.000000000
 40
24.000000000
 40
24.000000000
 10
268.000000000
 20
217.900000000
 30
0.000000000
 10
252.000000000
 20
217.900000000
 30
0.000000000
  0
SPLINE
  5
D95
330
A02
100
AcDbEntity
  8
y_lower_sheets
100
AcDbSpline
210
0
220
0
230
1
 70
8
 71
1
 72
4
 73
2
 74
0
 40
15.700000000
 40
15.700000000
 40
17.900000000
 40
17.900000000
 10
268.000000000
 20
215.700000000
 30
0.000000000
 10
268.000000000
 20
217.900000000
 30
0.000000000
  0
SPLINE
  5
D96
330
A02
100
AcDbEntity
  8
y_lower_sheets
100
AcDbSpline
210
0
220
0
230
1
 70
8
 71
1
 72
4
 73
2
 74
0
 40
8.000000000
 40
8.000000000
 40
24.000000000
 40
24.000000000
 10
268.000000000
 20
215.700000000
 30
0.000000000
 10
252.000000000
 20
215.700000000
 30
0.000000000
  0
SPLINE
  5
D97
330
A02
100
AcDbEntity
  8
y_lower_sheets
100
AcDbSpline
210
0
220
0
230
1
 70
8
 71
1
 72
4
 73
2
 74
0
 40
7.350000000
 40
7.350000000
 40
8.350000000
 40
8.350000000
 10
252.000000000
 20
214.700000000
 30
0.000000000
 10
252.000000000
 20
215.700000000
 30
0.000000000
  0
SPLINE
  5
D98
330
A02
100
AcDbEntity
  8
y_lower_sheets
100
AcDbSpline
210
0
220
0
230
1
 70
8
 71
1
 72
4
 73
2
 74
0
 40
-7.350000000
 40
-7.350000000
 40
-6.350000000
 40
-6.350000000
 10
252.000000000
 20
214.700000000
 30
0.000000000
 10
252.000000000
 20
213.700000000
 30
0.000000000
  0
SPLINE
  5
D99
330
A02
100
AcDbEntity
  8
y_lower_sheets
100
AcDbSpline
210
0
220
0
230
1
 70
8
 71
1
 72
4
 73
2
 74
0
 40
8.000000000
 40
8.000000000
 40
24.000000000
 40
24.000000000
 10
268.000000000
 20
213.700000000
 30
0.000000000
 10
252.000000000
 20
213.700000000
 30
0.000000000
  0
SPLINE
  5
D9A
330
A02
100
AcDbEntity
  8
y_lower_sheets
100
AcDbSpline
210
0
220
0
230
1
 70
8
 71
1
 72
4
 73
2
 74
0
 40
13.561342116
 40
13.561342116
 40
13.700000000
 40
13.700000000
 10
268.000000000
 20
213.561342116
 30
0.000000000
 10
268.000000000
 20
213.700000000
 30
0.000000000
  0
SPLINE
  5
D9B
330
A02
100
AcDbEntity
  8
y_lower_sheets
100
AcDbSpline
210
0
220
0
230
1
 70
8
 71
2
 72
6
 73
3
 74
0
 40
0.718797318
 40
0.718797318
 40
0.718797318
 40
0.825527379
 40
0.825527379
 40
0.825527379
 10
266.566902726
 20
211.500000000
 30
0.000000000
 10
267.224465964
 20
212.495024552
 30
0.000000000
 10
268.000000000
 20
213.561342116
 30
0.000000000
  0
SPLINE
  5
D9C
330
A02
100
AcDbEntity
  8
y_lower_sheets
100
AcDbSpline
210
0
220
0
230
1
 70
8
 71
1
 72
4
 73
2
 74
0
 40
9.433097274
 40
9.433097274
 40
24.000000000
 40
24.000000000
 10
266.566902726
 20
211.500000000
 30
0.000000000
 10
252.000000000
 20
211.500000000
 30
0.000000000
  0
SPLINE
  5
D9D
330
A02
100
AcDbEntity
  8
y_lower_sheets
100
AcDbSpline
210
0
220
0
230
1
 70
8
 71
1
 72
4
 73
2
 74
0
 40
5.250000000
 40
5.250000000
 40
6.250000000
 40
6.250000000
 10
252.000000000
 20
210.500000000
 30
0.000000000
 10
252.000000000
 20
211.500000000
 30
0.000000000
  0
SPLINE
  5
D9E
330
A02
100
AcDbEntity
  8
y_lower_sheets
100
AcDbSpline
210
0
220
0
230
1
 70
8
 71
1
 72
4
 73
2
 74
0
 40
-5.250000000
 40
-5.250000000
 40
-4.250000000
 40
-4.250000000
 10
252.000000000
 20
210.500000000
 30
0.000000000
 10
252.000000000
 20
209.500000000
 30
0.000000000
  0
SPLINE
  5
D9F
330
A02
100
AcDbEntity
  8
y_lower_sheets
100
AcDbSpline
210
0
220
0
230
1
 70
8
 71
1
 72
4
 73
2
 74
0
 40
10.678672910
 40
10.678672910
 40
24.000000000
 40
24.000000000
 10
265.321327090
 20
209.500000000
 30
0.000000000
 10
252.000000000
 20
209.500000000
 30
0.000000000
  0
SPLINE
  5
DA0
330
A02
100
AcDbEntity
  8
y_lower_sheets
100
AcDbSpline
210
0
220
0
230
1
 70
8
 71
2
 72
6
 73
3
 74
0
 40
0.478167488
 40
0.478167488
 40
0.478167488
 40
0.608084599
 40
0.608084599
 40
0.608084599
 10
264.152468520
 20
207.300000000
 30
0.000000000
 10
264.660273180
 20
208.364612124
 30
0.000000000
 10
265.321327090
 20
209.500000000
 30
0.000000000
  0
SPLINE
  5
DA1
330
A02
100
AcDbEntity
  8
y_lower_sheets
100
AcDbSpline
210
0
220
0
230
1
 70
8
 71
1
 72
4
 73
2
 74
0
 40
11.847531480
 40
11.847531480
 40
24.000000000
 40
24.000000000
 10
264.152468520
 20
207.300000000
 30
0.000000000
 10
252.000000000
 20
207.300000000
 30
0.000000000
  0
SPLINE
  5
DA2
330
A02
100
AcDbEntity
  8
y_lower_sheets
100
AcDbSpline
210
0
220
0
230
1
 70
8
 71
1
 72
4
 73
2
 74
0
 40
3.150000000
 40
3.150000000
 40
4.150000000
 40
4.150000000
 10
252.000000000
 20
206.300000000
 30
0.000000000
 10
252.000000000
 20
207.300000000
 30
0.000000000
  0
SPLINE
  5
DA3
330
A02
100
AcDbEntity
  8
y_lower_sheets
100
AcDbSpline
210
0
220
0
230
1
 70
8
 71
1
 72
4
 73
2
 74
0
 40
-3.150000000
 40
-3.150000000
 40
-2.150000000
 40
-2.150000000
 10
252.000000000
 20
206.300000000
 30
0.000000000
 10
252.000000000
 20
205.300000000
 30
0.000000000
  0
SPLINE
  5
DA4
330
A02
100
AcDbEntity
  8
y_lower_sheets
100
AcDbSpline
210
0
220
0
230
1
 70
8
 71
1
 72
4
 73
2
 74
0
 40
12.691152426
 40
12.691152426
 40
24.000000000
 40
24.000000000
 10
263.308847574
 20
205.300000000
 30
0.000000000
 10
252.000000000
 20
205.300000000
 30
0.000000000
  0
SPLINE
  5
DA5
330
A02
100
AcDbEntity
  8
y_lower_sheets
100
AcDbSpline
210
0
220
0
230
1
 70
8
 71
2
 72
6
 73
3
 74
0
 40
0.209351749
 40
0.209351749
 40
0.209351749
 40
0.353157333
 40
0.353157333
 40
0.353157333
 10
262.662145752
 20
203.100000000
 30
0.000000000
 10
262.900684505
 20
204.178328630
 30
0.000000000
 10
263.308847574
 20
205.300000000
 30
0.000000000
  0
SPLINE
  5
DA6
330
A02
100
AcDbEntity
  8
y_lower_sheets
100
AcDbSpline
210
0
220
0
230
1
 70
8
 71
1
 72
4
 73
2
 74
0
 40
13.337854248
 40
13.337854248
 40
24.000000000
 40
24.000000000
 10
262.662145752
 20
203.100000000
 30
0.000000000
 10
252.000000000
 20
203.100000000
 30
0.000000000
  0
SPLINE
  5
DA7
330
A02
100
AcDbEntity
  8
y_lower_sheets
100
AcDbSpline
210
0
220
0
230
1
 70
8
 71
1
 72
4
 73
2
 74
0
 40
1.050000000
 40
1.050000000
 40
2.050000000
 40
2.050000000
 10
252.000000000
 20
202.100000000
 30
0.000000000
 10
252.000000000
 20
203.100000000
 30
0.000000000
  0
SPLINE
  5
DA8
330
A02
100
AcDbEntity
  8
y_lower_sheets
100
AcDbSpline
210
0
220
0
230
1
 70
8
 71
1
 72
4
 73
2
 74
0
 40
-1.050000000
 40
-1.050000000
 40
-0.050000000
 40
-0.050000000
 10
252.000000000
 20
202.100000000
 30
0.000000000
 10
252.000000000
 20
201.100000000
 30
0.000000000
  0
SPLINE
  5
DA9
330
A02
100
AcDbEntity
  8
y_lower_sheets
100
AcDbSpline
210
0
220
0
230
1
 70
8
 71
1
 72
4
 73
2
 74
0
 40
13.640551531
 40
13.640551531
 40
24.000000000
 40
24.000000000
 10
262.359448469
 20
201.100000000
 30
0.000000000
 10
252.000000000
 20
201.100000000
 30
0.000000000
  0
SPLINE
  5
DAA
330
A02
100
AcDbEntity
  8
y_lower_sheets
100
AcDbSpline
210
0
220
0
230
1
 70
8
 71
2
 72
6
 73
3
 74
0
 40
-0.074760272
 40
-0.074760272
 40
-0.074760272
 40
0.074760272
 40
0.074760272
 40
0.074760272
 10
262.359448469
 20
198.900000000
 30
0.000000000
 10
262.271267561
 20
200.000000000
 30
0.000000000
 10
262.359448469
 20
201.100000000
 30
0.000000000
  0
SPLINE
  5
DAB
330
A02
100
AcDbEntity
  8
y_lower_sheets
100
AcDbSpline
210
0
220
0
230
1
 70
8
 71
1
 72
4
 73
2
 74
0
 40
13.640551531
 40
13.640551531
 40
24.000000000
 40
24.000000000
 10
262.359448469
 20
198.900000000
 30
0.000000000
 10
252.000000000
 20
198.900000000
 30
0.000000000
  0
SPLINE
  5
DAC
330
A02
100
AcDbEntity
  8
y_lower_sheets
100
AcDbSpline
210
0
220
0
230
1
 70
8
 71
1
 72
4
 73
2
 74
0
 40
-1.050000000
 40
-1.050000000
 40
-0.050000000
 40
-0.050000000
 10
252.000000000
 20
197.900000000
 30
0.000000000
 10
252.000000000
 20
198.900000000
 30
0.000000000
  0
SPLINE
  5
DAD
330
A02
100
AcDbEntity
  8
y_lower_sheets
100
AcDbSpline
210
0
220
0
230
1
 70
8
 71
1
 72
4
 73
2
 74
0
 40
1.050000000
 40
1.050000000
 40
2.050000000
 40
2.050000000
 10
252.000000000
 20
197.900000000
 30
0.000000000
 10
252.000000000
 20
196.900000000
 30
0.000000000
  0
SPLINE
  5
DAE
330
A02
100
AcDbEntity
  8
y_lower_sheets
100
AcDbSpline
210
0
220
0
230
1
 70
8
 71
1
 72
4
 73
2
 74
0
 40
13.337854248
 40
13.337854248
 40
24.000000000
 40
24.000000000
 10
262.662145752
 20
196.900000000
 30
0.000000000
 10
252.000000000
 20
196.900000000
 30
0.000000000
  0
SPLINE
  5
DAF
330
A02
100
AcDbEntity
  8
y_lower_sheets
100
AcDbSpline
210
0
220
0
230
1
 70
8
 71
2
 72
6
 73
3
 74
0
 40
-0.353157333
 40
-0.353157333
 40
-0.353157333
 40
-0.209351749
 40
-0.209351749
 40
-0.209351749
 10
263.308847574
 20
194.700000000
 30
0.000000000
 10
262.900684505
 20
195.821671370
 30
0.000000000
 10
262.662145752
 20
196.900000000
 30
0.000000000
  0
SPLINE
  5
DB0
330
A02
100
AcDbEntity
  8
y_lower_sheets
100
AcDbSpline
210
0
220
0
230
1
 70
8
 71
1
 72
4
 73
2
 74
0
 40
12.691152426
 40
12.691152426
 40
24.000000000
 40
24.000000000
 10
263.308847574
 20
194.700000000
 30
0.000000000
 10
252.000000000
 20
194.700000000
 30
0.000000000
  0
SPLINE
  5
DB1
330
A02
100
AcDbEntity
  8
y_lower_sheets
100
AcDbSpline
210
0
220
0
230
1
 70
8
 71
1
 72
4
 73
2
 74
0
 40
-3.150000000
 40
-3.150000000
 40
-2.150000000
 40
-2.150000000
 10
252.000000000
 20
193.700000000
 30
0.000000000
 10
252.000000000
 20
194.700000000
 30
0.000000000
  0
SPLINE
  5
DB2
330
A02
100
AcDbEntity
  8
y_lower_sheets
100
AcDbSpline
210
0
220
0
230
1
 70
8
 71
1
 72
4
 73
2
 74
0
 40
3.150000000
 40
3.150000000
 40
4.150000000
 40
4.150000000
 10
252.000000000
 20
193.700000000
 30
0.000000000
 10
252.000000000
 20
192.700000000
 30
0.000000000
  0
SPLINE
  5
DB3
330
A02
100
AcDbEntity
  8
y_lower_sheets
100
AcDbSpline
210
0
220
0
230
1
 70
8
 71
1
 72
4
 73
2
 74
0
 40
11.847531480
 40
11.847531480
 40
24.000000000
 40
24.000000000
 10
264.152468520
 20
192.700000000
 30
0.000000000
 10
252.000000000
 20
192.700000000
 30
0.000000000
  0
SPLINE
  5
DB4
330
A02
100
AcDbEntity
  8
y_lower_sheets
100
AcDbSpline
210
0
220
0
230
1
 70
8
 71
2
 72
6
 73
3
 74
0
 40
-0.608084599
 40
-0.608084599
 40
-0.608084599
 40
-0.478167488
 40
-0.478167488
 40
-0.478167488
 10
265.321327090
 20
190.500000000
 30
0.000000000
 10
264.660273180
 20
191.635387876
 30
0.000000000
 10
264.152468520
 20
192.700000000
 30
0.000000000
  0
SPLINE
  5
DB5
330
A02
100
AcDbEntity
  8
y_lower_sheets
100
AcDbSpline
210
0
220
0
230
1
 70
8
 71
1
 72
4
 73
2
 74
0
 40
10.678672910
 40
10.678672910
 40
24.000000000
 40
24.000000000
 10
265.321327090
 20
190.500000000
 30
0.000000000
 10
252.000000000
 20
190.500000000
 30
0.000000000
  0
SPLINE
  5
DB6
330
A02
100
AcDbEntity
  8
y_lower_sheets
100
AcDbSpline
210
0
220
0
230
1
 70
8
 71
1
 72
4
 73
2
 74
0
 40
-5.250000000
 40
-5.250000000
 40
-4.250000000
 40
-4.250000000
 10
252.000000000
 20
189.500000000
 30
0.000000000
 10
252.000000000
 20
190.500000000
 30
0.000000000
  0
SPLINE
  5
DB7
330
A02
100
AcDbEntity
  8
y_lower_sheets
100
AcDbSpline
210
0
220
0
230
1
 70
8
 71
1
 72
4
 73
2
 74
0
 40
5.250000000
 40
5.250000000
 40
6.250000000
 40
6.250000000
 10
252.000000000
 20
189.500000000
 30
0.000000000
 10
252.000000000
 20
188.500000000
 30
0.000000000
  0
SPLINE
  5
DB8
330
A02
100
AcDbEntity
  8
y_lower_sheets
100
AcDbSpline
210
0
220
0
230
1
 70
8
 71
1
 72
4
 73
2
 74
0
 40
9.433097274
 40
9.433097274
 40
24.000000000
 40
24.000000000
 10
266.566902726
 20
188.500000000
 30
0.000000000
 10
252.000000000
 20
188.500000000
 30
0.000000000
  0
SPLINE
  5
DB9
330
A02
100
AcDbEntity
  8
y_lower_sheets
100
AcDbSpline
210
0
220
0
230
1
 70
8
 71
2
 72
6
 73
3
 74
0
 40
-0.825527379
 40
-0.825527379
 40
-0.825527379
 40
-0.718797318
 40
-0.718797318
 40
-0.718797318
 10
268.000000000
 20
186.438657884
 30
0.000000000
 10
267.224465964
 20
187.504975448
 30
0.000000000
 10
266.566902726
 20
188.500000000
 30
0.000000000
  0
SPLINE
  5
DBA
330
A02
100
AcDbEntity
  8
y_lower_sheets
100
AcDbSpline
210
0
220
0
230
1
 70
8
 71
1
 72
4
 73
2
 74
0
 40
-13.700000000
 40
-13.700000000
 40
-13.561342116
 40
-13.561342116
 10
268.000000000
 20
186.300000000
 30
0.000000000
 10
268.000000000
 20
186.438657884
 30
0.000000000
  0
SPLINE
  5
DBB
330
A02
100
AcDbEntity
  8
y_lower_sheets
100
AcDbSpline
210
0
220
0
230
1
 70
8
 71
1
 72
4
 73
2
 74
0
 40
8.000000000
 40
8.000000000
 40
24.000000000
 40
24.000000000
 10
268.000000000
 20
186.300000000
 30
0.000000000
 10
252.000000000
 20
186.300000000
 30
0.000000000
  0
SPLINE
  5
DBC
330
A02
100
AcDbEntity
  8
y_lower_sheets
100
AcDbSpline
210
0
220
0
230
1
 70
8
 71
1
 72
4
 73
2
 74
0
 40
-7.350000000
 40
-7.350000000
 40
-6.350000000
 40
-6.350000000
 10
252.000000000
 20
185.300000000
 30
0.000000000
 10
252.000000000
 20
186.300000000
 30
0.000000000
  0
SPLINE
  5
DBD
330
A02
100
AcDbEntity
  8
y_lower_sheets
100
AcDbSpline
210
0
220
0
230
1
 70
8
 71
1
 72
4
 73
2
 74
0
 40
7.350000000
 40
7.350000000
 40
8.350000000
 40
8.350000000
 10
252.000000000
 20
185.300000000
 30
0.000000000
 10
252.000000000
 20
184.300000000
 30
0.000000000
  0
SPLINE
  5
DBE
330
A02
100
AcDbEntity
  8
y_lower_sheets
100
AcDbSpline
210
0
220
0
230
1
 70
8
 71
1
 72
4
 73
2
 74
0
 40
8.000000000
 40
8.000000000
 40
24.000000000
 40
24.000000000
 10
268.000000000
 20
184.300000000
 30
0.000000000
 10
252.000000000
 20
184.300000000
 30
0.000000000
  0
SPLINE
  5
DBF
330
A02
100
AcDbEntity
  8
y_lower_sheets
100
AcDbSpline
210
0
220
0
230
1
 70
8
 71
1
 72
4
 73
2
 74
0
 40
-17.900000000
 40
-17.900000000
 40
-15.700000000
 40
-15.700000000
 10
268.000000000
 20
182.100000000
 30
0.000000000
 10
268.000000000
 20
184.300000000
 30
0.000000000
  0
SPLINE
  5
DC0
330
A02
100
AcDbEntity
  8
y_lower_sheets
100
AcDbSpline
210
0
220
0
230
1
 70
8
 71
1
 72
4
 73
2
 74
0
 40
8.000000000
 40
8.000000000
 40
24.000000000
 40
24.000000000
 10
268.000000000
 20
182.100000000
 30
0.000000000
 10
252.000000000
 20
182.100000000
 30
0.000000000
  0
SPLINE
  5
DC1
330
A02
100
AcDbEntity
  8
y_lower_sheets
100
AcDbSpline
210
0
220
0
230
1
 70
8
 71
1
 72
4
 73
2
 74
0
 40
-9.450000000
 40
-9.450000000
 40
-8.450000000
 40
-8.450000000
 10
252.000000000
 20
181.100000000
 30
0.000000000
 10
252.000000000
 20
182.100000000
 30
0.000000000
  0
SPLINE
  5
DC2
330
A02
100
AcDbEntity
  8
y_lower_sheets
100
AcDbSpline
210
0
220
0
230
1
 70
8
 71
1
 72
4
 73
2
 74
0
 40
9.450000000
 40
9.450000000
 40
10.450000000
 40
10.450000000
 10
252.000000000
 20
181.100000000
 30
0.000000000
 10
252.000000000
 20
180.100000000
 30
0.000000000
  0
SPLINE
  5
DC3
330
A02
100
AcDbEntity
  8
y_lower_sheets
100
AcDbSpline
210
0
220
0
230
1
 70
8
 71
1
 72
4
 73
2
 74
0
 40
8.000000000
 40
8.000000000
 40
24.000000000
 40
24.000000000
 10
268.000000000
 20
180.100000000
 30
0.000000000
 10
252.000000000
 20
180.100000000
 30
0.000000000
  0
SPLINE
  5
DC4
330
A02
100
AcDbEntity
  8
y_lower_sheets
100
AcDbSpline
210
0
220
0
230
1
 70
8
 71
1
 72
4
 73
2
 74
0
 40
-25.000000000
 40
-25.000000000
 40
-19.900000000
 40
-19.900000000
 10
268.000000000
 20
175.000000000
 30
0.000000000
 10
268.000000000
 20
180.100000000
 30
0.000000000
  0
SPLINE
  5
DC5
330
A02
100
AcDbEntity
  8
y_lower_sheets
100
AcDbSpline
210
0
220
0
230
1
 70
8
 71
1
 72
4
 73
2
 74
0
 40
-16.000000000
 40
-16.000000000
 40
16.000000000
 40
16.000000000
 10
236.000000000
 20
175.000000000
 30
-0.000000000
 10
268.000000000
 20
175.000000000
 30
0.000000000
  0
SPLINE
  5
DC6
330
A02
100
AcDbEntity
  8
y_lower_sheets
100
AcDbSpline
210
0
220
0
230
1
 70
8
 71
1
 72
4
 73
2
 74
0
 40
-37.500000000
 40
-37.500000000
 40
12.500000000
 40
12.500000000
 10
236.000000000
 20
225.000000000
 30
-0.000000000
 10
236.000000000
 20
175.000000000
 30
-0.000000000
  0
SPLINE
  5
DC7
330
A02
100
AcDbEntity
  8
y_lower_sheets
100
AcDbSpline
210
0
220
0
230
1
 70
8
 71
1
 72
4
 73
2
 74
0
 40
-16.000000000
 40
-16.000000000
 40
16.000000000
 40
16.000000000
 10
278.000000000
 20
225.000000000
 30
-0.000000000
 10
310.000000000
 20
225.000000000
 30
0.000000000
  0
SPLINE
  5
DC8
330
A02
100
AcDbEntity
  8
y_lower_sheets
100
AcDbSpline
210
0
220
0
230
1
 70
8
 71
1
 72
4
 73
2
 74
0
 40
19.900000000
 40
19.900000000
 40
25.000000000
 40
25.000000000
 10
310.000000000
 20
219.900000000
 30
0.000000000
 10
310.000000000
 20
225.000000000
 30
0.000000000
  0
SPLINE
  5
DC9
330
A02
100
AcDbEntity
  8
y_lower_sheets
100
AcDbSpline
210
0
220
0
230
1
 70
8
 71
1
 72
4
 73
2
 74
0
 40
8.000000000
 40
8.000000000
 40
24.000000000
 40
24.000000000
 10
310.000000000
 20
219.900000000
 30
0.000000000
 10
294.000000000
 20
219.900000000
 30
0.000000000
  0
SPLINE
  5
DCA
330
A02
100
AcDbEntity
  8
y_lower_sheets
100
AcDbSpline
210
0
220
0
230
1
 70
8
 71
1
 72
4
 73
2
 74
0
 40
9.450000000
 40
9.450000000
 40
10.450000000
 40
10.450000000
 10
294.000000000
 20
218.900000000
 30
0.000000000
 10
294.000000000
 20
219.900000000
 30
0.000000000
  0
SPLINE
  5
DCB
330
A02
100
AcDbEntity
  8
y_lower_sheets
100
AcDbSpline
210
0
220
0
230
1
 70
8
 71
1
 72
4
 73
2
 74
0
 40
-9.450000000
 40
-9.450000000
 40
-8.450000000
 40
-8.450000000
 10
294.000000000
 20
218.900000000
 30
0.000000000
 10
294.000000000
 20
217.900000000
 30
0.000000000
  0
SPLINE
  5
DCC
330
A02
100
AcDbEntity
  8
y_lower_sheets
100
AcDbSpline
210
0
220
0
230
1
 70
8
 71
1
 72
4
 73
2
 74
0
 40
8.000000000
 40
8.000000000
 40
24.000000000
 40
24.000000000
 10
310.000000000
 20
217.900000000
 30
0.000000000
 10
294.000000000
 20
217.900000000
 30
0.000000000
  0
SPLINE
  5
DCD
330
A02
100
AcDbEntity
  8
y_lower_sheets
100
AcDbSpline
210
0
220
0
230
1
 70
8
 71
1
 72
4
 73
2
 74
0
 40
15.700000000
 40
15.700000000
 40
17.900000000
 40
17.900000000
 10
310.000000000
 20
215.700000000
 30
0.000000000
 10
310.000000000
 20
217.900000000
 30
0.000000000
  0
SPLINE
  5
DCE
330
A02
100
AcDbEntity
  8
y_lower_sheets
100
AcDbSpline
210
0
220
0
230
1
 70
8
 71
1
 72
4
 73
2
 74
0
 40
8.000000000
 40
8.000000000
 40
24.000000000
 40
24.000000000
 10
310.000000000
 20
215.700000000
 30
0.000000000
 10
294.000000000
 20
215.700000000
 30
0.000000000
  0
SPLINE
  5
DCF
330
A02
100
AcDbEntity
  8
y_lower_sheets
100
AcDbSpline
210
0
220
0
230
1
 70
8
 71
1
 72
4
 73
2
 74
0
 40
7.350000000
 40
7.350000000
 40
8.350000000
 40
8.350000000
 10
294.000000000
 20
214.700000000
 30
0.000000000
 10
294.000000000
 20
215.700000000
 30
0.000000000
  0
SPLINE
  5
DD0
330
A02
100
AcDbEntity
  8
y_lower_sheets
100
AcDbSpline
210
0
220
0
230
1
 70
8
 71
1
 72
4
 73
2
 74
0
 40
-7.350000000
 40
-7.350000000
 40
-6.350000000
 40
-6.350000000
 10
294.000000000
 20
214.700000000
 30
0.000000000
 10
294.000000000
 20
213.700000000
 30
0.000000000
  0
SPLINE
  5
DD1
330
A02
100
AcDbEntity
  8
y_lower_sheets
100
AcDbSpline
210
0
220
0
230
1
 70
8
 71
1
 72
4
 73
2
 74
0
 40
8.000000000
 40
8.000000000
 40
24.000000000
 40
24.000000000
 10
310.000000000
 20
213.700000000
 30
0.000000000
 10
294.000000000
 20
213.700000000
 30
0.000000000
  0
SPLINE
  5
DD2
330
A02
100
AcDbEntity
  8
y_lower_sheets
100
AcDbSpline
210
0
220
0
230
1
 70
8
 71
1
 72
4
 73
2
 74
0
 40
13.561342116
 40
13.561342116
 40
13.700000000
 40
13.700000000
 10
310.000000000
 20
213.561342116
 30
0.000000000
 10
310.000000000
 20
213.700000000
 30
0.000000000
  0
SPLINE
  5
DD3
330
A02
100
AcDbEntity
  8
y_lower_sheets
100
AcDbSpline
210
0
220
0
230
1
 70
8
 71
2
 72
6
 73
3
 74
0
 40
0.718797318
 40
0.718797318
 40
0.718797318
 40
0.825527379
 40
0.825527379
 40
0.825527379
 10
308.566902726
 20
211.500000000
 30
0.000000000
 10
309.224465964
 20
212.495024552
 30
0.000000000
 10
310.000000000
 20
213.561342116
 30
0.000000000
  0
SPLINE
  5
DD4
330
A02
100
AcDbEntity
  8
y_lower_sheets
100
AcDbSpline
210
0
220
0
230
1
 70
8
 71
1
 72
4
 73
2
 74
0
 40
9.433097274
 40
9.433097274
 40
24.000000000
 40
24.000000000
 10
308.566902726
 20
211.500000000
 30
0.000000000
 10
294.000000000
 20
211.500000000
 30
0.000000000
  0
SPLINE
  5
DD5
330
A02
100
AcDbEntity
  8
y_lower_sheets
100
AcDbSpline
210
0
220
0
230
1
 70
8
 71
1
 72
4
 73
2
 74
0
 40
5.250000000
 40
5.250000000
 40
6.250000000
 40
6.250000000
 10
294.000000000
 20
210.500000000
 30
0.000000000
 10
294.000000000
 20
211.500000000
 30
0.000000000
  0
SPLINE
  5
DD6
330
A02
100
AcDbEntity
  8
y_lower_sheets
100
AcDbSpline
210
0
220
0
230
1
 70
8
 71
1
 72
4
 73
2
 74
0
 40
-5.250000000
 40
-5.250000000
 40
-4.250000000
 40
-4.250000000
 10
294.000000000
 20
210.500000000
 30
0.000000000
 10
294.000000000
 20
209.500000000
 30
0.000000000
  0
SPLINE
  5
DD7
330
A02
100
AcDbEntity
  8
y_lower_sheets
100
AcDbSpline
210
0
220
0
230
1
 70
8
 71
1
 72
4
 73
2
 74
0
 40
10.678672910
 40
10.678672910
 40
24.000000000
 40
24.000000000
 10
307.321327090
 20
209.500000000
 30
0.000000000
 10
294.000000000
 20
209.500000000
 30
0.000000000
  0
SPLINE
  5
DD8
330
A02
100
AcDbEntity
  8
y_lower_sheets
100
AcDbSpline
210
0
220
0
230
1
 70
8
 71
2
 72
6
 73
3
 74
0
 40
0.478167488
 40
0.478167488
 40
0.478167488
 40
0.608084599
 40
0.608084599
 40
0.608084599
 10
306.152468520
 20
207.300000000
 30
0.000000000
 10
306.660273180
 20
208.364612124
 30
0.000000000
 10
307.321327090
 20
209.500000000
 30
0.000000000
  0
SPLINE
  5
DD9
330
A02
100
AcDbEntity
  8
y_lower_sheets
100
AcDbSpline
210
0
220
0
230
1
 70
8
 71
1
 72
4
 73
2
 74
0
 40
11.847531480
 40
11.847531480
 40
24.000000000
 40
24.000000000
 10
306.152468520
 20
207.300000000
 30
0.000000000
 10
294.000000000
 20
207.300000000
 30
0.000000000
  0
SPLINE
  5
DDA
330
A02
100
AcDbEntity
  8
y_lower_sheets
100
AcDbSpline
210
0
220
0
230
1
 70
8
 71
1
 72
4
 73
2
 74
0
 40
3.150000000
 40
3.150000000
 40
4.150000000
 40
4.150000000
 10
294.000000000
 20
206.300000000
 30
0.000000000
 10
294.000000000
 20
207.300000000
 30
0.000000000
  0
SPLINE
  5
DDB
330
A02
100
AcDbEntity
  8
y_lower_sheets
100
AcDbSpline
210
0
220
0
230
1
 70
8
 71
1
 72
4
 73
2
 74
0
 40
-3.150000000
 40
-3.150000000
 40
-2.150000000
 40
-2.150000000
 10
294.000000000
 20
206.300000000
 30
0.000000000
 10
294.000000000
 20
205.300000000
 30
0.000000000
  0
SPLINE
  5
DDC
330
A02
100
AcDbEntity
  8
y_lower_sheets
100
AcDbSpline
210
0
220
0
230
1
 70
8
 71
1
 72
4
 73
2
 74
0
 40
12.691152426
 40
12.691152426
 40
24.000000000
 40
24.000000000
 10
305.308847574
 20
205.300000000
 30
0.000000000
 10
294.000000000
 20
205.300000000
 30
0.000000000
  0
SPLINE
  5
DDD
330
A02
100
AcDbEntity
  8
y_lower_sheets
100
AcDbSpline
210
0
220
0
230
1
 70
8
 71
2
 72
6
 73
3
 74
0
 40
0.209351749
 40
0.209351749
 40
0.209351749
 40
0.353157333
 40
0.353157333
 40
0.353157333
 10
304.662145752
 20
203.100000000
 30
0.000000000
 10
304.900684505
 20
204.178328630
 30
0.000000000
 10
305.308847574
 20
205.300000000
 30
0.000000000
  0
SPLINE
  5
DDE
330
A02
100
AcDbEntity
  8
y_lower_sheets
100
AcDbSpline
210
0
220
0
230
1
 70
8
 71
1
 72
4
 73
2
 74
0
 40
13.337854248
 40
13.337854248
 40
24.000000000
 40
24.000000000
 10
304.662145752
 20
203.100000000
 30
0.000000000
 10
294.000000000
 20
203.100000000
 30
0.000000000
  0
SPLINE
  5
DDF
330
A02
100
AcDbEntity
  8
y_lower_sheets
100
AcDbSpline
210
0
220
0
230
1
 70
8
 71
1
 72
4
 73
2
 74
0
 40
1.050000000
 40
1.050000000
 40
2.050000000
 40
2.050000000
 10
294.000000000
 20
202.100000000
 30
0.000000000
 10
294.000000000
 20
203.100000000
 30
0.000000000
  0
SPLINE
  5
DE0
330
A02
100
AcDbEntity
  8
y_lower_sheets
100
AcDbSpline
210
0
220
0
230
1
 70
8
 71
1
 72
4
 73
2
 74
0
 40
-1.050000000
 40
-1.050000000
 40
-0.050000000
 40
-0.050000000
 10
294.000000000
 20
202.100000000
 30
0.000000000
 10
294.000000000
 20
201.100000000
 30
0.000000000
  0
SPLINE
  5
DE1
330
A02
100
AcDbEntity
  8
y_lower_sheets
100
AcDbSpline
210
0
220
0
230
1
 70
8
 71
1
 72
4
 73
2
 74
0
 40
13.640551531
 40
13.640551531
 40
24.000000000
 40
24.000000000
 10
304.359448469
 20
201.100000000
 30
0.000000000
 10
294.000000000
 20
201.100000000
 30
0.000000000
  0
SPLINE
  5
DE2
330
A02
100
AcDbEntity
  8
y_lower_sheets
100
AcDbSpline
210
0
220
0
230
1
 70
8
 71
2
 72
6
 73
3
 74
0
 40
-0.074760272
 40
-0.074760272
 40
-0.074760272
 40
0.074760272
 40
0.074760272
 40
0.074760272
 10
304.359448469
 20
198.900000000
 30
0.000000000
 10
304.271267561
 20
200.000000000
 30
0.000000000
 10
304.359448469
 20
201.100000000
 30
0.000000000
  0
SPLINE
  5
DE3
330
A02
100
AcDbEntity
  8
y_lower_sheets
100
AcDbSpline
210
0
220
0
230
1
 70
8
 71
1
 72
4
 73
2
 74
0
 40
13.640551531
 40
13.640551531
 40
24.000000000
 40
24.000000000
 10
304.359448469
 20
198.900000000
 30
0.000000000
 10
294.000000000
 20
198.900000000
 30
0.000000000
  0
SPLINE
  5
DE4
330
A02
100
AcDbEntity
  8
y_lower_sheets
100
AcDbSpline
210
0
220
0
230
1
 70
8
 71
1
 72
4
 73
2
 74
0
 40
-1.050000000
 40
-1.050000000
 40
-0.050000000
 40
-0.050000000
 10
294.000000000
 20
197.900000000
 30
0.000000000
 10
294.000000000
 20
198.900000000
 30
0.000000000
  0
SPLINE
  5
DE5
330
A02
100
AcDbEntity
  8
y_lower_sheets
100
AcDbSpline
210
0
220
0
230
1
 70
8
 71
1
 72
4
 73
2
 74
0
 40
1.050000000
 40
1.050000000
 40
2.050000000
 40
2.050000000
 10
294.000000000
 20
197.900000000
 30
0.000000000
 10
294.000000000
 20
196.900000000
 30
0.000000000
  0
SPLINE
  5
DE6
330
A02
100
AcDbEntity
  8
y_lower_sheets
100
AcDbSpline
210
0
220
0
230
1
 70
8
 71
1
 72
4
 73
2
 74
0
 40
13.337854248
 40
13.337854248
 40
24.000000000
 40
24.000000000
 10
304.662145752
 20
196.900000000
 30
0.000000000
 10
294.000000000
 20
196.900000000
 30
0.000000000
  0
SPLINE
  5
DE7
330
A02
100
AcDbEntity
  8
y_lower_sheets
100
AcDbSpline
210
0
220
0
230
1
 70
8
 71
2
 72
6
 73
3
 74
0
 40
-0.353157333
 40
-0.353157333
 40
-0.353157333
 40
-0.209351749
 40
-0.209351749
 40
-0.209351749
 10
305.308847574
 20
194.700000000
 30
0.000000000
 10
304.900684505
 20
195.821671370
 30
0.000000000
 10
304.662145752
 20
196.900000000
 30
0.000000000
  0
SPLINE
  5
DE8
330
A02
100
AcDbEntity
  8
y_lower_sheets
100
AcDbSpline
210
0
220
0
230
1
 70
8
 71
1
 72
4
 73
2
 74
0
 40
12.691152426
 40
12.691152426
 40
24.000000000
 40
24.000000000
 10
305.308847574
 20
194.700000000
 30
0.000000000
 10
294.000000000
 20
194.700000000
 30
0.000000000
  0
SPLINE
  5
DE9
330
A02
100
AcDbEntity
  8
y_lower_sheets
100
AcDbSpline
210
0
220
0
230
1
 70
8
 71
1
 72
4
 73
2
 74
0
 40
-3.150000000
 40
-3.150000000
 40
-2.150000000
 40
-2.150000000
 10
294.000000000
 20
193.700000000
 30
0.000000000
 10
294.000000000
 20
194.700000000
 30
0.000000000
  0
SPLINE
  5
DEA
330
A02
100
AcDbEntity
  8
y_lower_sheets
100
AcDbSpline
210
0
220
0
230
1
 70
8
 71
1
 72
4
 73
2
 74
0
 40
3.150000000
 40
3.150000000
 40
4.150000000
 40
4.150000000
 10
294.000000000
 20
193.700000000
 30
0.000000000
 10
294.000000000
 20
192.700000000
 30
0.000000000
  0
SPLINE
  5
DEB
330
A02
100
AcDbEntity
  8
y_lower_sheets
100
AcDbSpline
210
0
220
0
230
1
 70
8
 71
1
 72
4
 73
2
 74
0
 40
11.847531480
 40
11.847531480
 40
24.000000000
 40
24.000000000
 10
306.152468520
 20
192.700000000
 30
0.000000000
 10
294.000000000
 20
192.700000000
 30
0.000000000
  0
SPLINE
  5
DEC
330
A02
100
AcDbEntity
  8
y_lower_sheets
100
AcDbSpline
210
0
220
0
230
1
 70
8
 71
2
 72
6
 73
3
 74
0
 40
-0.608084599
 40
-0.608084599
 40
-0.608084599
 40
-0.478167488
 40
-0.478167488
 40
-0.478167488
 10
307.321327090
 20
190.500000000
 30
0.000000000
 10
306.660273180
 20
191.635387876
 30
0.000000000
 10
306.152468520
 20
192.700000000
 30
0.000000000
  0
SPLINE
  5
DED
330
A02
100
AcDbEntity
  8
y_lower_sheets
100
AcDbSpline
210
0
220
0
230
1
 70
8
 71
1
 72
4
 73
2
 74
0
 40
10.678672910
 40
10.678672910
 40
24.000000000
 40
24.000000000
 10
307.321327090
 20
190.500000000
 30
0.000000000
 10
294.000000000
 20
190.500000000
 30
0.000000000
  0
SPLINE
  5
DEE
330
A02
100
AcDbEntity
  8
y_lower_sheets
100
AcDbSpline
210
0
220
0
230
1
 70
8
 71
1
 72
4
 73
2
 74
0
 40
-5.250000000
 40
-5.250000000
 40
-4.250000000
 40
-4.250000000
 10
294.000000000
 20
189.500000000
 30
0.000000000
 10
294.000000000
 20
190.500000000
 30
0.000000000
  0
SPLINE
  5
DEF
330
A02
100
AcDbEntity
  8
y_lower_sheets
100
AcDbSpline
210
0
220
0
230
1
 70
8
 71
1
 72
4
 73
2
 74
0
 40
5.250000000
 40
5.250000000
 40
6.250000000
 40
6.250000000
 10
294.000000000
 20
189.500000000
 30
0.000000000
 10
294.000000000
 20
188.500000000
 30
0.000000000
  0
SPLINE
  5
DF0
330
A02
100
AcDbEntity
  8
y_lower_sheets
100
AcDbSpline
210
0
220
0
230
1
 70
8
 71
1
 72
4
 73
2
 74
0
 40
9.433097274
 40
9.433097274
 40
24.000000000
 40
24.000000000
 10
308.566902726
 20
188.500000000
 30
0.000000000
 10
294.000000000
 20
188.500000000
 30
0.000000000
  0
SPLINE
  5
DF1
330
A02
100
AcDbEntity
  8
y_lower_sheets
100
AcDbSpline
210
0
220
0
230
1
 70
8
 71
2
 72
6
 73
3
 74
0
 40
-0.825527379
 40
-0.825527379
 40
-0.825527379
 40
-0.718797318
 40
-0.718797318
 40
-0.718797318
 10
310.000000000
 20
186.438657884
 30
0.000000000
 10
309.224465964
 20
187.504975448
 30
0.000000000
 10
308.566902726
 20
188.500000000
 30
0.000000000
  0
SPLINE
  5
DF2
330
A02
100
AcDbEntity
  8
y_lower_sheets
100
AcDbSpline
210
0
220
0
230
1
 70
8
 71
1
 72
4
 73
2
 74
0
 40
-13.700000000
 40
-13.700000000
 40
-13.561342116
 40
-13.561342116
 10
310.000000000
 20
186.300000000
 30
0.000000000
 10
310.000000000
 20
186.438657884
 30
0.000000000
  0
SPLINE
  5
DF3
330
A02
100
AcDbEntity
  8
y_lower_sheets
100
AcDbSpline
210
0
220
0
230
1
 70
8
 71
1
 72
4
 73
2
 74
0
 40
8.000000000
 40
8.000000000
 40
24.000000000
 40
24.000000000
 10
310.000000000
 20
186.300000000
 30
0.000000000
 10
294.000000000
 20
186.300000000
 30
0.000000000
  0
SPLINE
  5
DF4
330
A02
100
AcDbEntity
  8
y_lower_sheets
100
AcDbSpline
210
0
220
0
230
1
 70
8
 71
1
 72
4
 73
2
 74
0
 40
-7.350000000
 40
-7.350000000
 40
-6.350000000
 40
-6.350000000
 10
294.000000000
 20
185.300000000
 30
0.000000000
 10
294.000000000
 20
186.300000000
 30
0.000000000
  0
SPLINE
  5
DF5
330
A02
100
AcDbEntity
  8
y_lower_sheets
100
AcDbSpline
210
0
220
0
230
1
 70
8
 71
1
 72
4
 73
2
 74
0
 40
7.350000000
 40
7.350000000
 40
8.350000000
 40
8.350000000
 10
294.000000000
 20
185.300000000
 30
0.000000000
 10
294.000000000
 20
184.300000000
 30
0.000000000
  0
SPLINE
  5
DF6
330
A02
100
AcDbEntity
  8
y_lower_sheets
100
AcDbSpline
210
0
220
0
230
1
 70
8
 71
1
 72
4
 73
2
 74
0
 40
8.000000000
 40
8.000000000
 40
24.000000000
 40
24.000000000
 10
310.000000000
 20
184.300000000
 30
0.000000000
 10
294.000000000
 20
184.300000000
 30
0.000000000
  0
SPLINE
  5
DF7
330
A02
100
AcDbEntity
  8
y_lower_sheets
100
AcDbSpline
210
0
220
0
230
1
 70
8
 71
1
 72
4
 73
2
 74
0
 40
-17.900000000
 40
-17.900000000
 40
-15.700000000
 40
-15.700000000
 10
310.000000000
 20
182.100000000
 30
0.000000000
 10
310.000000000
 20
184.300000000
 30
0.000000000
  0
SPLINE
  5
DF8
330
A02
100
AcDbEntity
  8
y_lower_sheets
100
AcDbSpline
210
0
220
0
230
1
 70
8
 71
1
 72
4
 73
2
 74
0
 40
8.000000000
 40
8.000000000
 40
24.000000000
 40
24.000000000
 10
310.000000000
 20
182.100000000
 30
0.000000000
 10
294.000000000
 20
182.100000000
 30
0.000000000
  0
SPLINE
  5
DF9
330
A02
100
AcDbEntity
  8
y_lower_sheets
100
AcDbSpline
210
0
220
0
230
1
 70
8
 71
1
 72
4
 73
2
 74
0
 40
-9.450000000
 40
-9.450000000
 40
-8.450000000
 40
-8.450000000
 10
294.000000000
 20
181.100000000
 30
0.000000000
 10
294.000000000
 20
182.100000000
 30
0.000000000
  0
SPLINE
  5
DFA
330
A02
100
AcDbEntity
  8
y_lower_sheets
100
AcDbSpline
210
0
220
0
230
1
 70
8
 71
1
 72
4
 73
2
 74
0
 40
9.450000000
 40
9.450000000
 40
10.450000000
 40
10.450000000
 10
294.000000000
 20
181.100000000
 30
0.000000000
 10
294.000000000
 20
180.100000000
 30
0.000000000
  0
SPLINE
  5
DFB
330
A02
100
AcDbEntity
  8
y_lower_sheets
100
AcDbSpline
210
0
220
0
230
1
 70
8
 71
1
 72
4
 73
2
 74
0
 40
8.000000000
 40
8.000000000
 40
24.000000000
 40
24.000000000
 10
310.000000000
 20
180.100000000
 30
0.000000000
 10
294.000000000
 20
180.100000000
 30
0.000000000
  0
SPLINE
  5
DFC
330
A02
100
AcDbEntity
  8
y_lower_sheets
100
AcDbSpline
210
0
220
0
230
1
 70
8
 71
1
 72
4
 73
2
 74
0
 40
-25.000000000
 40
-25.000000000
 40
-19.900000000
 40
-19.900000000
 10
310.000000000
 20
175.000000000
 30
0.000000000
 10
310.000000000
 20
180.100000000
 30
0.000000000
  0
SPLINE
  5
DFD
330
A02
100
AcDbEntity
  8
y_lower_sheets
100
AcDbSpline
210
0
220
0
230
1
 70
8
 71
1
 72
4
 73
2
 74
0
 40
-16.000000000
 40
-16.000000000
 40
16.000000000
 40
16.000000000
 10
278.000000000
 20
175.000000000
 30
-0.000000000
 10
310.000000000
 20
175.000000000
 30
0.000000000
  0
SPLINE
  5
DFE
330
A02
100
AcDbEntity
  8
y_lower_sheets
100
AcDbSpline
210
0
220
0
230
1
 70
8
 71
1
 72
4
 73
2
 74
0
 40
-37.500000000
 40
-37.500000000
 40
12.500000000
 40
12.500000000
 10
278.000000000
 20
225.000000000
 30
-0.000000000
 10
278.000000000
 20
175.000000000
 30
-0.000000000
  0
SPLINE
  5
DFF
330
A02
100
AcDbEntity
  8
y_lower_sheets
100
AcDbSpline
210
0
220
0
230
1
 70
8
 71
1
 72
4
 73
2
 74
0
 40
-16.000000000
 40
-16.000000000
 40
16.000000000
 40
16.000000000
 10
320.000000000
 20
225.000000000
 30
-0.000000000
 10
352.000000000
 20
225.000000000
 30
0.000000000
  0
SPLINE
  5
E00
330
A02
100
AcDbEntity
  8
y_lower_sheets
100
AcDbSpline
210
0
220
0
230
1
 70
8
 71
1
 72
4
 73
2
 74
0
 40
19.900000000
 40
19.900000000
 40
25.000000000
 40
25.000000000
 10
352.000000000
 20
219.900000000
 30
0.000000000
 10
352.000000000
 20
225.000000000
 30
0.000000000
  0
SPLINE
  5
E01
330
A02
100
AcDbEntity
  8
y_lower_sheets
100
AcDbSpline
210
0
220
0
230
1
 70
8
 71
1
 72
4
 73
2
 74
0
 40
8.000000000
 40
8.000000000
 40
24.000000000
 40
24.000000000
 10
352.000000000
 20
219.900000000
 30
0.000000000
 10
336.000000000
 20
219.900000000
 30
0.000000000
  0
SPLINE
  5
E02
330
A02
100
AcDbEntity
  8
y_lower_sheets
100
AcDbSpline
210
0
220
0
230
1
 70
8
 71
1
 72
4
 73
2
 74
0
 40
9.450000000
 40
9.450000000
 40
10.450000000
 40
10.450000000
 10
336.000000000
 20
218.900000000
 30
0.000000000
 10
336.000000000
 20
219.900000000
 30
0.000000000
  0
SPLINE
  5
E03
330
A02
100
AcDbEntity
  8
y_lower_sheets
100
AcDbSpline
210
0
220
0
230
1
 70
8
 71
1
 72
4
 73
2
 74
0
 40
-9.450000000
 40
-9.450000000
 40
-8.450000000
 40
-8.450000000
 10
336.000000000
 20
218.900000000
 30
0.000000000
 10
336.000000000
 20
217.900000000
 30
0.000000000
  0
SPLINE
  5
E04
330
A02
100
AcDbEntity
  8
y_lower_sheets
100
AcDbSpline
210
0
220
0
230
1
 70
8
 71
1
 72
4
 73
2
 74
0
 40
8.000000000
 40
8.000000000
 40
24.000000000
 40
24.000000000
 10
352.000000000
 20
217.900000000
 30
0.000000000
 10
336.000000000
 20
217.900000000
 30
0.000000000
  0
SPLINE
  5
E05
330
A02
100
AcDbEntity
  8
y_lower_sheets
100
AcDbSpline
210
0
220
0
230
1
 70
8
 71
1
 72
4
 73
2
 74
0
 40
15.700000000
 40
15.700000000
 40
17.900000000
 40
17.900000000
 10
352.000000000
 20
215.700000000
 30
0.000000000
 10
352.000000000
 20
217.900000000
 30
0.000000000
  0
SPLINE
  5
E06
330
A02
100
AcDbEntity
  8
y_lower_sheets
100
AcDbSpline
210
0
220
0
230
1
 70
8
 71
1
 72
4
 73
2
 74
0
 40
8.000000000
 40
8.000000000
 40
24.000000000
 40
24.000000000
 10
352.000000000
 20
215.700000000
 30
0.000000000
 10
336.000000000
 20
215.700000000
 30
0.000000000
  0
SPLINE
  5
E07
330
A02
100
AcDbEntity
  8
y_lower_sheets
100
AcDbSpline
210
0
220
0
230
1
 70
8
 71
1
 72
4
 73
2
 74
0
 40
7.350000000
 40
7.350000000
 40
8.350000000
 40
8.350000000
 10
336.000000000
 20
214.700000000
 30
0.000000000
 10
336.000000000
 20
215.700000000
 30
0.000000000
  0
SPLINE
  5
E08
330
A02
100
AcDbEntity
  8
y_lower_sheets
100
AcDbSpline
210
0
220
0
230
1
 70
8
 71
1
 72
4
 73
2
 74
0
 40
-7.350000000
 40
-7.350000000
 40
-6.350000000
 40
-6.350000000
 10
336.000000000
 20
214.700000000
 30
0.000000000
 10
336.000000000
 20
213.700000000
 30
0.000000000
  0
SPLINE
  5
E09
330
A02
100
AcDbEntity
  8
y_lower_sheets
100
AcDbSpline
210
0
220
0
230
1
 70
8
 71
1
 72
4
 73
2
 74
0
 40
8.000000000
 40
8.000000000
 40
24.000000000
 40
24.000000000
 10
352.000000000
 20
213.700000000
 30
0.000000000
 10
336.000000000
 20
213.700000000
 30
0.000000000
  0
SPLINE
  5
E0A
330
A02
100
AcDbEntity
  8
y_lower_sheets
100
AcDbSpline
210
0
220
0
230
1
 70
8
 71
1
 72
4
 73
2
 74
0
 40
11.500000000
 40
11.500000000
 40
13.700000000
 40
13.700000000
 10
352.000000000
 20
211.500000000
 30
0.000000000
 10
352.000000000
 20
213.700000000
 30
0.000000000
  0
SPLINE
  5
E0B
330
A02
100
AcDbEntity
  8
y_lower_sheets
100
AcDbSpline
210
0
220
0
230
1
 70
8
 71
1
 72
4
 73
2
 74
0
 40
8.000000000
 40
8.000000000
 40
24.000000000
 40
24.000000000
 10
352.000000000
 20
211.500000000
 30
0.000000000
 10
336.000000000
 20
211.500000000
 30
0.000000000
  0
SPLINE
  5
E0C
330
A02
100
AcDbEntity
  8
y_lower_sheets
100
AcDbSpline
210
0
220
0
230
1
 70
8
 71
1
 72
4
 73
2
 74
0
 40
5.250000000
 40
5.250000000
 40
6.250000000
 40
6.250000000
 10
336.000000000
 20
210.500000000
 30
0.000000000
 10
336.000000000
 20
211.500000000
 30
0.000000000
  0
SPLINE
  5
E0D
330
A02
100
AcDbEntity
  8
y_lower_sheets
100
AcDbSpline
210
0
220
0
230
1
 70
8
 71
1
 72
4
 73
2
 74
0
 40
-5.250000000
 40
-5.250000000
 40
-4.250000000
 40
-4.250000000
 10
336.000000000
 20
210.500000000
 30
0.000000000
 10
336.000000000
 20
209.500000000
 30
0.000000000
  0
SPLINE
  5
E0E
330
A02
100
AcDbEntity
  8
y_lower_sheets
100
AcDbSpline
210
0
220
0
230
1
 70
8
 71
1
 72
4
 73
2
 74
0
 40
8.000000000
 40
8.000000000
 40
24.000000000
 40
24.000000000
 10
352.000000000
 20
209.500000000
 30
0.000000000
 10
336.000000000
 20
209.500000000
 30
0.000000000
  0
SPLINE
  5
E0F
330
A02
100
AcDbEntity
  8
y_lower_sheets
100
AcDbSpline
210
0
220
0
230
1
 70
8
 71
1
 72
4
 73
2
 74
0
 40
7.300000000
 40
7.300000000
 40
9.500000000
 40
9.500000000
 10
352.000000000
 20
207.300000000
 30
0.000000000
 10
352.000000000
 20
209.500000000
 30
0.000000000
  0
SPLINE
  5
E10
330
A02
100
AcDbEntity
  8
y_lower_sheets
100
AcDbSpline
210
0
220
0
230
1
 70
8
 71
1
 72
4
 73
2
 74
0
 40
8.000000000
 40
8.000000000
 40
24.000000000
 40
24.000000000
 10
352.000000000
 20
207.300000000
 30
0.000000000
 10
336.000000000
 20
207.300000000
 30
0.000000000
  0
SPLINE
  5
E11
330
A02
100
AcDbEntity
  8
y_lower_sheets
100
AcDbSpline
210
0
220
0
230
1
 70
8
 71
1
 72
4
 73
2
 74
0
 40
3.150000000
 40
3.150000000
 40
4.150000000
 40
4.150000000
 10
336.000000000
 20
206.300000000
 30
0.000000000
 10
336.000000000
 20
207.300000000
 30
0.000000000
  0
SPLINE
  5
E12
330
A02
100
AcDbEntity
  8
y_lower_sheets
100
AcDbSpline
210
0
220
0
230
1
 70
8
 71
1
 72
4
 73
2
 74
0
 40
-3.150000000
 40
-3.150000000
 40
-2.150000000
 40
-2.150000000
 10
336.000000000
 20
206.300000000
 30
0.000000000
 10
336.000000000
 20
205.300000000
 30
0.000000000
  0
SPLINE
  5
E13
330
A02
100
AcDbEntity
  8
y_lower_sheets
100
AcDbSpline
210
0
220
0
230
1
 70
8
 71
1
 72
4
 73
2
 74
0
 40
8.397859873
 40
8.397859873
 40
24.000000000
 40
24.000000000
 10
351.602140127
 20
205.300000000
 30
0.000000000
 10
336.000000000
 20
205.300000000
 30
0.000000000
  0
SPLINE
  5
E14
330
A02
100
AcDbEntity
  8
y_lower_sheets
100
AcDbSpline
210
0
220
0
230
1
 70
8
 71
2
 72
6
 73
3
 74
0
 40
0.163294486
 40
0.163294486
 40
0.163294486
 40
0.276872273
 40
0.276872273
 40
0.276872273
 10
351.091043802
 20
203.100000000
 30
0.000000000
 10
351.279601039
 20
204.186471710
 30
0.000000000
 10
351.602140127
 20
205.300000000
 30
0.000000000
  0
SPLINE
  5
E15
330
A02
100
AcDbEntity
  8
y_lower_sheets
100
AcDbSpline
210
0
220
0
230
1
 70
8
 71
1
 72
4
 73
2
 74
0
 40
8.908956198
 40
8.908956198
 40
24.000000000
 40
24.000000000
 10
351.091043802
 20
203.100000000
 30
0.000000000
 10
336.000000000
 20
203.100000000
 30
0.000000000
  0
SPLINE
  5
E16
330
A02
100
AcDbEntity
  8
y_lower_sheets
100
AcDbSpline
210
0
220
0
230
1
 70
8
 71
1
 72
4
 73
2
 74
0
 40
1.050000000
 40
1.050000000
 40
2.050000000
 40
2.050000000
 10
336.000000000
 20
202.100000000
 30
0.000000000
 10
336.000000000
 20
203.100000000
 30
0.000000000
  0
SPLINE
  5
E17
330
A02
100
AcDbEntity
  8
y_lower_sheets
100
AcDbSpline
210
0
220
0
230
1
 70
8
 71
1
 72
4
 73
2
 74
0
 40
-1.050000000
 40
-1.050000000
 40
-0.050000000
 40
-0.050000000
 10
336.000000000
 20
202.100000000
 30
0.000000000
 10
336.000000000
 20
201.100000000
 30
0.000000000
  0
SPLINE
  5
E18
330
A02
100
AcDbEntity
  8
y_lower_sheets
100
AcDbSpline
210
0
220
0
230
1
 70
8
 71
1
 72
4
 73
2
 74
0
 40
9.145524892
 40
9.145524892
 40
24.000000000
 40
24.000000000
 10
350.854475108
 20
201.100000000
 30
0.000000000
 10
336.000000000
 20
201.100000000
 30
0.000000000
  0
SPLINE
  5
E19
330
A02
100
AcDbEntity
  8
y_lower_sheets
100
AcDbSpline
210
0
220
0
230
1
 70
8
 71
2
 72
6
 73
3
 74
0
 40
-0.058168250
 40
-0.058168250
 40
-0.058168250
 40
0.058168250
 40
0.058168250
 40
0.058168250
 10
350.854475108
 20
198.900000000
 30
0.000000000
 10
350.785857544
 20
200.000000000
 30
0.000000000
 10
350.854475108
 20
201.100000000
 30
0.000000000
  0
SPLINE
  5
E1A
330
A02
100
AcDbEntity
  8
y_lower_sheets
100
AcDbSpline
210
0
220
0
230
1
 70
8
 71
1
 72
4
 73
2
 74
0
 40
9.145524892
 40
9.145524892
 40
24.000000000
 40
24.000000000
 10
350.854475108
 20
198.900000000
 30
0.000000000
 10
336.000000000
 20
198.900000000
 30
0.000000000
  0
SPLINE
  5
E1B
330
A02
100
AcDbEntity
  8
y_lower_sheets
100
AcDbSpline
210
0
220
0
230
1
 70
8
 71
1
 72
4
 73
2
 74
0
 40
-1.050000000
 40
-1.050000000
 40
-0.050000000
 40
-0.050000000
 10
336.000000000
 20
197.900000000
 30
0.000000000
 10
336.000000000
 20
198.900000000
 30
0.000000000
  0
SPLINE
  5
E1C
330
A02
100
AcDbEntity
  8
y_lower_sheets
100
AcDbSpline
210
0
220
0
230
1
 70
8
 71
1
 72
4
 73
2
 74
0
 40
1.050000000
 40
1.050000000
 40
2.050000000
 40
2.050000000
 10
336.000000000
 20
197.900000000
 30
0.000000000
 10
336.000000000
 20
196.900000000
 30
0.000000000
  0
SPLINE
  5
E1D
330
A02
100
AcDbEntity
  8
y_lower_sheets
100
AcDbSpline
210
0
220
0
230
1
 70
8
 71
1
 72
4
 73
2
 74
0
 40
8.908956198
 40
8.908956198
 40
24.000000000
 40
24.000000000
 10
351.091043802
 20
196.900000000
 30
0.000000000
 10
336.000000000
 20
196.900000000
 30
0.000000000
  0
SPLINE
  5
E1E
330
A02
100
AcDbEntity
  8
y_lower_sheets
100
AcDbSpline
210
0
220
0
230
1
 70
8
 71
2
 72
6
 73
3
 74
0
 40
-0.276872273
 40
-0.276872273
 40
-0.276872273
 40
-0.163294486
 40
-0.163294486
 40
-0.163294486
 10
351.602140127
 20
194.700000000
 30
0.000000000
 10
351.279601039
 20
195.813528290
 30
0.000000000
 10
351.091043802
 20
196.900000000
 30
0.000000000
  0
SPLINE
  5
E1F
330
A02
100
AcDbEntity
  8
y_lower_sheets
100
AcDbSpline
210
0
220
0
230
1
 70
8
 71
1
 72
4
 73
2
 74
0
 40
8.397859873
 40
8.397859873
 40
24.000000000
 40
24.000000000
 10
351.602140127
 20
194.700000000
 30
0.000000000
 10
336.000000000
 20
194.700000000
 30
0.000000000
  0
SPLINE
  5
E20
330
A02
100
AcDbEntity
  8
y_lower_sheets
100
AcDbSpline
210
0
220
0
230
1
 70
8
 71
1
 72
4
 73
2
 74
0
 40
-3.150000000
 40
-3.150000000
 40
-2.150000000
 40
-2.150000000
 10
336.000000000
 20
193.700000000
 30
0.000000000
 10
336.000000000
 20
194.700000000
 30
0.000000000
  0
SPLINE
  5
E21
330
A02
100
AcDbEntity
  8
y_lower_sheets
100
AcDbSpline
210
0
220
0
230
1
 70
8
 71
1
 72
4
 73
2
 74
0
 40
3.150000000
 40
3.150000000
 40
4.150000000
 40
4.150000000
 10
336.000000000
 20
193.700000000
 30
0.000000000
 10
336.000000000
 20
192.700000000
 30
0.000000000
  0
SPLINE
  5
E22
330
A02
100
AcDbEntity
  8
y_lower_sheets
100
AcDbSpline
210
0
220
0
230
1
 70
8
 71
1
 72
4
 73
2
 74
0
 40
8.000000000
 40
8.000000000
 40
24.000000000
 40
24.000000000
 10
352.000000000
 20
192.700000000
 30
0.000000000
 10
336.000000000
 20
192.700000000
 30
0.000000000
  0
SPLINE
  5
E23
330
A02
100
AcDbEntity
  8
y_lower_sheets
100
AcDbSpline
210
0
220
0
230
1
 70
8
 71
1
 72
4
 73
2
 74
0
 40
-9.500000000
 40
-9.500000000
 40
-7.300000000
 40
-7.300000000
 10
352.000000000
 20
190.500000000
 30
0.000000000
 10
352.000000000
 20
192.700000000
 30
0.000000000
  0
SPLINE
  5
E24
330
A02
100
AcDbEntity
  8
y_lower_sheets
100
AcDbSpline
210
0
220
0
230
1
 70
8
 71
1
 72
4
 73
2
 74
0
 40
8.000000000
 40
8.000000000
 40
24.000000000
 40
24.000000000
 10
352.000000000
 20
190.500000000
 30
0.000000000
 10
336.000000000
 20
190.500000000
 30
0.000000000
  0
SPLINE
  5
E25
330
A02
100
AcDbEntity
  8
y_lower_sheets
100
AcDbSpline
210
0
220
0
230
1
 70
8
 71
1
 72
4
 73
2
 74
0
 40
-5.250000000
 40
-5.250000000
 40
-4.250000000
 40
-4.250000000
 10
336.000000000
 20
189.500000000
 30
0.000000000
 10
336.000000000
 20
190.500000000
 30
0.000000000
  0
SPLINE
  5
E26
330
A02
100
AcDbEntity
  8
y_lower_sheets
100
AcDbSpline
210
0
220
0
230
1
 70
8
 71
1
 72
4
 73
2
 74
0
 40
5.250000000
 40
5.250000000
 40
6.250000000
 40
6.250000000
 10
336.000000000
 20
189.500000000
 30
0.000000000
 10
336.000000000
 20
188.500000000
 30
0.000000000
  0
SPLINE
  5
E27
330
A02
100
AcDbEntity
  8
y_lower_sheets
100
AcDbSpline
210
0
220
0
230
1
 70
8
 71
1
 72
4
 73
2
 74
0
 40
8.000000000
 40
8.000000000
 40
24.000000000
 40
24.000000000
 10
352.000000000
 20
188.500000000
 30
0.000000000
 10
336.000000000
 20
188.500000000
 30
0.000000000
  0
SPLINE
  5
E28
330
A02
100
AcDbEntity
  8
y_lower_sheets
100
AcDbSpline
210
0
220
0
230
1
 70
8
 71
1
 72
4
 73
2
 74
0
 40
-13.700000000
 40
-13.700000000
 40
-11.500000000
 40
-11.500000000
 10
352.000000000
 20
186.300000000
 30
0.000000000
 10
352.000000000
 20
188.500000000
 30
0.000000000
  0
SPLINE
  5
E29
330
A02
100
AcDbEntity
  8
y_lower_sheets
100
AcDbSpline
210
0
220
0
230
1
 70
8
 71
1
 72
4
 73
2
 74
0
 40
8.000000000
 40
8.000000000
 40
24.000000000
 40
24.000000000
 10
352.000000000
 20
186.300000000
 30
0.000000000
 10
336.000000000
 20
186.300000000
 30
0.000000000
  0
SPLINE
  5
E2A
330
A02
100
AcDbEntity
  8
y_lower_sheets
100
AcDbSpline
210
0
220
0
230
1
 70
8
 71
1
 72
4
 73
2
 74
0
 40
-7.350000000
 40
-7.350000000
 40
-6.350000000
 40
-6.350000000
 10
336.000000000
 20
185.300000000
 30
0.000000000
 10
336.000000000
 20
186.300000000
 30
0.000000000
  0
SPLINE
  5
E2B
330
A02
100
AcDbEntity
  8
y_lower_sheets
100
AcDbSpline
210
0
220
0
230
1
 70
8
 71
1
 72
4
 73
2
 74
0
 40
7.350000000
 40
7.350000000
 40
8.350000000
 40
8.350000000
 10
336.000000000
 20
185.300000000
 30
0.000000000
 10
336.000000000
 20
184.300000000
 30
0.000000000
  0
SPLINE
  5
E2C
330
A02
100
AcDbEntity
  8
y_lower_sheets
100
AcDbSpline
210
0
220
0
230
1
 70
8
 71
1
 72
4
 73
2
 74
0
 40
8.000000000
 40
8.000000000
 40
24.000000000
 40
24.000000000
 10
352.000000000
 20
184.300000000
 30
0.000000000
 10
336.000000000
 20
184.300000000
 30
0.000000000
  0
SPLINE
  5
E2D
330
A02
100
AcDbEntity
  8
y_lower_sheets
100
AcDbSpline
210
0
220
0
230
1
 70
8
 71
1
 72
4
 73
2
 74
0
 40
-17.900000000
 40
-17.900000000
 40
-15.700000000
 40
-15.700000000
 10
352.000000000
 20
182.100000000
 30
0.000000000
 10
352.000000000
 20
184.300000000
 30
0.000000000
  0
SPLINE
  5
E2E
330
A02
100
AcDbEntity
  8
y_lower_sheets
100
AcDbSpline
210
0
220
0
230
1
 70
8
 71
1
 72
4
 73
2
 74
0
 40
8.000000000
 40
8.000000000
 40
24.000000000
 40
24.000000000
 10
352.000000000
 20
182.100000000
 30
0.000000000
 10
336.000000000
 20
182.100000000
 30
0.000000000
  0
SPLINE
  5
E2F
330
A02
100
AcDbEntity
  8
y_lower_sheets
100
AcDbSpline
210
0
220
0
230
1
 70
8
 71
1
 72
4
 73
2
 74
0
 40
-9.450000000
 40
-9.450000000
 40
-8.450000000
 40
-8.450000000
 10
336.000000000
 20
181.100000000
 30
0.000000000
 10
336.000000000
 20
182.100000000
 30
0.000000000
  0
SPLINE
  5
E30
330
A02
100
AcDbEntity
  8
y_lower_sheets
100
AcDbSpline
210
0
220
0
230
1
 70
8
 71
1
 72
4
 73
2
 74
0
 40
9.450000000
 40
9.450000000
 40
10.450000000
 40
10.450000000
 10
336.000000000
 20
181.100000000
 30
0.000000000
 10
336.000000000
 20
180.100000000
 30
0.000000000
  0
SPLINE
  5
E31
330
A02
100
AcDbEntity
  8
y_lower_sheets
100
AcDbSpline
210
0
220
0
230
1
 70
8
 71
1
 72
4
 73
2
 74
0
 40
8.000000000
 40
8.000000000
 40
24.000000000
 40
24.000000000
 10
352.000000000
 20
180.100000000
 30
0.000000000
 10
336.000000000
 20
180.100000000
 30
0.000000000
  0
SPLINE
  5
E32
330
A02
100
AcDbEntity
  8
y_lower_sheets
100
AcDbSpline
210
0
220
0
230
1
 70
8
 71
1
 72
4
 73
2
 74
0
 40
-25.000000000
 40
-25.000000000
 40
-19.900000000
 40
-19.900000000
 10
352.000000000
 20
175.000000000
 30
0.000000000
 10
352.000000000
 20
180.100000000
 30
0.000000000
  0
SPLINE
  5
E33
330
A02
100
AcDbEntity
  8
y_lower_sheets
100
AcDbSpline
210
0
220
0
230
1
 70
8
 71
1
 72
4
 73
2
 74
0
 40
-16.000000000
 40
-16.000000000
 40
16.000000000
 40
16.000000000
 10
320.000000000
 20
175.000000000
 30
-0.000000000
 10
352.000000000
 20
175.000000000
 30
0.000000000
  0
SPLINE
  5
E34
330
A02
100
AcDbEntity
  8
y_lower_sheets
100
AcDbSpline
210
0
220
0
230
1
 70
8
 71
1
 72
4
 73
2
 74
0
 40
-37.500000000
 40
-37.500000000
 40
12.500000000
 40
12.500000000
 10
320.000000000
 20
225.000000000
 30
-0.000000000
 10
320.000000000
 20
175.000000000
 30
-0.000000000
  0
SPLINE
  5
E35
330
A02
100
AcDbEntity
  8
y_lower_sheets
100
AcDbSpline
210
0
220
0
230
1
 70
8
 71
1
 72
4
 73
2
 74
0
 40
-16.000000000
 40
-16.000000000
 40
16.000000000
 40
16.000000000
 10
362.000000000
 20
225.000000000
 30
-0.000000000
 10
394.000000000
 20
225.000000000
 30
0.000000000
  0
SPLINE
  5
E36
330
A02
100
AcDbEntity
  8
y_lower_sheets
100
AcDbSpline
210
0
220
0
230
1
 70
8
 71
1
 72
4
 73
2
 74
0
 40
19.900000000
 40
19.900000000
 40
25.000000000
 40
25.000000000
 10
394.000000000
 20
219.900000000
 30
0.000000000
 10
394.000000000
 20
225.000000000
 30
0.000000000
  0
SPLINE
  5
E37
330
A02
100
AcDbEntity
  8
y_lower_sheets
100
AcDbSpline
210
0
220
0
230
1
 70
8
 71
1
 72
4
 73
2
 74
0
 40
8.000000000
 40
8.000000000
 40
24.000000000
 40
24.000000000
 10
394.000000000
 20
219.900000000
 30
0.000000000
 10
378.000000000
 20
219.900000000
 30
0.000000000
  0
SPLINE
  5
E38
330
A02
100
AcDbEntity
  8
y_lower_sheets
100
AcDbSpline
210
0
220
0
230
1
 70
8
 71
1
 72
4
 73
2
 74
0
 40
9.450000000
 40
9.450000000
 40
10.450000000
 40
10.450000000
 10
378.000000000
 20
218.900000000
 30
0.000000000
 10
378.000000000
 20
219.900000000
 30
0.000000000
  0
SPLINE
  5
E39
330
A02
100
AcDbEntity
  8
y_lower_sheets
100
AcDbSpline
210
0
220
0
230
1
 70
8
 71
1
 72
4
 73
2
 74
0
 40
-9.450000000
 40
-9.450000000
 40
-8.450000000
 40
-8.450000000
 10
378.000000000
 20
218.900000000
 30
0.000000000
 10
378.000000000
 20
217.900000000
 30
0.000000000
  0
SPLINE
  5
E3A
330
A02
100
AcDbEntity
  8
y_lower_sheets
100
AcDbSpline
210
0
220
0
230
1
 70
8
 71
1
 72
4
 73
2
 74
0
 40
8.000000000
 40
8.000000000
 40
24.000000000
 40
24.000000000
 10
394.000000000
 20
217.900000000
 30
0.000000000
 10
378.000000000
 20
217.900000000
 30
0.000000000
  0
SPLINE
  5
E3B
330
A02
100
AcDbEntity
  8
y_lower_sheets
100
AcDbSpline
210
0
220
0
230
1
 70
8
 71
1
 72
4
 73
2
 74
0
 40
15.700000000
 40
15.700000000
 40
17.900000000
 40
17.900000000
 10
394.000000000
 20
215.700000000
 30
0.000000000
 10
394.000000000
 20
217.900000000
 30
0.000000000
  0
SPLINE
  5
E3C
330
A02
100
AcDbEntity
  8
y_lower_sheets
100
AcDbSpline
210
0
220
0
230
1
 70
8
 71
1
 72
4
 73
2
 74
0
 40
8.000000000
 40
8.000000000
 40
24.000000000
 40
24.000000000
 10
394.000000000
 20
215.700000000
 30
0.000000000
 10
378.000000000
 20
215.700000000
 30
0.000000000
  0
SPLINE
  5
E3D
330
A02
100
AcDbEntity
  8
y_lower_sheets
100
AcDbSpline
210
0
220
0
230
1
 70
8
 71
1
 72
4
 73
2
 74
0
 40
7.350000000
 40
7.350000000
 40
8.350000000
 40
8.350000000
 10
378.000000000
 20
214.700000000
 30
0.000000000
 10
378.000000000
 20
215.700000000
 30
0.000000000
  0
SPLINE
  5
E3E
330
A02
100
AcDbEntity
  8
y_lower_sheets
100
AcDbSpline
210
0
220
0
230
1
 70
8
 71
1
 72
4
 73
2
 74
0
 40
-7.350000000
 40
-7.350000000
 40
-6.350000000
 40
-6.350000000
 10
378.000000000
 20
214.700000000
 30
0.000000000
 10
378.000000000
 20
213.700000000
 30
0.000000000
  0
SPLINE
  5
E3F
330
A02
100
AcDbEntity
  8
y_lower_sheets
100
AcDbSpline
210
0
220
0
230
1
 70
8
 71
1
 72
4
 73
2
 74
0
 40
8.000000000
 40
8.000000000
 40
24.000000000
 40
24.000000000
 10
394.000000000
 20
213.700000000
 30
0.000000000
 10
378.000000000
 20
213.700000000
 30
0.000000000
  0
SPLINE
  5
E40
330
A02
100
AcDbEntity
  8
y_lower_sheets
100
AcDbSpline
210
0
220
0
230
1
 70
8
 71
1
 72
4
 73
2
 74
0
 40
11.500000000
 40
11.500000000
 40
13.700000000
 40
13.700000000
 10
394.000000000
 20
211.500000000
 30
0.000000000
 10
394.000000000
 20
213.700000000
 30
0.000000000
  0
SPLINE
  5
E41
330
A02
100
AcDbEntity
  8
y_lower_sheets
100
AcDbSpline
210
0
220
0
230
1
 70
8
 71
1
 72
4
 73
2
 74
0
 40
8.000000000
 40
8.000000000
 40
24.000000000
 40
24.000000000
 10
394.000000000
 20
211.500000000
 30
0.000000000
 10
378.000000000
 20
211.500000000
 30
0.000000000
  0
SPLINE
  5
E42
330
A02
100
AcDbEntity
  8
y_lower_sheets
100
AcDbSpline
210
0
220
0
230
1
 70
8
 71
1
 72
4
 73
2
 74
0
 40
5.250000000
 40
5.250000000
 40
6.250000000
 40
6.250000000
 10
378.000000000
 20
210.500000000
 30
0.000000000
 10
378.000000000
 20
211.500000000
 30
0.000000000
  0
SPLINE
  5
E43
330
A02
100
AcDbEntity
  8
y_lower_sheets
100
AcDbSpline
210
0
220
0
230
1
 70
8
 71
1
 72
4
 73
2
 74
0
 40
-5.250000000
 40
-5.250000000
 40
-4.250000000
 40
-4.250000000
 10
378.000000000
 20
210.500000000
 30
0.000000000
 10
378.000000000
 20
209.500000000
 30
0.000000000
  0
SPLINE
  5
E44
330
A02
100
AcDbEntity
  8
y_lower_sheets
100
AcDbSpline
210
0
220
0
230
1
 70
8
 71
1
 72
4
 73
2
 74
0
 40
8.000000000
 40
8.000000000
 40
24.000000000
 40
24.000000000
 10
394.000000000
 20
209.500000000
 30
0.000000000
 10
378.000000000
 20
209.500000000
 30
0.000000000
  0
SPLINE
  5
E45
330
A02
100
AcDbEntity
  8
y_lower_sheets
100
AcDbSpline
210
0
220
0
230
1
 70
8
 71
1
 72
4
 73
2
 74
0
 40
7.300000000
 40
7.300000000
 40
9.500000000
 40
9.500000000
 10
394.000000000
 20
207.300000000
 30
0.000000000
 10
394.000000000
 20
209.500000000
 30
0.000000000
  0
SPLINE
  5
E46
330
A02
100
AcDbEntity
  8
y_lower_sheets
100
AcDbSpline
210
0
220
0
230
1
 70
8
 71
1
 72
4
 73
2
 74
0
 40
8.000000000
 40
8.000000000
 40
24.000000000
 40
24.000000000
 10
394.000000000
 20
207.300000000
 30
0.000000000
 10
378.000000000
 20
207.300000000
 30
0.000000000
  0
SPLINE
  5
E47
330
A02
100
AcDbEntity
  8
y_lower_sheets
100
AcDbSpline
210
0
220
0
230
1
 70
8
 71
1
 72
4
 73
2
 74
0
 40
3.150000000
 40
3.150000000
 40
4.150000000
 40
4.150000000
 10
378.000000000
 20
206.300000000
 30
0.000000000
 10
378.000000000
 20
207.300000000
 30
0.000000000
  0
SPLINE
  5
E48
330
A02
100
AcDbEntity
  8
y_lower_sheets
100
AcDbSpline
210
0
220
0
230
1
 70
8
 71
1
 72
4
 73
2
 74
0
 40
-3.150000000
 40
-3.150000000
 40
-2.150000000
 40
-2.150000000
 10
378.000000000
 20
206.300000000
 30
0.000000000
 10
378.000000000
 20
205.300000000
 30
0.000000000
  0
SPLINE
  5
E49
330
A02
100
AcDbEntity
  8
y_lower_sheets
100
AcDbSpline
210
0
220
0
230
1
 70
8
 71
1
 72
4
 73
2
 74
0
 40
8.397859873
 40
8.397859873
 40
24.000000000
 40
24.000000000
 10
393.602140127
 20
205.300000000
 30
0.000000000
 10
378.000000000
 20
205.300000000
 30
0.000000000
  0
SPLINE
  5
E4A
330
A02
100
AcDbEntity
  8
y_lower_sheets
100
AcDbSpline
210
0
220
0
230
1
 70
8
 71
2
 72
6
 73
3
 74
0
 40
0.163294486
 40
0.163294486
 40
0.163294486
 40
0.276872273
 40
0.276872273
 40
0.276872273
 10
393.091043802
 20
203.100000000
 30
0.000000000
 10
393.279601039
 20
204.186471710
 30
0.000000000
 10
393.602140127
 20
205.300000000
 30
0.000000000
  0
SPLINE
  5
E4B
330
A02
100
AcDbEntity
  8
y_lower_sheets
100
AcDbSpline
210
0
220
0
230
1
 70
8
 71
1
 72
4
 73
2
 74
0
 40
8.908956198
 40
8.908956198
 40
24.000000000
 40
24.000000000
 10
393.091043802
 20
203.100000000
 30
0.000000000
 10
378.000000000
 20
203.100000000
 30
0.000000000
  0
SPLINE
  5
E4C
330
A02
100
AcDbEntity
  8
y_lower_sheets
100
AcDbSpline
210
0
220
0
230
1
 70
8
 71
1
 72
4
 73
2
 74
0
 40
1.050000000
 40
1.050000000
 40
2.050000000
 40
2.050000000
 10
378.000000000
 20
202.100000000
 30
0.000000000
 10
378.000000000
 20
203.100000000
 30
0.000000000
  0
SPLINE
  5
E4D
330
A02
100
AcDbEntity
  8
y_lower_sheets
100
AcDbSpline
210
0
220
0
230
1
 70
8
 71
1
 72
4
 73
2
 74
0
 40
-1.050000000
 40
-1.050000000
 40
-0.050000000
 40
-0.050000000
 10
378.000000000
 20
202.100000000
 30
0.000000000
 10
378.000000000
 20
201.100000000
 30
0.000000000
  0
SPLINE
  5
E4E
330
A02
100
AcDbEntity
  8
y_lower_sheets
100
AcDbSpline
210
0
220
0
230
1
 70
8
 71
1
 72
4
 73
2
 74
0
 40
9.145524892
 40
9.145524892
 40
24.000000000
 40
24.000000000
 10
392.854475108
 20
201.100000000
 30
0.000000000
 10
378.000000000
 20
201.100000000
 30
0.000000000
  0
SPLINE
  5
E4F
330
A02
100
AcDbEntity
  8
y_lower_sheets
100
AcDbSpline
210
0
220
0
230
1
 70
8
 71
2
 72
6
 73
3
 74
0
 40
-0.058168250
 40
-0.058168250
 40
-0.058168250
 40
0.058168250
 40
0.058168250
 40
0.058168250
 10
392.854475108
 20
198.900000000
 30
0.000000000
 10
392.785857544
 20
200.000000000
 30
0.000000000
 10
392.854475108
 20
201.100000000
 30
0.000000000
  0
SPLINE
  5
E50
330
A02
100
AcDbEntity
  8
y_lower_sheets
100
AcDbSpline
210
0
220
0
230
1
 70
8
 71
1
 72
4
 73
2
 74
0
 40
9.145524892
 40
9.145524892
 40
24.000000000
 40
24.000000000
 10
392.854475108
 20
198.900000000
 30
0.000000000
 10
378.000000000
 20
198.900000000
 30
0.000000000
  0
SPLINE
  5
E51
330
A02
100
AcDbEntity
  8
y_lower_sheets
100
AcDbSpline
210
0
220
0
230
1
 70
8
 71
1
 72
4
 73
2
 74
0
 40
-1.050000000
 40
-1.050000000
 40
-0.050000000
 40
-0.050000000
 10
378.000000000
 20
197.900000000
 30
0.000000000
 10
378.000000000
 20
198.900000000
 30
0.000000000
  0
SPLINE
  5
E52
330
A02
100
AcDbEntity
  8
y_lower_sheets
100
AcDbSpline
210
0
220
0
230
1
 70
8
 71
1
 72
4
 73
2
 74
0
 40
1.050000000
 40
1.050000000
 40
2.050000000
 40
2.050000000
 10
378.000000000
 20
197.900000000
 30
0.000000000
 10
378.000000000
 20
196.900000000
 30
0.000000000
  0
SPLINE
  5
E53
330
A02
100
AcDbEntity
  8
y_lower_sheets
100
AcDbSpline
210
0
220
0
230
1
 70
8
 71
1
 72
4
 73
2
 74
0
 40
8.908956198
 40
8.908956198
 40
24.000000000
 40
24.000000000
 10
393.091043802
 20
196.900000000
 30
0.000000000
 10
378.000000000
 20
196.900000000
 30
0.000000000
  0
SPLINE
  5
E54
330
A02
100
AcDbEntity
  8
y_lower_sheets
100
AcDbSpline
210
0
220
0
230
1
 70
8
 71
2
 72
6
 73
3
 74
0
 40
-0.276872273
 40
-0.276872273
 40
-0.276872273
 40
-0.163294486
 40
-0.163294486
 40
-0.163294486
 10
393.602140127
 20
194.700000000
 30
0.000000000
 10
393.279601039
 20
195.813528290
 30
0.000000000
 10
393.091043802
 20
196.900000000
 30
0.000000000
  0
SPLINE
  5
E55
330
A02
100
AcDbEntity
  8
y_lower_sheets
100
AcDbSpline
210
0
220
0
230
1
 70
8
 71
1
 72
4
 73
2
 74
0
 40
8.397859873
 40
8.397859873
 40
24.000000000
 40
24.000000000
 10
393.602140127
 20
194.700000000
 30
0.000000000
 10
378.000000000
 20
194.700000000
 30
0.000000000
  0
SPLINE
  5
E56
330
A02
100
AcDbEntity
  8
y_lower_sheets
100
AcDbSpline
210
0
220
0
230
1
 70
8
 71
1
 72
4
 73
2
 74
0
 40
-3.150000000
 40
-3.150000000
 40
-2.150000000
 40
-2.150000000
 10
378.000000000
 20
193.700000000
 30
0.000000000
 10
378.000000000
 20
194.700000000
 30
0.000000000
  0
SPLINE
  5
E57
330
A02
100
AcDbEntity
  8
y_lower_sheets
100
AcDbSpline
210
0
220
0
230
1
 70
8
 71
1
 72
4
 73
2
 74
0
 40
3.150000000
 40
3.150000000
 40
4.150000000
 40
4.150000000
 10
378.000000000
 20
193.700000000
 30
0.000000000
 10
378.000000000
 20
192.700000000
 30
0.000000000
  0
SPLINE
  5
E58
330
A02
100
AcDbEntity
  8
y_lower_sheets
100
AcDbSpline
210
0
220
0
230
1
 70
8
 71
1
 72
4
 73
2
 74
0
 40
8.000000000
 40
8.000000000
 40
24.000000000
 40
24.000000000
 10
394.000000000
 20
192.700000000
 30
0.000000000
 10
378.000000000
 20
192.700000000
 30
0.000000000
  0
SPLINE
  5
E59
330
A02
100
AcDbEntity
  8
y_lower_sheets
100
AcDbSpline
210
0
220
0
230
1
 70
8
 71
1
 72
4
 73
2
 74
0
 40
-9.500000000
 40
-9.500000000
 40
-7.300000000
 40
-7.300000000
 10
394.000000000
 20
190.500000000
 30
0.000000000
 10
394.000000000
 20
192.700000000
 30
0.000000000
  0
SPLINE
  5
E5A
330
A02
100
AcDbEntity
  8
y_lower_sheets
100
AcDbSpline
210
0
220
0
230
1
 70
8
 71
1
 72
4
 73
2
 74
0
 40
8.000000000
 40
8.000000000
 40
24.000000000
 40
24.000000000
 10
394.000000000
 20
190.500000000
 30
0.000000000
 10
378.000000000
 20
190.500000000
 30
0.000000000
  0
SPLINE
  5
E5B
330
A02
100
AcDbEntity
  8
y_lower_sheets
100
AcDbSpline
210
0
220
0
230
1
 70
8
 71
1
 72
4
 73
2
 74
0
 40
-5.250000000
 40
-5.250000000
 40
-4.250000000
 40
-4.250000000
 10
378.000000000
 20
189.500000000
 30
0.000000000
 10
378.000000000
 20
190.500000000
 30
0.000000000
  0
SPLINE
  5
E5C
330
A02
100
AcDbEntity
  8
y_lower_sheets
100
AcDbSpline
210
0
220
0
230
1
 70
8
 71
1
 72
4
 73
2
 74
0
 40
5.250000000
 40
5.250000000
 40
6.250000000
 40
6.250000000
 10
378.000000000
 20
189.500000000
 30
0.000000000
 10
378.000000000
 20
188.500000000
 30
0.000000000
  0
SPLINE
  5
E5D
330
A02
100
AcDbEntity
  8
y_lower_sheets
100
AcDbSpline
210
0
220
0
230
1
 70
8
 71
1
 72
4
 73
2
 74
0
 40
8.000000000
 40
8.000000000
 40
24.000000000
 40
24.000000000
 10
394.000000000
 20
188.500000000
 30
0.000000000
 10
378.000000000
 20
188.500000000
 30
0.000000000
  0
SPLINE
  5
E5E
330
A02
100
AcDbEntity
  8
y_lower_sheets
100
AcDbSpline
210
0
220
0
230
1
 70
8
 71
1
 72
4
 73
2
 74
0
 40
-13.700000000
 40
-13.700000000
 40
-11.500000000
 40
-11.500000000
 10
394.000000000
 20
186.300000000
 30
0.000000000
 10
394.000000000
 20
188.500000000
 30
0.000000000
  0
SPLINE
  5
E5F
330
A02
100
AcDbEntity
  8
y_lower_sheets
100
AcDbSpline
210
0
220
0
230
1
 70
8
 71
1
 72
4
 73
2
 74
0
 40
8.000000000
 40
8.000000000
 40
24.000000000
 40
24.000000000
 10
394.000000000
 20
186.300000000
 30
0.000000000
 10
378.000000000
 20
186.300000000
 30
0.000000000
  0
SPLINE
  5
E60
330
A02
100
AcDbEntity
  8
y_lower_sheets
100
AcDbSpline
210
0
220
0
230
1
 70
8
 71
1
 72
4
 73
2
 74
0
 40
-7.350000000
 40
-7.350000000
 40
-6.350000000
 40
-6.350000000
 10
378.000000000
 20
185.300000000
 30
0.000000000
 10
378.000000000
 20
186.300000000
 30
0.000000000
  0
SPLINE
  5
E61
330
A02
100
AcDbEntity
  8
y_lower_sheets
100
AcDbSpline
210
0
220
0
230
1
 70
8
 71
1
 72
4
 73
2
 74
0
 40
7.350000000
 40
7.350000000
 40
8.350000000
 40
8.350000000
 10
378.000000000
 20
185.300000000
 30
0.000000000
 10
378.000000000
 20
184.300000000
 30
0.000000000
  0
SPLINE
  5
E62
330
A02
100
AcDbEntity
  8
y_lower_sheets
100
AcDbSpline
210
0
220
0
230
1
 70
8
 71
1
 72
4
 73
2
 74
0
 40
8.000000000
 40
8.000000000
 40
24.000000000
 40
24.000000000
 10
394.000000000
 20
184.300000000
 30
0.000000000
 10
378.000000000
 20
184.300000000
 30
0.000000000
  0
SPLINE
  5
E63
330
A02
100
AcDbEntity
  8
y_lower_sheets
100
AcDbSpline
210
0
220
0
230
1
 70
8
 71
1
 72
4
 73
2
 74
0
 40
-17.900000000
 40
-17.900000000
 40
-15.700000000
 40
-15.700000000
 10
394.000000000
 20
182.100000000
 30
0.000000000
 10
394.000000000
 20
184.300000000
 30
0.000000000
  0
SPLINE
  5
E64
330
A02
100
AcDbEntity
  8
y_lower_sheets
100
AcDbSpline
210
0
220
0
230
1
 70
8
 71
1
 72
4
 73
2
 74
0
 40
8.000000000
 40
8.000000000
 40
24.000000000
 40
24.000000000
 10
394.000000000
 20
182.100000000
 30
0.000000000
 10
378.000000000
 20
182.100000000
 30
0.000000000
  0
SPLINE
  5
E65
330
A02
100
AcDbEntity
  8
y_lower_sheets
100
AcDbSpline
210
0
220
0
230
1
 70
8
 71
1
 72
4
 73
2
 74
0
 40
-9.450000000
 40
-9.450000000
 40
-8.450000000
 40
-8.450000000
 10
378.000000000
 20
181.100000000
 30
0.000000000
 10
378.000000000
 20
182.100000000
 30
0.000000000
  0
SPLINE
  5
E66
330
A02
100
AcDbEntity
  8
y_lower_sheets
100
AcDbSpline
210
0
220
0
230
1
 70
8
 71
1
 72
4
 73
2
 74
0
 40
9.450000000
 40
9.450000000
 40
10.450000000
 40
10.450000000
 10
378.000000000
 20
181.100000000
 30
0.000000000
 10
378.000000000
 20
180.100000000
 30
0.000000000
  0
SPLINE
  5
E67
330
A02
100
AcDbEntity
  8
y_lower_sheets
100
AcDbSpline
210
0
220
0
230
1
 70
8
 71
1
 72
4
 73
2
 74
0
 40
8.000000000
 40
8.000000000
 40
24.000000000
 40
24.000000000
 10
394.000000000
 20
180.100000000
 30
0.000000000
 10
378.000000000
 20
180.100000000
 30
0.000000000
  0
SPLINE
  5
E68
330
A02
100
AcDbEntity
  8
y_lower_sheets
100
AcDbSpline
210
0
220
0
230
1
 70
8
 71
1
 72
4
 73
2
 74
0
 40
-25.000000000
 40
-25.000000000
 40
-19.900000000
 40
-19.900000000
 10
394.000000000
 20
175.000000000
 30
0.000000000
 10
394.000000000
 20
180.100000000
 30
0.000000000
  0
SPLINE
  5
E69
330
A02
100
AcDbEntity
  8
y_lower_sheets
100
AcDbSpline
210
0
220
0
230
1
 70
8
 71
1
 72
4
 73
2
 74
0
 40
-16.000000000
 40
-16.000000000
 40
16.000000000
 40
16.000000000
 10
362.000000000
 20
175.000000000
 30
-0.000000000
 10
394.000000000
 20
175.000000000
 30
0.000000000
  0
SPLINE
  5
E6A
330
A02
100
AcDbEntity
  8
y_lower_sheets
100
AcDbSpline
210
0
220
0
230
1
 70
8
 71
1
 72
4
 73
2
 74
0
 40
-37.500000000
 40
-37.500000000
 40
12.500000000
 40
12.500000000
 10
362.000000000
 20
225.000000000
 30
-0.000000000
 10
362.000000000
 20
175.000000000
 30
-0.000000000
  0
SPLINE
  5
E6B
330
A02
100
AcDbEntity
  8
x_upper_sheets
100
AcDbSpline
210
0
220
0
230
1
 70
8
 71
1
 72
4
 73
2
 74
0
 40
-12.500000000
 40
-12.500000000
 40
-7.400000000
 40
-7.400000000
 10
25.000000000
 20
261.637138500
 30
0.000000000
 10
19.900000000
 20
261.637138500
 30
0.000000000
  0
SPLINE
  5
E6C
330
A02
100
AcDbEntity
  8
x_upper_sheets
100
AcDbSpline
210
0
220
0
230
1
 70
8
 71
1
 72
4
 73
2
 74
0
 40
2.250000000
 40
2.250000000
 40
33.750000000
 40
33.750000000
 10
19.900000000
 20
293.137138500
 30
0.000000000
 10
19.900000000
 20
261.637138500
 30
0.000000000
  0
SPLINE
  5
E6D
330
A02
100
AcDbEntity
  8
x_upper_sheets
100
AcDbSpline
210
0
220
0
230
1
 70
8
 71
1
 72
4
 73
2
 74
0
 40
-10.450000000
 40
-10.450000000
 40
-9.450000000
 40
-9.450000000
 10
19.900000000
 20
293.137138500
 30
0.000000000
 10
18.900000000
 20
293.137138500
 30
0.000000000
  0
SPLINE
  5
E6E
330
A02
100
AcDbEntity
  8
x_upper_sheets
100
AcDbSpline
210
0
220
0
230
1
 70
8
 71
1
 72
4
 73
2
 74
0
 40
8.450000000
 40
8.450000000
 40
9.450000000
 40
9.450000000
 10
17.900000000
 20
293.137138500
 30
0.000000000
 10
18.900000000
 20
293.137138500
 30
0.000000000
  0
SPLINE
  5
E6F
330
A02
100
AcDbEntity
  8
x_upper_sheets
100
AcDbSpline
210
0
220
0
230
1
 70
8
 71
1
 72
4
 73
2
 74
0
 40
2.250000000
 40
2.250000000
 40
33.750000000
 40
33.750000000
 10
17.900000000
 20
293.137138500
 30
0.000000000
 10
17.900000000
 20
261.637138500
 30
0.000000000
  0
SPLINE
  5
E70
330
A02
100
AcDbEntity
  8
x_upper_sheets
100
AcDbSpline
210
0
220
0
230
1
 70
8
 71
1
 72
4
 73
2
 74
0
 40
-5.400000000
 40
-5.400000000
 40
-3.200000000
 40
-3.200000000
 10
17.900000000
 20
261.637138500
 30
0.000000000
 10
15.700000000
 20
261.637138500
 30
0.000000000
  0
SPLINE
  5
E71
330
A02
100
AcDbEntity
  8
x_upper_sheets
100
AcDbSpline
210
0
220
0
230
1
 70
8
 71
1
 72
4
 73
2
 74
0
 40
2.250000000
 40
2.250000000
 40
33.750000000
 40
33.750000000
 10
15.700000000
 20
293.137138500
 30
0.000000000
 10
15.700000000
 20
261.637138500
 30
0.000000000
  0
SPLINE
  5
E72
330
A02
100
AcDbEntity
  8
x_upper_sheets
100
AcDbSpline
210
0
220
0
230
1
 70
8
 71
1
 72
4
 73
2
 74
0
 40
-8.350000000
 40
-8.350000000
 40
-7.350000000
 40
-7.350000000
 10
15.700000000
 20
293.137138500
 30
0.000000000
 10
14.700000000
 20
293.137138500
 30
0.000000000
  0
SPLINE
  5
E73
330
A02
100
AcDbEntity
  8
x_upper_sheets
100
AcDbSpline
210
0
220
0
230
1
 70
8
 71
1
 72
4
 73
2
 74
0
 40
6.350000000
 40
6.350000000
 40
7.350000000
 40
7.350000000
 10
13.700000000
 20
293.137138500
 30
0.000000000
 10
14.700000000
 20
293.137138500
 30
0.000000000
  0
SPLINE
  5
E74
330
A02
100
AcDbEntity
  8
x_upper_sheets
100
AcDbSpline
210
0
220
0
230
1
 70
8
 71
1
 72
4
 73
2
 74
0
 40
2.250000000
 40
2.250000000
 40
33.750000000
 40
33.750000000
 10
13.700000000
 20
293.137138500
 30
0.000000000
 10
13.700000000
 20
261.637138500
 30
0.000000000
  0
SPLINE
  5
E75
330
A02
100
AcDbEntity
  8
x_upper_sheets
100
AcDbSpline
210
0
220
0
230
1
 70
8
 71
1
 72
4
 73
2
 74
0
 40
-1.200000000
 40
-1.200000000
 40
1.000000000
 40
1.000000000
 10
13.700000000
 20
261.637138500
 30
0.000000000
 10
11.500000000
 20
261.637138500
 30
0.000000000
  0
SPLINE
  5
E76
330
A02
100
AcDbEntity
  8
x_upper_sheets
100
AcDbSpline
210
0
220
0
230
1
 70
8
 71
1
 72
4
 73
2
 74
0
 40
2.250000000
 40
2.250000000
 40
33.750000000
 40
33.750000000
 10
11.500000000
 20
293.137138500
 30
0.000000000
 10
11.500000000
 20
261.637138500
 30
0.000000000
  0
SPLINE
  5
E77
330
A02
100
AcDbEntity
  8
x_upper_sheets
100
AcDbSpline
210
0
220
0
230
1
 70
8
 71
1
 72
4
 73
2
 74
0
 40
-6.250000000
 40
-6.250000000
 40
-5.250000000
 40
-5.250000000
 10
11.500000000
 20
293.137138500
 30
0.000000000
 10
10.500000000
 20
293.137138500
 30
0.000000000
  0
SPLINE
  5
E78
330
A02
100
AcDbEntity
  8
x_upper_sheets
100
AcDbSpline
210
0
220
0
230
1
 70
8
 71
1
 72
4
 73
2
 74
0
 40
4.250000000
 40
4.250000000
 40
5.250000000
 40
5.250000000
 10
9.500000000
 20
293.137138500
 30
0.000000000
 10
10.500000000
 20
293.137138500
 30
0.000000000
  0
SPLINE
  5
E79
330
A02
100
AcDbEntity
  8
x_upper_sheets
100
AcDbSpline
210
0
220
0
230
1
 70
8
 71
1
 72
4
 73
2
 74
0
 40
2.250000000
 40
2.250000000
 40
33.750000000
 40
33.750000000
 10
9.500000000
 20
293.137138500
 30
0.000000000
 10
9.500000000
 20
261.637138500
 30
0.000000000
  0
SPLINE
  5
E7A
330
A02
100
AcDbEntity
  8
x_upper_sheets
100
AcDbSpline
210
0
220
0
230
1
 70
8
 71
1
 72
4
 73
2
 74
0
 40
3.000000000
 40
3.000000000
 40
5.200000000
 40
5.200000000
 10
9.500000000
 20
261.637138500
 30
0.000000000
 10
7.300000000
 20
261.637138500
 30
0.000000000
  0
SPLINE
  5
E7B
330
A02
100
AcDbEntity
  8
x_upper_sheets
100
AcDbSpline
210
0
220
0
230
1
 70
8
 71
1
 72
4
 73
2
 74
0
 40
2.250000000
 40
2.250000000
 40
33.750000000
 40
33.750000000
 10
7.300000000
 20
293.137138500
 30
0.000000000
 10
7.300000000
 20
261.637138500
 30
0.000000000
  0
SPLINE
  5
E7C
330
A02
100
AcDbEntity
  8
x_upper_sheets
100
AcDbSpline
210
0
220
0
230
1
 70
8
 71
1
 72
4
 73
2
 74
0
 40
-4.150000000
 40
-4.150000000
 40
-3.150000000
 40
-3.150000000
 10
7.300000000
 20
293.137138500
 30
0.000000000
 10
6.300000000
 20
293.137138500
 30
0.000000000
  0
SPLINE
  5
E7D
330
A02
100
AcDbEntity
  8
x_upper_sheets
100
AcDbSpline
210
0
220
0
230
1
 70
8
 71
1
 72
4
 73
2
 74
0
 40
2.150000000
 40
2.150000000
 40
3.150000000
 40
3.150000000
 10
5.300000000
 20
293.137138500
 30
0.000000000
 10
6.300000000
 20
293.137138500
 30
0.000000000
  0
SPLINE
  5
E7E
330
A02
100
AcDbEntity
  8
x_upper_sheets
100
AcDbSpline
210
0
220
0
230
1
 70
8
 71
1
 72
4
 73
2
 74
0
 40
2.250000000
 40
2.250000000
 40
33.750000000
 40
33.750000000
 10
5.300000000
 20
293.137138500
 30
0.000000000
 10
5.300000000
 20
261.637138500
 30
0.000000000
  0
SPLINE
  5
E7F
330
A02
100
AcDbEntity
  8
x_upper_sheets
100
AcDbSpline
210
0
220
0
230
1
 70
8
 71
1
 72
4
 73
2
 74
0
 40
7.200000000
 40
7.200000000
 40
9.400000000
 40
9.400000000
 10
5.300000000
 20
261.637138500
 30
0.000000000
 10
3.100000000
 20
261.637138500
 30
0.000000000
  0
SPLINE
  5
E80
330
A02
100
AcDbEntity
  8
x_upper_sheets
100
AcDbSpline
210
0
220
0
230
1
 70
8
 71
1
 72
4
 73
2
 74
0
 40
2.250000000
 40
2.250000000
 40
33.750000000
 40
33.750000000
 10
3.100000000
 20
293.137138500
 30
0.000000000
 10
3.100000000
 20
261.637138500
 30
0.000000000
  0
SPLINE
  5
E81
330
A02
100
AcDbEntity
  8
x_upper_sheets
100
AcDbSpline
210
0
220
0
230
1
 70
8
 71
1
 72
4
 73
2
 74
0
 40
-2.050000000
 40
-2.050000000
 40
-1.050000000
 40
-1.050000000
 10
3.100000000
 20
293.137138500
 30
0.000000000
 10
2.100000000
 20
293.137138500
 30
0.000000000
  0
SPLINE
  5
E82
330
A02
100
AcDbEntity
  8
x_upper_sheets
100
AcDbSpline
210
0
220
0
230
1
 70
8
 71
1
 72
4
 73
2
 74
0
 40
0.050000000
 40
0.050000000
 40
1.050000000
 40
1.050000000
 10
1.100000000
 20
293.137138500
 30
0.000000000
 10
2.100000000
 20
293.137138500
 30
0.000000000
  0
SPLINE
  5
E83
330
A02
100
AcDbEntity
  8
x_upper_sheets
100
AcDbSpline
210
0
220
0
230
1
 70
8
 71
1
 72
4
 73
2
 74
0
 40
2.250000000
 40
2.250000000
 40
33.750000000
 40
33.750000000
 10
1.100000000
 20
293.137138500
 30
0.000000000
 10
1.100000000
 20
261.637138500
 30
0.000000000
  0
SPLINE
  5
E84
330
A02
100
AcDbEntity
  8
x_upper_sheets
100
AcDbSpline
210
0
220
0
230
1
 70
8
 71
1
 72
4
 73
2
 74
0
 40
11.400000000
 40
11.400000000
 40
13.600000000
 40
13.600000000
 10
1.100000000
 20
261.637138500
 30
0.000000000
 10
-1.100000000
 20
261.637138500
 30
0.000000000
  0
SPLINE
  5
E85
330
A02
100
AcDbEntity
  8
x_upper_sheets
100
AcDbSpline
210
0
220
0
230
1
 70
8
 71
1
 72
4
 73
2
 74
0
 40
2.250000000
 40
2.250000000
 40
33.750000000
 40
33.750000000
 10
-1.100000000
 20
293.137138500
 30
0.000000000
 10
-1.100000000
 20
261.637138500
 30
0.000000000
  0
SPLINE
  5
E86
330
A02
100
AcDbEntity
  8
x_upper_sheets
100
AcDbSpline
210
0
220
0
230
1
 70
8
 71
1
 72
4
 73
2
 74
0
 40
0.050000000
 40
0.050000000
 40
1.050000000
 40
1.050000000
 10
-1.100000000
 20
293.137138500
 30
0.000000000
 10
-2.100000000
 20
293.137138500
 30
0.000000000
  0
SPLINE
  5
E87
330
A02
100
AcDbEntity
  8
x_upper_sheets
100
AcDbSpline
210
0
220
0
230
1
 70
8
 71
1
 72
4
 73
2
 74
0
 40
-2.050000000
 40
-2.050000000
 40
-1.050000000
 40
-1.050000000
 10
-3.100000000
 20
293.137138500
 30
0.000000000
 10
-2.100000000
 20
293.137138500
 30
0.000000000
  0
SPLINE
  5
E88
330
A02
100
AcDbEntity
  8
x_upper_sheets
100
AcDbSpline
210
0
220
0
230
1
 70
8
 71
1
 72
4
 73
2
 74
0
 40
2.250000000
 40
2.250000000
 40
33.750000000
 40
33.750000000
 10
-3.100000000
 20
293.137138500
 30
0.000000000
 10
-3.100000000
 20
261.637138500
 30
0.000000000
  0
SPLINE
  5
E89
330
A02
100
AcDbEntity
  8
x_upper_sheets
100
AcDbSpline
210
0
220
0
230
1
 70
8
 71
1
 72
4
 73
2
 74
0
 40
15.600000000
 40
15.600000000
 40
17.800000000
 40
17.800000000
 10
-3.100000000
 20
261.637138500
 30
0.000000000
 10
-5.300000000
 20
261.637138500
 30
0.000000000
  0
SPLINE
  5
E8A
330
A02
100
AcDbEntity
  8
x_upper_sheets
100
AcDbSpline
210
0
220
0
230
1
 70
8
 71
1
 72
4
 73
2
 74
0
 40
2.250000000
 40
2.250000000
 40
33.750000000
 40
33.750000000
 10
-5.300000000
 20
293.137138500
 30
0.000000000
 10
-5.300000000
 20
261.637138500
 30
0.000000000
  0
SPLINE
  5
E8B
330
A02
100
AcDbEntity
  8
x_upper_sheets
100
AcDbSpline
210
0
220
0
230
1
 70
8
 71
1
 72
4
 73
2
 74
0
 40
2.150000000
 40
2.150000000
 40
3.150000000
 40
3.150000000
 10
-5.300000000
 20
293.137138500
 30
0.000000000
 10
-6.300000000
 20
293.137138500
 30
0.000000000
  0
SPLINE
  5
E8C
330
A02
100
AcDbEntity
  8
x_upper_sheets
100
AcDbSpline
210
0
220
0
230
1
 70
8
 71
1
 72
4
 73
2
 74
0
 40
-4.150000000
 40
-4.150000000
 40
-3.150000000
 40
-3.150000000
 10
-7.300000000
 20
293.137138500
 30
0.000000000
 10
-6.300000000
 20
293.137138500
 30
0.000000000
  0
SPLINE
  5
E8D
330
A02
100
AcDbEntity
  8
x_upper_sheets
100
AcDbSpline
210
0
220
0
230
1
 70
8
 71
1
 72
4
 73
2
 74
0
 40
2.250000000
 40
2.250000000
 40
33.750000000
 40
33.750000000
 10
-7.300000000
 20
293.137138500
 30
0.000000000
 10
-7.300000000
 20
261.637138500
 30
0.000000000
  0
SPLINE
  5
E8E
330
A02
100
AcDbEntity
  8
x_upper_sheets
100
AcDbSpline
210
0
220
0
230
1
 70
8
 71
1
 72
4
 73
2
 74
0
 40
19.800000000
 40
19.800000000
 40
22.000000000
 40
22.000000000
 10
-7.300000000
 20
261.637138500
 30
0.000000000
 10
-9.500000000
 20
261.637138500
 30
0.000000000
  0
SPLINE
  5
E8F
330
A02
100
AcDbEntity
  8
x_upper_sheets
100
AcDbSpline
210
0
220
0
230
1
 70
8
 71
1
 72
4
 73
2
 74
0
 40
2.250000000
 40
2.250000000
 40
33.750000000
 40
33.750000000
 10
-9.500000000
 20
293.137138500
 30
0.000000000
 10
-9.500000000
 20
261.637138500
 30
0.000000000
  0
SPLINE
  5
E90
330
A02
100
AcDbEntity
  8
x_upper_sheets
100
AcDbSpline
210
0
220
0
230
1
 70
8
 71
1
 72
4
 73
2
 74
0
 40
4.250000000
 40
4.250000000
 40
5.250000000
 40
5.250000000
 10
-9.500000000
 20
293.137138500
 30
0.000000000
 10
-10.500000000
 20
293.137138500
 30
0.000000000
  0
SPLINE
  5
E91
330
A02
100
AcDbEntity
  8
x_upper_sheets
100
AcDbSpline
210
0
220
0
230
1
 70
8
 71
1
 72
4
 73
2
 74
0
 40
-6.250000000
 40
-6.250000000
 40
-5.250000000
 40
-5.250000000
 10
-11.500000000
 20
293.137138500
 30
0.000000000
 10
-10.500000000
 20
293.137138500
 30
0.000000000
  0
SPLINE
  5
E92
330
A02
100
AcDbEntity
  8
x_upper_sheets
100
AcDbSpline
210
0
220
0
230
1
 70
8
 71
1
 72
4
 73
2
 74
0
 40
2.250000000
 40
2.250000000
 40
33.750000000
 40
33.750000000
 10
-11.500000000
 20
293.137138500
 30
0.000000000
 10
-11.500000000
 20
261.637138500
 30
0.000000000
  0
SPLINE
  5
E93
330
A02
100
AcDbEntity
  8
x_upper_sheets
100
AcDbSpline
210
0
220
0
230
1
 70
8
 71
1
 72
4
 73
2
 74
0
 40
24.000000000
 40
24.000000000
 40
26.200000000
 40
26.200000000
 10
-11.500000000
 20
261.637138500
 30
0.000000000
 10
-13.700000000
 20
261.637138500
 30
0.000000000
  0
SPLINE
  5
E94
330
A02
100
AcDbEntity
  8
x_upper_sheets
100
AcDbSpline
210
0
220
0
230
1
 70
8
 71
1
 72
4
 73
2
 74
0
 40
2.250000000
 40
2.250000000
 40
33.750000000
 40
33.750000000
 10
-13.700000000
 20
293.137138500
 30
0.000000000
 10
-13.700000000
 20
261.637138500
 30
0.000000000
  0
SPLINE
  5
E95
330
A02
100
AcDbEntity
  8
x_upper_sheets
100
AcDbSpline
210
0
220
0
230
1
 70
8
 71
1
 72
4
 73
2
 74
0
 40
6.350000000
 40
6.350000000
 40
7.350000000
 40
7.350000000
 10
-13.700000000
 20
293.137138500
 30
0.000000000
 10
-14.700000000
 20
293.137138500
 30
0.000000000
  0
SPLINE
  5
E96
330
A02
100
AcDbEntity
  8
x_upper_sheets
100
AcDbSpline
210
0
220
0
230
1
 70
8
 71
1
 72
4
 73
2
 74
0
 40
-8.350000000
 40
-8.350000000
 40
-7.350000000
 40
-7.350000000
 10
-15.700000000
 20
293.137138500
 30
0.000000000
 10
-14.700000000
 20
293.137138500
 30
0.000000000
  0
SPLINE
  5
E97
330
A02
100
AcDbEntity
  8
x_upper_sheets
100
AcDbSpline
210
0
220
0
230
1
 70
8
 71
1
 72
4
 73
2
 74
0
 40
2.250000000
 40
2.250000000
 40
33.750000000
 40
33.750000000
 10
-15.700000000
 20
293.137138500
 30
0.000000000
 10
-15.700000000
 20
261.637138500
 30
0.000000000
  0
SPLINE
  5
E98
330
A02
100
AcDbEntity
  8
x_upper_sheets
100
AcDbSpline
210
0
220
0
230
1
 70
8
 71
1
 72
4
 73
2
 74
0
 40
28.200000000
 40
28.200000000
 40
30.400000000
 40
30.400000000
 10
-15.700000000
 20
261.637138500
 30
0.000000000
 10
-17.900000000
 20
261.637138500
 30
0.000000000
  0
SPLINE
  5
E99
330
A02
100
AcDbEntity
  8
x_upper_sheets
100
AcDbSpline
210
0
220
0
230
1
 70
8
 71
1
 72
4
 73
2
 74
0
 40
2.250000000
 40
2.250000000
 40
33.750000000
 40
33.750000000
 10
-17.900000000
 20
293.137138500
 30
0.000000000
 10
-17.900000000
 20
261.637138500
 30
0.000000000
  0
SPLINE
  5
E9A
330
A02
100
AcDbEntity
  8
x_upper_sheets
100
AcDbSpline
210
0
220
0
230
1
 70
8
 71
1
 72
4
 73
2
 74
0
 40
8.450000000
 40
8.450000000
 40
9.450000000
 40
9.450000000
 10
-17.900000000
 20
293.137138500
 30
0.000000000
 10
-18.900000000
 20
293.137138500
 30
0.000000000
  0
SPLINE
  5
E9B
330
A02
100
AcDbEntity
  8
x_upper_sheets
100
AcDbSpline
210
0
220
0
230
1
 70
8
 71
1
 72
4
 73
2
 74
0
 40
-10.450000000
 40
-10.450000000
 40
-9.450000000
 40
-9.450000000
 10
-19.900000000
 20
293.137138500
 30
0.000000000
 10
-18.900000000
 20
293.137138500
 30
0.000000000
  0
SPLINE
  5
E9C
330
A02
100
AcDbEntity
  8
x_upper_sheets
100
AcDbSpline
210
0
220
0
230
1
 70
8
 71
1
 72
4
 73
2
 74
0
 40
2.250000000
 40
2.250000000
 40
33.750000000
 40
33.750000000
 10
-19.900000000
 20
293.137138500
 30
0.000000000
 10
-19.900000000
 20
261.637138500
 30
0.000000000
  0
SPLINE
  5
E9D
330
A02
100
AcDbEntity
  8
x_upper_sheets
100
AcDbSpline
210
0
220
0
230
1
 70
8
 71
1
 72
4
 73
2
 74
0
 40
32.400000000
 40
32.400000000
 40
37.500000000
 40
37.500000000
 10
-19.900000000
 20
261.637138500
 30
0.000000000
 10
-25.000000000
 20
261.637138500
 30
0.000000000
  0
SPLINE
  5
E9E
330
A02
100
AcDbEntity
  8
x_upper_sheets
100
AcDbSpline
210
0
220
0
230
1
 70
8
 71
1
 72
4
 73
2
 74
0
 40
-84.000000000
 40
-84.000000000
 40
-18.000000000
 40
-18.000000000
 10
-25.000000000
 20
261.637138500
 30
0.000000000
 10
-25.000000000
 20
327.637138500
 30
-0.000000000
  0
SPLINE
  5
E9F
330
A02
100
AcDbEntity
  8
x_upper_sheets
100
AcDbSpline
210
0
220
0
230
1
 70
8
 71
1
 72
4
 73
2
 74
0
 40
-25.000000000
 40
-25.000000000
 40
-19.889444437
 40
-19.889444437
 10
-25.000000000
 20
327.637138500
 30
-0.000000000
 10
-19.889444437
 20
327.637138500
 30
-0.000000000
  0
SPLINE
  5
EA0
330
A02
100
AcDbEntity
  8
x_upper_sheets
100
AcDbSpline
210
0
220
0
230
1
 70
8
 71
3
 72
11
 73
7
 74
0
 40
-2.944174394
 40
-2.944174394
 40
-2.944174394
 40
-2.944174394
 40
-2.593378698
 40
-2.593378698
 40
-2.593378698
 40
-2.242583002
 40
-2.242583002
 40
-2.242583002
 40
-2.242583002
 10
-19.889444437
 20
327.637138500
 30
-0.000000000
 10
-17.505682458
 20
330.179730081
 30
-0.000000000
 10
-15.602426065
 20
332.204926116
 30
-0.000000000
 10
-13.965123951
 20
333.941574062
 30
-0.000000000
 10
-12.331803475
 20
335.673903398
 30
-0.000000000
 10
-10.971588426
 20
337.110099798
 30
-0.000000000
 10
-9.777013859
 20
338.362861500
 30
-0.000000000
  0
SPLINE
  5
EA1
330
A02
100
AcDbEntity
  8
x_upper_sheets
100
AcDbSpline
210
0
220
0
230
1
 70
8
 71
1
 72
4
 73
2
 74
0
 40
-9.777013859
 40
-9.777013859
 40
9.777013859
 40
9.777013859
 10
-9.777013859
 20
338.362861500
 30
-0.000000000
 10
9.777013859
 20
338.362861500
 30
-0.000000000
  0
SPLINE
  5
EA2
330
A02
100
AcDbEntity
  8
x_upper_sheets
100
AcDbSpline
210
0
220
0
230
1
 70
8
 71
3
 72
11
 73
7
 74
0
 40
2.242583002
 40
2.242583002
 40
2.242583002
 40
2.242583002
 40
2.593378698
 40
2.593378698
 40
2.593378698
 40
2.944174394
 40
2.944174394
 40
2.944174394
 40
2.944174394
 10
9.777013859
 20
338.362861500
 30
-0.000000000
 10
10.971588426
 20
337.110099798
 30
-0.000000000
 10
12.331803475
 20
335.673903398
 30
-0.000000000
 10
13.965123951
 20
333.941574062
 30
-0.000000000
 10
15.602426065
 20
332.204926116
 30
-0.000000000
 10
17.505682458
 20
330.179730081
 30
-0.000000000
 10
19.889444437
 20
327.637138500
 30
-0.000000000
  0
SPLINE
  5
EA3
330
A02
100
AcDbEntity
  8
x_upper_sheets
100
AcDbSpline
210
0
220
0
230
1
 70
8
 71
1
 72
4
 73
2
 74
0
 40
19.889444437
 40
19.889444437
 40
25.000000000
 40
25.000000000
 10
19.889444437
 20
327.637138500
 30
-0.000000000
 10
25.000000000
 20
327.637138500
 30
-0.000000000
  0
SPLINE
  5
EA4
330
A02
100
AcDbEntity
  8
x_upper_sheets
100
AcDbSpline
210
0
220
0
230
1
 70
8
 71
1
 72
4
 73
2
 74
0
 40
-84.000000000
 40
-84.000000000
 40
-18.000000000
 40
-18.000000000
 10
25.000000000
 20
261.637138500
 30
0.000000000
 10
25.000000000
 20
327.637138500
 30
-0.000000000
  0
SPLINE
  5
EA5
330
A02
100
AcDbEntity
  8
x_upper_sheets
100
AcDbSpline
210
0
220
0
230
1
 70
8
 71
1
 72
4
 73
2
 74
0
 40
-12.500000000
 40
-12.500000000
 40
-7.400000000
 40
-7.400000000
 10
85.000000000
 20
261.637138500
 30
0.000000000
 10
79.900000000
 20
261.637138500
 30
0.000000000
  0
SPLINE
  5
EA6
330
A02
100
AcDbEntity
  8
x_upper_sheets
100
AcDbSpline
210
0
220
0
230
1
 70
8
 71
1
 72
4
 73
2
 74
0
 40
2.250000000
 40
2.250000000
 40
33.750000000
 40
33.750000000
 10
79.900000000
 20
293.137138500
 30
0.000000000
 10
79.900000000
 20
261.637138500
 30
0.000000000
  0
SPLINE
  5
EA7
330
A02
100
AcDbEntity
  8
x_upper_sheets
100
AcDbSpline
210
0
220
0
230
1
 70
8
 71
1
 72
4
 73
2
 74
0
 40
-10.450000000
 40
-10.450000000
 40
-9.450000000
 40
-9.450000000
 10
79.900000000
 20
293.137138500
 30
0.000000000
 10
78.900000000
 20
293.137138500
 30
0.000000000
  0
SPLINE
  5
EA8
330
A02
100
AcDbEntity
  8
x_upper_sheets
100
AcDbSpline
210
0
220
0
230
1
 70
8
 71
1
 72
4
 73
2
 74
0
 40
8.450000000
 40
8.450000000
 40
9.450000000
 40
9.450000000
 10
77.900000000
 20
293.137138500
 30
0.000000000
 10
78.900000000
 20
293.137138500
 30
0.000000000
  0
SPLINE
  5
EA9
330
A02
100
AcDbEntity
  8
x_upper_sheets
100
AcDbSpline
210
0
220
0
230
1
 70
8
 71
1
 72
4
 73
2
 74
0
 40
2.250000000
 40
2.250000000
 40
33.750000000
 40
33.750000000
 10
77.900000000
 20
293.137138500
 30
0.000000000
 10
77.900000000
 20
261.637138500
 30
0.000000000
  0
SPLINE
  5
EAA
330
A02
100
AcDbEntity
  8
x_upper_sheets
100
AcDbSpline
210
0
220
0
230
1
 70
8
 71
1
 72
4
 73
2
 74
0
 40
-5.400000000
 40
-5.400000000
 40
-3.200000000
 40
-3.200000000
 10
77.900000000
 20
261.637138500
 30
0.000000000
 10
75.700000000
 20
261.637138500
 30
0.000000000
  0
SPLINE
  5
EAB
330
A02
100
AcDbEntity
  8
x_upper_sheets
100
AcDbSpline
210
0
220
0
230
1
 70
8
 71
1
 72
4
 73
2
 74
0
 40
2.250000000
 40
2.250000000
 40
33.750000000
 40
33.750000000
 10
75.700000000
 20
293.137138500
 30
0.000000000
 10
75.700000000
 20
261.637138500
 30
0.000000000
  0
SPLINE
  5
EAC
330
A02
100
AcDbEntity
  8
x_upper_sheets
100
AcDbSpline
210
0
220
0
230
1
 70
8
 71
1
 72
4
 73
2
 74
0
 40
-8.350000000
 40
-8.350000000
 40
-7.350000000
 40
-7.350000000
 10
75.700000000
 20
293.137138500
 30
0.000000000
 10
74.700000000
 20
293.137138500
 30
0.000000000
  0
SPLINE
  5
EAD
330
A02
100
AcDbEntity
  8
x_upper_sheets
100
AcDbSpline
210
0
220
0
230
1
 70
8
 71
1
 72
4
 73
2
 74
0
 40
6.350000000
 40
6.350000000
 40
7.350000000
 40
7.350000000
 10
73.700000000
 20
293.137138500
 30
0.000000000
 10
74.700000000
 20
293.137138500
 30
0.000000000
  0
SPLINE
  5
EAE
330
A02
100
AcDbEntity
  8
x_upper_sheets
100
AcDbSpline
210
0
220
0
230
1
 70
8
 71
1
 72
4
 73
2
 74
0
 40
2.250000000
 40
2.250000000
 40
33.750000000
 40
33.750000000
 10
73.700000000
 20
293.137138500
 30
0.000000000
 10
73.700000000
 20
261.637138500
 30
0.000000000
  0
SPLINE
  5
EAF
330
A02
100
AcDbEntity
  8
x_upper_sheets
100
AcDbSpline
210
0
220
0
230
1
 70
8
 71
1
 72
4
 73
2
 74
0
 40
-1.200000000
 40
-1.200000000
 40
1.000000000
 40
1.000000000
 10
73.700000000
 20
261.637138500
 30
0.000000000
 10
71.500000000
 20
261.637138500
 30
0.000000000
  0
SPLINE
  5
EB0
330
A02
100
AcDbEntity
  8
x_upper_sheets
100
AcDbSpline
210
0
220
0
230
1
 70
8
 71
1
 72
4
 73
2
 74
0
 40
2.250000000
 40
2.250000000
 40
33.750000000
 40
33.750000000
 10
71.500000000
 20
293.137138500
 30
0.000000000
 10
71.500000000
 20
261.637138500
 30
0.000000000
  0
SPLINE
  5
EB1
330
A02
100
AcDbEntity
  8
x_upper_sheets
100
AcDbSpline
210
0
220
0
230
1
 70
8
 71
1
 72
4
 73
2
 74
0
 40
-6.250000000
 40
-6.250000000
 40
-5.250000000
 40
-5.250000000
 10
71.500000000
 20
293.137138500
 30
0.000000000
 10
70.500000000
 20
293.137138500
 30
0.000000000
  0
SPLINE
  5
EB2
330
A02
100
AcDbEntity
  8
x_upper_sheets
100
AcDbSpline
210
0
220
0
230
1
 70
8
 71
1
 72
4
 73
2
 74
0
 40
4.250000000
 40
4.250000000
 40
5.250000000
 40
5.250000000
 10
69.500000000
 20
293.137138500
 30
0.000000000
 10
70.500000000
 20
293.137138500
 30
0.000000000
  0
SPLINE
  5
EB3
330
A02
100
AcDbEntity
  8
x_upper_sheets
100
AcDbSpline
210
0
220
0
230
1
 70
8
 71
1
 72
4
 73
2
 74
0
 40
2.250000000
 40
2.250000000
 40
33.750000000
 40
33.750000000
 10
69.500000000
 20
293.137138500
 30
0.000000000
 10
69.500000000
 20
261.637138500
 30
0.000000000
  0
SPLINE
  5
EB4
330
A02
100
AcDbEntity
  8
x_upper_sheets
100
AcDbSpline
210
0
220
0
230
1
 70
8
 71
1
 72
4
 73
2
 74
0
 40
3.000000000
 40
3.000000000
 40
5.200000000
 40
5.200000000
 10
69.500000000
 20
261.637138500
 30
0.000000000
 10
67.300000000
 20
261.637138500
 30
0.000000000
  0
SPLINE
  5
EB5
330
A02
100
AcDbEntity
  8
x_upper_sheets
100
AcDbSpline
210
0
220
0
230
1
 70
8
 71
1
 72
4
 73
2
 74
0
 40
2.250000000
 40
2.250000000
 40
33.750000000
 40
33.750000000
 10
67.300000000
 20
293.137138500
 30
0.000000000
 10
67.300000000
 20
261.637138500
 30
0.000000000
  0
SPLINE
  5
EB6
330
A02
100
AcDbEntity
  8
x_upper_sheets
100
AcDbSpline
210
0
220
0
230
1
 70
8
 71
1
 72
4
 73
2
 74
0
 40
-4.150000000
 40
-4.150000000
 40
-3.150000000
 40
-3.150000000
 10
67.300000000
 20
293.137138500
 30
0.000000000
 10
66.300000000
 20
293.137138500
 30
0.000000000
  0
SPLINE
  5
EB7
330
A02
100
AcDbEntity
  8
x_upper_sheets
100
AcDbSpline
210
0
220
0
230
1
 70
8
 71
1
 72
4
 73
2
 74
0
 40
2.150000000
 40
2.150000000
 40
3.150000000
 40
3.150000000
 10
65.300000000
 20
293.137138500
 30
0.000000000
 10
66.300000000
 20
293.137138500
 30
0.000000000
  0
SPLINE
  5
EB8
330
A02
100
AcDbEntity
  8
x_upper_sheets
100
AcDbSpline
210
0
220
0
230
1
 70
8
 71
1
 72
4
 73
2
 74
0
 40
2.250000000
 40
2.250000000
 40
33.750000000
 40
33.750000000
 10
65.300000000
 20
293.137138500
 30
0.000000000
 10
65.300000000
 20
261.637138500
 30
0.000000000
  0
SPLINE
  5
EB9
330
A02
100
AcDbEntity
  8
x_upper_sheets
100
AcDbSpline
210
0
220
0
230
1
 70
8
 71
1
 72
4
 73
2
 74
0
 40
7.200000000
 40
7.200000000
 40
9.400000000
 40
9.400000000
 10
65.300000000
 20
261.637138500
 30
0.000000000
 10
63.100000000
 20
261.637138500
 30
0.000000000
  0
SPLINE
  5
EBA
330
A02
100
AcDbEntity
  8
x_upper_sheets
100
AcDbSpline
210
0
220
0
230
1
 70
8
 71
1
 72
4
 73
2
 74
0
 40
2.250000000
 40
2.250000000
 40
33.750000000
 40
33.750000000
 10
63.100000000
 20
293.137138500
 30
0.000000000
 10
63.100000000
 20
261.637138500
 30
0.000000000
  0
SPLINE
  5
EBB
330
A02
100
AcDbEntity
  8
x_upper_sheets
100
AcDbSpline
210
0
220
0
230
1
 70
8
 71
1
 72
4
 73
2
 74
0
 40
-2.050000000
 40
-2.050000000
 40
-1.050000000
 40
-1.050000000
 10
63.100000000
 20
293.137138500
 30
0.000000000
 10
62.100000000
 20
293.137138500
 30
0.000000000
  0
SPLINE
  5
EBC
330
A02
100
AcDbEntity
  8
x_upper_sheets
100
AcDbSpline
210
0
220
0
230
1
 70
8
 71
1
 72
4
 73
2
 74
0
 40
0.050000000
 40
0.050000000
 40
1.050000000
 40
1.050000000
 10
61.100000000
 20
293.137138500
 30
0.000000000
 10
62.100000000
 20
293.137138500
 30
0.000000000
  0
SPLINE
  5
EBD
330
A02
100
AcDbEntity
  8
x_upper_sheets
100
AcDbSpline
210
0
220
0
230
1
 70
8
 71
1
 72
4
 73
2
 74
0
 40
2.250000000
 40
2.250000000
 40
33.750000000
 40
33.750000000
 10
61.100000000
 20
293.137138500
 30
0.000000000
 10
61.100000000
 20
261.637138500
 30
0.000000000
  0
SPLINE
  5
EBE
330
A02
100
AcDbEntity
  8
x_upper_sheets
100
AcDbSpline
210
0
220
0
230
1
 70
8
 71
1
 72
4
 73
2
 74
0
 40
11.400000000
 40
11.400000000
 40
13.600000000
 40
13.600000000
 10
61.100000000
 20
261.637138500
 30
0.000000000
 10
58.900000000
 20
261.637138500
 30
0.000000000
  0
SPLINE
  5
EBF
330
A02
100
AcDbEntity
  8
x_upper_sheets
100
AcDbSpline
210
0
220
0
230
1
 70
8
 71
1
 72
4
 73
2
 74
0
 40
2.250000000
 40
2.250000000
 40
33.750000000
 40
33.750000000
 10
58.900000000
 20
293.137138500
 30
0.000000000
 10
58.900000000
 20
261.637138500
 30
0.000000000
  0
SPLINE
  5
EC0
330
A02
100
AcDbEntity
  8
x_upper_sheets
100
AcDbSpline
210
0
220
0
230
1
 70
8
 71
1
 72
4
 73
2
 74
0
 40
0.050000000
 40
0.050000000
 40
1.050000000
 40
1.050000000
 10
58.900000000
 20
293.137138500
 30
0.000000000
 10
57.900000000
 20
293.137138500
 30
0.000000000
  0
SPLINE
  5
EC1
330
A02
100
AcDbEntity
  8
x_upper_sheets
100
AcDbSpline
210
0
220
0
230
1
 70
8
 71
1
 72
4
 73
2
 74
0
 40
-2.050000000
 40
-2.050000000
 40
-1.050000000
 40
-1.050000000
 10
56.900000000
 20
293.137138500
 30
0.000000000
 10
57.900000000
 20
293.137138500
 30
0.000000000
  0
SPLINE
  5
EC2
330
A02
100
AcDbEntity
  8
x_upper_sheets
100
AcDbSpline
210
0
220
0
230
1
 70
8
 71
1
 72
4
 73
2
 74
0
 40
2.250000000
 40
2.250000000
 40
33.750000000
 40
33.750000000
 10
56.900000000
 20
293.137138500
 30
0.000000000
 10
56.900000000
 20
261.637138500
 30
0.000000000
  0
SPLINE
  5
EC3
330
A02
100
AcDbEntity
  8
x_upper_sheets
100
AcDbSpline
210
0
220
0
230
1
 70
8
 71
1
 72
4
 73
2
 74
0
 40
15.600000000
 40
15.600000000
 40
17.800000000
 40
17.800000000
 10
56.900000000
 20
261.637138500
 30
0.000000000
 10
54.700000000
 20
261.637138500
 30
0.000000000
  0
SPLINE
  5
EC4
330
A02
100
AcDbEntity
  8
x_upper_sheets
100
AcDbSpline
210
0
220
0
230
1
 70
8
 71
1
 72
4
 73
2
 74
0
 40
2.250000000
 40
2.250000000
 40
33.750000000
 40
33.750000000
 10
54.700000000
 20
293.137138500
 30
0.000000000
 10
54.700000000
 20
261.637138500
 30
0.000000000
  0
SPLINE
  5
EC5
330
A02
100
AcDbEntity
  8
x_upper_sheets
100
AcDbSpline
210
0
220
0
230
1
 70
8
 71
1
 72
4
 73
2
 74
0
 40
2.150000000
 40
2.150000000
 40
3.150000000
 40
3.150000000
 10
54.700000000
 20
293.137138500
 30
0.000000000
 10
53.700000000
 20
293.137138500
 30
0.000000000
  0
SPLINE
  5
EC6
330
A02
100
AcDbEntity
  8
x_upper_sheets
100
AcDbSpline
210
0
220
0
230
1
 70
8
 71
1
 72
4
 73
2
 74
0
 40
-4.150000000
 40
-4.150000000
 40
-3.150000000
 40
-3.150000000
 10
52.700000000
 20
293.137138500
 30
0.000000000
 10
53.700000000
 20
293.137138500
 30
0.000000000
  0
SPLINE
  5
EC7
330
A02
100
AcDbEntity
  8
x_upper_sheets
100
AcDbSpline
210
0
220
0
230
1
 70
8
 71
1
 72
4
 73
2
 74
0
 40
2.250000000
 40
2.250000000
 40
33.750000000
 40
33.750000000
 10
52.700000000
 20
293.137138500
 30
0.000000000
 10
52.700000000
 20
261.637138500
 30
0.000000000
  0
SPLINE
  5
EC8
330
A02
100
AcDbEntity
  8
x_upper_sheets
100
AcDbSpline
210
0
220
0
230
1
 70
8
 71
1
 72
4
 73
2
 74
0
 40
19.800000000
 40
19.800000000
 40
22.000000000
 40
22.000000000
 10
52.700000000
 20
261.637138500
 30
0.000000000
 10
50.500000000
 20
261.637138500
 30
0.000000000
  0
SPLINE
  5
EC9
330
A02
100
AcDbEntity
  8
x_upper_sheets
100
AcDbSpline
210
0
220
0
230
1
 70
8
 71
1
 72
4
 73
2
 74
0
 40
2.250000000
 40
2.250000000
 40
33.750000000
 40
33.750000000
 10
50.500000000
 20
293.137138500
 30
0.000000000
 10
50.500000000
 20
261.637138500
 30
0.000000000
  0
SPLINE
  5
ECA
330
A02
100
AcDbEntity
  8
x_upper_sheets
100
AcDbSpline
210
0
220
0
230
1
 70
8
 71
1
 72
4
 73
2
 74
0
 40
4.250000000
 40
4.250000000
 40
5.250000000
 40
5.250000000
 10
50.500000000
 20
293.137138500
 30
0.000000000
 10
49.500000000
 20
293.137138500
 30
0.000000000
  0
SPLINE
  5
ECB
330
A02
100
AcDbEntity
  8
x_upper_sheets
100
AcDbSpline
210
0
220
0
230
1
 70
8
 71
1
 72
4
 73
2
 74
0
 40
-6.250000000
 40
-6.250000000
 40
-5.250000000
 40
-5.250000000
 10
48.500000000
 20
293.137138500
 30
0.000000000
 10
49.500000000
 20
293.137138500
 30
0.000000000
  0
SPLINE
  5
ECC
330
A02
100
AcDbEntity
  8
x_upper_sheets
100
AcDbSpline
210
0
220
0
230
1
 70
8
 71
1
 72
4
 73
2
 74
0
 40
2.250000000
 40
2.250000000
 40
33.750000000
 40
33.750000000
 10
48.500000000
 20
293.137138500
 30
0.000000000
 10
48.500000000
 20
261.637138500
 30
0.000000000
  0
SPLINE
  5
ECD
330
A02
100
AcDbEntity
  8
x_upper_sheets
100
AcDbSpline
210
0
220
0
230
1
 70
8
 71
1
 72
4
 73
2
 74
0
 40
24.000000000
 40
24.000000000
 40
26.200000000
 40
26.200000000
 10
48.500000000
 20
261.637138500
 30
0.000000000
 10
46.300000000
 20
261.637138500
 30
0.000000000
  0
SPLINE
  5
ECE
330
A02
100
AcDbEntity
  8
x_upper_sheets
100
AcDbSpline
210
0
220
0
230
1
 70
8
 71
1
 72
4
 73
2
 74
0
 40
2.250000000
 40
2.250000000
 40
33.750000000
 40
33.750000000
 10
46.300000000
 20
293.137138500
 30
0.000000000
 10
46.300000000
 20
261.637138500
 30
0.000000000
  0
SPLINE
  5
ECF
330
A02
100
AcDbEntity
  8
x_upper_sheets
100
AcDbSpline
210
0
220
0
230
1
 70
8
 71
1
 72
4
 73
2
 74
0
 40
6.350000000
 40
6.350000000
 40
7.350000000
 40
7.350000000
 10
46.300000000
 20
293.137138500
 30
0.000000000
 10
45.300000000
 20
293.137138500
 30
0.000000000
  0
SPLINE
  5
ED0
330
A02
100
AcDbEntity
  8
x_upper_sheets
100
AcDbSpline
210
0
220
0
230
1
 70
8
 71
1
 72
4
 73
2
 74
0
 40
-8.350000000
 40
-8.350000000
 40
-7.350000000
 40
-7.350000000
 10
44.300000000
 20
293.137138500
 30
0.000000000
 10
45.300000000
 20
293.137138500
 30
0.000000000
  0
SPLINE
  5
ED1
330
A02
100
AcDbEntity
  8
x_upper_sheets
100
AcDbSpline
210
0
220
0
230
1
 70
8
 71
1
 72
4
 73
2
 74
0
 40
2.250000000
 40
2.250000000
 40
33.750000000
 40
33.750000000
 10
44.300000000
 20
293.137138500
 30
0.000000000
 10
44.300000000
 20
261.637138500
 30
0.000000000
  0
SPLINE
  5
ED2
330
A02
100
AcDbEntity
  8
x_upper_sheets
100
AcDbSpline
210
0
220
0
230
1
 70
8
 71
1
 72
4
 73
2
 74
0
 40
28.200000000
 40
28.200000000
 40
30.400000000
 40
30.400000000
 10
44.300000000
 20
261.637138500
 30
0.000000000
 10
42.100000000
 20
261.637138500
 30
0.000000000
  0
SPLINE
  5
ED3
330
A02
100
AcDbEntity
  8
x_upper_sheets
100
AcDbSpline
210
0
220
0
230
1
 70
8
 71
1
 72
4
 73
2
 74
0
 40
2.250000000
 40
2.250000000
 40
33.750000000
 40
33.750000000
 10
42.100000000
 20
293.137138500
 30
0.000000000
 10
42.100000000
 20
261.637138500
 30
0.000000000
  0
SPLINE
  5
ED4
330
A02
100
AcDbEntity
  8
x_upper_sheets
100
AcDbSpline
210
0
220
0
230
1
 70
8
 71
1
 72
4
 73
2
 74
0
 40
8.450000000
 40
8.450000000
 40
9.450000000
 40
9.450000000
 10
42.100000000
 20
293.137138500
 30
0.000000000
 10
41.100000000
 20
293.137138500
 30
0.000000000
  0
SPLINE
  5
ED5
330
A02
100
AcDbEntity
  8
x_upper_sheets
100
AcDbSpline
210
0
220
0
230
1
 70
8
 71
1
 72
4
 73
2
 74
0
 40
-10.450000000
 40
-10.450000000
 40
-9.450000000
 40
-9.450000000
 10
40.100000000
 20
293.137138500
 30
0.000000000
 10
41.100000000
 20
293.137138500
 30
0.000000000
  0
SPLINE
  5
ED6
330
A02
100
AcDbEntity
  8
x_upper_sheets
100
AcDbSpline
210
0
220
0
230
1
 70
8
 71
1
 72
4
 73
2
 74
0
 40
2.250000000
 40
2.250000000
 40
33.750000000
 40
33.750000000
 10
40.100000000
 20
293.137138500
 30
0.000000000
 10
40.100000000
 20
261.637138500
 30
0.000000000
  0
SPLINE
  5
ED7
330
A02
100
AcDbEntity
  8
x_upper_sheets
100
AcDbSpline
210
0
220
0
230
1
 70
8
 71
1
 72
4
 73
2
 74
0
 40
32.400000000
 40
32.400000000
 40
37.500000000
 40
37.500000000
 10
40.100000000
 20
261.637138500
 30
0.000000000
 10
35.000000000
 20
261.637138500
 30
0.000000000
  0
SPLINE
  5
ED8
330
A02
100
AcDbEntity
  8
x_upper_sheets
100
AcDbSpline
210
0
220
0
230
1
 70
8
 71
1
 72
4
 73
2
 74
0
 40
-84.000000000
 40
-84.000000000
 40
-18.000000000
 40
-18.000000000
 10
35.000000000
 20
261.637138500
 30
0.000000000
 10
35.000000000
 20
327.637138500
 30
-0.000000000
  0
SPLINE
  5
ED9
330
A02
100
AcDbEntity
  8
x_upper_sheets
100
AcDbSpline
210
0
220
0
230
1
 70
8
 71
1
 72
4
 73
2
 74
0
 40
-25.000000000
 40
-25.000000000
 40
-19.889444437
 40
-19.889444437
 10
35.000000000
 20
327.637138500
 30
-0.000000000
 10
40.110555563
 20
327.637138500
 30
-0.000000000
  0
SPLINE
  5
EDA
330
A02
100
AcDbEntity
  8
x_upper_sheets
100
AcDbSpline
210
0
220
0
230
1
 70
8
 71
3
 72
11
 73
7
 74
0
 40
-2.944174394
 40
-2.944174394
 40
-2.944174394
 40
-2.944174394
 40
-2.593378698
 40
-2.593378698
 40
-2.593378698
 40
-2.242583002
 40
-2.242583002
 40
-2.242583002
 40
-2.242583002
 10
40.110555563
 20
327.637138500
 30
-0.000000000
 10
42.494317542
 20
330.179730081
 30
-0.000000000
 10
44.397573935
 20
332.204926116
 30
-0.000000000
 10
46.034876049
 20
333.941574062
 30
-0.000000000
 10
47.668196525
 20
335.673903398
 30
-0.000000000
 10
49.028411574
 20
337.110099798
 30
-0.000000000
 10
50.222986141
 20
338.362861500
 30
-0.000000000
  0
SPLINE
  5
EDB
330
A02
100
AcDbEntity
  8
x_upper_sheets
100
AcDbSpline
210
0
220
0
230
1
 70
8
 71
1
 72
4
 73
2
 74
0
 40
-9.777013859
 40
-9.777013859
 40
9.777013859
 40
9.777013859
 10
50.222986141
 20
338.362861500
 30
-0.000000000
 10
69.777013859
 20
338.362861500
 30
-0.000000000
  0
SPLINE
  5
EDC
330
A02
100
AcDbEntity
  8
x_upper_sheets
100
AcDbSpline
210
0
220
0
230
1
 70
8
 71
3
 72
11
 73
7
 74
0
 40
2.242583002
 40
2.242583002
 40
2.242583002
 40
2.242583002
 40
2.593378698
 40
2.593378698
 40
2.593378698
 40
2.944174394
 40
2.944174394
 40
2.944174394
 40
2.944174394
 10
69.777013859
 20
338.362861500
 30
-0.000000000
 10
70.971588426
 20
337.110099798
 30
-0.000000000
 10
72.331803475
 20
335.673903398
 30
-0.000000000
 10
73.965123951
 20
333.941574062
 30
-0.000000000
 10
75.602426065
 20
332.204926116
 30
-0.000000000
 10
77.505682458
 20
330.179730081
 30
-0.000000000
 10
79.889444437
 20
327.637138500
 30
-0.000000000
  0
SPLINE
  5
EDD
330
A02
100
AcDbEntity
  8
x_upper_sheets
100
AcDbSpline
210
0
220
0
230
1
 70
8
 71
1
 72
4
 73
2
 74
0
 40
19.889444437
 40
19.889444437
 40
25.000000000
 40
25.000000000
 10
79.889444437
 20
327.637138500
 30
-0.000000000
 10
85.000000000
 20
327.637138500
 30
-0.000000000
  0
SPLINE
  5
EDE
330
A02
100
AcDbEntity
  8
x_upper_sheets
100
AcDbSpline
210
0
220
0
230
1
 70
8
 71
1
 72
4
 73
2
 74
0
 40
-84.000000000
 40
-84.000000000
 40
-18.000000000
 40
-18.000000000
 10
85.000000000
 20
261.637138500
 30
0.000000000
 10
85.000000000
 20
327.637138500
 30
-0.000000000
  0
SPLINE
  5
EDF
330
A02
100
AcDbEntity
  8
x_upper_sheets
100
AcDbSpline
210
0
220
0
230
1
 70
8
 71
1
 72
4
 73
2
 74
0
 40
-12.500000000
 40
-12.500000000
 40
-7.400000000
 40
-7.400000000
 10
145.000000000
 20
261.637138500
 30
0.000000000
 10
139.900000000
 20
261.637138500
 30
0.000000000
  0
SPLINE
  5
EE0
330
A02
100
AcDbEntity
  8
x_upper_sheets
100
AcDbSpline
210
0
220
0
230
1
 70
8
 71
1
 72
4
 73
2
 74
0
 40
2.250000000
 40
2.250000000
 40
33.750000000
 40
33.750000000
 10
139.900000000
 20
293.137138500
 30
0.000000000
 10
139.900000000
 20
261.637138500
 30
0.000000000
  0
SPLINE
  5
EE1
330
A02
100
AcDbEntity
  8
x_upper_sheets
100
AcDbSpline
210
0
220
0
230
1
 70
8
 71
1
 72
4
 73
2
 74
0
 40
-10.450000000
 40
-10.450000000
 40
-9.450000000
 40
-9.450000000
 10
139.900000000
 20
293.137138500
 30
0.000000000
 10
138.900000000
 20
293.137138500
 30
0.000000000
  0
SPLINE
  5
EE2
330
A02
100
AcDbEntity
  8
x_upper_sheets
100
AcDbSpline
210
0
220
0
230
1
 70
8
 71
1
 72
4
 73
2
 74
0
 40
8.450000000
 40
8.450000000
 40
9.450000000
 40
9.450000000
 10
137.900000000
 20
293.137138500
 30
0.000000000
 10
138.900000000
 20
293.137138500
 30
0.000000000
  0
SPLINE
  5
EE3
330
A02
100
AcDbEntity
  8
x_upper_sheets
100
AcDbSpline
210
0
220
0
230
1
 70
8
 71
1
 72
4
 73
2
 74
0
 40
2.250000000
 40
2.250000000
 40
33.750000000
 40
33.750000000
 10
137.900000000
 20
293.137138500
 30
0.000000000
 10
137.900000000
 20
261.637138500
 30
0.000000000
  0
SPLINE
  5
EE4
330
A02
100
AcDbEntity
  8
x_upper_sheets
100
AcDbSpline
210
0
220
0
230
1
 70
8
 71
1
 72
4
 73
2
 74
0
 40
-5.400000000
 40
-5.400000000
 40
-3.200000000
 40
-3.200000000
 10
137.900000000
 20
261.637138500
 30
0.000000000
 10
135.700000000
 20
261.637138500
 30
0.000000000
  0
SPLINE
  5
EE5
330
A02
100
AcDbEntity
  8
x_upper_sheets
100
AcDbSpline
210
0
220
0
230
1
 70
8
 71
1
 72
4
 73
2
 74
0
 40
2.250000000
 40
2.250000000
 40
33.750000000
 40
33.750000000
 10
135.700000000
 20
293.137138500
 30
0.000000000
 10
135.700000000
 20
261.637138500
 30
0.000000000
  0
SPLINE
  5
EE6
330
A02
100
AcDbEntity
  8
x_upper_sheets
100
AcDbSpline
210
0
220
0
230
1
 70
8
 71
1
 72
4
 73
2
 74
0
 40
-8.350000000
 40
-8.350000000
 40
-7.350000000
 40
-7.350000000
 10
135.700000000
 20
293.137138500
 30
0.000000000
 10
134.700000000
 20
293.137138500
 30
0.000000000
  0
SPLINE
  5
EE7
330
A02
100
AcDbEntity
  8
x_upper_sheets
100
AcDbSpline
210
0
220
0
230
1
 70
8
 71
1
 72
4
 73
2
 74
0
 40
6.350000000
 40
6.350000000
 40
7.350000000
 40
7.350000000
 10
133.700000000
 20
293.137138500
 30
0.000000000
 10
134.700000000
 20
293.137138500
 30
0.000000000
  0
SPLINE
  5
EE8
330
A02
100
AcDbEntity
  8
x_upper_sheets
100
AcDbSpline
210
0
220
0
230
1
 70
8
 71
1
 72
4
 73
2
 74
0
 40
2.250000000
 40
2.250000000
 40
33.750000000
 40
33.750000000
 10
133.700000000
 20
293.137138500
 30
0.000000000
 10
133.700000000
 20
261.637138500
 30
0.000000000
  0
SPLINE
  5
EE9
330
A02
100
AcDbEntity
  8
x_upper_sheets
100
AcDbSpline
210
0
220
0
230
1
 70
8
 71
1
 72
4
 73
2
 74
0
 40
-1.200000000
 40
-1.200000000
 40
1.000000000
 40
1.000000000
 10
133.700000000
 20
261.637138500
 30
0.000000000
 10
131.500000000
 20
261.637138500
 30
0.000000000
  0
SPLINE
  5
EEA
330
A02
100
AcDbEntity
  8
x_upper_sheets
100
AcDbSpline
210
0
220
0
230
1
 70
8
 71
1
 72
4
 73
2
 74
0
 40
2.250000000
 40
2.250000000
 40
33.750000000
 40
33.750000000
 10
131.500000000
 20
293.137138500
 30
0.000000000
 10
131.500000000
 20
261.637138500
 30
0.000000000
  0
SPLINE
  5
EEB
330
A02
100
AcDbEntity
  8
x_upper_sheets
100
AcDbSpline
210
0
220
0
230
1
 70
8
 71
1
 72
4
 73
2
 74
0
 40
-6.250000000
 40
-6.250000000
 40
-5.250000000
 40
-5.250000000
 10
131.500000000
 20
293.137138500
 30
0.000000000
 10
130.500000000
 20
293.137138500
 30
0.000000000
  0
SPLINE
  5
EEC
330
A02
100
AcDbEntity
  8
x_upper_sheets
100
AcDbSpline
210
0
220
0
230
1
 70
8
 71
1
 72
4
 73
2
 74
0
 40
4.250000000
 40
4.250000000
 40
5.250000000
 40
5.250000000
 10
129.500000000
 20
293.137138500
 30
0.000000000
 10
130.500000000
 20
293.137138500
 30
0.000000000
  0
SPLINE
  5
EED
330
A02
100
AcDbEntity
  8
x_upper_sheets
100
AcDbSpline
210
0
220
0
230
1
 70
8
 71
1
 72
4
 73
2
 74
0
 40
2.250000000
 40
2.250000000
 40
33.750000000
 40
33.750000000
 10
129.500000000
 20
293.137138500
 30
0.000000000
 10
129.500000000
 20
261.637138500
 30
0.000000000
  0
SPLINE
  5
EEE
330
A02
100
AcDbEntity
  8
x_upper_sheets
100
AcDbSpline
210
0
220
0
230
1
 70
8
 71
1
 72
4
 73
2
 74
0
 40
3.000000000
 40
3.000000000
 40
5.200000000
 40
5.200000000
 10
129.500000000
 20
261.637138500
 30
0.000000000
 10
127.300000000
 20
261.637138500
 30
0.000000000
  0
SPLINE
  5
EEF
330
A02
100
AcDbEntity
  8
x_upper_sheets
100
AcDbSpline
210
0
220
0
230
1
 70
8
 71
1
 72
4
 73
2
 74
0
 40
2.250000000
 40
2.250000000
 40
33.750000000
 40
33.750000000
 10
127.300000000
 20
293.137138500
 30
0.000000000
 10
127.300000000
 20
261.637138500
 30
0.000000000
  0
SPLINE
  5
EF0
330
A02
100
AcDbEntity
  8
x_upper_sheets
100
AcDbSpline
210
0
220
0
230
1
 70
8
 71
1
 72
4
 73
2
 74
0
 40
-4.150000000
 40
-4.150000000
 40
-3.150000000
 40
-3.150000000
 10
127.300000000
 20
293.137138500
 30
0.000000000
 10
126.300000000
 20
293.137138500
 30
0.000000000
  0
SPLINE
  5
EF1
330
A02
100
AcDbEntity
  8
x_upper_sheets
100
AcDbSpline
210
0
220
0
230
1
 70
8
 71
1
 72
4
 73
2
 74
0
 40
2.150000000
 40
2.150000000
 40
3.150000000
 40
3.150000000
 10
125.300000000
 20
293.137138500
 30
0.000000000
 10
126.300000000
 20
293.137138500
 30
0.000000000
  0
SPLINE
  5
EF2
330
A02
100
AcDbEntity
  8
x_upper_sheets
100
AcDbSpline
210
0
220
0
230
1
 70
8
 71
1
 72
4
 73
2
 74
0
 40
2.250000000
 40
2.250000000
 40
33.750000000
 40
33.750000000
 10
125.300000000
 20
293.137138500
 30
0.000000000
 10
125.300000000
 20
261.637138500
 30
0.000000000
  0
SPLINE
  5
EF3
330
A02
100
AcDbEntity
  8
x_upper_sheets
100
AcDbSpline
210
0
220
0
230
1
 70
8
 71
1
 72
4
 73
2
 74
0
 40
7.200000000
 40
7.200000000
 40
9.400000000
 40
9.400000000
 10
125.300000000
 20
261.637138500
 30
0.000000000
 10
123.100000000
 20
261.637138500
 30
0.000000000
  0
SPLINE
  5
EF4
330
A02
100
AcDbEntity
  8
x_upper_sheets
100
AcDbSpline
210
0
220
0
230
1
 70
8
 71
1
 72
4
 73
2
 74
0
 40
2.250000000
 40
2.250000000
 40
33.750000000
 40
33.750000000
 10
123.100000000
 20
293.137138500
 30
0.000000000
 10
123.100000000
 20
261.637138500
 30
0.000000000
  0
SPLINE
  5
EF5
330
A02
100
AcDbEntity
  8
x_upper_sheets
100
AcDbSpline
210
0
220
0
230
1
 70
8
 71
1
 72
4
 73
2
 74
0
 40
-2.050000000
 40
-2.050000000
 40
-1.050000000
 40
-1.050000000
 10
123.100000000
 20
293.137138500
 30
0.000000000
 10
122.100000000
 20
293.137138500
 30
0.000000000
  0
SPLINE
  5
EF6
330
A02
100
AcDbEntity
  8
x_upper_sheets
100
AcDbSpline
210
0
220
0
230
1
 70
8
 71
1
 72
4
 73
2
 74
0
 40
0.050000000
 40
0.050000000
 40
1.050000000
 40
1.050000000
 10
121.100000000
 20
293.137138500
 30
0.000000000
 10
122.100000000
 20
293.137138500
 30
0.000000000
  0
SPLINE
  5
EF7
330
A02
100
AcDbEntity
  8
x_upper_sheets
100
AcDbSpline
210
0
220
0
230
1
 70
8
 71
1
 72
4
 73
2
 74
0
 40
2.250000000
 40
2.250000000
 40
33.750000000
 40
33.750000000
 10
121.100000000
 20
293.137138500
 30
0.000000000
 10
121.100000000
 20
261.637138500
 30
0.000000000
  0
SPLINE
  5
EF8
330
A02
100
AcDbEntity
  8
x_upper_sheets
100
AcDbSpline
210
0
220
0
230
1
 70
8
 71
1
 72
4
 73
2
 74
0
 40
11.400000000
 40
11.400000000
 40
13.600000000
 40
13.600000000
 10
121.100000000
 20
261.637138500
 30
0.000000000
 10
118.900000000
 20
261.637138500
 30
0.000000000
  0
SPLINE
  5
EF9
330
A02
100
AcDbEntity
  8
x_upper_sheets
100
AcDbSpline
210
0
220
0
230
1
 70
8
 71
1
 72
4
 73
2
 74
0
 40
2.250000000
 40
2.250000000
 40
33.750000000
 40
33.750000000
 10
118.900000000
 20
293.137138500
 30
0.000000000
 10
118.900000000
 20
261.637138500
 30
0.000000000
  0
SPLINE
  5
EFA
330
A02
100
AcDbEntity
  8
x_upper_sheets
100
AcDbSpline
210
0
220
0
230
1
 70
8
 71
1
 72
4
 73
2
 74
0
 40
0.050000000
 40
0.050000000
 40
1.050000000
 40
1.050000000
 10
118.900000000
 20
293.137138500
 30
0.000000000
 10
117.900000000
 20
293.137138500
 30
0.000000000
  0
SPLINE
  5
EFB
330
A02
100
AcDbEntity
  8
x_upper_sheets
100
AcDbSpline
210
0
220
0
230
1
 70
8
 71
1
 72
4
 73
2
 74
0
 40
-2.050000000
 40
-2.050000000
 40
-1.050000000
 40
-1.050000000
 10
116.900000000
 20
293.137138500
 30
0.000000000
 10
117.900000000
 20
293.137138500
 30
0.000000000
  0
SPLINE
  5
EFC
330
A02
100
AcDbEntity
  8
x_upper_sheets
100
AcDbSpline
210
0
220
0
230
1
 70
8
 71
1
 72
4
 73
2
 74
0
 40
2.250000000
 40
2.250000000
 40
33.750000000
 40
33.750000000
 10
116.900000000
 20
293.137138500
 30
0.000000000
 10
116.900000000
 20
261.637138500
 30
0.000000000
  0
SPLINE
  5
EFD
330
A02
100
AcDbEntity
  8
x_upper_sheets
100
AcDbSpline
210
0
220
0
230
1
 70
8
 71
1
 72
4
 73
2
 74
0
 40
15.600000000
 40
15.600000000
 40
17.800000000
 40
17.800000000
 10
116.900000000
 20
261.637138500
 30
0.000000000
 10
114.700000000
 20
261.637138500
 30
0.000000000
  0
SPLINE
  5
EFE
330
A02
100
AcDbEntity
  8
x_upper_sheets
100
AcDbSpline
210
0
220
0
230
1
 70
8
 71
1
 72
4
 73
2
 74
0
 40
2.250000000
 40
2.250000000
 40
33.750000000
 40
33.750000000
 10
114.700000000
 20
293.137138500
 30
0.000000000
 10
114.700000000
 20
261.637138500
 30
0.000000000
  0
SPLINE
  5
EFF
330
A02
100
AcDbEntity
  8
x_upper_sheets
100
AcDbSpline
210
0
220
0
230
1
 70
8
 71
1
 72
4
 73
2
 74
0
 40
2.150000000
 40
2.150000000
 40
3.150000000
 40
3.150000000
 10
114.700000000
 20
293.137138500
 30
0.000000000
 10
113.700000000
 20
293.137138500
 30
0.000000000
  0
SPLINE
  5
F00
330
A02
100
AcDbEntity
  8
x_upper_sheets
100
AcDbSpline
210
0
220
0
230
1
 70
8
 71
1
 72
4
 73
2
 74
0
 40
-4.150000000
 40
-4.150000000
 40
-3.150000000
 40
-3.150000000
 10
112.700000000
 20
293.137138500
 30
0.000000000
 10
113.700000000
 20
293.137138500
 30
0.000000000
  0
SPLINE
  5
F01
330
A02
100
AcDbEntity
  8
x_upper_sheets
100
AcDbSpline
210
0
220
0
230
1
 70
8
 71
1
 72
4
 73
2
 74
0
 40
2.250000000
 40
2.250000000
 40
33.750000000
 40
33.750000000
 10
112.700000000
 20
293.137138500
 30
0.000000000
 10
112.700000000
 20
261.637138500
 30
0.000000000
  0
SPLINE
  5
F02
330
A02
100
AcDbEntity
  8
x_upper_sheets
100
AcDbSpline
210
0
220
0
230
1
 70
8
 71
1
 72
4
 73
2
 74
0
 40
19.800000000
 40
19.800000000
 40
22.000000000
 40
22.000000000
 10
112.700000000
 20
261.637138500
 30
0.000000000
 10
110.500000000
 20
261.637138500
 30
0.000000000
  0
SPLINE
  5
F03
330
A02
100
AcDbEntity
  8
x_upper_sheets
100
AcDbSpline
210
0
220
0
230
1
 70
8
 71
1
 72
4
 73
2
 74
0
 40
2.250000000
 40
2.250000000
 40
33.750000000
 40
33.750000000
 10
110.500000000
 20
293.137138500
 30
0.000000000
 10
110.500000000
 20
261.637138500
 30
0.000000000
  0
SPLINE
  5
F04
330
A02
100
AcDbEntity
  8
x_upper_sheets
100
AcDbSpline
210
0
220
0
230
1
 70
8
 71
1
 72
4
 73
2
 74
0
 40
4.250000000
 40
4.250000000
 40
5.250000000
 40
5.250000000
 10
110.500000000
 20
293.137138500
 30
0.000000000
 10
109.500000000
 20
293.137138500
 30
0.000000000
  0
SPLINE
  5
F05
330
A02
100
AcDbEntity
  8
x_upper_sheets
100
AcDbSpline
210
0
220
0
230
1
 70
8
 71
1
 72
4
 73
2
 74
0
 40
-6.250000000
 40
-6.250000000
 40
-5.250000000
 40
-5.250000000
 10
108.500000000
 20
293.137138500
 30
0.000000000
 10
109.500000000
 20
293.137138500
 30
0.000000000
  0
SPLINE
  5
F06
330
A02
100
AcDbEntity
  8
x_upper_sheets
100
AcDbSpline
210
0
220
0
230
1
 70
8
 71
1
 72
4
 73
2
 74
0
 40
2.250000000
 40
2.250000000
 40
33.750000000
 40
33.750000000
 10
108.500000000
 20
293.137138500
 30
0.000000000
 10
108.500000000
 20
261.637138500
 30
0.000000000
  0
SPLINE
  5
F07
330
A02
100
AcDbEntity
  8
x_upper_sheets
100
AcDbSpline
210
0
220
0
230
1
 70
8
 71
1
 72
4
 73
2
 74
0
 40
24.000000000
 40
24.000000000
 40
26.200000000
 40
26.200000000
 10
108.500000000
 20
261.637138500
 30
0.000000000
 10
106.300000000
 20
261.637138500
 30
0.000000000
  0
SPLINE
  5
F08
330
A02
100
AcDbEntity
  8
x_upper_sheets
100
AcDbSpline
210
0
220
0
230
1
 70
8
 71
1
 72
4
 73
2
 74
0
 40
2.250000000
 40
2.250000000
 40
33.750000000
 40
33.750000000
 10
106.300000000
 20
293.137138500
 30
0.000000000
 10
106.300000000
 20
261.637138500
 30
0.000000000
  0
SPLINE
  5
F09
330
A02
100
AcDbEntity
  8
x_upper_sheets
100
AcDbSpline
210
0
220
0
230
1
 70
8
 71
1
 72
4
 73
2
 74
0
 40
6.350000000
 40
6.350000000
 40
7.350000000
 40
7.350000000
 10
106.300000000
 20
293.137138500
 30
0.000000000
 10
105.300000000
 20
293.137138500
 30
0.000000000
  0
SPLINE
  5
F0A
330
A02
100
AcDbEntity
  8
x_upper_sheets
100
AcDbSpline
210
0
220
0
230
1
 70
8
 71
1
 72
4
 73
2
 74
0
 40
-8.350000000
 40
-8.350000000
 40
-7.350000000
 40
-7.350000000
 10
104.300000000
 20
293.137138500
 30
0.000000000
 10
105.300000000
 20
293.137138500
 30
0.000000000
  0
SPLINE
  5
F0B
330
A02
100
AcDbEntity
  8
x_upper_sheets
100
AcDbSpline
210
0
220
0
230
1
 70
8
 71
1
 72
4
 73
2
 74
0
 40
2.250000000
 40
2.250000000
 40
33.750000000
 40
33.750000000
 10
104.300000000
 20
293.137138500
 30
0.000000000
 10
104.300000000
 20
261.637138500
 30
0.000000000
  0
SPLINE
  5
F0C
330
A02
100
AcDbEntity
  8
x_upper_sheets
100
AcDbSpline
210
0
220
0
230
1
 70
8
 71
1
 72
4
 73
2
 74
0
 40
28.200000000
 40
28.200000000
 40
30.400000000
 40
30.400000000
 10
104.300000000
 20
261.637138500
 30
0.000000000
 10
102.100000000
 20
261.637138500
 30
0.000000000
  0
SPLINE
  5
F0D
330
A02
100
AcDbEntity
  8
x_upper_sheets
100
AcDbSpline
210
0
220
0
230
1
 70
8
 71
1
 72
4
 73
2
 74
0
 40
2.250000000
 40
2.250000000
 40
33.750000000
 40
33.750000000
 10
102.100000000
 20
293.137138500
 30
0.000000000
 10
102.100000000
 20
261.637138500
 30
0.000000000
  0
SPLINE
  5
F0E
330
A02
100
AcDbEntity
  8
x_upper_sheets
100
AcDbSpline
210
0
220
0
230
1
 70
8
 71
1
 72
4
 73
2
 74
0
 40
8.450000000
 40
8.450000000
 40
9.450000000
 40
9.450000000
 10
102.100000000
 20
293.137138500
 30
0.000000000
 10
101.100000000
 20
293.137138500
 30
0.000000000
  0
SPLINE
  5
F0F
330
A02
100
AcDbEntity
  8
x_upper_sheets
100
AcDbSpline
210
0
220
0
230
1
 70
8
 71
1
 72
4
 73
2
 74
0
 40
-10.450000000
 40
-10.450000000
 40
-9.450000000
 40
-9.450000000
 10
100.100000000
 20
293.137138500
 30
0.000000000
 10
101.100000000
 20
293.137138500
 30
0.000000000
  0
SPLINE
  5
F10
330
A02
100
AcDbEntity
  8
x_upper_sheets
100
AcDbSpline
210
0
220
0
230
1
 70
8
 71
1
 72
4
 73
2
 74
0
 40
2.250000000
 40
2.250000000
 40
33.750000000
 40
33.750000000
 10
100.100000000
 20
293.137138500
 30
0.000000000
 10
100.100000000
 20
261.637138500
 30
0.000000000
  0
SPLINE
  5
F11
330
A02
100
AcDbEntity
  8
x_upper_sheets
100
AcDbSpline
210
0
220
0
230
1
 70
8
 71
1
 72
4
 73
2
 74
0
 40
32.400000000
 40
32.400000000
 40
37.500000000
 40
37.500000000
 10
100.100000000
 20
261.637138500
 30
0.000000000
 10
95.000000000
 20
261.637138500
 30
0.000000000
  0
SPLINE
  5
F12
330
A02
100
AcDbEntity
  8
x_upper_sheets
100
AcDbSpline
210
0
220
0
230
1
 70
8
 71
1
 72
4
 73
2
 74
0
 40
-84.000000000
 40
-84.000000000
 40
-18.000000000
 40
-18.000000000
 10
95.000000000
 20
261.637138500
 30
0.000000000
 10
95.000000000
 20
327.637138500
 30
-0.000000000
  0
SPLINE
  5
F13
330
A02
100
AcDbEntity
  8
x_upper_sheets
100
AcDbSpline
210
0
220
0
230
1
 70
8
 71
1
 72
4
 73
2
 74
0
 40
-25.000000000
 40
-25.000000000
 40
-18.981833420
 40
-18.981833420
 10
95.000000000
 20
327.637138500
 30
-0.000000000
 10
101.018166580
 20
327.637138500
 30
-0.000000000
  0
SPLINE
  5
F14
330
A02
100
AcDbEntity
  8
x_upper_sheets
100
AcDbSpline
210
0
220
0
230
1
 70
8
 71
3
 72
14
 73
10
 74
0
 40
-1.822546094
 40
-1.822546094
 40
-1.822546094
 40
-1.822546094
 40
-1.626093107
 40
-1.626093107
 40
-1.626093107
 40
-1.429640120
 40
-1.429640120
 40
-1.429640120
 40
-1.036734145
 40
-1.036734145
 40
-1.036734145
 40
-1.036734145
 10
101.018166580
 20
327.637138500
 30
-0.000000000
 10
102.361432408
 20
329.004511302
 30
-0.000000000
 10
103.552131649
 20
330.202341999
 30
-0.000000000
 10
104.636278353
 20
331.278265740
 30
-0.000000000
 10
105.719863252
 20
332.353560533
 30
-0.000000000
 10
106.696237040
 20
333.306266600
 30
-0.000000000
 10
107.595928200
 20
334.166679065
 30
-0.000000000
 10
109.393332776
 20
335.884837618
 30
-0.000000000
 10
110.889100261
 20
337.241663438
 30
-0.000000000
 10
112.234048674
 20
338.362861500
 30
-0.000000000
  0
SPLINE
  5
F15
330
A02
100
AcDbEntity
  8
x_upper_sheets
100
AcDbSpline
210
0
220
0
230
1
 70
8
 71
1
 72
4
 73
2
 74
0
 40
-7.765951326
 40
-7.765951326
 40
7.765951326
 40
7.765951326
 10
112.234048674
 20
338.362861500
 30
-0.000000000
 10
127.765951326
 20
338.362861500
 30
-0.000000000
  0
SPLINE
  5
F16
330
A02
100
AcDbEntity
  8
x_upper_sheets
100
AcDbSpline
210
0
220
0
230
1
 70
8
 71
3
 72
14
 73
10
 74
0
 40
1.036734145
 40
1.036734145
 40
1.036734145
 40
1.036734145
 40
1.429640120
 40
1.429640120
 40
1.429640120
 40
1.626093107
 40
1.626093107
 40
1.626093107
 40
1.822546094
 40
1.822546094
 40
1.822546094
 40
1.822546094
 10
127.765951326
 20
338.362861500
 30
-0.000000000
 10
129.110899739
 20
337.241663438
 30
-0.000000000
 10
130.606667224
 20
335.884837618
 30
-0.000000000
 10
132.404071800
 20
334.166679065
 30
-0.000000000
 10
133.303762960
 20
333.306266600
 30
-0.000000000
 10
134.280136748
 20
332.353560533
 30
-0.000000000
 10
135.363721647
 20
331.278265740
 30
-0.000000000
 10
136.447868351
 20
330.202341999
 30
-0.000000000
 10
137.638567592
 20
329.004511302
 30
-0.000000000
 10
138.981833420
 20
327.637138500
 30
-0.000000000
  0
SPLINE
  5
F17
330
A02
100
AcDbEntity
  8
x_upper_sheets
100
AcDbSpline
210
0
220
0
230
1
 70
8
 71
1
 72
4
 73
2
 74
0
 40
18.981833420
 40
18.981833420
 40
25.000000000
 40
25.000000000
 10
138.981833420
 20
327.637138500
 30
-0.000000000
 10
145.000000000
 20
327.637138500
 30
-0.000000000
  0
SPLINE
  5
F18
330
A02
100
AcDbEntity
  8
x_upper_sheets
100
AcDbSpline
210
0
220
0
230
1
 70
8
 71
1
 72
4
 73
2
 74
0
 40
-84.000000000
 40
-84.000000000
 40
-18.000000000
 40
-18.000000000
 10
145.000000000
 20
261.637138500
 30
0.000000000
 10
145.000000000
 20
327.637138500
 30
-0.000000000
  0
SPLINE
  5
F19
330
A02
100
AcDbEntity
  8
x_upper_sheets
100
AcDbSpline
210
0
220
0
230
1
 70
8
 71
1
 72
4
 73
2
 74
0
 40
-12.500000000
 40
-12.500000000
 40
-7.400000000
 40
-7.400000000
 10
205.000000000
 20
261.637138500
 30
0.000000000
 10
199.900000000
 20
261.637138500
 30
0.000000000
  0
SPLINE
  5
F1A
330
A02
100
AcDbEntity
  8
x_upper_sheets
100
AcDbSpline
210
0
220
0
230
1
 70
8
 71
1
 72
4
 73
2
 74
0
 40
2.250000000
 40
2.250000000
 40
33.750000000
 40
33.750000000
 10
199.900000000
 20
293.137138500
 30
0.000000000
 10
199.900000000
 20
261.637138500
 30
0.000000000
  0
SPLINE
  5
F1B
330
A02
100
AcDbEntity
  8
x_upper_sheets
100
AcDbSpline
210
0
220
0
230
1
 70
8
 71
1
 72
4
 73
2
 74
0
 40
-10.450000000
 40
-10.450000000
 40
-9.450000000
 40
-9.450000000
 10
199.900000000
 20
293.137138500
 30
0.000000000
 10
198.900000000
 20
293.137138500
 30
0.000000000
  0
SPLINE
  5
F1C
330
A02
100
AcDbEntity
  8
x_upper_sheets
100
AcDbSpline
210
0
220
0
230
1
 70
8
 71
1
 72
4
 73
2
 74
0
 40
8.450000000
 40
8.450000000
 40
9.450000000
 40
9.450000000
 10
197.900000000
 20
293.137138500
 30
0.000000000
 10
198.900000000
 20
293.137138500
 30
0.000000000
  0
SPLINE
  5
F1D
330
A02
100
AcDbEntity
  8
x_upper_sheets
100
AcDbSpline
210
0
220
0
230
1
 70
8
 71
1
 72
4
 73
2
 74
0
 40
2.250000000
 40
2.250000000
 40
33.750000000
 40
33.750000000
 10
197.900000000
 20
293.137138500
 30
0.000000000
 10
197.900000000
 20
261.637138500
 30
0.000000000
  0
SPLINE
  5
F1E
330
A02
100
AcDbEntity
  8
x_upper_sheets
100
AcDbSpline
210
0
220
0
230
1
 70
8
 71
1
 72
4
 73
2
 74
0
 40
-5.400000000
 40
-5.400000000
 40
-3.200000000
 40
-3.200000000
 10
197.900000000
 20
261.637138500
 30
0.000000000
 10
195.700000000
 20
261.637138500
 30
0.000000000
  0
SPLINE
  5
F1F
330
A02
100
AcDbEntity
  8
x_upper_sheets
100
AcDbSpline
210
0
220
0
230
1
 70
8
 71
1
 72
4
 73
2
 74
0
 40
2.250000000
 40
2.250000000
 40
33.750000000
 40
33.750000000
 10
195.700000000
 20
293.137138500
 30
0.000000000
 10
195.700000000
 20
261.637138500
 30
0.000000000
  0
SPLINE
  5
F20
330
A02
100
AcDbEntity
  8
x_upper_sheets
100
AcDbSpline
210
0
220
0
230
1
 70
8
 71
1
 72
4
 73
2
 74
0
 40
-8.350000000
 40
-8.350000000
 40
-7.350000000
 40
-7.350000000
 10
195.700000000
 20
293.137138500
 30
0.000000000
 10
194.700000000
 20
293.137138500
 30
0.000000000
  0
SPLINE
  5
F21
330
A02
100
AcDbEntity
  8
x_upper_sheets
100
AcDbSpline
210
0
220
0
230
1
 70
8
 71
1
 72
4
 73
2
 74
0
 40
6.350000000
 40
6.350000000
 40
7.350000000
 40
7.350000000
 10
193.700000000
 20
293.137138500
 30
0.000000000
 10
194.700000000
 20
293.137138500
 30
0.000000000
  0
SPLINE
  5
F22
330
A02
100
AcDbEntity
  8
x_upper_sheets
100
AcDbSpline
210
0
220
0
230
1
 70
8
 71
1
 72
4
 73
2
 74
0
 40
2.250000000
 40
2.250000000
 40
33.750000000
 40
33.750000000
 10
193.700000000
 20
293.137138500
 30
0.000000000
 10
193.700000000
 20
261.637138500
 30
0.000000000
  0
SPLINE
  5
F23
330
A02
100
AcDbEntity
  8
x_upper_sheets
100
AcDbSpline
210
0
220
0
230
1
 70
8
 71
1
 72
4
 73
2
 74
0
 40
-1.200000000
 40
-1.200000000
 40
1.000000000
 40
1.000000000
 10
193.700000000
 20
261.637138500
 30
0.000000000
 10
191.500000000
 20
261.637138500
 30
0.000000000
  0
SPLINE
  5
F24
330
A02
100
AcDbEntity
  8
x_upper_sheets
100
AcDbSpline
210
0
220
0
230
1
 70
8
 71
1
 72
4
 73
2
 74
0
 40
2.250000000
 40
2.250000000
 40
33.750000000
 40
33.750000000
 10
191.500000000
 20
293.137138500
 30
0.000000000
 10
191.500000000
 20
261.637138500
 30
0.000000000
  0
SPLINE
  5
F25
330
A02
100
AcDbEntity
  8
x_upper_sheets
100
AcDbSpline
210
0
220
0
230
1
 70
8
 71
1
 72
4
 73
2
 74
0
 40
-6.250000000
 40
-6.250000000
 40
-5.250000000
 40
-5.250000000
 10
191.500000000
 20
293.137138500
 30
0.000000000
 10
190.500000000
 20
293.137138500
 30
0.000000000
  0
SPLINE
  5
F26
330
A02
100
AcDbEntity
  8
x_upper_sheets
100
AcDbSpline
210
0
220
0
230
1
 70
8
 71
1
 72
4
 73
2
 74
0
 40
4.250000000
 40
4.250000000
 40
5.250000000
 40
5.250000000
 10
189.500000000
 20
293.137138500
 30
0.000000000
 10
190.500000000
 20
293.137138500
 30
0.000000000
  0
SPLINE
  5
F27
330
A02
100
AcDbEntity
  8
x_upper_sheets
100
AcDbSpline
210
0
220
0
230
1
 70
8
 71
1
 72
4
 73
2
 74
0
 40
2.250000000
 40
2.250000000
 40
33.750000000
 40
33.750000000
 10
189.500000000
 20
293.137138500
 30
0.000000000
 10
189.500000000
 20
261.637138500
 30
0.000000000
  0
SPLINE
  5
F28
330
A02
100
AcDbEntity
  8
x_upper_sheets
100
AcDbSpline
210
0
220
0
230
1
 70
8
 71
1
 72
4
 73
2
 74
0
 40
3.000000000
 40
3.000000000
 40
5.200000000
 40
5.200000000
 10
189.500000000
 20
261.637138500
 30
0.000000000
 10
187.300000000
 20
261.637138500
 30
0.000000000
  0
SPLINE
  5
F29
330
A02
100
AcDbEntity
  8
x_upper_sheets
100
AcDbSpline
210
0
220
0
230
1
 70
8
 71
1
 72
4
 73
2
 74
0
 40
2.250000000
 40
2.250000000
 40
33.750000000
 40
33.750000000
 10
187.300000000
 20
293.137138500
 30
0.000000000
 10
187.300000000
 20
261.637138500
 30
0.000000000
  0
SPLINE
  5
F2A
330
A02
100
AcDbEntity
  8
x_upper_sheets
100
AcDbSpline
210
0
220
0
230
1
 70
8
 71
1
 72
4
 73
2
 74
0
 40
-4.150000000
 40
-4.150000000
 40
-3.150000000
 40
-3.150000000
 10
187.300000000
 20
293.137138500
 30
0.000000000
 10
186.300000000
 20
293.137138500
 30
0.000000000
  0
SPLINE
  5
F2B
330
A02
100
AcDbEntity
  8
x_upper_sheets
100
AcDbSpline
210
0
220
0
230
1
 70
8
 71
1
 72
4
 73
2
 74
0
 40
2.150000000
 40
2.150000000
 40
3.150000000
 40
3.150000000
 10
185.300000000
 20
293.137138500
 30
0.000000000
 10
186.300000000
 20
293.137138500
 30
0.000000000
  0
SPLINE
  5
F2C
330
A02
100
AcDbEntity
  8
x_upper_sheets
100
AcDbSpline
210
0
220
0
230
1
 70
8
 71
1
 72
4
 73
2
 74
0
 40
2.250000000
 40
2.250000000
 40
33.750000000
 40
33.750000000
 10
185.300000000
 20
293.137138500
 30
0.000000000
 10
185.300000000
 20
261.637138500
 30
0.000000000
  0
SPLINE
  5
F2D
330
A02
100
AcDbEntity
  8
x_upper_sheets
100
AcDbSpline
210
0
220
0
230
1
 70
8
 71
1
 72
4
 73
2
 74
0
 40
7.200000000
 40
7.200000000
 40
9.400000000
 40
9.400000000
 10
185.300000000
 20
261.637138500
 30
0.000000000
 10
183.100000000
 20
261.637138500
 30
0.000000000
  0
SPLINE
  5
F2E
330
A02
100
AcDbEntity
  8
x_upper_sheets
100
AcDbSpline
210
0
220
0
230
1
 70
8
 71
1
 72
4
 73
2
 74
0
 40
2.250000000
 40
2.250000000
 40
33.750000000
 40
33.750000000
 10
183.100000000
 20
293.137138500
 30
0.000000000
 10
183.100000000
 20
261.637138500
 30
0.000000000
  0
SPLINE
  5
F2F
330
A02
100
AcDbEntity
  8
x_upper_sheets
100
AcDbSpline
210
0
220
0
230
1
 70
8
 71
1
 72
4
 73
2
 74
0
 40
-2.050000000
 40
-2.050000000
 40
-1.050000000
 40
-1.050000000
 10
183.100000000
 20
293.137138500
 30
0.000000000
 10
182.100000000
 20
293.137138500
 30
0.000000000
  0
SPLINE
  5
F30
330
A02
100
AcDbEntity
  8
x_upper_sheets
100
AcDbSpline
210
0
220
0
230
1
 70
8
 71
1
 72
4
 73
2
 74
0
 40
0.050000000
 40
0.050000000
 40
1.050000000
 40
1.050000000
 10
181.100000000
 20
293.137138500
 30
0.000000000
 10
182.100000000
 20
293.137138500
 30
0.000000000
  0
SPLINE
  5
F31
330
A02
100
AcDbEntity
  8
x_upper_sheets
100
AcDbSpline
210
0
220
0
230
1
 70
8
 71
1
 72
4
 73
2
 74
0
 40
2.250000000
 40
2.250000000
 40
33.750000000
 40
33.750000000
 10
181.100000000
 20
293.137138500
 30
0.000000000
 10
181.100000000
 20
261.637138500
 30
0.000000000
  0
SPLINE
  5
F32
330
A02
100
AcDbEntity
  8
x_upper_sheets
100
AcDbSpline
210
0
220
0
230
1
 70
8
 71
1
 72
4
 73
2
 74
0
 40
11.400000000
 40
11.400000000
 40
13.600000000
 40
13.600000000
 10
181.100000000
 20
261.637138500
 30
0.000000000
 10
178.900000000
 20
261.637138500
 30
0.000000000
  0
SPLINE
  5
F33
330
A02
100
AcDbEntity
  8
x_upper_sheets
100
AcDbSpline
210
0
220
0
230
1
 70
8
 71
1
 72
4
 73
2
 74
0
 40
2.250000000
 40
2.250000000
 40
33.750000000
 40
33.750000000
 10
178.900000000
 20
293.137138500
 30
0.000000000
 10
178.900000000
 20
261.637138500
 30
0.000000000
  0
SPLINE
  5
F34
330
A02
100
AcDbEntity
  8
x_upper_sheets
100
AcDbSpline
210
0
220
0
230
1
 70
8
 71
1
 72
4
 73
2
 74
0
 40
0.050000000
 40
0.050000000
 40
1.050000000
 40
1.050000000
 10
178.900000000
 20
293.137138500
 30
0.000000000
 10
177.900000000
 20
293.137138500
 30
0.000000000
  0
SPLINE
  5
F35
330
A02
100
AcDbEntity
  8
x_upper_sheets
100
AcDbSpline
210
0
220
0
230
1
 70
8
 71
1
 72
4
 73
2
 74
0
 40
-2.050000000
 40
-2.050000000
 40
-1.050000000
 40
-1.050000000
 10
176.900000000
 20
293.137138500
 30
0.000000000
 10
177.900000000
 20
293.137138500
 30
0.000000000
  0
SPLINE
  5
F36
330
A02
100
AcDbEntity
  8
x_upper_sheets
100
AcDbSpline
210
0
220
0
230
1
 70
8
 71
1
 72
4
 73
2
 74
0
 40
2.250000000
 40
2.250000000
 40
33.750000000
 40
33.750000000
 10
176.900000000
 20
293.137138500
 30
0.000000000
 10
176.900000000
 20
261.637138500
 30
0.000000000
  0
SPLINE
  5
F37
330
A02
100
AcDbEntity
  8
x_upper_sheets
100
AcDbSpline
210
0
220
0
230
1
 70
8
 71
1
 72
4
 73
2
 74
0
 40
15.600000000
 40
15.600000000
 40
17.800000000
 40
17.800000000
 10
176.900000000
 20
261.637138500
 30
0.000000000
 10
174.700000000
 20
261.637138500
 30
0.000000000
  0
SPLINE
  5
F38
330
A02
100
AcDbEntity
  8
x_upper_sheets
100
AcDbSpline
210
0
220
0
230
1
 70
8
 71
1
 72
4
 73
2
 74
0
 40
2.250000000
 40
2.250000000
 40
33.750000000
 40
33.750000000
 10
174.700000000
 20
293.137138500
 30
0.000000000
 10
174.700000000
 20
261.637138500
 30
0.000000000
  0
SPLINE
  5
F39
330
A02
100
AcDbEntity
  8
x_upper_sheets
100
AcDbSpline
210
0
220
0
230
1
 70
8
 71
1
 72
4
 73
2
 74
0
 40
2.150000000
 40
2.150000000
 40
3.150000000
 40
3.150000000
 10
174.700000000
 20
293.137138500
 30
0.000000000
 10
173.700000000
 20
293.137138500
 30
0.000000000
  0
SPLINE
  5
F3A
330
A02
100
AcDbEntity
  8
x_upper_sheets
100
AcDbSpline
210
0
220
0
230
1
 70
8
 71
1
 72
4
 73
2
 74
0
 40
-4.150000000
 40
-4.150000000
 40
-3.150000000
 40
-3.150000000
 10
172.700000000
 20
293.137138500
 30
0.000000000
 10
173.700000000
 20
293.137138500
 30
0.000000000
  0
SPLINE
  5
F3B
330
A02
100
AcDbEntity
  8
x_upper_sheets
100
AcDbSpline
210
0
220
0
230
1
 70
8
 71
1
 72
4
 73
2
 74
0
 40
2.250000000
 40
2.250000000
 40
33.750000000
 40
33.750000000
 10
172.700000000
 20
293.137138500
 30
0.000000000
 10
172.700000000
 20
261.637138500
 30
0.000000000
  0
SPLINE
  5
F3C
330
A02
100
AcDbEntity
  8
x_upper_sheets
100
AcDbSpline
210
0
220
0
230
1
 70
8
 71
1
 72
4
 73
2
 74
0
 40
19.800000000
 40
19.800000000
 40
22.000000000
 40
22.000000000
 10
172.700000000
 20
261.637138500
 30
0.000000000
 10
170.500000000
 20
261.637138500
 30
0.000000000
  0
SPLINE
  5
F3D
330
A02
100
AcDbEntity
  8
x_upper_sheets
100
AcDbSpline
210
0
220
0
230
1
 70
8
 71
1
 72
4
 73
2
 74
0
 40
2.250000000
 40
2.250000000
 40
33.750000000
 40
33.750000000
 10
170.500000000
 20
293.137138500
 30
0.000000000
 10
170.500000000
 20
261.637138500
 30
0.000000000
  0
SPLINE
  5
F3E
330
A02
100
AcDbEntity
  8
x_upper_sheets
100
AcDbSpline
210
0
220
0
230
1
 70
8
 71
1
 72
4
 73
2
 74
0
 40
4.250000000
 40
4.250000000
 40
5.250000000
 40
5.250000000
 10
170.500000000
 20
293.137138500
 30
0.000000000
 10
169.500000000
 20
293.137138500
 30
0.000000000
  0
SPLINE
  5
F3F
330
A02
100
AcDbEntity
  8
x_upper_sheets
100
AcDbSpline
210
0
220
0
230
1
 70
8
 71
1
 72
4
 73
2
 74
0
 40
-6.250000000
 40
-6.250000000
 40
-5.250000000
 40
-5.250000000
 10
168.500000000
 20
293.137138500
 30
0.000000000
 10
169.500000000
 20
293.137138500
 30
0.000000000
  0
SPLINE
  5
F40
330
A02
100
AcDbEntity
  8
x_upper_sheets
100
AcDbSpline
210
0
220
0
230
1
 70
8
 71
1
 72
4
 73
2
 74
0
 40
2.250000000
 40
2.250000000
 40
33.750000000
 40
33.750000000
 10
168.500000000
 20
293.137138500
 30
0.000000000
 10
168.500000000
 20
261.637138500
 30
0.000000000
  0
SPLINE
  5
F41
330
A02
100
AcDbEntity
  8
x_upper_sheets
100
AcDbSpline
210
0
220
0
230
1
 70
8
 71
1
 72
4
 73
2
 74
0
 40
24.000000000
 40
24.000000000
 40
26.200000000
 40
26.200000000
 10
168.500000000
 20
261.637138500
 30
0.000000000
 10
166.300000000
 20
261.637138500
 30
0.000000000
  0
SPLINE
  5
F42
330
A02
100
AcDbEntity
  8
x_upper_sheets
100
AcDbSpline
210
0
220
0
230
1
 70
8
 71
1
 72
4
 73
2
 74
0
 40
2.250000000
 40
2.250000000
 40
33.750000000
 40
33.750000000
 10
166.300000000
 20
293.137138500
 30
0.000000000
 10
166.300000000
 20
261.637138500
 30
0.000000000
  0
SPLINE
  5
F43
330
A02
100
AcDbEntity
  8
x_upper_sheets
100
AcDbSpline
210
0
220
0
230
1
 70
8
 71
1
 72
4
 73
2
 74
0
 40
6.350000000
 40
6.350000000
 40
7.350000000
 40
7.350000000
 10
166.300000000
 20
293.137138500
 30
0.000000000
 10
165.300000000
 20
293.137138500
 30
0.000000000
  0
SPLINE
  5
F44
330
A02
100
AcDbEntity
  8
x_upper_sheets
100
AcDbSpline
210
0
220
0
230
1
 70
8
 71
1
 72
4
 73
2
 74
0
 40
-8.350000000
 40
-8.350000000
 40
-7.350000000
 40
-7.350000000
 10
164.300000000
 20
293.137138500
 30
0.000000000
 10
165.300000000
 20
293.137138500
 30
0.000000000
  0
SPLINE
  5
F45
330
A02
100
AcDbEntity
  8
x_upper_sheets
100
AcDbSpline
210
0
220
0
230
1
 70
8
 71
1
 72
4
 73
2
 74
0
 40
2.250000000
 40
2.250000000
 40
33.750000000
 40
33.750000000
 10
164.300000000
 20
293.137138500
 30
0.000000000
 10
164.300000000
 20
261.637138500
 30
0.000000000
  0
SPLINE
  5
F46
330
A02
100
AcDbEntity
  8
x_upper_sheets
100
AcDbSpline
210
0
220
0
230
1
 70
8
 71
1
 72
4
 73
2
 74
0
 40
28.200000000
 40
28.200000000
 40
30.400000000
 40
30.400000000
 10
164.300000000
 20
261.637138500
 30
0.000000000
 10
162.100000000
 20
261.637138500
 30
0.000000000
  0
SPLINE
  5
F47
330
A02
100
AcDbEntity
  8
x_upper_sheets
100
AcDbSpline
210
0
220
0
230
1
 70
8
 71
1
 72
4
 73
2
 74
0
 40
2.250000000
 40
2.250000000
 40
33.750000000
 40
33.750000000
 10
162.100000000
 20
293.137138500
 30
0.000000000
 10
162.100000000
 20
261.637138500
 30
0.000000000
  0
SPLINE
  5
F48
330
A02
100
AcDbEntity
  8
x_upper_sheets
100
AcDbSpline
210
0
220
0
230
1
 70
8
 71
1
 72
4
 73
2
 74
0
 40
8.450000000
 40
8.450000000
 40
9.450000000
 40
9.450000000
 10
162.100000000
 20
293.137138500
 30
0.000000000
 10
161.100000000
 20
293.137138500
 30
0.000000000
  0
SPLINE
  5
F49
330
A02
100
AcDbEntity
  8
x_upper_sheets
100
AcDbSpline
210
0
220
0
230
1
 70
8
 71
1
 72
4
 73
2
 74
0
 40
-10.450000000
 40
-10.450000000
 40
-9.450000000
 40
-9.450000000
 10
160.100000000
 20
293.137138500
 30
0.000000000
 10
161.100000000
 20
293.137138500
 30
0.000000000
  0
SPLINE
  5
F4A
330
A02
100
AcDbEntity
  8
x_upper_sheets
100
AcDbSpline
210
0
220
0
230
1
 70
8
 71
1
 72
4
 73
2
 74
0
 40
2.250000000
 40
2.250000000
 40
33.750000000
 40
33.750000000
 10
160.100000000
 20
293.137138500
 30
0.000000000
 10
160.100000000
 20
261.637138500
 30
0.000000000
  0
SPLINE
  5
F4B
330
A02
100
AcDbEntity
  8
x_upper_sheets
100
AcDbSpline
210
0
220
0
230
1
 70
8
 71
1
 72
4
 73
2
 74
0
 40
32.400000000
 40
32.400000000
 40
37.500000000
 40
37.500000000
 10
160.100000000
 20
261.637138500
 30
0.000000000
 10
155.000000000
 20
261.637138500
 30
0.000000000
  0
SPLINE
  5
F4C
330
A02
100
AcDbEntity
  8
x_upper_sheets
100
AcDbSpline
210
0
220
0
230
1
 70
8
 71
1
 72
4
 73
2
 74
0
 40
-84.000000000
 40
-84.000000000
 40
-18.000000000
 40
-18.000000000
 10
155.000000000
 20
261.637138500
 30
0.000000000
 10
155.000000000
 20
327.637138500
 30
-0.000000000
  0
SPLINE
  5
F4D
330
A02
100
AcDbEntity
  8
x_upper_sheets
100
AcDbSpline
210
0
220
0
230
1
 70
8
 71
1
 72
4
 73
2
 74
0
 40
-25.000000000
 40
-25.000000000
 40
-18.981833420
 40
-18.981833420
 10
155.000000000
 20
327.637138500
 30
-0.000000000
 10
161.018166580
 20
327.637138500
 30
-0.000000000
  0
SPLINE
  5
F4E
330
A02
100
AcDbEntity
  8
x_upper_sheets
100
AcDbSpline
210
0
220
0
230
1
 70
8
 71
3
 72
14
 73
10
 74
0
 40
-1.822546094
 40
-1.822546094
 40
-1.822546094
 40
-1.822546094
 40
-1.626093107
 40
-1.626093107
 40
-1.626093107
 40
-1.429640120
 40
-1.429640120
 40
-1.429640120
 40
-1.036734145
 40
-1.036734145
 40
-1.036734145
 40
-1.036734145
 10
161.018166580
 20
327.637138500
 30
-0.000000000
 10
162.361432408
 20
329.004511302
 30
-0.000000000
 10
163.552131649
 20
330.202341999
 30
-0.000000000
 10
164.636278353
 20
331.278265740
 30
-0.000000000
 10
165.719863252
 20
332.353560533
 30
-0.000000000
 10
166.696237040
 20
333.306266600
 30
-0.000000000
 10
167.595928200
 20
334.166679065
 30
-0.000000000
 10
169.393332776
 20
335.884837618
 30
-0.000000000
 10
170.889100261
 20
337.241663438
 30
-0.000000000
 10
172.234048674
 20
338.362861500
 30
-0.000000000
  0
SPLINE
  5
F4F
330
A02
100
AcDbEntity
  8
x_upper_sheets
100
AcDbSpline
210
0
220
0
230
1
 70
8
 71
1
 72
4
 73
2
 74
0
 40
-7.765951326
 40
-7.765951326
 40
7.765951326
 40
7.765951326
 10
172.234048674
 20
338.362861500
 30
-0.000000000
 10
187.765951326
 20
338.362861500
 30
-0.000000000
  0
SPLINE
  5
F50
330
A02
100
AcDbEntity
  8
x_upper_sheets
100
AcDbSpline
210
0
220
0
230
1
 70
8
 71
3
 72
14
 73
10
 74
0
 40
1.036734145
 40
1.036734145
 40
1.036734145
 40
1.036734145
 40
1.429640120
 40
1.429640120
 40
1.429640120
 40
1.626093107
 40
1.626093107
 40
1.626093107
 40
1.822546094
 40
1.822546094
 40
1.822546094
 40
1.822546094
 10
187.765951326
 20
338.362861500
 30
-0.000000000
 10
189.110899739
 20
337.241663438
 30
-0.000000000
 10
190.606667224
 20
335.884837618
 30
-0.000000000
 10
192.404071800
 20
334.166679065
 30
-0.000000000
 10
193.303762960
 20
333.306266600
 30
-0.000000000
 10
194.280136748
 20
332.353560533
 30
-0.000000000
 10
195.363721647
 20
331.278265740
 30
-0.000000000
 10
196.447868351
 20
330.202341999
 30
-0.000000000
 10
197.638567592
 20
329.004511302
 30
-0.000000000
 10
198.981833420
 20
327.637138500
 30
-0.000000000
  0
SPLINE
  5
F51
330
A02
100
AcDbEntity
  8
x_upper_sheets
100
AcDbSpline
210
0
220
0
230
1
 70
8
 71
1
 72
4
 73
2
 74
0
 40
18.981833420
 40
18.981833420
 40
25.000000000
 40
25.000000000
 10
198.981833420
 20
327.637138500
 30
-0.000000000
 10
205.000000000
 20
327.637138500
 30
-0.000000000
  0
SPLINE
  5
F52
330
A02
100
AcDbEntity
  8
x_upper_sheets
100
AcDbSpline
210
0
220
0
230
1
 70
8
 71
1
 72
4
 73
2
 74
0
 40
-84.000000000
 40
-84.000000000
 40
-18.000000000
 40
-18.000000000
 10
205.000000000
 20
261.637138500
 30
0.000000000
 10
205.000000000
 20
327.637138500
 30
-0.000000000
  0
SPLINE
  5
F53
330
A02
100
AcDbEntity
  8
x_upper_sheets
100
AcDbSpline
210
0
220
0
230
1
 70
8
 71
1
 72
4
 73
2
 74
0
 40
-12.500000000
 40
-12.500000000
 40
-7.400000000
 40
-7.400000000
 10
265.000000000
 20
261.905281575
 30
0.000000000
 10
259.900000000
 20
261.905281575
 30
0.000000000
  0
SPLINE
  5
F54
330
A02
100
AcDbEntity
  8
x_upper_sheets
100
AcDbSpline
210
0
220
0
230
1
 70
8
 71
1
 72
4
 73
2
 74
0
 40
2.250000000
 40
2.250000000
 40
33.750000000
 40
33.750000000
 10
259.900000000
 20
293.405281575
 30
0.000000000
 10
259.900000000
 20
261.905281575
 30
0.000000000
  0
SPLINE
  5
F55
330
A02
100
AcDbEntity
  8
x_upper_sheets
100
AcDbSpline
210
0
220
0
230
1
 70
8
 71
1
 72
4
 73
2
 74
0
 40
-10.450000000
 40
-10.450000000
 40
-9.450000000
 40
-9.450000000
 10
259.900000000
 20
293.405281575
 30
0.000000000
 10
258.900000000
 20
293.405281575
 30
0.000000000
  0
SPLINE
  5
F56
330
A02
100
AcDbEntity
  8
x_upper_sheets
100
AcDbSpline
210
0
220
0
230
1
 70
8
 71
1
 72
4
 73
2
 74
0
 40
8.450000000
 40
8.450000000
 40
9.450000000
 40
9.450000000
 10
257.900000000
 20
293.405281575
 30
0.000000000
 10
258.900000000
 20
293.405281575
 30
0.000000000
  0
SPLINE
  5
F57
330
A02
100
AcDbEntity
  8
x_upper_sheets
100
AcDbSpline
210
0
220
0
230
1
 70
8
 71
1
 72
4
 73
2
 74
0
 40
2.250000000
 40
2.250000000
 40
33.750000000
 40
33.750000000
 10
257.900000000
 20
293.405281575
 30
0.000000000
 10
257.900000000
 20
261.905281575
 30
0.000000000
  0
SPLINE
  5
F58
330
A02
100
AcDbEntity
  8
x_upper_sheets
100
AcDbSpline
210
0
220
0
230
1
 70
8
 71
1
 72
4
 73
2
 74
0
 40
-5.400000000
 40
-5.400000000
 40
-3.200000000
 40
-3.200000000
 10
257.900000000
 20
261.905281575
 30
0.000000000
 10
255.700000000
 20
261.905281575
 30
0.000000000
  0
SPLINE
  5
F59
330
A02
100
AcDbEntity
  8
x_upper_sheets
100
AcDbSpline
210
0
220
0
230
1
 70
8
 71
1
 72
4
 73
2
 74
0
 40
2.250000000
 40
2.250000000
 40
33.750000000
 40
33.750000000
 10
255.700000000
 20
293.405281575
 30
0.000000000
 10
255.700000000
 20
261.905281575
 30
0.000000000
  0
SPLINE
  5
F5A
330
A02
100
AcDbEntity
  8
x_upper_sheets
100
AcDbSpline
210
0
220
0
230
1
 70
8
 71
1
 72
4
 73
2
 74
0
 40
-8.350000000
 40
-8.350000000
 40
-7.350000000
 40
-7.350000000
 10
255.700000000
 20
293.405281575
 30
0.000000000
 10
254.700000000
 20
293.405281575
 30
0.000000000
  0
SPLINE
  5
F5B
330
A02
100
AcDbEntity
  8
x_upper_sheets
100
AcDbSpline
210
0
220
0
230
1
 70
8
 71
1
 72
4
 73
2
 74
0
 40
6.350000000
 40
6.350000000
 40
7.350000000
 40
7.350000000
 10
253.700000000
 20
293.405281575
 30
0.000000000
 10
254.700000000
 20
293.405281575
 30
0.000000000
  0
SPLINE
  5
F5C
330
A02
100
AcDbEntity
  8
x_upper_sheets
100
AcDbSpline
210
0
220
0
230
1
 70
8
 71
1
 72
4
 73
2
 74
0
 40
2.250000000
 40
2.250000000
 40
33.750000000
 40
33.750000000
 10
253.700000000
 20
293.405281575
 30
0.000000000
 10
253.700000000
 20
261.905281575
 30
0.000000000
  0
SPLINE
  5
F5D
330
A02
100
AcDbEntity
  8
x_upper_sheets
100
AcDbSpline
210
0
220
0
230
1
 70
8
 71
1
 72
4
 73
2
 74
0
 40
-1.200000000
 40
-1.200000000
 40
1.000000000
 40
1.000000000
 10
253.700000000
 20
261.905281575
 30
0.000000000
 10
251.500000000
 20
261.905281575
 30
0.000000000
  0
SPLINE
  5
F5E
330
A02
100
AcDbEntity
  8
x_upper_sheets
100
AcDbSpline
210
0
220
0
230
1
 70
8
 71
1
 72
4
 73
2
 74
0
 40
2.250000000
 40
2.250000000
 40
33.750000000
 40
33.750000000
 10
251.500000000
 20
293.405281575
 30
0.000000000
 10
251.500000000
 20
261.905281575
 30
0.000000000
  0
SPLINE
  5
F5F
330
A02
100
AcDbEntity
  8
x_upper_sheets
100
AcDbSpline
210
0
220
0
230
1
 70
8
 71
1
 72
4
 73
2
 74
0
 40
-6.250000000
 40
-6.250000000
 40
-5.250000000
 40
-5.250000000
 10
251.500000000
 20
293.405281575
 30
0.000000000
 10
250.500000000
 20
293.405281575
 30
0.000000000
  0
SPLINE
  5
F60
330
A02
100
AcDbEntity
  8
x_upper_sheets
100
AcDbSpline
210
0
220
0
230
1
 70
8
 71
1
 72
4
 73
2
 74
0
 40
4.250000000
 40
4.250000000
 40
5.250000000
 40
5.250000000
 10
249.500000000
 20
293.405281575
 30
0.000000000
 10
250.500000000
 20
293.405281575
 30
0.000000000
  0
SPLINE
  5
F61
330
A02
100
AcDbEntity
  8
x_upper_sheets
100
AcDbSpline
210
0
220
0
230
1
 70
8
 71
1
 72
4
 73
2
 74
0
 40
2.250000000
 40
2.250000000
 40
33.750000000
 40
33.750000000
 10
249.500000000
 20
293.405281575
 30
0.000000000
 10
249.500000000
 20
261.905281575
 30
0.000000000
  0
SPLINE
  5
F62
330
A02
100
AcDbEntity
  8
x_upper_sheets
100
AcDbSpline
210
0
220
0
230
1
 70
8
 71
1
 72
4
 73
2
 74
0
 40
3.000000000
 40
3.000000000
 40
5.200000000
 40
5.200000000
 10
249.500000000
 20
261.905281575
 30
0.000000000
 10
247.300000000
 20
261.905281575
 30
0.000000000
  0
SPLINE
  5
F63
330
A02
100
AcDbEntity
  8
x_upper_sheets
100
AcDbSpline
210
0
220
0
230
1
 70
8
 71
1
 72
4
 73
2
 74
0
 40
2.250000000
 40
2.250000000
 40
33.750000000
 40
33.750000000
 10
247.300000000
 20
293.405281575
 30
0.000000000
 10
247.300000000
 20
261.905281575
 30
0.000000000
  0
SPLINE
  5
F64
330
A02
100
AcDbEntity
  8
x_upper_sheets
100
AcDbSpline
210
0
220
0
230
1
 70
8
 71
1
 72
4
 73
2
 74
0
 40
-4.150000000
 40
-4.150000000
 40
-3.150000000
 40
-3.150000000
 10
247.300000000
 20
293.405281575
 30
0.000000000
 10
246.300000000
 20
293.405281575
 30
0.000000000
  0
SPLINE
  5
F65
330
A02
100
AcDbEntity
  8
x_upper_sheets
100
AcDbSpline
210
0
220
0
230
1
 70
8
 71
1
 72
4
 73
2
 74
0
 40
2.150000000
 40
2.150000000
 40
3.150000000
 40
3.150000000
 10
245.300000000
 20
293.405281575
 30
0.000000000
 10
246.300000000
 20
293.405281575
 30
0.000000000
  0
SPLINE
  5
F66
330
A02
100
AcDbEntity
  8
x_upper_sheets
100
AcDbSpline
210
0
220
0
230
1
 70
8
 71
1
 72
4
 73
2
 74
0
 40
2.250000000
 40
2.250000000
 40
33.750000000
 40
33.750000000
 10
245.300000000
 20
293.405281575
 30
0.000000000
 10
245.300000000
 20
261.905281575
 30
0.000000000
  0
SPLINE
  5
F67
330
A02
100
AcDbEntity
  8
x_upper_sheets
100
AcDbSpline
210
0
220
0
230
1
 70
8
 71
1
 72
4
 73
2
 74
0
 40
7.200000000
 40
7.200000000
 40
9.400000000
 40
9.400000000
 10
245.300000000
 20
261.905281575
 30
0.000000000
 10
243.100000000
 20
261.905281575
 30
0.000000000
  0
SPLINE
  5
F68
330
A02
100
AcDbEntity
  8
x_upper_sheets
100
AcDbSpline
210
0
220
0
230
1
 70
8
 71
1
 72
4
 73
2
 74
0
 40
2.250000000
 40
2.250000000
 40
33.750000000
 40
33.750000000
 10
243.100000000
 20
293.405281575
 30
0.000000000
 10
243.100000000
 20
261.905281575
 30
0.000000000
  0
SPLINE
  5
F69
330
A02
100
AcDbEntity
  8
x_upper_sheets
100
AcDbSpline
210
0
220
0
230
1
 70
8
 71
1
 72
4
 73
2
 74
0
 40
-2.050000000
 40
-2.050000000
 40
-1.050000000
 40
-1.050000000
 10
243.100000000
 20
293.405281575
 30
0.000000000
 10
242.100000000
 20
293.405281575
 30
0.000000000
  0
SPLINE
  5
F6A
330
A02
100
AcDbEntity
  8
x_upper_sheets
100
AcDbSpline
210
0
220
0
230
1
 70
8
 71
1
 72
4
 73
2
 74
0
 40
0.050000000
 40
0.050000000
 40
1.050000000
 40
1.050000000
 10
241.100000000
 20
293.405281575
 30
0.000000000
 10
242.100000000
 20
293.405281575
 30
0.000000000
  0
SPLINE
  5
F6B
330
A02
100
AcDbEntity
  8
x_upper_sheets
100
AcDbSpline
210
0
220
0
230
1
 70
8
 71
1
 72
4
 73
2
 74
0
 40
2.250000000
 40
2.250000000
 40
33.750000000
 40
33.750000000
 10
241.100000000
 20
293.405281575
 30
0.000000000
 10
241.100000000
 20
261.905281575
 30
0.000000000
  0
SPLINE
  5
F6C
330
A02
100
AcDbEntity
  8
x_upper_sheets
100
AcDbSpline
210
0
220
0
230
1
 70
8
 71
1
 72
4
 73
2
 74
0
 40
11.400000000
 40
11.400000000
 40
13.600000000
 40
13.600000000
 10
241.100000000
 20
261.905281575
 30
0.000000000
 10
238.900000000
 20
261.905281575
 30
0.000000000
  0
SPLINE
  5
F6D
330
A02
100
AcDbEntity
  8
x_upper_sheets
100
AcDbSpline
210
0
220
0
230
1
 70
8
 71
1
 72
4
 73
2
 74
0
 40
2.250000000
 40
2.250000000
 40
33.750000000
 40
33.750000000
 10
238.900000000
 20
293.405281575
 30
0.000000000
 10
238.900000000
 20
261.905281575
 30
0.000000000
  0
SPLINE
  5
F6E
330
A02
100
AcDbEntity
  8
x_upper_sheets
100
AcDbSpline
210
0
220
0
230
1
 70
8
 71
1
 72
4
 73
2
 74
0
 40
0.050000000
 40
0.050000000
 40
1.050000000
 40
1.050000000
 10
238.900000000
 20
293.405281575
 30
0.000000000
 10
237.900000000
 20
293.405281575
 30
0.000000000
  0
SPLINE
  5
F6F
330
A02
100
AcDbEntity
  8
x_upper_sheets
100
AcDbSpline
210
0
220
0
230
1
 70
8
 71
1
 72
4
 73
2
 74
0
 40
-2.050000000
 40
-2.050000000
 40
-1.050000000
 40
-1.050000000
 10
236.900000000
 20
293.405281575
 30
0.000000000
 10
237.900000000
 20
293.405281575
 30
0.000000000
  0
SPLINE
  5
F70
330
A02
100
AcDbEntity
  8
x_upper_sheets
100
AcDbSpline
210
0
220
0
230
1
 70
8
 71
1
 72
4
 73
2
 74
0
 40
2.250000000
 40
2.250000000
 40
33.750000000
 40
33.750000000
 10
236.900000000
 20
293.405281575
 30
0.000000000
 10
236.900000000
 20
261.905281575
 30
0.000000000
  0
SPLINE
  5
F71
330
A02
100
AcDbEntity
  8
x_upper_sheets
100
AcDbSpline
210
0
220
0
230
1
 70
8
 71
1
 72
4
 73
2
 74
0
 40
15.600000000
 40
15.600000000
 40
17.800000000
 40
17.800000000
 10
236.900000000
 20
261.905281575
 30
0.000000000
 10
234.700000000
 20
261.905281575
 30
0.000000000
  0
SPLINE
  5
F72
330
A02
100
AcDbEntity
  8
x_upper_sheets
100
AcDbSpline
210
0
220
0
230
1
 70
8
 71
1
 72
4
 73
2
 74
0
 40
2.250000000
 40
2.250000000
 40
33.750000000
 40
33.750000000
 10
234.700000000
 20
293.405281575
 30
0.000000000
 10
234.700000000
 20
261.905281575
 30
0.000000000
  0
SPLINE
  5
F73
330
A02
100
AcDbEntity
  8
x_upper_sheets
100
AcDbSpline
210
0
220
0
230
1
 70
8
 71
1
 72
4
 73
2
 74
0
 40
2.150000000
 40
2.150000000
 40
3.150000000
 40
3.150000000
 10
234.700000000
 20
293.405281575
 30
0.000000000
 10
233.700000000
 20
293.405281575
 30
0.000000000
  0
SPLINE
  5
F74
330
A02
100
AcDbEntity
  8
x_upper_sheets
100
AcDbSpline
210
0
220
0
230
1
 70
8
 71
1
 72
4
 73
2
 74
0
 40
-4.150000000
 40
-4.150000000
 40
-3.150000000
 40
-3.150000000
 10
232.700000000
 20
293.405281575
 30
0.000000000
 10
233.700000000
 20
293.405281575
 30
0.000000000
  0
SPLINE
  5
F75
330
A02
100
AcDbEntity
  8
x_upper_sheets
100
AcDbSpline
210
0
220
0
230
1
 70
8
 71
1
 72
4
 73
2
 74
0
 40
2.250000000
 40
2.250000000
 40
33.750000000
 40
33.750000000
 10
232.700000000
 20
293.405281575
 30
0.000000000
 10
232.700000000
 20
261.905281575
 30
0.000000000
  0
SPLINE
  5
F76
330
A02
100
AcDbEntity
  8
x_upper_sheets
100
AcDbSpline
210
0
220
0
230
1
 70
8
 71
1
 72
4
 73
2
 74
0
 40
19.800000000
 40
19.800000000
 40
22.000000000
 40
22.000000000
 10
232.700000000
 20
261.905281575
 30
0.000000000
 10
230.500000000
 20
261.905281575
 30
0.000000000
  0
SPLINE
  5
F77
330
A02
100
AcDbEntity
  8
x_upper_sheets
100
AcDbSpline
210
0
220
0
230
1
 70
8
 71
1
 72
4
 73
2
 74
0
 40
2.250000000
 40
2.250000000
 40
33.750000000
 40
33.750000000
 10
230.500000000
 20
293.405281575
 30
0.000000000
 10
230.500000000
 20
261.905281575
 30
0.000000000
  0
SPLINE
  5
F78
330
A02
100
AcDbEntity
  8
x_upper_sheets
100
AcDbSpline
210
0
220
0
230
1
 70
8
 71
1
 72
4
 73
2
 74
0
 40
4.250000000
 40
4.250000000
 40
5.250000000
 40
5.250000000
 10
230.500000000
 20
293.405281575
 30
0.000000000
 10
229.500000000
 20
293.405281575
 30
0.000000000
  0
SPLINE
  5
F79
330
A02
100
AcDbEntity
  8
x_upper_sheets
100
AcDbSpline
210
0
220
0
230
1
 70
8
 71
1
 72
4
 73
2
 74
0
 40
-6.250000000
 40
-6.250000000
 40
-5.250000000
 40
-5.250000000
 10
228.500000000
 20
293.405281575
 30
0.000000000
 10
229.500000000
 20
293.405281575
 30
0.000000000
  0
SPLINE
  5
F7A
330
A02
100
AcDbEntity
  8
x_upper_sheets
100
AcDbSpline
210
0
220
0
230
1
 70
8
 71
1
 72
4
 73
2
 74
0
 40
2.250000000
 40
2.250000000
 40
33.750000000
 40
33.750000000
 10
228.500000000
 20
293.405281575
 30
0.000000000
 10
228.500000000
 20
261.905281575
 30
0.000000000
  0
SPLINE
  5
F7B
330
A02
100
AcDbEntity
  8
x_upper_sheets
100
AcDbSpline
210
0
220
0
230
1
 70
8
 71
1
 72
4
 73
2
 74
0
 40
24.000000000
 40
24.000000000
 40
26.200000000
 40
26.200000000
 10
228.500000000
 20
261.905281575
 30
0.000000000
 10
226.300000000
 20
261.905281575
 30
0.000000000
  0
SPLINE
  5
F7C
330
A02
100
AcDbEntity
  8
x_upper_sheets
100
AcDbSpline
210
0
220
0
230
1
 70
8
 71
1
 72
4
 73
2
 74
0
 40
2.250000000
 40
2.250000000
 40
33.750000000
 40
33.750000000
 10
226.300000000
 20
293.405281575
 30
0.000000000
 10
226.300000000
 20
261.905281575
 30
0.000000000
  0
SPLINE
  5
F7D
330
A02
100
AcDbEntity
  8
x_upper_sheets
100
AcDbSpline
210
0
220
0
230
1
 70
8
 71
1
 72
4
 73
2
 74
0
 40
6.350000000
 40
6.350000000
 40
7.350000000
 40
7.350000000
 10
226.300000000
 20
293.405281575
 30
0.000000000
 10
225.300000000
 20
293.405281575
 30
0.000000000
  0
SPLINE
  5
F7E
330
A02
100
AcDbEntity
  8
x_upper_sheets
100
AcDbSpline
210
0
220
0
230
1
 70
8
 71
1
 72
4
 73
2
 74
0
 40
-8.350000000
 40
-8.350000000
 40
-7.350000000
 40
-7.350000000
 10
224.300000000
 20
293.405281575
 30
0.000000000
 10
225.300000000
 20
293.405281575
 30
0.000000000
  0
SPLINE
  5
F7F
330
A02
100
AcDbEntity
  8
x_upper_sheets
100
AcDbSpline
210
0
220
0
230
1
 70
8
 71
1
 72
4
 73
2
 74
0
 40
2.250000000
 40
2.250000000
 40
33.750000000
 40
33.750000000
 10
224.300000000
 20
293.405281575
 30
0.000000000
 10
224.300000000
 20
261.905281575
 30
0.000000000
  0
SPLINE
  5
F80
330
A02
100
AcDbEntity
  8
x_upper_sheets
100
AcDbSpline
210
0
220
0
230
1
 70
8
 71
1
 72
4
 73
2
 74
0
 40
28.200000000
 40
28.200000000
 40
30.400000000
 40
30.400000000
 10
224.300000000
 20
261.905281575
 30
0.000000000
 10
222.100000000
 20
261.905281575
 30
0.000000000
  0
SPLINE
  5
F81
330
A02
100
AcDbEntity
  8
x_upper_sheets
100
AcDbSpline
210
0
220
0
230
1
 70
8
 71
1
 72
4
 73
2
 74
0
 40
2.250000000
 40
2.250000000
 40
33.750000000
 40
33.750000000
 10
222.100000000
 20
293.405281575
 30
0.000000000
 10
222.100000000
 20
261.905281575
 30
0.000000000
  0
SPLINE
  5
F82
330
A02
100
AcDbEntity
  8
x_upper_sheets
100
AcDbSpline
210
0
220
0
230
1
 70
8
 71
1
 72
4
 73
2
 74
0
 40
8.450000000
 40
8.450000000
 40
9.450000000
 40
9.450000000
 10
222.100000000
 20
293.405281575
 30
0.000000000
 10
221.100000000
 20
293.405281575
 30
0.000000000
  0
SPLINE
  5
F83
330
A02
100
AcDbEntity
  8
x_upper_sheets
100
AcDbSpline
210
0
220
0
230
1
 70
8
 71
1
 72
4
 73
2
 74
0
 40
-10.450000000
 40
-10.450000000
 40
-9.450000000
 40
-9.450000000
 10
220.100000000
 20
293.405281575
 30
0.000000000
 10
221.100000000
 20
293.405281575
 30
0.000000000
  0
SPLINE
  5
F84
330
A02
100
AcDbEntity
  8
x_upper_sheets
100
AcDbSpline
210
0
220
0
230
1
 70
8
 71
1
 72
4
 73
2
 74
0
 40
2.250000000
 40
2.250000000
 40
33.750000000
 40
33.750000000
 10
220.100000000
 20
293.405281575
 30
0.000000000
 10
220.100000000
 20
261.905281575
 30
0.000000000
  0
SPLINE
  5
F85
330
A02
100
AcDbEntity
  8
x_upper_sheets
100
AcDbSpline
210
0
220
0
230
1
 70
8
 71
1
 72
4
 73
2
 74
0
 40
32.400000000
 40
32.400000000
 40
37.500000000
 40
37.500000000
 10
220.100000000
 20
261.905281575
 30
0.000000000
 10
215.000000000
 20
261.905281575
 30
0.000000000
  0
SPLINE
  5
F86
330
A02
100
AcDbEntity
  8
x_upper_sheets
100
AcDbSpline
210
0
220
0
230
1
 70
8
 71
1
 72
4
 73
2
 74
0
 40
-84.000000000
 40
-84.000000000
 40
-18.000000000
 40
-18.000000000
 10
215.000000000
 20
261.905281575
 30
0.000000000
 10
215.000000000
 20
327.905281575
 30
-0.000000000
  0
SPLINE
  5
F87
330
A02
100
AcDbEntity
  8
x_upper_sheets
100
AcDbSpline
210
0
220
0
230
1
 70
8
 71
1
 72
4
 73
2
 74
0
 40
-25.000000000
 40
-25.000000000
 40
-17.022044531
 40
-17.022044531
 10
215.000000000
 20
327.905281575
 30
-0.000000000
 10
222.977955469
 20
327.905281575
 30
-0.000000000
  0
SPLINE
  5
F88
330
A02
100
AcDbEntity
  8
x_upper_sheets
100
AcDbSpline
210
0
220
0
230
1
 70
8
 71
3
 72
17
 73
13
 74
0
 40
-1.260138276
 40
-1.260138276
 40
-1.260138276
 40
-1.260138276
 40
-0.945103707
 40
-0.945103707
 40
-0.945103707
 40
-0.630069138
 40
-0.630069138
 40
-0.630069138
 40
-0.315034569
 40
-0.315034569
 40
-0.315034569
 40
0.000000000
 40
0.000000000
 40
0.000000000
 40
0.000000000
 10
222.977955469
 20
327.905281575
 30
-0.000000000
 10
225.216935376
 20
329.948538996
 30
-0.000000000
 10
227.037924613
 20
331.502504136
 30
-0.000000000
 10
228.649931296
 20
332.772593322
 30
-0.000000000
 10
230.258308741
 20
334.038308522
 30
-0.000000000
 10
231.650322413
 20
335.012893866
 30
-0.000000000
 10
232.937776554
 20
335.784343274
 30
-0.000000000
 10
234.224057414
 20
336.553537836
 30
-0.000000000
 10
235.402468016
 20
337.117614652
 30
-0.000000000
 10
236.552969781
 20
337.503371191
 30
-0.000000000
 10
237.703773290
 20
337.887106840
 30
-0.000000000
 10
238.823572458
 20
338.093504722
 30
-0.000000000
 10
240.000000000
 20
338.094718425
 30
-0.000000000
  0
SPLINE
  5
F89
330
A02
100
AcDbEntity
  8
x_upper_sheets
100
AcDbSpline
210
0
220
0
230
1
 70
8
 71
3
 72
17
 73
13
 74
0
 40
0.000000000
 40
0.000000000
 40
0.000000000
 40
0.000000000
 40
0.315034569
 40
0.315034569
 40
0.315034569
 40
0.630069138
 40
0.630069138
 40
0.630069138
 40
0.945103707
 40
0.945103707
 40
0.945103707
 40
1.260138276
 40
1.260138276
 40
1.260138276
 40
1.260138276
 10
240.000000000
 20
338.094718425
 30
-0.000000000
 10
241.176427542
 20
338.093504722
 30
-0.000000000
 10
242.296226710
 20
337.887106840
 30
-0.000000000
 10
243.447030219
 20
337.503371191
 30
-0.000000000
 10
244.597531984
 20
337.117614652
 30
-0.000000000
 10
245.775942586
 20
336.553537836
 30
-0.000000000
 10
247.062223446
 20
335.784343274
 30
-0.000000000
 10
248.349677587
 20
335.012893866
 30
-0.000000000
 10
249.741691259
 20
334.038308522
 30
-0.000000000
 10
251.350068704
 20
332.772593322
 30
-0.000000000
 10
252.962075387
 20
331.502504136
 30
-0.000000000
 10
254.783064624
 20
329.948538996
 30
-0.000000000
 10
257.022044531
 20
327.905281575
 30
-0.000000000
  0
SPLINE
  5
F8A
330
A02
100
AcDbEntity
  8
x_upper_sheets
100
AcDbSpline
210
0
220
0
230
1
 70
8
 71
1
 72
4
 73
2
 74
0
 40
17.022044531
 40
17.022044531
 40
25.000000000
 40
25.000000000
 10
257.022044531
 20
327.905281575
 30
-0.000000000
 10
265.000000000
 20
327.905281575
 30
-0.000000000
  0
SPLINE
  5
F8B
330
A02
100
AcDbEntity
  8
x_upper_sheets
100
AcDbSpline
210
0
220
0
230
1
 70
8
 71
1
 72
4
 73
2
 74
0
 40
-84.000000000
 40
-84.000000000
 40
-18.000000000
 40
-18.000000000
 10
265.000000000
 20
261.905281575
 30
0.000000000
 10
265.000000000
 20
327.905281575
 30
-0.000000000
  0
SPLINE
  5
F8C
330
A02
100
AcDbEntity
  8
x_upper_sheets
100
AcDbSpline
210
0
220
0
230
1
 70
8
 71
1
 72
4
 73
2
 74
0
 40
-12.500000000
 40
-12.500000000
 40
-7.400000000
 40
-7.400000000
 10
325.000000000
 20
261.905281575
 30
0.000000000
 10
319.900000000
 20
261.905281575
 30
0.000000000
  0
SPLINE
  5
F8D
330
A02
100
AcDbEntity
  8
x_upper_sheets
100
AcDbSpline
210
0
220
0
230
1
 70
8
 71
1
 72
4
 73
2
 74
0
 40
2.250000000
 40
2.250000000
 40
33.750000000
 40
33.750000000
 10
319.900000000
 20
293.405281575
 30
0.000000000
 10
319.900000000
 20
261.905281575
 30
0.000000000
  0
SPLINE
  5
F8E
330
A02
100
AcDbEntity
  8
x_upper_sheets
100
AcDbSpline
210
0
220
0
230
1
 70
8
 71
1
 72
4
 73
2
 74
0
 40
-10.450000000
 40
-10.450000000
 40
-9.450000000
 40
-9.450000000
 10
319.900000000
 20
293.405281575
 30
0.000000000
 10
318.900000000
 20
293.405281575
 30
0.000000000
  0
SPLINE
  5
F8F
330
A02
100
AcDbEntity
  8
x_upper_sheets
100
AcDbSpline
210
0
220
0
230
1
 70
8
 71
1
 72
4
 73
2
 74
0
 40
8.450000000
 40
8.450000000
 40
9.450000000
 40
9.450000000
 10
317.900000000
 20
293.405281575
 30
0.000000000
 10
318.900000000
 20
293.405281575
 30
0.000000000
  0
SPLINE
  5
F90
330
A02
100
AcDbEntity
  8
x_upper_sheets
100
AcDbSpline
210
0
220
0
230
1
 70
8
 71
1
 72
4
 73
2
 74
0
 40
2.250000000
 40
2.250000000
 40
33.750000000
 40
33.750000000
 10
317.900000000
 20
293.405281575
 30
0.000000000
 10
317.900000000
 20
261.905281575
 30
0.000000000
  0
SPLINE
  5
F91
330
A02
100
AcDbEntity
  8
x_upper_sheets
100
AcDbSpline
210
0
220
0
230
1
 70
8
 71
1
 72
4
 73
2
 74
0
 40
-5.400000000
 40
-5.400000000
 40
-3.200000000
 40
-3.200000000
 10
317.900000000
 20
261.905281575
 30
0.000000000
 10
315.700000000
 20
261.905281575
 30
0.000000000
  0
SPLINE
  5
F92
330
A02
100
AcDbEntity
  8
x_upper_sheets
100
AcDbSpline
210
0
220
0
230
1
 70
8
 71
1
 72
4
 73
2
 74
0
 40
2.250000000
 40
2.250000000
 40
33.750000000
 40
33.750000000
 10
315.700000000
 20
293.405281575
 30
0.000000000
 10
315.700000000
 20
261.905281575
 30
0.000000000
  0
SPLINE
  5
F93
330
A02
100
AcDbEntity
  8
x_upper_sheets
100
AcDbSpline
210
0
220
0
230
1
 70
8
 71
1
 72
4
 73
2
 74
0
 40
-8.350000000
 40
-8.350000000
 40
-7.350000000
 40
-7.350000000
 10
315.700000000
 20
293.405281575
 30
0.000000000
 10
314.700000000
 20
293.405281575
 30
0.000000000
  0
SPLINE
  5
F94
330
A02
100
AcDbEntity
  8
x_upper_sheets
100
AcDbSpline
210
0
220
0
230
1
 70
8
 71
1
 72
4
 73
2
 74
0
 40
6.350000000
 40
6.350000000
 40
7.350000000
 40
7.350000000
 10
313.700000000
 20
293.405281575
 30
0.000000000
 10
314.700000000
 20
293.405281575
 30
0.000000000
  0
SPLINE
  5
F95
330
A02
100
AcDbEntity
  8
x_upper_sheets
100
AcDbSpline
210
0
220
0
230
1
 70
8
 71
1
 72
4
 73
2
 74
0
 40
2.250000000
 40
2.250000000
 40
33.750000000
 40
33.750000000
 10
313.700000000
 20
293.405281575
 30
0.000000000
 10
313.700000000
 20
261.905281575
 30
0.000000000
  0
SPLINE
  5
F96
330
A02
100
AcDbEntity
  8
x_upper_sheets
100
AcDbSpline
210
0
220
0
230
1
 70
8
 71
1
 72
4
 73
2
 74
0
 40
-1.200000000
 40
-1.200000000
 40
1.000000000
 40
1.000000000
 10
313.700000000
 20
261.905281575
 30
0.000000000
 10
311.500000000
 20
261.905281575
 30
0.000000000
  0
SPLINE
  5
F97
330
A02
100
AcDbEntity
  8
x_upper_sheets
100
AcDbSpline
210
0
220
0
230
1
 70
8
 71
1
 72
4
 73
2
 74
0
 40
2.250000000
 40
2.250000000
 40
33.750000000
 40
33.750000000
 10
311.500000000
 20
293.405281575
 30
0.000000000
 10
311.500000000
 20
261.905281575
 30
0.000000000
  0
SPLINE
  5
F98
330
A02
100
AcDbEntity
  8
x_upper_sheets
100
AcDbSpline
210
0
220
0
230
1
 70
8
 71
1
 72
4
 73
2
 74
0
 40
-6.250000000
 40
-6.250000000
 40
-5.250000000
 40
-5.250000000
 10
311.500000000
 20
293.405281575
 30
0.000000000
 10
310.500000000
 20
293.405281575
 30
0.000000000
  0
SPLINE
  5
F99
330
A02
100
AcDbEntity
  8
x_upper_sheets
100
AcDbSpline
210
0
220
0
230
1
 70
8
 71
1
 72
4
 73
2
 74
0
 40
4.250000000
 40
4.250000000
 40
5.250000000
 40
5.250000000
 10
309.500000000
 20
293.405281575
 30
0.000000000
 10
310.500000000
 20
293.405281575
 30
0.000000000
  0
SPLINE
  5
F9A
330
A02
100
AcDbEntity
  8
x_upper_sheets
100
AcDbSpline
210
0
220
0
230
1
 70
8
 71
1
 72
4
 73
2
 74
0
 40
2.250000000
 40
2.250000000
 40
33.750000000
 40
33.750000000
 10
309.500000000
 20
293.405281575
 30
0.000000000
 10
309.500000000
 20
261.905281575
 30
0.000000000
  0
SPLINE
  5
F9B
330
A02
100
AcDbEntity
  8
x_upper_sheets
100
AcDbSpline
210
0
220
0
230
1
 70
8
 71
1
 72
4
 73
2
 74
0
 40
3.000000000
 40
3.000000000
 40
5.200000000
 40
5.200000000
 10
309.500000000
 20
261.905281575
 30
0.000000000
 10
307.300000000
 20
261.905281575
 30
0.000000000
  0
SPLINE
  5
F9C
330
A02
100
AcDbEntity
  8
x_upper_sheets
100
AcDbSpline
210
0
220
0
230
1
 70
8
 71
1
 72
4
 73
2
 74
0
 40
2.250000000
 40
2.250000000
 40
33.750000000
 40
33.750000000
 10
307.300000000
 20
293.405281575
 30
0.000000000
 10
307.300000000
 20
261.905281575
 30
0.000000000
  0
SPLINE
  5
F9D
330
A02
100
AcDbEntity
  8
x_upper_sheets
100
AcDbSpline
210
0
220
0
230
1
 70
8
 71
1
 72
4
 73
2
 74
0
 40
-4.150000000
 40
-4.150000000
 40
-3.150000000
 40
-3.150000000
 10
307.300000000
 20
293.405281575
 30
0.000000000
 10
306.300000000
 20
293.405281575
 30
0.000000000
  0
SPLINE
  5
F9E
330
A02
100
AcDbEntity
  8
x_upper_sheets
100
AcDbSpline
210
0
220
0
230
1
 70
8
 71
1
 72
4
 73
2
 74
0
 40
2.150000000
 40
2.150000000
 40
3.150000000
 40
3.150000000
 10
305.300000000
 20
293.405281575
 30
0.000000000
 10
306.300000000
 20
293.405281575
 30
0.000000000
  0
SPLINE
  5
F9F
330
A02
100
AcDbEntity
  8
x_upper_sheets
100
AcDbSpline
210
0
220
0
230
1
 70
8
 71
1
 72
4
 73
2
 74
0
 40
2.250000000
 40
2.250000000
 40
33.750000000
 40
33.750000000
 10
305.300000000
 20
293.405281575
 30
0.000000000
 10
305.300000000
 20
261.905281575
 30
0.000000000
  0
SPLINE
  5
FA0
330
A02
100
AcDbEntity
  8
x_upper_sheets
100
AcDbSpline
210
0
220
0
230
1
 70
8
 71
1
 72
4
 73
2
 74
0
 40
7.200000000
 40
7.200000000
 40
9.400000000
 40
9.400000000
 10
305.300000000
 20
261.905281575
 30
0.000000000
 10
303.100000000
 20
261.905281575
 30
0.000000000
  0
SPLINE
  5
FA1
330
A02
100
AcDbEntity
  8
x_upper_sheets
100
AcDbSpline
210
0
220
0
230
1
 70
8
 71
1
 72
4
 73
2
 74
0
 40
2.250000000
 40
2.250000000
 40
33.750000000
 40
33.750000000
 10
303.100000000
 20
293.405281575
 30
0.000000000
 10
303.100000000
 20
261.905281575
 30
0.000000000
  0
SPLINE
  5
FA2
330
A02
100
AcDbEntity
  8
x_upper_sheets
100
AcDbSpline
210
0
220
0
230
1
 70
8
 71
1
 72
4
 73
2
 74
0
 40
-2.050000000
 40
-2.050000000
 40
-1.050000000
 40
-1.050000000
 10
303.100000000
 20
293.405281575
 30
0.000000000
 10
302.100000000
 20
293.405281575
 30
0.000000000
  0
SPLINE
  5
FA3
330
A02
100
AcDbEntity
  8
x_upper_sheets
100
AcDbSpline
210
0
220
0
230
1
 70
8
 71
1
 72
4
 73
2
 74
0
 40
0.050000000
 40
0.050000000
 40
1.050000000
 40
1.050000000
 10
301.100000000
 20
293.405281575
 30
0.000000000
 10
302.100000000
 20
293.405281575
 30
0.000000000
  0
SPLINE
  5
FA4
330
A02
100
AcDbEntity
  8
x_upper_sheets
100
AcDbSpline
210
0
220
0
230
1
 70
8
 71
1
 72
4
 73
2
 74
0
 40
2.250000000
 40
2.250000000
 40
33.750000000
 40
33.750000000
 10
301.100000000
 20
293.405281575
 30
0.000000000
 10
301.100000000
 20
261.905281575
 30
0.000000000
  0
SPLINE
  5
FA5
330
A02
100
AcDbEntity
  8
x_upper_sheets
100
AcDbSpline
210
0
220
0
230
1
 70
8
 71
1
 72
4
 73
2
 74
0
 40
11.400000000
 40
11.400000000
 40
13.600000000
 40
13.600000000
 10
301.100000000
 20
261.905281575
 30
0.000000000
 10
298.900000000
 20
261.905281575
 30
0.000000000
  0
SPLINE
  5
FA6
330
A02
100
AcDbEntity
  8
x_upper_sheets
100
AcDbSpline
210
0
220
0
230
1
 70
8
 71
1
 72
4
 73
2
 74
0
 40
2.250000000
 40
2.250000000
 40
33.750000000
 40
33.750000000
 10
298.900000000
 20
293.405281575
 30
0.000000000
 10
298.900000000
 20
261.905281575
 30
0.000000000
  0
SPLINE
  5
FA7
330
A02
100
AcDbEntity
  8
x_upper_sheets
100
AcDbSpline
210
0
220
0
230
1
 70
8
 71
1
 72
4
 73
2
 74
0
 40
0.050000000
 40
0.050000000
 40
1.050000000
 40
1.050000000
 10
298.900000000
 20
293.405281575
 30
0.000000000
 10
297.900000000
 20
293.405281575
 30
0.000000000
  0
SPLINE
  5
FA8
330
A02
100
AcDbEntity
  8
x_upper_sheets
100
AcDbSpline
210
0
220
0
230
1
 70
8
 71
1
 72
4
 73
2
 74
0
 40
-2.050000000
 40
-2.050000000
 40
-1.050000000
 40
-1.050000000
 10
296.900000000
 20
293.405281575
 30
0.000000000
 10
297.900000000
 20
293.405281575
 30
0.000000000
  0
SPLINE
  5
FA9
330
A02
100
AcDbEntity
  8
x_upper_sheets
100
AcDbSpline
210
0
220
0
230
1
 70
8
 71
1
 72
4
 73
2
 74
0
 40
2.250000000
 40
2.250000000
 40
33.750000000
 40
33.750000000
 10
296.900000000
 20
293.405281575
 30
0.000000000
 10
296.900000000
 20
261.905281575
 30
0.000000000
  0
SPLINE
  5
FAA
330
A02
100
AcDbEntity
  8
x_upper_sheets
100
AcDbSpline
210
0
220
0
230
1
 70
8
 71
1
 72
4
 73
2
 74
0
 40
15.600000000
 40
15.600000000
 40
17.800000000
 40
17.800000000
 10
296.900000000
 20
261.905281575
 30
0.000000000
 10
294.700000000
 20
261.905281575
 30
0.000000000
  0
SPLINE
  5
FAB
330
A02
100
AcDbEntity
  8
x_upper_sheets
100
AcDbSpline
210
0
220
0
230
1
 70
8
 71
1
 72
4
 73
2
 74
0
 40
2.250000000
 40
2.250000000
 40
33.750000000
 40
33.750000000
 10
294.700000000
 20
293.405281575
 30
0.000000000
 10
294.700000000
 20
261.905281575
 30
0.000000000
  0
SPLINE
  5
FAC
330
A02
100
AcDbEntity
  8
x_upper_sheets
100
AcDbSpline
210
0
220
0
230
1
 70
8
 71
1
 72
4
 73
2
 74
0
 40
2.150000000
 40
2.150000000
 40
3.150000000
 40
3.150000000
 10
294.700000000
 20
293.405281575
 30
0.000000000
 10
293.700000000
 20
293.405281575
 30
0.000000000
  0
SPLINE
  5
FAD
330
A02
100
AcDbEntity
  8
x_upper_sheets
100
AcDbSpline
210
0
220
0
230
1
 70
8
 71
1
 72
4
 73
2
 74
0
 40
-4.150000000
 40
-4.150000000
 40
-3.150000000
 40
-3.150000000
 10
292.700000000
 20
293.405281575
 30
0.000000000
 10
293.700000000
 20
293.405281575
 30
0.000000000
  0
SPLINE
  5
FAE
330
A02
100
AcDbEntity
  8
x_upper_sheets
100
AcDbSpline
210
0
220
0
230
1
 70
8
 71
1
 72
4
 73
2
 74
0
 40
2.250000000
 40
2.250000000
 40
33.750000000
 40
33.750000000
 10
292.700000000
 20
293.405281575
 30
0.000000000
 10
292.700000000
 20
261.905281575
 30
0.000000000
  0
SPLINE
  5
FAF
330
A02
100
AcDbEntity
  8
x_upper_sheets
100
AcDbSpline
210
0
220
0
230
1
 70
8
 71
1
 72
4
 73
2
 74
0
 40
19.800000000
 40
19.800000000
 40
22.000000000
 40
22.000000000
 10
292.700000000
 20
261.905281575
 30
0.000000000
 10
290.500000000
 20
261.905281575
 30
0.000000000
  0
SPLINE
  5
FB0
330
A02
100
AcDbEntity
  8
x_upper_sheets
100
AcDbSpline
210
0
220
0
230
1
 70
8
 71
1
 72
4
 73
2
 74
0
 40
2.250000000
 40
2.250000000
 40
33.750000000
 40
33.750000000
 10
290.500000000
 20
293.405281575
 30
0.000000000
 10
290.500000000
 20
261.905281575
 30
0.000000000
  0
SPLINE
  5
FB1
330
A02
100
AcDbEntity
  8
x_upper_sheets
100
AcDbSpline
210
0
220
0
230
1
 70
8
 71
1
 72
4
 73
2
 74
0
 40
4.250000000
 40
4.250000000
 40
5.250000000
 40
5.250000000
 10
290.500000000
 20
293.405281575
 30
0.000000000
 10
289.500000000
 20
293.405281575
 30
0.000000000
  0
SPLINE
  5
FB2
330
A02
100
AcDbEntity
  8
x_upper_sheets
100
AcDbSpline
210
0
220
0
230
1
 70
8
 71
1
 72
4
 73
2
 74
0
 40
-6.250000000
 40
-6.250000000
 40
-5.250000000
 40
-5.250000000
 10
288.500000000
 20
293.405281575
 30
0.000000000
 10
289.500000000
 20
293.405281575
 30
0.000000000
  0
SPLINE
  5
FB3
330
A02
100
AcDbEntity
  8
x_upper_sheets
100
AcDbSpline
210
0
220
0
230
1
 70
8
 71
1
 72
4
 73
2
 74
0
 40
2.250000000
 40
2.250000000
 40
33.750000000
 40
33.750000000
 10
288.500000000
 20
293.405281575
 30
0.000000000
 10
288.500000000
 20
261.905281575
 30
0.000000000
  0
SPLINE
  5
FB4
330
A02
100
AcDbEntity
  8
x_upper_sheets
100
AcDbSpline
210
0
220
0
230
1
 70
8
 71
1
 72
4
 73
2
 74
0
 40
24.000000000
 40
24.000000000
 40
26.200000000
 40
26.200000000
 10
288.500000000
 20
261.905281575
 30
0.000000000
 10
286.300000000
 20
261.905281575
 30
0.000000000
  0
SPLINE
  5
FB5
330
A02
100
AcDbEntity
  8
x_upper_sheets
100
AcDbSpline
210
0
220
0
230
1
 70
8
 71
1
 72
4
 73
2
 74
0
 40
2.250000000
 40
2.250000000
 40
33.750000000
 40
33.750000000
 10
286.300000000
 20
293.405281575
 30
0.000000000
 10
286.300000000
 20
261.905281575
 30
0.000000000
  0
SPLINE
  5
FB6
330
A02
100
AcDbEntity
  8
x_upper_sheets
100
AcDbSpline
210
0
220
0
230
1
 70
8
 71
1
 72
4
 73
2
 74
0
 40
6.350000000
 40
6.350000000
 40
7.350000000
 40
7.350000000
 10
286.300000000
 20
293.405281575
 30
0.000000000
 10
285.300000000
 20
293.405281575
 30
0.000000000
  0
SPLINE
  5
FB7
330
A02
100
AcDbEntity
  8
x_upper_sheets
100
AcDbSpline
210
0
220
0
230
1
 70
8
 71
1
 72
4
 73
2
 74
0
 40
-8.350000000
 40
-8.350000000
 40
-7.350000000
 40
-7.350000000
 10
284.300000000
 20
293.405281575
 30
0.000000000
 10
285.300000000
 20
293.405281575
 30
0.000000000
  0
SPLINE
  5
FB8
330
A02
100
AcDbEntity
  8
x_upper_sheets
100
AcDbSpline
210
0
220
0
230
1
 70
8
 71
1
 72
4
 73
2
 74
0
 40
2.250000000
 40
2.250000000
 40
33.750000000
 40
33.750000000
 10
284.300000000
 20
293.405281575
 30
0.000000000
 10
284.300000000
 20
261.905281575
 30
0.000000000
  0
SPLINE
  5
FB9
330
A02
100
AcDbEntity
  8
x_upper_sheets
100
AcDbSpline
210
0
220
0
230
1
 70
8
 71
1
 72
4
 73
2
 74
0
 40
28.200000000
 40
28.200000000
 40
30.400000000
 40
30.400000000
 10
284.300000000
 20
261.905281575
 30
0.000000000
 10
282.100000000
 20
261.905281575
 30
0.000000000
  0
SPLINE
  5
FBA
330
A02
100
AcDbEntity
  8
x_upper_sheets
100
AcDbSpline
210
0
220
0
230
1
 70
8
 71
1
 72
4
 73
2
 74
0
 40
2.250000000
 40
2.250000000
 40
33.750000000
 40
33.750000000
 10
282.100000000
 20
293.405281575
 30
0.000000000
 10
282.100000000
 20
261.905281575
 30
0.000000000
  0
SPLINE
  5
FBB
330
A02
100
AcDbEntity
  8
x_upper_sheets
100
AcDbSpline
210
0
220
0
230
1
 70
8
 71
1
 72
4
 73
2
 74
0
 40
8.450000000
 40
8.450000000
 40
9.450000000
 40
9.450000000
 10
282.100000000
 20
293.405281575
 30
0.000000000
 10
281.100000000
 20
293.405281575
 30
0.000000000
  0
SPLINE
  5
FBC
330
A02
100
AcDbEntity
  8
x_upper_sheets
100
AcDbSpline
210
0
220
0
230
1
 70
8
 71
1
 72
4
 73
2
 74
0
 40
-10.450000000
 40
-10.450000000
 40
-9.450000000
 40
-9.450000000
 10
280.100000000
 20
293.405281575
 30
0.000000000
 10
281.100000000
 20
293.405281575
 30
0.000000000
  0
SPLINE
  5
FBD
330
A02
100
AcDbEntity
  8
x_upper_sheets
100
AcDbSpline
210
0
220
0
230
1
 70
8
 71
1
 72
4
 73
2
 74
0
 40
2.250000000
 40
2.250000000
 40
33.750000000
 40
33.750000000
 10
280.100000000
 20
293.405281575
 30
0.000000000
 10
280.100000000
 20
261.905281575
 30
0.000000000
  0
SPLINE
  5
FBE
330
A02
100
AcDbEntity
  8
x_upper_sheets
100
AcDbSpline
210
0
220
0
230
1
 70
8
 71
1
 72
4
 73
2
 74
0
 40
32.400000000
 40
32.400000000
 40
37.500000000
 40
37.500000000
 10
280.100000000
 20
261.905281575
 30
0.000000000
 10
275.000000000
 20
261.905281575
 30
0.000000000
  0
SPLINE
  5
FBF
330
A02
100
AcDbEntity
  8
x_upper_sheets
100
AcDbSpline
210
0
220
0
230
1
 70
8
 71
1
 72
4
 73
2
 74
0
 40
-84.000000000
 40
-84.000000000
 40
-18.000000000
 40
-18.000000000
 10
275.000000000
 20
261.905281575
 30
0.000000000
 10
275.000000000
 20
327.905281575
 30
-0.000000000
  0
SPLINE
  5
FC0
330
A02
100
AcDbEntity
  8
x_upper_sheets
100
AcDbSpline
210
0
220
0
230
1
 70
8
 71
1
 72
4
 73
2
 74
0
 40
-25.000000000
 40
-25.000000000
 40
-17.022044531
 40
-17.022044531
 10
275.000000000
 20
327.905281575
 30
-0.000000000
 10
282.977955469
 20
327.905281575
 30
-0.000000000
  0
SPLINE
  5
FC1
330
A02
100
AcDbEntity
  8
x_upper_sheets
100
AcDbSpline
210
0
220
0
230
1
 70
8
 71
3
 72
35
 73
31
 74
0
 40
-1.260138276
 40
-1.260138276
 40
-1.260138276
 40
-1.260138276
 40
-1.102620992
 40
-1.102620992
 40
-1.102620992
 40
-0.945103707
 40
-0.945103707
 40
-0.945103707
 40
-0.630069138
 40
-0.630069138
 40
-0.630069138
 40
-0.315034569
 40
-0.315034569
 40
-0.315034569
 40
-0.000000000
 40
-0.000000000
 40
-0.000000000
 40
0.315034569
 40
0.315034569
 40
0.315034569
 40
0.630069138
 40
0.630069138
 40
0.630069138
 40
0.945103707
 40
0.945103707
 40
0.945103707
 40
1.102620992
 40
1.102620992
 40
1.102620992
 40
1.260138276
 40
1.260138276
 40
1.260138276
 40
1.260138276
 10
282.977955469
 20
327.905281575
 30
-0.000000000
 10
284.328142740
 20
329.137697912
 30
-0.000000000
 10
285.489948291
 20
330.158426740
 30
-0.000000000
 10
286.533518757
 20
331.041283835
 30
-0.000000000
 10
287.576020737
 20
331.922984393
 30
-0.000000000
 10
288.498764166
 20
332.665184427
 30
-0.000000000
 10
289.342719946
 20
333.310113295
 30
-0.000000000
 10
291.027305312
 20
334.596259645
 30
-0.000000000
 10
292.404862352
 20
335.502625744
 30
-0.000000000
 10
293.645103375
 20
336.192690213
 30
-0.000000000
 10
294.882238022
 20
336.879053223
 30
-0.000000000
 10
295.975432648
 20
337.342432866
 30
-0.000000000
 10
297.011804095
 20
337.647533109
 30
-0.000000000
 10
298.047177867
 20
337.950898341
 30
-0.000000000
 10
299.023151597
 20
338.094070680
 30
-0.000000000
 10
300.000000000
 20
338.094718425
 30
-0.000000000
 10
300.976848403
 20
338.094070680
 30
-0.000000000
 10
301.952822133
 20
337.950898341
 30
-0.000000000
 10
302.988195905
 20
337.647533109
 30
-0.000000000
 10
304.024567352
 20
337.342432866
 30
-0.000000000
 10
305.117761978
 20
336.879053223
 30
-0.000000000
 10
306.354896625
 20
336.192690213
 30
-0.000000000
 10
307.595137648
 20
335.502625744
 30
-0.000000000
 10
308.972694688
 20
334.596259645
 30
-0.000000000
 10
310.657280054
 20
333.310113295
 30
-0.000000000
 10
311.501235834
 20
332.665184427
 30
-0.000000000
 10
312.423979263
 20
331.922984393
 30
-0.000000000
 10
313.466481243
 20
331.041283835
 30
-0.000000000
 10
314.510051709
 20
330.158426740
 30
-0.000000000
 10
315.671857260
 20
329.137697912
 30
-0.000000000
 10
317.022044531
 20
327.905281575
 30
-0.000000000
  0
SPLINE
  5
FC2
330
A02
100
AcDbEntity
  8
x_upper_sheets
100
AcDbSpline
210
0
220
0
230
1
 70
8
 71
1
 72
4
 73
2
 74
0
 40
17.022044531
 40
17.022044531
 40
25.000000000
 40
25.000000000
 10
317.022044531
 20
327.905281575
 30
-0.000000000
 10
325.000000000
 20
327.905281575
 30
-0.000000000
  0
SPLINE
  5
FC3
330
A02
100
AcDbEntity
  8
x_upper_sheets
100
AcDbSpline
210
0
220
0
230
1
 70
8
 71
1
 72
4
 73
2
 74
0
 40
-84.000000000
 40
-84.000000000
 40
-18.000000000
 40
-18.000000000
 10
325.000000000
 20
261.905281575
 30
0.000000000
 10
325.000000000
 20
327.905281575
 30
-0.000000000
  0
SPLINE
  5
FC4
330
A02
100
AcDbEntity
  8
x_upper_sheets
100
AcDbSpline
210
0
220
0
230
1
 70
8
 71
1
 72
4
 73
2
 74
0
 40
-12.500000000
 40
-12.500000000
 40
-7.400000000
 40
-7.400000000
 10
385.000000000
 20
264.157683405
 30
0.000000000
 10
379.900000000
 20
264.157683405
 30
0.000000000
  0
SPLINE
  5
FC5
330
A02
100
AcDbEntity
  8
x_upper_sheets
100
AcDbSpline
210
0
220
0
230
1
 70
8
 71
1
 72
4
 73
2
 74
0
 40
2.250000000
 40
2.250000000
 40
33.750000000
 40
33.750000000
 10
379.900000000
 20
295.657683405
 30
0.000000000
 10
379.900000000
 20
264.157683405
 30
0.000000000
  0
SPLINE
  5
FC6
330
A02
100
AcDbEntity
  8
x_upper_sheets
100
AcDbSpline
210
0
220
0
230
1
 70
8
 71
1
 72
4
 73
2
 74
0
 40
-10.450000000
 40
-10.450000000
 40
-9.450000000
 40
-9.450000000
 10
379.900000000
 20
295.657683405
 30
0.000000000
 10
378.900000000
 20
295.657683405
 30
0.000000000
  0
SPLINE
  5
FC7
330
A02
100
AcDbEntity
  8
x_upper_sheets
100
AcDbSpline
210
0
220
0
230
1
 70
8
 71
1
 72
4
 73
2
 74
0
 40
8.450000000
 40
8.450000000
 40
9.450000000
 40
9.450000000
 10
377.900000000
 20
295.657683405
 30
0.000000000
 10
378.900000000
 20
295.657683405
 30
0.000000000
  0
SPLINE
  5
FC8
330
A02
100
AcDbEntity
  8
x_upper_sheets
100
AcDbSpline
210
0
220
0
230
1
 70
8
 71
1
 72
4
 73
2
 74
0
 40
2.250000000
 40
2.250000000
 40
33.750000000
 40
33.750000000
 10
377.900000000
 20
295.657683405
 30
0.000000000
 10
377.900000000
 20
264.157683405
 30
0.000000000
  0
SPLINE
  5
FC9
330
A02
100
AcDbEntity
  8
x_upper_sheets
100
AcDbSpline
210
0
220
0
230
1
 70
8
 71
1
 72
4
 73
2
 74
0
 40
-5.400000000
 40
-5.400000000
 40
-3.200000000
 40
-3.200000000
 10
377.900000000
 20
264.157683405
 30
0.000000000
 10
375.700000000
 20
264.157683405
 30
0.000000000
  0
SPLINE
  5
FCA
330
A02
100
AcDbEntity
  8
x_upper_sheets
100
AcDbSpline
210
0
220
0
230
1
 70
8
 71
1
 72
4
 73
2
 74
0
 40
2.250000000
 40
2.250000000
 40
33.750000000
 40
33.750000000
 10
375.700000000
 20
295.657683405
 30
0.000000000
 10
375.700000000
 20
264.157683405
 30
0.000000000
  0
SPLINE
  5
FCB
330
A02
100
AcDbEntity
  8
x_upper_sheets
100
AcDbSpline
210
0
220
0
230
1
 70
8
 71
1
 72
4
 73
2
 74
0
 40
-8.350000000
 40
-8.350000000
 40
-7.350000000
 40
-7.350000000
 10
375.700000000
 20
295.657683405
 30
0.000000000
 10
374.700000000
 20
295.657683405
 30
0.000000000
  0
SPLINE
  5
FCC
330
A02
100
AcDbEntity
  8
x_upper_sheets
100
AcDbSpline
210
0
220
0
230
1
 70
8
 71
1
 72
4
 73
2
 74
0
 40
6.350000000
 40
6.350000000
 40
7.350000000
 40
7.350000000
 10
373.700000000
 20
295.657683405
 30
0.000000000
 10
374.700000000
 20
295.657683405
 30
0.000000000
  0
SPLINE
  5
FCD
330
A02
100
AcDbEntity
  8
x_upper_sheets
100
AcDbSpline
210
0
220
0
230
1
 70
8
 71
1
 72
4
 73
2
 74
0
 40
2.250000000
 40
2.250000000
 40
33.750000000
 40
33.750000000
 10
373.700000000
 20
295.657683405
 30
0.000000000
 10
373.700000000
 20
264.157683405
 30
0.000000000
  0
SPLINE
  5
FCE
330
A02
100
AcDbEntity
  8
x_upper_sheets
100
AcDbSpline
210
0
220
0
230
1
 70
8
 71
1
 72
4
 73
2
 74
0
 40
-1.200000000
 40
-1.200000000
 40
1.000000000
 40
1.000000000
 10
373.700000000
 20
264.157683405
 30
0.000000000
 10
371.500000000
 20
264.157683405
 30
0.000000000
  0
SPLINE
  5
FCF
330
A02
100
AcDbEntity
  8
x_upper_sheets
100
AcDbSpline
210
0
220
0
230
1
 70
8
 71
1
 72
4
 73
2
 74
0
 40
2.250000000
 40
2.250000000
 40
33.750000000
 40
33.750000000
 10
371.500000000
 20
295.657683405
 30
0.000000000
 10
371.500000000
 20
264.157683405
 30
0.000000000
  0
SPLINE
  5
FD0
330
A02
100
AcDbEntity
  8
x_upper_sheets
100
AcDbSpline
210
0
220
0
230
1
 70
8
 71
1
 72
4
 73
2
 74
0
 40
-6.250000000
 40
-6.250000000
 40
-5.250000000
 40
-5.250000000
 10
371.500000000
 20
295.657683405
 30
0.000000000
 10
370.500000000
 20
295.657683405
 30
0.000000000
  0
SPLINE
  5
FD1
330
A02
100
AcDbEntity
  8
x_upper_sheets
100
AcDbSpline
210
0
220
0
230
1
 70
8
 71
1
 72
4
 73
2
 74
0
 40
4.250000000
 40
4.250000000
 40
5.250000000
 40
5.250000000
 10
369.500000000
 20
295.657683405
 30
0.000000000
 10
370.500000000
 20
295.657683405
 30
0.000000000
  0
SPLINE
  5
FD2
330
A02
100
AcDbEntity
  8
x_upper_sheets
100
AcDbSpline
210
0
220
0
230
1
 70
8
 71
1
 72
4
 73
2
 74
0
 40
2.250000000
 40
2.250000000
 40
33.750000000
 40
33.750000000
 10
369.500000000
 20
295.657683405
 30
0.000000000
 10
369.500000000
 20
264.157683405
 30
0.000000000
  0
SPLINE
  5
FD3
330
A02
100
AcDbEntity
  8
x_upper_sheets
100
AcDbSpline
210
0
220
0
230
1
 70
8
 71
1
 72
4
 73
2
 74
0
 40
3.000000000
 40
3.000000000
 40
5.200000000
 40
5.200000000
 10
369.500000000
 20
264.157683405
 30
0.000000000
 10
367.300000000
 20
264.157683405
 30
0.000000000
  0
SPLINE
  5
FD4
330
A02
100
AcDbEntity
  8
x_upper_sheets
100
AcDbSpline
210
0
220
0
230
1
 70
8
 71
1
 72
4
 73
2
 74
0
 40
2.250000000
 40
2.250000000
 40
33.750000000
 40
33.750000000
 10
367.300000000
 20
295.657683405
 30
0.000000000
 10
367.300000000
 20
264.157683405
 30
0.000000000
  0
SPLINE
  5
FD5
330
A02
100
AcDbEntity
  8
x_upper_sheets
100
AcDbSpline
210
0
220
0
230
1
 70
8
 71
1
 72
4
 73
2
 74
0
 40
-4.150000000
 40
-4.150000000
 40
-3.150000000
 40
-3.150000000
 10
367.300000000
 20
295.657683405
 30
0.000000000
 10
366.300000000
 20
295.657683405
 30
0.000000000
  0
SPLINE
  5
FD6
330
A02
100
AcDbEntity
  8
x_upper_sheets
100
AcDbSpline
210
0
220
0
230
1
 70
8
 71
1
 72
4
 73
2
 74
0
 40
2.150000000
 40
2.150000000
 40
3.150000000
 40
3.150000000
 10
365.300000000
 20
295.657683405
 30
0.000000000
 10
366.300000000
 20
295.657683405
 30
0.000000000
  0
SPLINE
  5
FD7
330
A02
100
AcDbEntity
  8
x_upper_sheets
100
AcDbSpline
210
0
220
0
230
1
 70
8
 71
1
 72
4
 73
2
 74
0
 40
2.250000000
 40
2.250000000
 40
33.750000000
 40
33.750000000
 10
365.300000000
 20
295.657683405
 30
0.000000000
 10
365.300000000
 20
264.157683405
 30
0.000000000
  0
SPLINE
  5
FD8
330
A02
100
AcDbEntity
  8
x_upper_sheets
100
AcDbSpline
210
0
220
0
230
1
 70
8
 71
1
 72
4
 73
2
 74
0
 40
7.200000000
 40
7.200000000
 40
9.400000000
 40
9.400000000
 10
365.300000000
 20
264.157683405
 30
0.000000000
 10
363.100000000
 20
264.157683405
 30
0.000000000
  0
SPLINE
  5
FD9
330
A02
100
AcDbEntity
  8
x_upper_sheets
100
AcDbSpline
210
0
220
0
230
1
 70
8
 71
1
 72
4
 73
2
 74
0
 40
2.250000000
 40
2.250000000
 40
33.750000000
 40
33.750000000
 10
363.100000000
 20
295.657683405
 30
0.000000000
 10
363.100000000
 20
264.157683405
 30
0.000000000
  0
SPLINE
  5
FDA
330
A02
100
AcDbEntity
  8
x_upper_sheets
100
AcDbSpline
210
0
220
0
230
1
 70
8
 71
1
 72
4
 73
2
 74
0
 40
-2.050000000
 40
-2.050000000
 40
-1.050000000
 40
-1.050000000
 10
363.100000000
 20
295.657683405
 30
0.000000000
 10
362.100000000
 20
295.657683405
 30
0.000000000
  0
SPLINE
  5
FDB
330
A02
100
AcDbEntity
  8
x_upper_sheets
100
AcDbSpline
210
0
220
0
230
1
 70
8
 71
1
 72
4
 73
2
 74
0
 40
0.050000000
 40
0.050000000
 40
1.050000000
 40
1.050000000
 10
361.100000000
 20
295.657683405
 30
0.000000000
 10
362.100000000
 20
295.657683405
 30
0.000000000
  0
SPLINE
  5
FDC
330
A02
100
AcDbEntity
  8
x_upper_sheets
100
AcDbSpline
210
0
220
0
230
1
 70
8
 71
1
 72
4
 73
2
 74
0
 40
2.250000000
 40
2.250000000
 40
33.750000000
 40
33.750000000
 10
361.100000000
 20
295.657683405
 30
0.000000000
 10
361.100000000
 20
264.157683405
 30
0.000000000
  0
SPLINE
  5
FDD
330
A02
100
AcDbEntity
  8
x_upper_sheets
100
AcDbSpline
210
0
220
0
230
1
 70
8
 71
1
 72
4
 73
2
 74
0
 40
11.400000000
 40
11.400000000
 40
13.600000000
 40
13.600000000
 10
361.100000000
 20
264.157683405
 30
0.000000000
 10
358.900000000
 20
264.157683405
 30
0.000000000
  0
SPLINE
  5
FDE
330
A02
100
AcDbEntity
  8
x_upper_sheets
100
AcDbSpline
210
0
220
0
230
1
 70
8
 71
1
 72
4
 73
2
 74
0
 40
2.250000000
 40
2.250000000
 40
33.750000000
 40
33.750000000
 10
358.900000000
 20
295.657683405
 30
0.000000000
 10
358.900000000
 20
264.157683405
 30
0.000000000
  0
SPLINE
  5
FDF
330
A02
100
AcDbEntity
  8
x_upper_sheets
100
AcDbSpline
210
0
220
0
230
1
 70
8
 71
1
 72
4
 73
2
 74
0
 40
0.050000000
 40
0.050000000
 40
1.050000000
 40
1.050000000
 10
358.900000000
 20
295.657683405
 30
0.000000000
 10
357.900000000
 20
295.657683405
 30
0.000000000
  0
SPLINE
  5
FE0
330
A02
100
AcDbEntity
  8
x_upper_sheets
100
AcDbSpline
210
0
220
0
230
1
 70
8
 71
1
 72
4
 73
2
 74
0
 40
-2.050000000
 40
-2.050000000
 40
-1.050000000
 40
-1.050000000
 10
356.900000000
 20
295.657683405
 30
0.000000000
 10
357.900000000
 20
295.657683405
 30
0.000000000
  0
SPLINE
  5
FE1
330
A02
100
AcDbEntity
  8
x_upper_sheets
100
AcDbSpline
210
0
220
0
230
1
 70
8
 71
1
 72
4
 73
2
 74
0
 40
2.250000000
 40
2.250000000
 40
33.750000000
 40
33.750000000
 10
356.900000000
 20
295.657683405
 30
0.000000000
 10
356.900000000
 20
264.157683405
 30
0.000000000
  0
SPLINE
  5
FE2
330
A02
100
AcDbEntity
  8
x_upper_sheets
100
AcDbSpline
210
0
220
0
230
1
 70
8
 71
1
 72
4
 73
2
 74
0
 40
15.600000000
 40
15.600000000
 40
17.800000000
 40
17.800000000
 10
356.900000000
 20
264.157683405
 30
0.000000000
 10
354.700000000
 20
264.157683405
 30
0.000000000
  0
SPLINE
  5
FE3
330
A02
100
AcDbEntity
  8
x_upper_sheets
100
AcDbSpline
210
0
220
0
230
1
 70
8
 71
1
 72
4
 73
2
 74
0
 40
2.250000000
 40
2.250000000
 40
33.750000000
 40
33.750000000
 10
354.700000000
 20
295.657683405
 30
0.000000000
 10
354.700000000
 20
264.157683405
 30
0.000000000
  0
SPLINE
  5
FE4
330
A02
100
AcDbEntity
  8
x_upper_sheets
100
AcDbSpline
210
0
220
0
230
1
 70
8
 71
1
 72
4
 73
2
 74
0
 40
2.150000000
 40
2.150000000
 40
3.150000000
 40
3.150000000
 10
354.700000000
 20
295.657683405
 30
0.000000000
 10
353.700000000
 20
295.657683405
 30
0.000000000
  0
SPLINE
  5
FE5
330
A02
100
AcDbEntity
  8
x_upper_sheets
100
AcDbSpline
210
0
220
0
230
1
 70
8
 71
1
 72
4
 73
2
 74
0
 40
-4.150000000
 40
-4.150000000
 40
-3.150000000
 40
-3.150000000
 10
352.700000000
 20
295.657683405
 30
0.000000000
 10
353.700000000
 20
295.657683405
 30
0.000000000
  0
SPLINE
  5
FE6
330
A02
100
AcDbEntity
  8
x_upper_sheets
100
AcDbSpline
210
0
220
0
230
1
 70
8
 71
1
 72
4
 73
2
 74
0
 40
2.250000000
 40
2.250000000
 40
33.750000000
 40
33.750000000
 10
352.700000000
 20
295.657683405
 30
0.000000000
 10
352.700000000
 20
264.157683405
 30
0.000000000
  0
SPLINE
  5
FE7
330
A02
100
AcDbEntity
  8
x_upper_sheets
100
AcDbSpline
210
0
220
0
230
1
 70
8
 71
1
 72
4
 73
2
 74
0
 40
19.800000000
 40
19.800000000
 40
22.000000000
 40
22.000000000
 10
352.700000000
 20
264.157683405
 30
0.000000000
 10
350.500000000
 20
264.157683405
 30
0.000000000
  0
SPLINE
  5
FE8
330
A02
100
AcDbEntity
  8
x_upper_sheets
100
AcDbSpline
210
0
220
0
230
1
 70
8
 71
1
 72
4
 73
2
 74
0
 40
2.250000000
 40
2.250000000
 40
33.750000000
 40
33.750000000
 10
350.500000000
 20
295.657683405
 30
0.000000000
 10
350.500000000
 20
264.157683405
 30
0.000000000
  0
SPLINE
  5
FE9
330
A02
100
AcDbEntity
  8
x_upper_sheets
100
AcDbSpline
210
0
220
0
230
1
 70
8
 71
1
 72
4
 73
2
 74
0
 40
4.250000000
 40
4.250000000
 40
5.250000000
 40
5.250000000
 10
350.500000000
 20
295.657683405
 30
0.000000000
 10
349.500000000
 20
295.657683405
 30
0.000000000
  0
SPLINE
  5
FEA
330
A02
100
AcDbEntity
  8
x_upper_sheets
100
AcDbSpline
210
0
220
0
230
1
 70
8
 71
1
 72
4
 73
2
 74
0
 40
-6.250000000
 40
-6.250000000
 40
-5.250000000
 40
-5.250000000
 10
348.500000000
 20
295.657683405
 30
0.000000000
 10
349.500000000
 20
295.657683405
 30
0.000000000
  0
SPLINE
  5
FEB
330
A02
100
AcDbEntity
  8
x_upper_sheets
100
AcDbSpline
210
0
220
0
230
1
 70
8
 71
1
 72
4
 73
2
 74
0
 40
2.250000000
 40
2.250000000
 40
33.750000000
 40
33.750000000
 10
348.500000000
 20
295.657683405
 30
0.000000000
 10
348.500000000
 20
264.157683405
 30
0.000000000
  0
SPLINE
  5
FEC
330
A02
100
AcDbEntity
  8
x_upper_sheets
100
AcDbSpline
210
0
220
0
230
1
 70
8
 71
1
 72
4
 73
2
 74
0
 40
24.000000000
 40
24.000000000
 40
26.200000000
 40
26.200000000
 10
348.500000000
 20
264.157683405
 30
0.000000000
 10
346.300000000
 20
264.157683405
 30
0.000000000
  0
SPLINE
  5
FED
330
A02
100
AcDbEntity
  8
x_upper_sheets
100
AcDbSpline
210
0
220
0
230
1
 70
8
 71
1
 72
4
 73
2
 74
0
 40
2.250000000
 40
2.250000000
 40
33.750000000
 40
33.750000000
 10
346.300000000
 20
295.657683405
 30
0.000000000
 10
346.300000000
 20
264.157683405
 30
0.000000000
  0
SPLINE
  5
FEE
330
A02
100
AcDbEntity
  8
x_upper_sheets
100
AcDbSpline
210
0
220
0
230
1
 70
8
 71
1
 72
4
 73
2
 74
0
 40
6.350000000
 40
6.350000000
 40
7.350000000
 40
7.350000000
 10
346.300000000
 20
295.657683405
 30
0.000000000
 10
345.300000000
 20
295.657683405
 30
0.000000000
  0
SPLINE
  5
FEF
330
A02
100
AcDbEntity
  8
x_upper_sheets
100
AcDbSpline
210
0
220
0
230
1
 70
8
 71
1
 72
4
 73
2
 74
0
 40
-8.350000000
 40
-8.350000000
 40
-7.350000000
 40
-7.350000000
 10
344.300000000
 20
295.657683405
 30
0.000000000
 10
345.300000000
 20
295.657683405
 30
0.000000000
  0
SPLINE
  5
FF0
330
A02
100
AcDbEntity
  8
x_upper_sheets
100
AcDbSpline
210
0
220
0
230
1
 70
8
 71
1
 72
4
 73
2
 74
0
 40
2.250000000
 40
2.250000000
 40
33.750000000
 40
33.750000000
 10
344.300000000
 20
295.657683405
 30
0.000000000
 10
344.300000000
 20
264.157683405
 30
0.000000000
  0
SPLINE
  5
FF1
330
A02
100
AcDbEntity
  8
x_upper_sheets
100
AcDbSpline
210
0
220
0
230
1
 70
8
 71
1
 72
4
 73
2
 74
0
 40
28.200000000
 40
28.200000000
 40
30.400000000
 40
30.400000000
 10
344.300000000
 20
264.157683405
 30
0.000000000
 10
342.100000000
 20
264.157683405
 30
0.000000000
  0
SPLINE
  5
FF2
330
A02
100
AcDbEntity
  8
x_upper_sheets
100
AcDbSpline
210
0
220
0
230
1
 70
8
 71
1
 72
4
 73
2
 74
0
 40
2.250000000
 40
2.250000000
 40
33.750000000
 40
33.750000000
 10
342.100000000
 20
295.657683405
 30
0.000000000
 10
342.100000000
 20
264.157683405
 30
0.000000000
  0
SPLINE
  5
FF3
330
A02
100
AcDbEntity
  8
x_upper_sheets
100
AcDbSpline
210
0
220
0
230
1
 70
8
 71
1
 72
4
 73
2
 74
0
 40
8.450000000
 40
8.450000000
 40
9.450000000
 40
9.450000000
 10
342.100000000
 20
295.657683405
 30
0.000000000
 10
341.100000000
 20
295.657683405
 30
0.000000000
  0
SPLINE
  5
FF4
330
A02
100
AcDbEntity
  8
x_upper_sheets
100
AcDbSpline
210
0
220
0
230
1
 70
8
 71
1
 72
4
 73
2
 74
0
 40
-10.450000000
 40
-10.450000000
 40
-9.450000000
 40
-9.450000000
 10
340.100000000
 20
295.657683405
 30
0.000000000
 10
341.100000000
 20
295.657683405
 30
0.000000000
  0
SPLINE
  5
FF5
330
A02
100
AcDbEntity
  8
x_upper_sheets
100
AcDbSpline
210
0
220
0
230
1
 70
8
 71
1
 72
4
 73
2
 74
0
 40
2.250000000
 40
2.250000000
 40
33.750000000
 40
33.750000000
 10
340.100000000
 20
295.657683405
 30
0.000000000
 10
340.100000000
 20
264.157683405
 30
0.000000000
  0
SPLINE
  5
FF6
330
A02
100
AcDbEntity
  8
x_upper_sheets
100
AcDbSpline
210
0
220
0
230
1
 70
8
 71
1
 72
4
 73
2
 74
0
 40
32.400000000
 40
32.400000000
 40
37.500000000
 40
37.500000000
 10
340.100000000
 20
264.157683405
 30
0.000000000
 10
335.000000000
 20
264.157683405
 30
0.000000000
  0
SPLINE
  5
FF7
330
A02
100
AcDbEntity
  8
x_upper_sheets
100
AcDbSpline
210
0
220
0
230
1
 70
8
 71
1
 72
4
 73
2
 74
0
 40
-84.000000000
 40
-84.000000000
 40
-18.000000000
 40
-18.000000000
 10
335.000000000
 20
264.157683405
 30
0.000000000
 10
335.000000000
 20
330.157683405
 30
-0.000000000
  0
SPLINE
  5
FF8
330
A02
100
AcDbEntity
  8
x_upper_sheets
100
AcDbSpline
210
0
220
0
230
1
 70
8
 71
1
 72
4
 73
2
 74
0
 40
-25.000000000
 40
-25.000000000
 40
-13.561342116
 40
-13.561342116
 10
335.000000000
 20
330.157683405
 30
-0.000000000
 10
346.438657884
 20
330.157683405
 30
-0.000000000
  0
SPLINE
  5
FF9
330
A02
100
AcDbEntity
  8
x_upper_sheets
100
AcDbSpline
210
0
220
0
230
1
 70
8
 71
3
 72
14
 73
10
 74
0
 40
-0.825527379
 40
-0.825527379
 40
-0.825527379
 40
-0.825527379
 40
-0.619145534
 40
-0.619145534
 40
-0.619145534
 40
-0.412763689
 40
-0.412763689
 40
-0.412763689
 40
0.000000000
 40
0.000000000
 40
0.000000000
 40
0.000000000
 10
346.438657884
 20
330.157683405
 30
-0.000000000
 10
347.853564943
 20
331.186505689
 30
-0.000000000
 10
349.138233352
 20
332.034744135
 30
-0.000000000
 10
350.344085814
 20
332.745065192
 30
-0.000000000
 10
351.549427218
 20
333.454635958
 30
-0.000000000
 10
352.675142639
 20
334.025617269
 30
-0.000000000
 10
353.758605925
 20
334.480012093
 30
-0.000000000
 10
355.925307968
 20
335.384204892
 30
-0.000000000
 10
357.920230629
 20
335.838173089
 30
-0.000000000
 10
360.000000000
 20
335.842316595
 30
-0.000000000
  0
SPLINE
  5
FFA
330
A02
100
AcDbEntity
  8
x_upper_sheets
100
AcDbSpline
210
0
220
0
230
1
 70
8
 71
3
 72
14
 73
10
 74
0
 40
0.000000000
 40
0.000000000
 40
0.000000000
 40
0.000000000
 40
0.412763689
 40
0.412763689
 40
0.412763689
 40
0.619145534
 40
0.619145534
 40
0.619145534
 40
0.825527379
 40
0.825527379
 40
0.825527379
 40
0.825527379
 10
360.000000000
 20
335.842316595
 30
-0.000000000
 10
362.079769371
 20
335.838173089
 30
-0.000000000
 10
364.074692032
 20
335.384204892
 30
-0.000000000
 10
366.241394075
 20
334.480012093
 30
-0.000000000
 10
367.324857361
 20
334.025617269
 30
-0.000000000
 10
368.450572782
 20
333.454635958
 30
-0.000000000
 10
369.655914186
 20
332.745065192
 30
-0.000000000
 10
370.861766648
 20
332.034744135
 30
-0.000000000
 10
372.146435057
 20
331.186505689
 30
-0.000000000
 10
373.561342116
 20
330.157683405
 30
-0.000000000
  0
SPLINE
  5
FFB
330
A02
100
AcDbEntity
  8
x_upper_sheets
100
AcDbSpline
210
0
220
0
230
1
 70
8
 71
1
 72
4
 73
2
 74
0
 40
13.561342116
 40
13.561342116
 40
25.000000000
 40
25.000000000
 10
373.561342116
 20
330.157683405
 30
-0.000000000
 10
385.000000000
 20
330.157683405
 30
-0.000000000
  0
SPLINE
  5
FFC
330
A02
100
AcDbEntity
  8
x_upper_sheets
100
AcDbSpline
210
0
220
0
230
1
 70
8
 71
1
 72
4
 73
2
 74
0
 40
-84.000000000
 40
-84.000000000
 40
-18.000000000
 40
-18.000000000
 10
385.000000000
 20
264.157683405
 30
0.000000000
 10
385.000000000
 20
330.157683405
 30
-0.000000000
  0
SPLINE
  5
FFD
330
A02
100
AcDbEntity
  8
x_upper_sheets
100
AcDbSpline
210
0
220
0
230
1
 70
8
 71
1
 72
4
 73
2
 74
0
 40
-12.500000000
 40
-12.500000000
 40
-7.400000000
 40
-7.400000000
 10
445.000000000
 20
264.157683405
 30
0.000000000
 10
439.900000000
 20
264.157683405
 30
0.000000000
  0
SPLINE
  5
FFE
330
A02
100
AcDbEntity
  8
x_upper_sheets
100
AcDbSpline
210
0
220
0
230
1
 70
8
 71
1
 72
4
 73
2
 74
0
 40
2.250000000
 40
2.250000000
 40
33.750000000
 40
33.750000000
 10
439.900000000
 20
295.657683405
 30
0.000000000
 10
439.900000000
 20
264.157683405
 30
0.000000000
  0
SPLINE
  5
FFF
330
A02
100
AcDbEntity
  8
x_upper_sheets
100
AcDbSpline
210
0
220
0
230
1
 70
8
 71
1
 72
4
 73
2
 74
0
 40
-10.450000000
 40
-10.450000000
 40
-9.450000000
 40
-9.450000000
 10
439.900000000
 20
295.657683405
 30
0.000000000
 10
438.900000000
 20
295.657683405
 30
0.000000000
  0
SPLINE
  5
1000
330
A02
100
AcDbEntity
  8
x_upper_sheets
100
AcDbSpline
210
0
220
0
230
1
 70
8
 71
1
 72
4
 73
2
 74
0
 40
8.450000000
 40
8.450000000
 40
9.450000000
 40
9.450000000
 10
437.900000000
 20
295.657683405
 30
0.000000000
 10
438.900000000
 20
295.657683405
 30
0.000000000
  0
SPLINE
  5
1001
330
A02
100
AcDbEntity
  8
x_upper_sheets
100
AcDbSpline
210
0
220
0
230
1
 70
8
 71
1
 72
4
 73
2
 74
0
 40
2.250000000
 40
2.250000000
 40
33.750000000
 40
33.750000000
 10
437.900000000
 20
295.657683405
 30
0.000000000
 10
437.900000000
 20
264.157683405
 30
0.000000000
  0
SPLINE
  5
1002
330
A02
100
AcDbEntity
  8
x_upper_sheets
100
AcDbSpline
210
0
220
0
230
1
 70
8
 71
1
 72
4
 73
2
 74
0
 40
-5.400000000
 40
-5.400000000
 40
-3.200000000
 40
-3.200000000
 10
437.900000000
 20
264.157683405
 30
0.000000000
 10
435.700000000
 20
264.157683405
 30
0.000000000
  0
SPLINE
  5
1003
330
A02
100
AcDbEntity
  8
x_upper_sheets
100
AcDbSpline
210
0
220
0
230
1
 70
8
 71
1
 72
4
 73
2
 74
0
 40
2.250000000
 40
2.250000000
 40
33.750000000
 40
33.750000000
 10
435.700000000
 20
295.657683405
 30
0.000000000
 10
435.700000000
 20
264.157683405
 30
0.000000000
  0
SPLINE
  5
1004
330
A02
100
AcDbEntity
  8
x_upper_sheets
100
AcDbSpline
210
0
220
0
230
1
 70
8
 71
1
 72
4
 73
2
 74
0
 40
-8.350000000
 40
-8.350000000
 40
-7.350000000
 40
-7.350000000
 10
435.700000000
 20
295.657683405
 30
0.000000000
 10
434.700000000
 20
295.657683405
 30
0.000000000
  0
SPLINE
  5
1005
330
A02
100
AcDbEntity
  8
x_upper_sheets
100
AcDbSpline
210
0
220
0
230
1
 70
8
 71
1
 72
4
 73
2
 74
0
 40
6.350000000
 40
6.350000000
 40
7.350000000
 40
7.350000000
 10
433.700000000
 20
295.657683405
 30
0.000000000
 10
434.700000000
 20
295.657683405
 30
0.000000000
  0
SPLINE
  5
1006
330
A02
100
AcDbEntity
  8
x_upper_sheets
100
AcDbSpline
210
0
220
0
230
1
 70
8
 71
1
 72
4
 73
2
 74
0
 40
2.250000000
 40
2.250000000
 40
33.750000000
 40
33.750000000
 10
433.700000000
 20
295.657683405
 30
0.000000000
 10
433.700000000
 20
264.157683405
 30
0.000000000
  0
SPLINE
  5
1007
330
A02
100
AcDbEntity
  8
x_upper_sheets
100
AcDbSpline
210
0
220
0
230
1
 70
8
 71
1
 72
4
 73
2
 74
0
 40
-1.200000000
 40
-1.200000000
 40
1.000000000
 40
1.000000000
 10
433.700000000
 20
264.157683405
 30
0.000000000
 10
431.500000000
 20
264.157683405
 30
0.000000000
  0
SPLINE
  5
1008
330
A02
100
AcDbEntity
  8
x_upper_sheets
100
AcDbSpline
210
0
220
0
230
1
 70
8
 71
1
 72
4
 73
2
 74
0
 40
2.250000000
 40
2.250000000
 40
33.750000000
 40
33.750000000
 10
431.500000000
 20
295.657683405
 30
0.000000000
 10
431.500000000
 20
264.157683405
 30
0.000000000
  0
SPLINE
  5
1009
330
A02
100
AcDbEntity
  8
x_upper_sheets
100
AcDbSpline
210
0
220
0
230
1
 70
8
 71
1
 72
4
 73
2
 74
0
 40
-6.250000000
 40
-6.250000000
 40
-5.250000000
 40
-5.250000000
 10
431.500000000
 20
295.657683405
 30
0.000000000
 10
430.500000000
 20
295.657683405
 30
0.000000000
  0
SPLINE
  5
100A
330
A02
100
AcDbEntity
  8
x_upper_sheets
100
AcDbSpline
210
0
220
0
230
1
 70
8
 71
1
 72
4
 73
2
 74
0
 40
4.250000000
 40
4.250000000
 40
5.250000000
 40
5.250000000
 10
429.500000000
 20
295.657683405
 30
0.000000000
 10
430.500000000
 20
295.657683405
 30
0.000000000
  0
SPLINE
  5
100B
330
A02
100
AcDbEntity
  8
x_upper_sheets
100
AcDbSpline
210
0
220
0
230
1
 70
8
 71
1
 72
4
 73
2
 74
0
 40
2.250000000
 40
2.250000000
 40
33.750000000
 40
33.750000000
 10
429.500000000
 20
295.657683405
 30
0.000000000
 10
429.500000000
 20
264.157683405
 30
0.000000000
  0
SPLINE
  5
100C
330
A02
100
AcDbEntity
  8
x_upper_sheets
100
AcDbSpline
210
0
220
0
230
1
 70
8
 71
1
 72
4
 73
2
 74
0
 40
3.000000000
 40
3.000000000
 40
5.200000000
 40
5.200000000
 10
429.500000000
 20
264.157683405
 30
0.000000000
 10
427.300000000
 20
264.157683405
 30
0.000000000
  0
SPLINE
  5
100D
330
A02
100
AcDbEntity
  8
x_upper_sheets
100
AcDbSpline
210
0
220
0
230
1
 70
8
 71
1
 72
4
 73
2
 74
0
 40
2.250000000
 40
2.250000000
 40
33.750000000
 40
33.750000000
 10
427.300000000
 20
295.657683405
 30
0.000000000
 10
427.300000000
 20
264.157683405
 30
0.000000000
  0
SPLINE
  5
100E
330
A02
100
AcDbEntity
  8
x_upper_sheets
100
AcDbSpline
210
0
220
0
230
1
 70
8
 71
1
 72
4
 73
2
 74
0
 40
-4.150000000
 40
-4.150000000
 40
-3.150000000
 40
-3.150000000
 10
427.300000000
 20
295.657683405
 30
0.000000000
 10
426.300000000
 20
295.657683405
 30
0.000000000
  0
SPLINE
  5
100F
330
A02
100
AcDbEntity
  8
x_upper_sheets
100
AcDbSpline
210
0
220
0
230
1
 70
8
 71
1
 72
4
 73
2
 74
0
 40
2.150000000
 40
2.150000000
 40
3.150000000
 40
3.150000000
 10
425.300000000
 20
295.657683405
 30
0.000000000
 10
426.300000000
 20
295.657683405
 30
0.000000000
  0
SPLINE
  5
1010
330
A02
100
AcDbEntity
  8
x_upper_sheets
100
AcDbSpline
210
0
220
0
230
1
 70
8
 71
1
 72
4
 73
2
 74
0
 40
2.250000000
 40
2.250000000
 40
33.750000000
 40
33.750000000
 10
425.300000000
 20
295.657683405
 30
0.000000000
 10
425.300000000
 20
264.157683405
 30
0.000000000
  0
SPLINE
  5
1011
330
A02
100
AcDbEntity
  8
x_upper_sheets
100
AcDbSpline
210
0
220
0
230
1
 70
8
 71
1
 72
4
 73
2
 74
0
 40
7.200000000
 40
7.200000000
 40
9.400000000
 40
9.400000000
 10
425.300000000
 20
264.157683405
 30
0.000000000
 10
423.100000000
 20
264.157683405
 30
0.000000000
  0
SPLINE
  5
1012
330
A02
100
AcDbEntity
  8
x_upper_sheets
100
AcDbSpline
210
0
220
0
230
1
 70
8
 71
1
 72
4
 73
2
 74
0
 40
2.250000000
 40
2.250000000
 40
33.750000000
 40
33.750000000
 10
423.100000000
 20
295.657683405
 30
0.000000000
 10
423.100000000
 20
264.157683405
 30
0.000000000
  0
SPLINE
  5
1013
330
A02
100
AcDbEntity
  8
x_upper_sheets
100
AcDbSpline
210
0
220
0
230
1
 70
8
 71
1
 72
4
 73
2
 74
0
 40
-2.050000000
 40
-2.050000000
 40
-1.050000000
 40
-1.050000000
 10
423.100000000
 20
295.657683405
 30
0.000000000
 10
422.100000000
 20
295.657683405
 30
0.000000000
  0
SPLINE
  5
1014
330
A02
100
AcDbEntity
  8
x_upper_sheets
100
AcDbSpline
210
0
220
0
230
1
 70
8
 71
1
 72
4
 73
2
 74
0
 40
0.050000000
 40
0.050000000
 40
1.050000000
 40
1.050000000
 10
421.100000000
 20
295.657683405
 30
0.000000000
 10
422.100000000
 20
295.657683405
 30
0.000000000
  0
SPLINE
  5
1015
330
A02
100
AcDbEntity
  8
x_upper_sheets
100
AcDbSpline
210
0
220
0
230
1
 70
8
 71
1
 72
4
 73
2
 74
0
 40
2.250000000
 40
2.250000000
 40
33.750000000
 40
33.750000000
 10
421.100000000
 20
295.657683405
 30
0.000000000
 10
421.100000000
 20
264.157683405
 30
0.000000000
  0
SPLINE
  5
1016
330
A02
100
AcDbEntity
  8
x_upper_sheets
100
AcDbSpline
210
0
220
0
230
1
 70
8
 71
1
 72
4
 73
2
 74
0
 40
11.400000000
 40
11.400000000
 40
13.600000000
 40
13.600000000
 10
421.100000000
 20
264.157683405
 30
0.000000000
 10
418.900000000
 20
264.157683405
 30
0.000000000
  0
SPLINE
  5
1017
330
A02
100
AcDbEntity
  8
x_upper_sheets
100
AcDbSpline
210
0
220
0
230
1
 70
8
 71
1
 72
4
 73
2
 74
0
 40
2.250000000
 40
2.250000000
 40
33.750000000
 40
33.750000000
 10
418.900000000
 20
295.657683405
 30
0.000000000
 10
418.900000000
 20
264.157683405
 30
0.000000000
  0
SPLINE
  5
1018
330
A02
100
AcDbEntity
  8
x_upper_sheets
100
AcDbSpline
210
0
220
0
230
1
 70
8
 71
1
 72
4
 73
2
 74
0
 40
0.050000000
 40
0.050000000
 40
1.050000000
 40
1.050000000
 10
418.900000000
 20
295.657683405
 30
0.000000000
 10
417.900000000
 20
295.657683405
 30
0.000000000
  0
SPLINE
  5
1019
330
A02
100
AcDbEntity
  8
x_upper_sheets
100
AcDbSpline
210
0
220
0
230
1
 70
8
 71
1
 72
4
 73
2
 74
0
 40
-2.050000000
 40
-2.050000000
 40
-1.050000000
 40
-1.050000000
 10
416.900000000
 20
295.657683405
 30
0.000000000
 10
417.900000000
 20
295.657683405
 30
0.000000000
  0
SPLINE
  5
101A
330
A02
100
AcDbEntity
  8
x_upper_sheets
100
AcDbSpline
210
0
220
0
230
1
 70
8
 71
1
 72
4
 73
2
 74
0
 40
2.250000000
 40
2.250000000
 40
33.750000000
 40
33.750000000
 10
416.900000000
 20
295.657683405
 30
0.000000000
 10
416.900000000
 20
264.157683405
 30
0.000000000
  0
SPLINE
  5
101B
330
A02
100
AcDbEntity
  8
x_upper_sheets
100
AcDbSpline
210
0
220
0
230
1
 70
8
 71
1
 72
4
 73
2
 74
0
 40
15.600000000
 40
15.600000000
 40
17.800000000
 40
17.800000000
 10
416.900000000
 20
264.157683405
 30
0.000000000
 10
414.700000000
 20
264.157683405
 30
0.000000000
  0
SPLINE
  5
101C
330
A02
100
AcDbEntity
  8
x_upper_sheets
100
AcDbSpline
210
0
220
0
230
1
 70
8
 71
1
 72
4
 73
2
 74
0
 40
2.250000000
 40
2.250000000
 40
33.750000000
 40
33.750000000
 10
414.700000000
 20
295.657683405
 30
0.000000000
 10
414.700000000
 20
264.157683405
 30
0.000000000
  0
SPLINE
  5
101D
330
A02
100
AcDbEntity
  8
x_upper_sheets
100
AcDbSpline
210
0
220
0
230
1
 70
8
 71
1
 72
4
 73
2
 74
0
 40
2.150000000
 40
2.150000000
 40
3.150000000
 40
3.150000000
 10
414.700000000
 20
295.657683405
 30
0.000000000
 10
413.700000000
 20
295.657683405
 30
0.000000000
  0
SPLINE
  5
101E
330
A02
100
AcDbEntity
  8
x_upper_sheets
100
AcDbSpline
210
0
220
0
230
1
 70
8
 71
1
 72
4
 73
2
 74
0
 40
-4.150000000
 40
-4.150000000
 40
-3.150000000
 40
-3.150000000
 10
412.700000000
 20
295.657683405
 30
0.000000000
 10
413.700000000
 20
295.657683405
 30
0.000000000
  0
SPLINE
  5
101F
330
A02
100
AcDbEntity
  8
x_upper_sheets
100
AcDbSpline
210
0
220
0
230
1
 70
8
 71
1
 72
4
 73
2
 74
0
 40
2.250000000
 40
2.250000000
 40
33.750000000
 40
33.750000000
 10
412.700000000
 20
295.657683405
 30
0.000000000
 10
412.700000000
 20
264.157683405
 30
0.000000000
  0
SPLINE
  5
1020
330
A02
100
AcDbEntity
  8
x_upper_sheets
100
AcDbSpline
210
0
220
0
230
1
 70
8
 71
1
 72
4
 73
2
 74
0
 40
19.800000000
 40
19.800000000
 40
22.000000000
 40
22.000000000
 10
412.700000000
 20
264.157683405
 30
0.000000000
 10
410.500000000
 20
264.157683405
 30
0.000000000
  0
SPLINE
  5
1021
330
A02
100
AcDbEntity
  8
x_upper_sheets
100
AcDbSpline
210
0
220
0
230
1
 70
8
 71
1
 72
4
 73
2
 74
0
 40
2.250000000
 40
2.250000000
 40
33.750000000
 40
33.750000000
 10
410.500000000
 20
295.657683405
 30
0.000000000
 10
410.500000000
 20
264.157683405
 30
0.000000000
  0
SPLINE
  5
1022
330
A02
100
AcDbEntity
  8
x_upper_sheets
100
AcDbSpline
210
0
220
0
230
1
 70
8
 71
1
 72
4
 73
2
 74
0
 40
4.250000000
 40
4.250000000
 40
5.250000000
 40
5.250000000
 10
410.500000000
 20
295.657683405
 30
0.000000000
 10
409.500000000
 20
295.657683405
 30
0.000000000
  0
SPLINE
  5
1023
330
A02
100
AcDbEntity
  8
x_upper_sheets
100
AcDbSpline
210
0
220
0
230
1
 70
8
 71
1
 72
4
 73
2
 74
0
 40
-6.250000000
 40
-6.250000000
 40
-5.250000000
 40
-5.250000000
 10
408.500000000
 20
295.657683405
 30
0.000000000
 10
409.500000000
 20
295.657683405
 30
0.000000000
  0
SPLINE
  5
1024
330
A02
100
AcDbEntity
  8
x_upper_sheets
100
AcDbSpline
210
0
220
0
230
1
 70
8
 71
1
 72
4
 73
2
 74
0
 40
2.250000000
 40
2.250000000
 40
33.750000000
 40
33.750000000
 10
408.500000000
 20
295.657683405
 30
0.000000000
 10
408.500000000
 20
264.157683405
 30
0.000000000
  0
SPLINE
  5
1025
330
A02
100
AcDbEntity
  8
x_upper_sheets
100
AcDbSpline
210
0
220
0
230
1
 70
8
 71
1
 72
4
 73
2
 74
0
 40
24.000000000
 40
24.000000000
 40
26.200000000
 40
26.200000000
 10
408.500000000
 20
264.157683405
 30
0.000000000
 10
406.300000000
 20
264.157683405
 30
0.000000000
  0
SPLINE
  5
1026
330
A02
100
AcDbEntity
  8
x_upper_sheets
100
AcDbSpline
210
0
220
0
230
1
 70
8
 71
1
 72
4
 73
2
 74
0
 40
2.250000000
 40
2.250000000
 40
33.750000000
 40
33.750000000
 10
406.300000000
 20
295.657683405
 30
0.000000000
 10
406.300000000
 20
264.157683405
 30
0.000000000
  0
SPLINE
  5
1027
330
A02
100
AcDbEntity
  8
x_upper_sheets
100
AcDbSpline
210
0
220
0
230
1
 70
8
 71
1
 72
4
 73
2
 74
0
 40
6.350000000
 40
6.350000000
 40
7.350000000
 40
7.350000000
 10
406.300000000
 20
295.657683405
 30
0.000000000
 10
405.300000000
 20
295.657683405
 30
0.000000000
  0
SPLINE
  5
1028
330
A02
100
AcDbEntity
  8
x_upper_sheets
100
AcDbSpline
210
0
220
0
230
1
 70
8
 71
1
 72
4
 73
2
 74
0
 40
-8.350000000
 40
-8.350000000
 40
-7.350000000
 40
-7.350000000
 10
404.300000000
 20
295.657683405
 30
0.000000000
 10
405.300000000
 20
295.657683405
 30
0.000000000
  0
SPLINE
  5
1029
330
A02
100
AcDbEntity
  8
x_upper_sheets
100
AcDbSpline
210
0
220
0
230
1
 70
8
 71
1
 72
4
 73
2
 74
0
 40
2.250000000
 40
2.250000000
 40
33.750000000
 40
33.750000000
 10
404.300000000
 20
295.657683405
 30
0.000000000
 10
404.300000000
 20
264.157683405
 30
0.000000000
  0
SPLINE
  5
102A
330
A02
100
AcDbEntity
  8
x_upper_sheets
100
AcDbSpline
210
0
220
0
230
1
 70
8
 71
1
 72
4
 73
2
 74
0
 40
28.200000000
 40
28.200000000
 40
30.400000000
 40
30.400000000
 10
404.300000000
 20
264.157683405
 30
0.000000000
 10
402.100000000
 20
264.157683405
 30
0.000000000
  0
SPLINE
  5
102B
330
A02
100
AcDbEntity
  8
x_upper_sheets
100
AcDbSpline
210
0
220
0
230
1
 70
8
 71
1
 72
4
 73
2
 74
0
 40
2.250000000
 40
2.250000000
 40
33.750000000
 40
33.750000000
 10
402.100000000
 20
295.657683405
 30
0.000000000
 10
402.100000000
 20
264.157683405
 30
0.000000000
  0
SPLINE
  5
102C
330
A02
100
AcDbEntity
  8
x_upper_sheets
100
AcDbSpline
210
0
220
0
230
1
 70
8
 71
1
 72
4
 73
2
 74
0
 40
8.450000000
 40
8.450000000
 40
9.450000000
 40
9.450000000
 10
402.100000000
 20
295.657683405
 30
0.000000000
 10
401.100000000
 20
295.657683405
 30
0.000000000
  0
SPLINE
  5
102D
330
A02
100
AcDbEntity
  8
x_upper_sheets
100
AcDbSpline
210
0
220
0
230
1
 70
8
 71
1
 72
4
 73
2
 74
0
 40
-10.450000000
 40
-10.450000000
 40
-9.450000000
 40
-9.450000000
 10
400.100000000
 20
295.657683405
 30
0.000000000
 10
401.100000000
 20
295.657683405
 30
0.000000000
  0
SPLINE
  5
102E
330
A02
100
AcDbEntity
  8
x_upper_sheets
100
AcDbSpline
210
0
220
0
230
1
 70
8
 71
1
 72
4
 73
2
 74
0
 40
2.250000000
 40
2.250000000
 40
33.750000000
 40
33.750000000
 10
400.100000000
 20
295.657683405
 30
0.000000000
 10
400.100000000
 20
264.157683405
 30
0.000000000
  0
SPLINE
  5
102F
330
A02
100
AcDbEntity
  8
x_upper_sheets
100
AcDbSpline
210
0
220
0
230
1
 70
8
 71
1
 72
4
 73
2
 74
0
 40
32.400000000
 40
32.400000000
 40
37.500000000
 40
37.500000000
 10
400.100000000
 20
264.157683405
 30
0.000000000
 10
395.000000000
 20
264.157683405
 30
0.000000000
  0
SPLINE
  5
1030
330
A02
100
AcDbEntity
  8
x_upper_sheets
100
AcDbSpline
210
0
220
0
230
1
 70
8
 71
1
 72
4
 73
2
 74
0
 40
-84.000000000
 40
-84.000000000
 40
-18.000000000
 40
-18.000000000
 10
395.000000000
 20
264.157683405
 30
0.000000000
 10
395.000000000
 20
330.157683405
 30
-0.000000000
  0
SPLINE
  5
1031
330
A02
100
AcDbEntity
  8
x_upper_sheets
100
AcDbSpline
210
0
220
0
230
1
 70
8
 71
1
 72
4
 73
2
 74
0
 40
-25.000000000
 40
-25.000000000
 40
-13.561342116
 40
-13.561342116
 10
395.000000000
 20
330.157683405
 30
-0.000000000
 10
406.438657884
 20
330.157683405
 30
-0.000000000
  0
SPLINE
  5
1032
330
A02
100
AcDbEntity
  8
x_upper_sheets
100
AcDbSpline
210
0
220
0
230
1
 70
8
 71
3
 72
23
 73
19
 74
0
 40
-0.825527379
 40
-0.825527379
 40
-0.825527379
 40
-0.825527379
 40
-0.619145534
 40
-0.619145534
 40
-0.619145534
 40
-0.412763689
 40
-0.412763689
 40
-0.412763689
 40
0.000000000
 40
0.000000000
 40
0.000000000
 40
0.412763689
 40
0.412763689
 40
0.412763689
 40
0.619145534
 40
0.619145534
 40
0.619145534
 40
0.825527379
 40
0.825527379
 40
0.825527379
 40
0.825527379
 10
406.438657884
 20
330.157683405
 30
-0.000000000
 10
407.975416467
 20
331.275005889
 30
-0.000000000
 10
409.327406935
 20
332.157110805
 30
-0.000000000
 10
410.572529067
 20
332.878466463
 30
-0.000000000
 10
411.816554514
 20
333.598530275
 30
-0.000000000
 10
412.952016946
 20
334.156119562
 30
-0.000000000
 10
414.026914484
 20
334.590419848
 30
-0.000000000
 10
416.174095434
 20
335.454124036
 30
-0.000000000
 10
418.083639413
 20
335.838618894
 30
-0.000000000
 10
420.000000000
 20
335.842316595
 30
-0.000000000
 10
421.916360587
 20
335.838618894
 30
-0.000000000
 10
423.825904566
 20
335.454124036
 30
-0.000000000
 10
425.973085516
 20
334.590419848
 30
-0.000000000
 10
427.047983054
 20
334.156119562
 30
-0.000000000
 10
428.183445486
 20
333.598530275
 30
-0.000000000
 10
429.427470933
 20
332.878466463
 30
-0.000000000
 10
430.672593065
 20
332.157110805
 30
-0.000000000
 10
432.024583533
 20
331.275005889
 30
-0.000000000
 10
433.561342116
 20
330.157683405
 30
-0.000000000
  0
SPLINE
  5
1033
330
A02
100
AcDbEntity
  8
x_upper_sheets
100
AcDbSpline
210
0
220
0
230
1
 70
8
 71
1
 72
4
 73
2
 74
0
 40
13.561342116
 40
13.561342116
 40
25.000000000
 40
25.000000000
 10
433.561342116
 20
330.157683405
 30
-0.000000000
 10
445.000000000
 20
330.157683405
 30
-0.000000000
  0
SPLINE
  5
1034
330
A02
100
AcDbEntity
  8
x_upper_sheets
100
AcDbSpline
210
0
220
0
230
1
 70
8
 71
1
 72
4
 73
2
 74
0
 40
-84.000000000
 40
-84.000000000
 40
-18.000000000
 40
-18.000000000
 10
445.000000000
 20
264.157683405
 30
0.000000000
 10
445.000000000
 20
330.157683405
 30
-0.000000000
  0
SPLINE
  5
1035
330
A02
100
AcDbEntity
  8
x_upper_sheets
100
AcDbSpline
210
0
220
0
230
1
 70
8
 71
1
 72
4
 73
2
 74
0
 40
-12.500000000
 40
-12.500000000
 40
-7.400000000
 40
-7.400000000
 10
505.000000000
 20
266.410085235
 30
0.000000000
 10
499.900000000
 20
266.410085235
 30
0.000000000
  0
SPLINE
  5
1036
330
A02
100
AcDbEntity
  8
x_upper_sheets
100
AcDbSpline
210
0
220
0
230
1
 70
8
 71
1
 72
4
 73
2
 74
0
 40
2.250000000
 40
2.250000000
 40
33.750000000
 40
33.750000000
 10
499.900000000
 20
297.910085235
 30
0.000000000
 10
499.900000000
 20
266.410085235
 30
0.000000000
  0
SPLINE
  5
1037
330
A02
100
AcDbEntity
  8
x_upper_sheets
100
AcDbSpline
210
0
220
0
230
1
 70
8
 71
1
 72
4
 73
2
 74
0
 40
-10.450000000
 40
-10.450000000
 40
-9.450000000
 40
-9.450000000
 10
499.900000000
 20
297.910085235
 30
0.000000000
 10
498.900000000
 20
297.910085235
 30
0.000000000
  0
SPLINE
  5
1038
330
A02
100
AcDbEntity
  8
x_upper_sheets
100
AcDbSpline
210
0
220
0
230
1
 70
8
 71
1
 72
4
 73
2
 74
0
 40
8.450000000
 40
8.450000000
 40
9.450000000
 40
9.450000000
 10
497.900000000
 20
297.910085235
 30
0.000000000
 10
498.900000000
 20
297.910085235
 30
0.000000000
  0
SPLINE
  5
1039
330
A02
100
AcDbEntity
  8
x_upper_sheets
100
AcDbSpline
210
0
220
0
230
1
 70
8
 71
1
 72
4
 73
2
 74
0
 40
2.250000000
 40
2.250000000
 40
33.750000000
 40
33.750000000
 10
497.900000000
 20
297.910085235
 30
0.000000000
 10
497.900000000
 20
266.410085235
 30
0.000000000
  0
SPLINE
  5
103A
330
A02
100
AcDbEntity
  8
x_upper_sheets
100
AcDbSpline
210
0
220
0
230
1
 70
8
 71
1
 72
4
 73
2
 74
0
 40
-5.400000000
 40
-5.400000000
 40
-3.200000000
 40
-3.200000000
 10
497.900000000
 20
266.410085235
 30
0.000000000
 10
495.700000000
 20
266.410085235
 30
0.000000000
  0
SPLINE
  5
103B
330
A02
100
AcDbEntity
  8
x_upper_sheets
100
AcDbSpline
210
0
220
0
230
1
 70
8
 71
1
 72
4
 73
2
 74
0
 40
2.250000000
 40
2.250000000
 40
33.750000000
 40
33.750000000
 10
495.700000000
 20
297.910085235
 30
0.000000000
 10
495.700000000
 20
266.410085235
 30
0.000000000
  0
SPLINE
  5
103C
330
A02
100
AcDbEntity
  8
x_upper_sheets
100
AcDbSpline
210
0
220
0
230
1
 70
8
 71
1
 72
4
 73
2
 74
0
 40
-8.350000000
 40
-8.350000000
 40
-7.350000000
 40
-7.350000000
 10
495.700000000
 20
297.910085235
 30
0.000000000
 10
494.700000000
 20
297.910085235
 30
0.000000000
  0
SPLINE
  5
103D
330
A02
100
AcDbEntity
  8
x_upper_sheets
100
AcDbSpline
210
0
220
0
230
1
 70
8
 71
1
 72
4
 73
2
 74
0
 40
6.350000000
 40
6.350000000
 40
7.350000000
 40
7.350000000
 10
493.700000000
 20
297.910085235
 30
0.000000000
 10
494.700000000
 20
297.910085235
 30
0.000000000
  0
SPLINE
  5
103E
330
A02
100
AcDbEntity
  8
x_upper_sheets
100
AcDbSpline
210
0
220
0
230
1
 70
8
 71
1
 72
4
 73
2
 74
0
 40
2.250000000
 40
2.250000000
 40
33.750000000
 40
33.750000000
 10
493.700000000
 20
297.910085235
 30
0.000000000
 10
493.700000000
 20
266.410085235
 30
0.000000000
  0
SPLINE
  5
103F
330
A02
100
AcDbEntity
  8
x_upper_sheets
100
AcDbSpline
210
0
220
0
230
1
 70
8
 71
1
 72
4
 73
2
 74
0
 40
-1.200000000
 40
-1.200000000
 40
1.000000000
 40
1.000000000
 10
493.700000000
 20
266.410085235
 30
0.000000000
 10
491.500000000
 20
266.410085235
 30
0.000000000
  0
SPLINE
  5
1040
330
A02
100
AcDbEntity
  8
x_upper_sheets
100
AcDbSpline
210
0
220
0
230
1
 70
8
 71
1
 72
4
 73
2
 74
0
 40
2.250000000
 40
2.250000000
 40
33.750000000
 40
33.750000000
 10
491.500000000
 20
297.910085235
 30
0.000000000
 10
491.500000000
 20
266.410085235
 30
0.000000000
  0
SPLINE
  5
1041
330
A02
100
AcDbEntity
  8
x_upper_sheets
100
AcDbSpline
210
0
220
0
230
1
 70
8
 71
1
 72
4
 73
2
 74
0
 40
-6.250000000
 40
-6.250000000
 40
-5.250000000
 40
-5.250000000
 10
491.500000000
 20
297.910085235
 30
0.000000000
 10
490.500000000
 20
297.910085235
 30
0.000000000
  0
SPLINE
  5
1042
330
A02
100
AcDbEntity
  8
x_upper_sheets
100
AcDbSpline
210
0
220
0
230
1
 70
8
 71
1
 72
4
 73
2
 74
0
 40
4.250000000
 40
4.250000000
 40
5.250000000
 40
5.250000000
 10
489.500000000
 20
297.910085235
 30
0.000000000
 10
490.500000000
 20
297.910085235
 30
0.000000000
  0
SPLINE
  5
1043
330
A02
100
AcDbEntity
  8
x_upper_sheets
100
AcDbSpline
210
0
220
0
230
1
 70
8
 71
1
 72
4
 73
2
 74
0
 40
2.250000000
 40
2.250000000
 40
33.750000000
 40
33.750000000
 10
489.500000000
 20
297.910085235
 30
0.000000000
 10
489.500000000
 20
266.410085235
 30
0.000000000
  0
SPLINE
  5
1044
330
A02
100
AcDbEntity
  8
x_upper_sheets
100
AcDbSpline
210
0
220
0
230
1
 70
8
 71
1
 72
4
 73
2
 74
0
 40
3.000000000
 40
3.000000000
 40
5.200000000
 40
5.200000000
 10
489.500000000
 20
266.410085235
 30
0.000000000
 10
487.300000000
 20
266.410085235
 30
0.000000000
  0
SPLINE
  5
1045
330
A02
100
AcDbEntity
  8
x_upper_sheets
100
AcDbSpline
210
0
220
0
230
1
 70
8
 71
1
 72
4
 73
2
 74
0
 40
2.250000000
 40
2.250000000
 40
33.750000000
 40
33.750000000
 10
487.300000000
 20
297.910085235
 30
0.000000000
 10
487.300000000
 20
266.410085235
 30
0.000000000
  0
SPLINE
  5
1046
330
A02
100
AcDbEntity
  8
x_upper_sheets
100
AcDbSpline
210
0
220
0
230
1
 70
8
 71
1
 72
4
 73
2
 74
0
 40
-4.150000000
 40
-4.150000000
 40
-3.150000000
 40
-3.150000000
 10
487.300000000
 20
297.910085235
 30
0.000000000
 10
486.300000000
 20
297.910085235
 30
0.000000000
  0
SPLINE
  5
1047
330
A02
100
AcDbEntity
  8
x_upper_sheets
100
AcDbSpline
210
0
220
0
230
1
 70
8
 71
1
 72
4
 73
2
 74
0
 40
2.150000000
 40
2.150000000
 40
3.150000000
 40
3.150000000
 10
485.300000000
 20
297.910085235
 30
0.000000000
 10
486.300000000
 20
297.910085235
 30
0.000000000
  0
SPLINE
  5
1048
330
A02
100
AcDbEntity
  8
x_upper_sheets
100
AcDbSpline
210
0
220
0
230
1
 70
8
 71
1
 72
4
 73
2
 74
0
 40
2.250000000
 40
2.250000000
 40
33.750000000
 40
33.750000000
 10
485.300000000
 20
297.910085235
 30
0.000000000
 10
485.300000000
 20
266.410085235
 30
0.000000000
  0
SPLINE
  5
1049
330
A02
100
AcDbEntity
  8
x_upper_sheets
100
AcDbSpline
210
0
220
0
230
1
 70
8
 71
1
 72
4
 73
2
 74
0
 40
7.200000000
 40
7.200000000
 40
9.400000000
 40
9.400000000
 10
485.300000000
 20
266.410085235
 30
0.000000000
 10
483.100000000
 20
266.410085235
 30
0.000000000
  0
SPLINE
  5
104A
330
A02
100
AcDbEntity
  8
x_upper_sheets
100
AcDbSpline
210
0
220
0
230
1
 70
8
 71
1
 72
4
 73
2
 74
0
 40
2.250000000
 40
2.250000000
 40
33.750000000
 40
33.750000000
 10
483.100000000
 20
297.910085235
 30
0.000000000
 10
483.100000000
 20
266.410085235
 30
0.000000000
  0
SPLINE
  5
104B
330
A02
100
AcDbEntity
  8
x_upper_sheets
100
AcDbSpline
210
0
220
0
230
1
 70
8
 71
1
 72
4
 73
2
 74
0
 40
-2.050000000
 40
-2.050000000
 40
-1.050000000
 40
-1.050000000
 10
483.100000000
 20
297.910085235
 30
0.000000000
 10
482.100000000
 20
297.910085235
 30
0.000000000
  0
SPLINE
  5
104C
330
A02
100
AcDbEntity
  8
x_upper_sheets
100
AcDbSpline
210
0
220
0
230
1
 70
8
 71
1
 72
4
 73
2
 74
0
 40
0.050000000
 40
0.050000000
 40
1.050000000
 40
1.050000000
 10
481.100000000
 20
297.910085235
 30
0.000000000
 10
482.100000000
 20
297.910085235
 30
0.000000000
  0
SPLINE
  5
104D
330
A02
100
AcDbEntity
  8
x_upper_sheets
100
AcDbSpline
210
0
220
0
230
1
 70
8
 71
1
 72
4
 73
2
 74
0
 40
2.250000000
 40
2.250000000
 40
33.750000000
 40
33.750000000
 10
481.100000000
 20
297.910085235
 30
0.000000000
 10
481.100000000
 20
266.410085235
 30
0.000000000
  0
SPLINE
  5
104E
330
A02
100
AcDbEntity
  8
x_upper_sheets
100
AcDbSpline
210
0
220
0
230
1
 70
8
 71
1
 72
4
 73
2
 74
0
 40
11.400000000
 40
11.400000000
 40
13.600000000
 40
13.600000000
 10
481.100000000
 20
266.410085235
 30
0.000000000
 10
478.900000000
 20
266.410085235
 30
0.000000000
  0
SPLINE
  5
104F
330
A02
100
AcDbEntity
  8
x_upper_sheets
100
AcDbSpline
210
0
220
0
230
1
 70
8
 71
1
 72
4
 73
2
 74
0
 40
2.250000000
 40
2.250000000
 40
33.750000000
 40
33.750000000
 10
478.900000000
 20
297.910085235
 30
0.000000000
 10
478.900000000
 20
266.410085235
 30
0.000000000
  0
SPLINE
  5
1050
330
A02
100
AcDbEntity
  8
x_upper_sheets
100
AcDbSpline
210
0
220
0
230
1
 70
8
 71
1
 72
4
 73
2
 74
0
 40
0.050000000
 40
0.050000000
 40
1.050000000
 40
1.050000000
 10
478.900000000
 20
297.910085235
 30
0.000000000
 10
477.900000000
 20
297.910085235
 30
0.000000000
  0
SPLINE
  5
1051
330
A02
100
AcDbEntity
  8
x_upper_sheets
100
AcDbSpline
210
0
220
0
230
1
 70
8
 71
1
 72
4
 73
2
 74
0
 40
-2.050000000
 40
-2.050000000
 40
-1.050000000
 40
-1.050000000
 10
476.900000000
 20
297.910085235
 30
0.000000000
 10
477.900000000
 20
297.910085235
 30
0.000000000
  0
SPLINE
  5
1052
330
A02
100
AcDbEntity
  8
x_upper_sheets
100
AcDbSpline
210
0
220
0
230
1
 70
8
 71
1
 72
4
 73
2
 74
0
 40
2.250000000
 40
2.250000000
 40
33.750000000
 40
33.750000000
 10
476.900000000
 20
297.910085235
 30
0.000000000
 10
476.900000000
 20
266.410085235
 30
0.000000000
  0
SPLINE
  5
1053
330
A02
100
AcDbEntity
  8
x_upper_sheets
100
AcDbSpline
210
0
220
0
230
1
 70
8
 71
1
 72
4
 73
2
 74
0
 40
15.600000000
 40
15.600000000
 40
17.800000000
 40
17.800000000
 10
476.900000000
 20
266.410085235
 30
0.000000000
 10
474.700000000
 20
266.410085235
 30
0.000000000
  0
SPLINE
  5
1054
330
A02
100
AcDbEntity
  8
x_upper_sheets
100
AcDbSpline
210
0
220
0
230
1
 70
8
 71
1
 72
4
 73
2
 74
0
 40
2.250000000
 40
2.250000000
 40
33.750000000
 40
33.750000000
 10
474.700000000
 20
297.910085235
 30
0.000000000
 10
474.700000000
 20
266.410085235
 30
0.000000000
  0
SPLINE
  5
1055
330
A02
100
AcDbEntity
  8
x_upper_sheets
100
AcDbSpline
210
0
220
0
230
1
 70
8
 71
1
 72
4
 73
2
 74
0
 40
2.150000000
 40
2.150000000
 40
3.150000000
 40
3.150000000
 10
474.700000000
 20
297.910085235
 30
0.000000000
 10
473.700000000
 20
297.910085235
 30
0.000000000
  0
SPLINE
  5
1056
330
A02
100
AcDbEntity
  8
x_upper_sheets
100
AcDbSpline
210
0
220
0
230
1
 70
8
 71
1
 72
4
 73
2
 74
0
 40
-4.150000000
 40
-4.150000000
 40
-3.150000000
 40
-3.150000000
 10
472.700000000
 20
297.910085235
 30
0.000000000
 10
473.700000000
 20
297.910085235
 30
0.000000000
  0
SPLINE
  5
1057
330
A02
100
AcDbEntity
  8
x_upper_sheets
100
AcDbSpline
210
0
220
0
230
1
 70
8
 71
1
 72
4
 73
2
 74
0
 40
2.250000000
 40
2.250000000
 40
33.750000000
 40
33.750000000
 10
472.700000000
 20
297.910085235
 30
0.000000000
 10
472.700000000
 20
266.410085235
 30
0.000000000
  0
SPLINE
  5
1058
330
A02
100
AcDbEntity
  8
x_upper_sheets
100
AcDbSpline
210
0
220
0
230
1
 70
8
 71
1
 72
4
 73
2
 74
0
 40
19.800000000
 40
19.800000000
 40
22.000000000
 40
22.000000000
 10
472.700000000
 20
266.410085235
 30
0.000000000
 10
470.500000000
 20
266.410085235
 30
0.000000000
  0
SPLINE
  5
1059
330
A02
100
AcDbEntity
  8
x_upper_sheets
100
AcDbSpline
210
0
220
0
230
1
 70
8
 71
1
 72
4
 73
2
 74
0
 40
2.250000000
 40
2.250000000
 40
33.750000000
 40
33.750000000
 10
470.500000000
 20
297.910085235
 30
0.000000000
 10
470.500000000
 20
266.410085235
 30
0.000000000
  0
SPLINE
  5
105A
330
A02
100
AcDbEntity
  8
x_upper_sheets
100
AcDbSpline
210
0
220
0
230
1
 70
8
 71
1
 72
4
 73
2
 74
0
 40
4.250000000
 40
4.250000000
 40
5.250000000
 40
5.250000000
 10
470.500000000
 20
297.910085235
 30
0.000000000
 10
469.500000000
 20
297.910085235
 30
0.000000000
  0
SPLINE
  5
105B
330
A02
100
AcDbEntity
  8
x_upper_sheets
100
AcDbSpline
210
0
220
0
230
1
 70
8
 71
1
 72
4
 73
2
 74
0
 40
-6.250000000
 40
-6.250000000
 40
-5.250000000
 40
-5.250000000
 10
468.500000000
 20
297.910085235
 30
0.000000000
 10
469.500000000
 20
297.910085235
 30
0.000000000
  0
SPLINE
  5
105C
330
A02
100
AcDbEntity
  8
x_upper_sheets
100
AcDbSpline
210
0
220
0
230
1
 70
8
 71
1
 72
4
 73
2
 74
0
 40
2.250000000
 40
2.250000000
 40
33.750000000
 40
33.750000000
 10
468.500000000
 20
297.910085235
 30
0.000000000
 10
468.500000000
 20
266.410085235
 30
0.000000000
  0
SPLINE
  5
105D
330
A02
100
AcDbEntity
  8
x_upper_sheets
100
AcDbSpline
210
0
220
0
230
1
 70
8
 71
1
 72
4
 73
2
 74
0
 40
24.000000000
 40
24.000000000
 40
26.200000000
 40
26.200000000
 10
468.500000000
 20
266.410085235
 30
0.000000000
 10
466.300000000
 20
266.410085235
 30
0.000000000
  0
SPLINE
  5
105E
330
A02
100
AcDbEntity
  8
x_upper_sheets
100
AcDbSpline
210
0
220
0
230
1
 70
8
 71
1
 72
4
 73
2
 74
0
 40
2.250000000
 40
2.250000000
 40
33.750000000
 40
33.750000000
 10
466.300000000
 20
297.910085235
 30
0.000000000
 10
466.300000000
 20
266.410085235
 30
0.000000000
  0
SPLINE
  5
105F
330
A02
100
AcDbEntity
  8
x_upper_sheets
100
AcDbSpline
210
0
220
0
230
1
 70
8
 71
1
 72
4
 73
2
 74
0
 40
6.350000000
 40
6.350000000
 40
7.350000000
 40
7.350000000
 10
466.300000000
 20
297.910085235
 30
0.000000000
 10
465.300000000
 20
297.910085235
 30
0.000000000
  0
SPLINE
  5
1060
330
A02
100
AcDbEntity
  8
x_upper_sheets
100
AcDbSpline
210
0
220
0
230
1
 70
8
 71
1
 72
4
 73
2
 74
0
 40
-8.350000000
 40
-8.350000000
 40
-7.350000000
 40
-7.350000000
 10
464.300000000
 20
297.910085235
 30
0.000000000
 10
465.300000000
 20
297.910085235
 30
0.000000000
  0
SPLINE
  5
1061
330
A02
100
AcDbEntity
  8
x_upper_sheets
100
AcDbSpline
210
0
220
0
230
1
 70
8
 71
1
 72
4
 73
2
 74
0
 40
2.250000000
 40
2.250000000
 40
33.750000000
 40
33.750000000
 10
464.300000000
 20
297.910085235
 30
0.000000000
 10
464.300000000
 20
266.410085235
 30
0.000000000
  0
SPLINE
  5
1062
330
A02
100
AcDbEntity
  8
x_upper_sheets
100
AcDbSpline
210
0
220
0
230
1
 70
8
 71
1
 72
4
 73
2
 74
0
 40
28.200000000
 40
28.200000000
 40
30.400000000
 40
30.400000000
 10
464.300000000
 20
266.410085235
 30
0.000000000
 10
462.100000000
 20
266.410085235
 30
0.000000000
  0
SPLINE
  5
1063
330
A02
100
AcDbEntity
  8
x_upper_sheets
100
AcDbSpline
210
0
220
0
230
1
 70
8
 71
1
 72
4
 73
2
 74
0
 40
2.250000000
 40
2.250000000
 40
33.750000000
 40
33.750000000
 10
462.100000000
 20
297.910085235
 30
0.000000000
 10
462.100000000
 20
266.410085235
 30
0.000000000
  0
SPLINE
  5
1064
330
A02
100
AcDbEntity
  8
x_upper_sheets
100
AcDbSpline
210
0
220
0
230
1
 70
8
 71
1
 72
4
 73
2
 74
0
 40
8.450000000
 40
8.450000000
 40
9.450000000
 40
9.450000000
 10
462.100000000
 20
297.910085235
 30
0.000000000
 10
461.100000000
 20
297.910085235
 30
0.000000000
  0
SPLINE
  5
1065
330
A02
100
AcDbEntity
  8
x_upper_sheets
100
AcDbSpline
210
0
220
0
230
1
 70
8
 71
1
 72
4
 73
2
 74
0
 40
-10.450000000
 40
-10.450000000
 40
-9.450000000
 40
-9.450000000
 10
460.100000000
 20
297.910085235
 30
0.000000000
 10
461.100000000
 20
297.910085235
 30
0.000000000
  0
SPLINE
  5
1066
330
A02
100
AcDbEntity
  8
x_upper_sheets
100
AcDbSpline
210
0
220
0
230
1
 70
8
 71
1
 72
4
 73
2
 74
0
 40
2.250000000
 40
2.250000000
 40
33.750000000
 40
33.750000000
 10
460.100000000
 20
297.910085235
 30
0.000000000
 10
460.100000000
 20
266.410085235
 30
0.000000000
  0
SPLINE
  5
1067
330
A02
100
AcDbEntity
  8
x_upper_sheets
100
AcDbSpline
210
0
220
0
230
1
 70
8
 71
1
 72
4
 73
2
 74
0
 40
32.400000000
 40
32.400000000
 40
37.500000000
 40
37.500000000
 10
460.100000000
 20
266.410085235
 30
0.000000000
 10
455.000000000
 20
266.410085235
 30
0.000000000
  0
SPLINE
  5
1068
330
A02
100
AcDbEntity
  8
x_upper_sheets
100
AcDbSpline
210
0
220
0
230
1
 70
8
 71
1
 72
4
 73
2
 74
0
 40
-84.000000000
 40
-84.000000000
 40
-18.000000000
 40
-18.000000000
 10
455.000000000
 20
266.410085235
 30
0.000000000
 10
455.000000000
 20
332.410085235
 30
-0.000000000
  0
SPLINE
  5
1069
330
A02
100
AcDbEntity
  8
x_upper_sheets
100
AcDbSpline
210
0
220
0
230
1
 70
8
 71
1
 72
4
 73
2
 74
0
 40
-25.000000000
 40
-25.000000000
 40
-6.541406577
 40
-6.541406577
 10
455.000000000
 20
332.410085235
 30
-0.000000000
 10
473.458593423
 20
332.410085235
 30
-0.000000000
  0
SPLINE
  5
106A
330
A02
100
AcDbEntity
  8
x_upper_sheets
100
AcDbSpline
210
0
220
0
230
1
 70
8
 71
3
 72
8
 73
4
 74
0
 40
-0.339544104
 40
-0.339544104
 40
-0.339544104
 40
-0.339544104
 40
0.000000000
 40
0.000000000
 40
0.000000000
 40
0.000000000
 10
473.458593423
 20
332.410085235
 30
-0.000000000
 10
475.732574719
 20
333.205519289
 30
-0.000000000
 10
477.850347579
 20
333.587487743
 30
-0.000000000
 10
480.000000000
 20
333.589914765
 30
-0.000000000
  0
SPLINE
  5
106B
330
A02
100
AcDbEntity
  8
x_upper_sheets
100
AcDbSpline
210
0
220
0
230
1
 70
8
 71
3
 72
8
 73
4
 74
0
 40
0.000000000
 40
0.000000000
 40
0.000000000
 40
0.000000000
 40
0.339544104
 40
0.339544104
 40
0.339544104
 40
0.339544104
 10
480.000000000
 20
333.589914765
 30
-0.000000000
 10
482.149652421
 20
333.587487743
 30
-0.000000000
 10
484.267425281
 20
333.205519289
 30
-0.000000000
 10
486.541406577
 20
332.410085235
 30
-0.000000000
  0
SPLINE
  5
106C
330
A02
100
AcDbEntity
  8
x_upper_sheets
100
AcDbSpline
210
0
220
0
230
1
 70
8
 71
1
 72
4
 73
2
 74
0
 40
6.541406577
 40
6.541406577
 40
25.000000000
 40
25.000000000
 10
486.541406577
 20
332.410085235
 30
-0.000000000
 10
505.000000000
 20
332.410085235
 30
-0.000000000
  0
SPLINE
  5
106D
330
A02
100
AcDbEntity
  8
x_upper_sheets
100
AcDbSpline
210
0
220
0
230
1
 70
8
 71
1
 72
4
 73
2
 74
0
 40
-84.000000000
 40
-84.000000000
 40
-18.000000000
 40
-18.000000000
 10
505.000000000
 20
266.410085235
 30
0.000000000
 10
505.000000000
 20
332.410085235
 30
-0.000000000
  0
SPLINE
  5
106E
330
A02
100
AcDbEntity
  8
x_upper_sheets
100
AcDbSpline
210
0
220
0
230
1
 70
8
 71
1
 72
4
 73
2
 74
0
 40
-12.500000000
 40
-12.500000000
 40
-7.400000000
 40
-7.400000000
 10
565.000000000
 20
266.410085235
 30
0.000000000
 10
559.900000000
 20
266.410085235
 30
0.000000000
  0
SPLINE
  5
106F
330
A02
100
AcDbEntity
  8
x_upper_sheets
100
AcDbSpline
210
0
220
0
230
1
 70
8
 71
1
 72
4
 73
2
 74
0
 40
2.250000000
 40
2.250000000
 40
33.750000000
 40
33.750000000
 10
559.900000000
 20
297.910085235
 30
0.000000000
 10
559.900000000
 20
266.410085235
 30
0.000000000
  0
SPLINE
  5
1070
330
A02
100
AcDbEntity
  8
x_upper_sheets
100
AcDbSpline
210
0
220
0
230
1
 70
8
 71
1
 72
4
 73
2
 74
0
 40
-10.450000000
 40
-10.450000000
 40
-9.450000000
 40
-9.450000000
 10
559.900000000
 20
297.910085235
 30
0.000000000
 10
558.900000000
 20
297.910085235
 30
0.000000000
  0
SPLINE
  5
1071
330
A02
100
AcDbEntity
  8
x_upper_sheets
100
AcDbSpline
210
0
220
0
230
1
 70
8
 71
1
 72
4
 73
2
 74
0
 40
8.450000000
 40
8.450000000
 40
9.450000000
 40
9.450000000
 10
557.900000000
 20
297.910085235
 30
0.000000000
 10
558.900000000
 20
297.910085235
 30
0.000000000
  0
SPLINE
  5
1072
330
A02
100
AcDbEntity
  8
x_upper_sheets
100
AcDbSpline
210
0
220
0
230
1
 70
8
 71
1
 72
4
 73
2
 74
0
 40
2.250000000
 40
2.250000000
 40
33.750000000
 40
33.750000000
 10
557.900000000
 20
297.910085235
 30
0.000000000
 10
557.900000000
 20
266.410085235
 30
0.000000000
  0
SPLINE
  5
1073
330
A02
100
AcDbEntity
  8
x_upper_sheets
100
AcDbSpline
210
0
220
0
230
1
 70
8
 71
1
 72
4
 73
2
 74
0
 40
-5.400000000
 40
-5.400000000
 40
-3.200000000
 40
-3.200000000
 10
557.900000000
 20
266.410085235
 30
0.000000000
 10
555.700000000
 20
266.410085235
 30
0.000000000
  0
SPLINE
  5
1074
330
A02
100
AcDbEntity
  8
x_upper_sheets
100
AcDbSpline
210
0
220
0
230
1
 70
8
 71
1
 72
4
 73
2
 74
0
 40
2.250000000
 40
2.250000000
 40
33.750000000
 40
33.750000000
 10
555.700000000
 20
297.910085235
 30
0.000000000
 10
555.700000000
 20
266.410085235
 30
0.000000000
  0
SPLINE
  5
1075
330
A02
100
AcDbEntity
  8
x_upper_sheets
100
AcDbSpline
210
0
220
0
230
1
 70
8
 71
1
 72
4
 73
2
 74
0
 40
-8.350000000
 40
-8.350000000
 40
-7.350000000
 40
-7.350000000
 10
555.700000000
 20
297.910085235
 30
0.000000000
 10
554.700000000
 20
297.910085235
 30
0.000000000
  0
SPLINE
  5
1076
330
A02
100
AcDbEntity
  8
x_upper_sheets
100
AcDbSpline
210
0
220
0
230
1
 70
8
 71
1
 72
4
 73
2
 74
0
 40
6.350000000
 40
6.350000000
 40
7.350000000
 40
7.350000000
 10
553.700000000
 20
297.910085235
 30
0.000000000
 10
554.700000000
 20
297.910085235
 30
0.000000000
  0
SPLINE
  5
1077
330
A02
100
AcDbEntity
  8
x_upper_sheets
100
AcDbSpline
210
0
220
0
230
1
 70
8
 71
1
 72
4
 73
2
 74
0
 40
2.250000000
 40
2.250000000
 40
33.750000000
 40
33.750000000
 10
553.700000000
 20
297.910085235
 30
0.000000000
 10
553.700000000
 20
266.410085235
 30
0.000000000
  0
SPLINE
  5
1078
330
A02
100
AcDbEntity
  8
x_upper_sheets
100
AcDbSpline
210
0
220
0
230
1
 70
8
 71
1
 72
4
 73
2
 74
0
 40
-1.200000000
 40
-1.200000000
 40
1.000000000
 40
1.000000000
 10
553.700000000
 20
266.410085235
 30
0.000000000
 10
551.500000000
 20
266.410085235
 30
0.000000000
  0
SPLINE
  5
1079
330
A02
100
AcDbEntity
  8
x_upper_sheets
100
AcDbSpline
210
0
220
0
230
1
 70
8
 71
1
 72
4
 73
2
 74
0
 40
2.250000000
 40
2.250000000
 40
33.750000000
 40
33.750000000
 10
551.500000000
 20
297.910085235
 30
0.000000000
 10
551.500000000
 20
266.410085235
 30
0.000000000
  0
SPLINE
  5
107A
330
A02
100
AcDbEntity
  8
x_upper_sheets
100
AcDbSpline
210
0
220
0
230
1
 70
8
 71
1
 72
4
 73
2
 74
0
 40
-6.250000000
 40
-6.250000000
 40
-5.250000000
 40
-5.250000000
 10
551.500000000
 20
297.910085235
 30
0.000000000
 10
550.500000000
 20
297.910085235
 30
0.000000000
  0
SPLINE
  5
107B
330
A02
100
AcDbEntity
  8
x_upper_sheets
100
AcDbSpline
210
0
220
0
230
1
 70
8
 71
1
 72
4
 73
2
 74
0
 40
4.250000000
 40
4.250000000
 40
5.250000000
 40
5.250000000
 10
549.500000000
 20
297.910085235
 30
0.000000000
 10
550.500000000
 20
297.910085235
 30
0.000000000
  0
SPLINE
  5
107C
330
A02
100
AcDbEntity
  8
x_upper_sheets
100
AcDbSpline
210
0
220
0
230
1
 70
8
 71
1
 72
4
 73
2
 74
0
 40
2.250000000
 40
2.250000000
 40
33.750000000
 40
33.750000000
 10
549.500000000
 20
297.910085235
 30
0.000000000
 10
549.500000000
 20
266.410085235
 30
0.000000000
  0
SPLINE
  5
107D
330
A02
100
AcDbEntity
  8
x_upper_sheets
100
AcDbSpline
210
0
220
0
230
1
 70
8
 71
1
 72
4
 73
2
 74
0
 40
3.000000000
 40
3.000000000
 40
5.200000000
 40
5.200000000
 10
549.500000000
 20
266.410085235
 30
0.000000000
 10
547.300000000
 20
266.410085235
 30
0.000000000
  0
SPLINE
  5
107E
330
A02
100
AcDbEntity
  8
x_upper_sheets
100
AcDbSpline
210
0
220
0
230
1
 70
8
 71
1
 72
4
 73
2
 74
0
 40
2.250000000
 40
2.250000000
 40
33.750000000
 40
33.750000000
 10
547.300000000
 20
297.910085235
 30
0.000000000
 10
547.300000000
 20
266.410085235
 30
0.000000000
  0
SPLINE
  5
107F
330
A02
100
AcDbEntity
  8
x_upper_sheets
100
AcDbSpline
210
0
220
0
230
1
 70
8
 71
1
 72
4
 73
2
 74
0
 40
-4.150000000
 40
-4.150000000
 40
-3.150000000
 40
-3.150000000
 10
547.300000000
 20
297.910085235
 30
0.000000000
 10
546.300000000
 20
297.910085235
 30
0.000000000
  0
SPLINE
  5
1080
330
A02
100
AcDbEntity
  8
x_upper_sheets
100
AcDbSpline
210
0
220
0
230
1
 70
8
 71
1
 72
4
 73
2
 74
0
 40
2.150000000
 40
2.150000000
 40
3.150000000
 40
3.150000000
 10
545.300000000
 20
297.910085235
 30
0.000000000
 10
546.300000000
 20
297.910085235
 30
0.000000000
  0
SPLINE
  5
1081
330
A02
100
AcDbEntity
  8
x_upper_sheets
100
AcDbSpline
210
0
220
0
230
1
 70
8
 71
1
 72
4
 73
2
 74
0
 40
2.250000000
 40
2.250000000
 40
33.750000000
 40
33.750000000
 10
545.300000000
 20
297.910085235
 30
0.000000000
 10
545.300000000
 20
266.410085235
 30
0.000000000
  0
SPLINE
  5
1082
330
A02
100
AcDbEntity
  8
x_upper_sheets
100
AcDbSpline
210
0
220
0
230
1
 70
8
 71
1
 72
4
 73
2
 74
0
 40
7.200000000
 40
7.200000000
 40
9.400000000
 40
9.400000000
 10
545.300000000
 20
266.410085235
 30
0.000000000
 10
543.100000000
 20
266.410085235
 30
0.000000000
  0
SPLINE
  5
1083
330
A02
100
AcDbEntity
  8
x_upper_sheets
100
AcDbSpline
210
0
220
0
230
1
 70
8
 71
1
 72
4
 73
2
 74
0
 40
2.250000000
 40
2.250000000
 40
33.750000000
 40
33.750000000
 10
543.100000000
 20
297.910085235
 30
0.000000000
 10
543.100000000
 20
266.410085235
 30
0.000000000
  0
SPLINE
  5
1084
330
A02
100
AcDbEntity
  8
x_upper_sheets
100
AcDbSpline
210
0
220
0
230
1
 70
8
 71
1
 72
4
 73
2
 74
0
 40
-2.050000000
 40
-2.050000000
 40
-1.050000000
 40
-1.050000000
 10
543.100000000
 20
297.910085235
 30
0.000000000
 10
542.100000000
 20
297.910085235
 30
0.000000000
  0
SPLINE
  5
1085
330
A02
100
AcDbEntity
  8
x_upper_sheets
100
AcDbSpline
210
0
220
0
230
1
 70
8
 71
1
 72
4
 73
2
 74
0
 40
0.050000000
 40
0.050000000
 40
1.050000000
 40
1.050000000
 10
541.100000000
 20
297.910085235
 30
0.000000000
 10
542.100000000
 20
297.910085235
 30
0.000000000
  0
SPLINE
  5
1086
330
A02
100
AcDbEntity
  8
x_upper_sheets
100
AcDbSpline
210
0
220
0
230
1
 70
8
 71
1
 72
4
 73
2
 74
0
 40
2.250000000
 40
2.250000000
 40
33.750000000
 40
33.750000000
 10
541.100000000
 20
297.910085235
 30
0.000000000
 10
541.100000000
 20
266.410085235
 30
0.000000000
  0
SPLINE
  5
1087
330
A02
100
AcDbEntity
  8
x_upper_sheets
100
AcDbSpline
210
0
220
0
230
1
 70
8
 71
1
 72
4
 73
2
 74
0
 40
11.400000000
 40
11.400000000
 40
13.600000000
 40
13.600000000
 10
541.100000000
 20
266.410085235
 30
0.000000000
 10
538.900000000
 20
266.410085235
 30
0.000000000
  0
SPLINE
  5
1088
330
A02
100
AcDbEntity
  8
x_upper_sheets
100
AcDbSpline
210
0
220
0
230
1
 70
8
 71
1
 72
4
 73
2
 74
0
 40
2.250000000
 40
2.250000000
 40
33.750000000
 40
33.750000000
 10
538.900000000
 20
297.910085235
 30
0.000000000
 10
538.900000000
 20
266.410085235
 30
0.000000000
  0
SPLINE
  5
1089
330
A02
100
AcDbEntity
  8
x_upper_sheets
100
AcDbSpline
210
0
220
0
230
1
 70
8
 71
1
 72
4
 73
2
 74
0
 40
0.050000000
 40
0.050000000
 40
1.050000000
 40
1.050000000
 10
538.900000000
 20
297.910085235
 30
0.000000000
 10
537.900000000
 20
297.910085235
 30
0.000000000
  0
SPLINE
  5
108A
330
A02
100
AcDbEntity
  8
x_upper_sheets
100
AcDbSpline
210
0
220
0
230
1
 70
8
 71
1
 72
4
 73
2
 74
0
 40
-2.050000000
 40
-2.050000000
 40
-1.050000000
 40
-1.050000000
 10
536.900000000
 20
297.910085235
 30
0.000000000
 10
537.900000000
 20
297.910085235
 30
0.000000000
  0
SPLINE
  5
108B
330
A02
100
AcDbEntity
  8
x_upper_sheets
100
AcDbSpline
210
0
220
0
230
1
 70
8
 71
1
 72
4
 73
2
 74
0
 40
2.250000000
 40
2.250000000
 40
33.750000000
 40
33.750000000
 10
536.900000000
 20
297.910085235
 30
0.000000000
 10
536.900000000
 20
266.410085235
 30
0.000000000
  0
SPLINE
  5
108C
330
A02
100
AcDbEntity
  8
x_upper_sheets
100
AcDbSpline
210
0
220
0
230
1
 70
8
 71
1
 72
4
 73
2
 74
0
 40
15.600000000
 40
15.600000000
 40
17.800000000
 40
17.800000000
 10
536.900000000
 20
266.410085235
 30
0.000000000
 10
534.700000000
 20
266.410085235
 30
0.000000000
  0
SPLINE
  5
108D
330
A02
100
AcDbEntity
  8
x_upper_sheets
100
AcDbSpline
210
0
220
0
230
1
 70
8
 71
1
 72
4
 73
2
 74
0
 40
2.250000000
 40
2.250000000
 40
33.750000000
 40
33.750000000
 10
534.700000000
 20
297.910085235
 30
0.000000000
 10
534.700000000
 20
266.410085235
 30
0.000000000
  0
SPLINE
  5
108E
330
A02
100
AcDbEntity
  8
x_upper_sheets
100
AcDbSpline
210
0
220
0
230
1
 70
8
 71
1
 72
4
 73
2
 74
0
 40
2.150000000
 40
2.150000000
 40
3.150000000
 40
3.150000000
 10
534.700000000
 20
297.910085235
 30
0.000000000
 10
533.700000000
 20
297.910085235
 30
0.000000000
  0
SPLINE
  5
108F
330
A02
100
AcDbEntity
  8
x_upper_sheets
100
AcDbSpline
210
0
220
0
230
1
 70
8
 71
1
 72
4
 73
2
 74
0
 40
-4.150000000
 40
-4.150000000
 40
-3.150000000
 40
-3.150000000
 10
532.700000000
 20
297.910085235
 30
0.000000000
 10
533.700000000
 20
297.910085235
 30
0.000000000
  0
SPLINE
  5
1090
330
A02
100
AcDbEntity
  8
x_upper_sheets
100
AcDbSpline
210
0
220
0
230
1
 70
8
 71
1
 72
4
 73
2
 74
0
 40
2.250000000
 40
2.250000000
 40
33.750000000
 40
33.750000000
 10
532.700000000
 20
297.910085235
 30
0.000000000
 10
532.700000000
 20
266.410085235
 30
0.000000000
  0
SPLINE
  5
1091
330
A02
100
AcDbEntity
  8
x_upper_sheets
100
AcDbSpline
210
0
220
0
230
1
 70
8
 71
1
 72
4
 73
2
 74
0
 40
19.800000000
 40
19.800000000
 40
22.000000000
 40
22.000000000
 10
532.700000000
 20
266.410085235
 30
0.000000000
 10
530.500000000
 20
266.410085235
 30
0.000000000
  0
SPLINE
  5
1092
330
A02
100
AcDbEntity
  8
x_upper_sheets
100
AcDbSpline
210
0
220
0
230
1
 70
8
 71
1
 72
4
 73
2
 74
0
 40
2.250000000
 40
2.250000000
 40
33.750000000
 40
33.750000000
 10
530.500000000
 20
297.910085235
 30
0.000000000
 10
530.500000000
 20
266.410085235
 30
0.000000000
  0
SPLINE
  5
1093
330
A02
100
AcDbEntity
  8
x_upper_sheets
100
AcDbSpline
210
0
220
0
230
1
 70
8
 71
1
 72
4
 73
2
 74
0
 40
4.250000000
 40
4.250000000
 40
5.250000000
 40
5.250000000
 10
530.500000000
 20
297.910085235
 30
0.000000000
 10
529.500000000
 20
297.910085235
 30
0.000000000
  0
SPLINE
  5
1094
330
A02
100
AcDbEntity
  8
x_upper_sheets
100
AcDbSpline
210
0
220
0
230
1
 70
8
 71
1
 72
4
 73
2
 74
0
 40
-6.250000000
 40
-6.250000000
 40
-5.250000000
 40
-5.250000000
 10
528.500000000
 20
297.910085235
 30
0.000000000
 10
529.500000000
 20
297.910085235
 30
0.000000000
  0
SPLINE
  5
1095
330
A02
100
AcDbEntity
  8
x_upper_sheets
100
AcDbSpline
210
0
220
0
230
1
 70
8
 71
1
 72
4
 73
2
 74
0
 40
2.250000000
 40
2.250000000
 40
33.750000000
 40
33.750000000
 10
528.500000000
 20
297.910085235
 30
0.000000000
 10
528.500000000
 20
266.410085235
 30
0.000000000
  0
SPLINE
  5
1096
330
A02
100
AcDbEntity
  8
x_upper_sheets
100
AcDbSpline
210
0
220
0
230
1
 70
8
 71
1
 72
4
 73
2
 74
0
 40
24.000000000
 40
24.000000000
 40
26.200000000
 40
26.200000000
 10
528.500000000
 20
266.410085235
 30
0.000000000
 10
526.300000000
 20
266.410085235
 30
0.000000000
  0
SPLINE
  5
1097
330
A02
100
AcDbEntity
  8
x_upper_sheets
100
AcDbSpline
210
0
220
0
230
1
 70
8
 71
1
 72
4
 73
2
 74
0
 40
2.250000000
 40
2.250000000
 40
33.750000000
 40
33.750000000
 10
526.300000000
 20
297.910085235
 30
0.000000000
 10
526.300000000
 20
266.410085235
 30
0.000000000
  0
SPLINE
  5
1098
330
A02
100
AcDbEntity
  8
x_upper_sheets
100
AcDbSpline
210
0
220
0
230
1
 70
8
 71
1
 72
4
 73
2
 74
0
 40
6.350000000
 40
6.350000000
 40
7.350000000
 40
7.350000000
 10
526.300000000
 20
297.910085235
 30
0.000000000
 10
525.300000000
 20
297.910085235
 30
0.000000000
  0
SPLINE
  5
1099
330
A02
100
AcDbEntity
  8
x_upper_sheets
100
AcDbSpline
210
0
220
0
230
1
 70
8
 71
1
 72
4
 73
2
 74
0
 40
-8.350000000
 40
-8.350000000
 40
-7.350000000
 40
-7.350000000
 10
524.300000000
 20
297.910085235
 30
0.000000000
 10
525.300000000
 20
297.910085235
 30
0.000000000
  0
SPLINE
  5
109A
330
A02
100
AcDbEntity
  8
x_upper_sheets
100
AcDbSpline
210
0
220
0
230
1
 70
8
 71
1
 72
4
 73
2
 74
0
 40
2.250000000
 40
2.250000000
 40
33.750000000
 40
33.750000000
 10
524.300000000
 20
297.910085235
 30
0.000000000
 10
524.300000000
 20
266.410085235
 30
0.000000000
  0
SPLINE
  5
109B
330
A02
100
AcDbEntity
  8
x_upper_sheets
100
AcDbSpline
210
0
220
0
230
1
 70
8
 71
1
 72
4
 73
2
 74
0
 40
28.200000000
 40
28.200000000
 40
30.400000000
 40
30.400000000
 10
524.300000000
 20
266.410085235
 30
0.000000000
 10
522.100000000
 20
266.410085235
 30
0.000000000
  0
SPLINE
  5
109C
330
A02
100
AcDbEntity
  8
x_upper_sheets
100
AcDbSpline
210
0
220
0
230
1
 70
8
 71
1
 72
4
 73
2
 74
0
 40
2.250000000
 40
2.250000000
 40
33.750000000
 40
33.750000000
 10
522.100000000
 20
297.910085235
 30
0.000000000
 10
522.100000000
 20
266.410085235
 30
0.000000000
  0
SPLINE
  5
109D
330
A02
100
AcDbEntity
  8
x_upper_sheets
100
AcDbSpline
210
0
220
0
230
1
 70
8
 71
1
 72
4
 73
2
 74
0
 40
8.450000000
 40
8.450000000
 40
9.450000000
 40
9.450000000
 10
522.100000000
 20
297.910085235
 30
0.000000000
 10
521.100000000
 20
297.910085235
 30
0.000000000
  0
SPLINE
  5
109E
330
A02
100
AcDbEntity
  8
x_upper_sheets
100
AcDbSpline
210
0
220
0
230
1
 70
8
 71
1
 72
4
 73
2
 74
0
 40
-10.450000000
 40
-10.450000000
 40
-9.450000000
 40
-9.450000000
 10
520.100000000
 20
297.910085235
 30
0.000000000
 10
521.100000000
 20
297.910085235
 30
0.000000000
  0
SPLINE
  5
109F
330
A02
100
AcDbEntity
  8
x_upper_sheets
100
AcDbSpline
210
0
220
0
230
1
 70
8
 71
1
 72
4
 73
2
 74
0
 40
2.250000000
 40
2.250000000
 40
33.750000000
 40
33.750000000
 10
520.100000000
 20
297.910085235
 30
0.000000000
 10
520.100000000
 20
266.410085235
 30
0.000000000
  0
SPLINE
  5
10A0
330
A02
100
AcDbEntity
  8
x_upper_sheets
100
AcDbSpline
210
0
220
0
230
1
 70
8
 71
1
 72
4
 73
2
 74
0
 40
32.400000000
 40
32.400000000
 40
37.500000000
 40
37.500000000
 10
520.100000000
 20
266.410085235
 30
0.000000000
 10
515.000000000
 20
266.410085235
 30
0.000000000
  0
SPLINE
  5
10A1
330
A02
100
AcDbEntity
  8
x_upper_sheets
100
AcDbSpline
210
0
220
0
230
1
 70
8
 71
1
 72
4
 73
2
 74
0
 40
-84.000000000
 40
-84.000000000
 40
-18.000000000
 40
-18.000000000
 10
515.000000000
 20
266.410085235
 30
0.000000000
 10
515.000000000
 20
332.410085235
 30
-0.000000000
  0
SPLINE
  5
10A2
330
A02
100
AcDbEntity
  8
x_upper_sheets
100
AcDbSpline
210
0
220
0
230
1
 70
8
 71
1
 72
4
 73
2
 74
0
 40
-25.000000000
 40
-25.000000000
 40
-6.541406577
 40
-6.541406577
 10
515.000000000
 20
332.410085235
 30
-0.000000000
 10
533.458593423
 20
332.410085235
 30
-0.000000000
  0
SPLINE
  5
10A3
330
A02
100
AcDbEntity
  8
x_upper_sheets
100
AcDbSpline
210
0
220
0
230
1
 70
8
 71
3
 72
11
 73
7
 74
0
 40
-0.339544104
 40
-0.339544104
 40
-0.339544104
 40
-0.339544104
 40
0.000000000
 40
0.000000000
 40
0.000000000
 40
0.339544104
 40
0.339544104
 40
0.339544104
 40
0.339544104
 10
533.458593423
 20
332.410085235
 30
-0.000000000
 10
535.764827237
 20
333.216832131
 30
-0.000000000
 10
537.880380968
 20
333.587386423
 30
-0.000000000
 10
540.000000000
 20
333.589914765
 30
-0.000000000
 10
542.119619032
 20
333.587386423
 30
-0.000000000
 10
544.235172763
 20
333.216832131
 30
-0.000000000
 10
546.541406577
 20
332.410085235
 30
-0.000000000
  0
SPLINE
  5
10A4
330
A02
100
AcDbEntity
  8
x_upper_sheets
100
AcDbSpline
210
0
220
0
230
1
 70
8
 71
1
 72
4
 73
2
 74
0
 40
6.541406577
 40
6.541406577
 40
25.000000000
 40
25.000000000
 10
546.541406577
 20
332.410085235
 30
-0.000000000
 10
565.000000000
 20
332.410085235
 30
-0.000000000
  0
SPLINE
  5
10A5
330
A02
100
AcDbEntity
  8
x_upper_sheets
100
AcDbSpline
210
0
220
0
230
1
 70
8
 71
1
 72
4
 73
2
 74
0
 40
-84.000000000
 40
-84.000000000
 40
-18.000000000
 40
-18.000000000
 10
565.000000000
 20
266.410085235
 30
0.000000000
 10
565.000000000
 20
332.410085235
 30
-0.000000000
  0
SPLINE
  5
10A6
330
A02
100
AcDbEntity
  8
y_upper_sheets
100
AcDbSpline
210
0
220
0
230
1
 70
8
 71
1
 72
4
 73
2
 74
0
 40
-25.000000000
 40
-25.000000000
 40
-19.900000000
 40
-19.900000000
 10
-25.000000000
 20
427.637138500
 30
-0.000000000
 10
-19.900000000
 20
427.637138500
 30
-0.000000000
  0
SPLINE
  5
10A7
330
A02
100
AcDbEntity
  8
y_upper_sheets
100
AcDbSpline
210
0
220
0
230
1
 70
8
 71
1
 72
4
 73
2
 74
0
 40
-52.250000000
 40
-52.250000000
 40
-17.750000000
 40
-17.750000000
 10
-19.900000000
 20
393.137138500
 30
0.000000000
 10
-19.900000000
 20
427.637138500
 30
-0.000000000
  0
SPLINE
  5
10A8
330
A02
100
AcDbEntity
  8
y_upper_sheets
100
AcDbSpline
210
0
220
0
230
1
 70
8
 71
1
 72
4
 73
2
 74
0
 40
9.450000000
 40
9.450000000
 40
10.450000000
 40
10.450000000
 10
-18.900000000
 20
393.137138500
 30
0.000000000
 10
-19.900000000
 20
393.137138500
 30
0.000000000
  0
SPLINE
  5
10A9
330
A02
100
AcDbEntity
  8
y_upper_sheets
100
AcDbSpline
210
0
220
0
230
1
 70
8
 71
1
 72
4
 73
2
 74
0
 40
-9.450000000
 40
-9.450000000
 40
-8.450000000
 40
-8.450000000
 10
-18.900000000
 20
393.137138500
 30
0.000000000
 10
-17.900000000
 20
393.137138500
 30
0.000000000
  0
SPLINE
  5
10AA
330
A02
100
AcDbEntity
  8
y_upper_sheets
100
AcDbSpline
210
0
220
0
230
1
 70
8
 71
1
 72
4
 73
2
 74
0
 40
-52.250000000
 40
-52.250000000
 40
-15.629270775
 40
-15.629270775
 10
-17.900000000
 20
393.137138500
 30
0.000000000
 10
-17.900000000
 20
429.757867725
 30
-0.000000000
  0
SPLINE
  5
10AB
330
A02
100
AcDbEntity
  8
y_upper_sheets
100
AcDbSpline
210
0
220
0
230
1
 70
8
 71
2
 72
6
 73
3
 74
0
 40
-2.839433827
 40
-2.839433827
 40
-2.839433827
 40
-2.709313632
 40
-2.709313632
 40
-2.709313632
 10
-17.900000000
 20
429.757867725
 30
-0.000000000
 10
-16.729003160
 20
431.005292651
 30
-0.000000000
 10
-15.700000000
 20
432.099228865
 30
-0.000000000
  0
SPLINE
  5
10AC
330
A02
100
AcDbEntity
  8
y_upper_sheets
100
AcDbSpline
210
0
220
0
230
1
 70
8
 71
1
 72
4
 73
2
 74
0
 40
-52.250000000
 40
-52.250000000
 40
-13.287909635
 40
-13.287909635
 10
-15.700000000
 20
393.137138500
 30
0.000000000
 10
-15.700000000
 20
432.099228865
 30
-0.000000000
  0
SPLINE
  5
10AD
330
A02
100
AcDbEntity
  8
y_upper_sheets
100
AcDbSpline
210
0
220
0
230
1
 70
8
 71
1
 72
4
 73
2
 74
0
 40
7.350000000
 40
7.350000000
 40
8.350000000
 40
8.350000000
 10
-14.700000000
 20
393.137138500
 30
0.000000000
 10
-15.700000000
 20
393.137138500
 30
0.000000000
  0
SPLINE
  5
10AE
330
A02
100
AcDbEntity
  8
y_upper_sheets
100
AcDbSpline
210
0
220
0
230
1
 70
8
 71
1
 72
4
 73
2
 74
0
 40
-7.350000000
 40
-7.350000000
 40
-6.350000000
 40
-6.350000000
 10
-14.700000000
 20
393.137138500
 30
0.000000000
 10
-13.700000000
 20
393.137138500
 30
0.000000000
  0
SPLINE
  5
10AF
330
A02
100
AcDbEntity
  8
y_upper_sheets
100
AcDbSpline
210
0
220
0
230
1
 70
8
 71
1
 72
4
 73
2
 74
0
 40
-52.250000000
 40
-52.250000000
 40
-11.164421555
 40
-11.164421555
 10
-13.700000000
 20
393.137138500
 30
0.000000000
 10
-13.700000000
 20
434.222716945
 30
-0.000000000
  0
SPLINE
  5
10B0
330
A02
100
AcDbEntity
  8
y_upper_sheets
100
AcDbSpline
210
0
220
0
230
1
 70
8
 71
3
 72
8
 73
4
 74
0
 40
-2.574428625
 40
-2.574428625
 40
-2.574428625
 40
-2.574428625
 40
-2.401791000
 40
-2.401791000
 40
-2.401791000
 40
-2.401791000
 10
-13.700000000
 20
434.222716945
 30
-0.000000000
 10
-12.901525605
 20
435.069248329
 30
-0.000000000
 10
-12.173652901
 20
435.839244500
 30
-0.000000000
 10
-11.500000000
 20
436.550035399
 30
-0.000000000
  0
SPLINE
  5
10B1
330
A02
100
AcDbEntity
  8
y_upper_sheets
100
AcDbSpline
210
0
220
0
230
1
 70
8
 71
1
 72
4
 73
2
 74
0
 40
-52.250000000
 40
-52.250000000
 40
-8.837103101
 40
-8.837103101
 10
-11.500000000
 20
393.137138500
 30
0.000000000
 10
-11.500000000
 20
436.550035399
 30
-0.000000000
  0
SPLINE
  5
10B2
330
A02
100
AcDbEntity
  8
y_upper_sheets
100
AcDbSpline
210
0
220
0
230
1
 70
8
 71
1
 72
4
 73
2
 74
0
 40
5.250000000
 40
5.250000000
 40
6.250000000
 40
6.250000000
 10
-10.500000000
 20
393.137138500
 30
0.000000000
 10
-11.500000000
 20
393.137138500
 30
0.000000000
  0
SPLINE
  5
10B3
330
A02
100
AcDbEntity
  8
y_upper_sheets
100
AcDbSpline
210
0
220
0
230
1
 70
8
 71
1
 72
4
 73
2
 74
0
 40
-5.250000000
 40
-5.250000000
 40
-4.250000000
 40
-4.250000000
 10
-10.500000000
 20
393.137138500
 30
0.000000000
 10
-9.500000000
 20
393.137138500
 30
0.000000000
  0
SPLINE
  5
10B4
330
A02
100
AcDbEntity
  8
y_upper_sheets
100
AcDbSpline
210
0
220
0
230
1
 70
8
 71
1
 72
4
 73
2
 74
0
 40
-52.250000000
 40
-52.250000000
 40
-7.024277000
 40
-7.024277000
 10
-9.500000000
 20
393.137138500
 30
0.000000000
 10
-9.500000000
 20
438.362861500
 30
-0.000000000
  0
SPLINE
  5
10B5
330
A02
100
AcDbEntity
  8
y_upper_sheets
100
AcDbSpline
210
0
220
0
230
1
 70
8
 71
1
 72
4
 73
2
 74
0
 40
-9.500000000
 40
-9.500000000
 40
-7.300000000
 40
-7.300000000
 10
-9.500000000
 20
438.362861500
 30
-0.000000000
 10
-7.300000000
 20
438.362861500
 30
-0.000000000
  0
SPLINE
  5
10B6
330
A02
100
AcDbEntity
  8
y_upper_sheets
100
AcDbSpline
210
0
220
0
230
1
 70
8
 71
1
 72
4
 73
2
 74
0
 40
-52.250000000
 40
-52.250000000
 40
-7.024277000
 40
-7.024277000
 10
-7.300000000
 20
393.137138500
 30
0.000000000
 10
-7.300000000
 20
438.362861500
 30
-0.000000000
  0
SPLINE
  5
10B7
330
A02
100
AcDbEntity
  8
y_upper_sheets
100
AcDbSpline
210
0
220
0
230
1
 70
8
 71
1
 72
4
 73
2
 74
0
 40
3.150000000
 40
3.150000000
 40
4.150000000
 40
4.150000000
 10
-6.300000000
 20
393.137138500
 30
0.000000000
 10
-7.300000000
 20
393.137138500
 30
0.000000000
  0
SPLINE
  5
10B8
330
A02
100
AcDbEntity
  8
y_upper_sheets
100
AcDbSpline
210
0
220
0
230
1
 70
8
 71
1
 72
4
 73
2
 74
0
 40
-3.150000000
 40
-3.150000000
 40
-2.150000000
 40
-2.150000000
 10
-6.300000000
 20
393.137138500
 30
0.000000000
 10
-5.300000000
 20
393.137138500
 30
0.000000000
  0
SPLINE
  5
10B9
330
A02
100
AcDbEntity
  8
y_upper_sheets
100
AcDbSpline
210
0
220
0
230
1
 70
8
 71
1
 72
4
 73
2
 74
0
 40
-52.250000000
 40
-52.250000000
 40
-7.024277000
 40
-7.024277000
 10
-5.300000000
 20
393.137138500
 30
0.000000000
 10
-5.300000000
 20
438.362861500
 30
-0.000000000
  0
SPLINE
  5
10BA
330
A02
100
AcDbEntity
  8
y_upper_sheets
100
AcDbSpline
210
0
220
0
230
1
 70
8
 71
1
 72
4
 73
2
 74
0
 40
-5.300000000
 40
-5.300000000
 40
-3.100000000
 40
-3.100000000
 10
-5.300000000
 20
438.362861500
 30
-0.000000000
 10
-3.100000000
 20
438.362861500
 30
-0.000000000
  0
SPLINE
  5
10BB
330
A02
100
AcDbEntity
  8
y_upper_sheets
100
AcDbSpline
210
0
220
0
230
1
 70
8
 71
1
 72
4
 73
2
 74
0
 40
-52.250000000
 40
-52.250000000
 40
-7.024277000
 40
-7.024277000
 10
-3.100000000
 20
393.137138500
 30
0.000000000
 10
-3.100000000
 20
438.362861500
 30
-0.000000000
  0
SPLINE
  5
10BC
330
A02
100
AcDbEntity
  8
y_upper_sheets
100
AcDbSpline
210
0
220
0
230
1
 70
8
 71
1
 72
4
 73
2
 74
0
 40
1.050000000
 40
1.050000000
 40
2.050000000
 40
2.050000000
 10
-2.100000000
 20
393.137138500
 30
0.000000000
 10
-3.100000000
 20
393.137138500
 30
0.000000000
  0
SPLINE
  5
10BD
330
A02
100
AcDbEntity
  8
y_upper_sheets
100
AcDbSpline
210
0
220
0
230
1
 70
8
 71
1
 72
4
 73
2
 74
0
 40
-1.050000000
 40
-1.050000000
 40
-0.050000000
 40
-0.050000000
 10
-2.100000000
 20
393.137138500
 30
0.000000000
 10
-1.100000000
 20
393.137138500
 30
0.000000000
  0
SPLINE
  5
10BE
330
A02
100
AcDbEntity
  8
y_upper_sheets
100
AcDbSpline
210
0
220
0
230
1
 70
8
 71
1
 72
4
 73
2
 74
0
 40
-52.250000000
 40
-52.250000000
 40
-7.024277000
 40
-7.024277000
 10
-1.100000000
 20
393.137138500
 30
0.000000000
 10
-1.100000000
 20
438.362861500
 30
-0.000000000
  0
SPLINE
  5
10BF
330
A02
100
AcDbEntity
  8
y_upper_sheets
100
AcDbSpline
210
0
220
0
230
1
 70
8
 71
1
 72
4
 73
2
 74
0
 40
-1.100000000
 40
-1.100000000
 40
1.100000000
 40
1.100000000
 10
-1.100000000
 20
438.362861500
 30
-0.000000000
 10
1.100000000
 20
438.362861500
 30
-0.000000000
  0
SPLINE
  5
10C0
330
A02
100
AcDbEntity
  8
y_upper_sheets
100
AcDbSpline
210
0
220
0
230
1
 70
8
 71
1
 72
4
 73
2
 74
0
 40
-52.250000000
 40
-52.250000000
 40
-7.024277000
 40
-7.024277000
 10
1.100000000
 20
393.137138500
 30
0.000000000
 10
1.100000000
 20
438.362861500
 30
-0.000000000
  0
SPLINE
  5
10C1
330
A02
100
AcDbEntity
  8
y_upper_sheets
100
AcDbSpline
210
0
220
0
230
1
 70
8
 71
1
 72
4
 73
2
 74
0
 40
-1.050000000
 40
-1.050000000
 40
-0.050000000
 40
-0.050000000
 10
2.100000000
 20
393.137138500
 30
0.000000000
 10
1.100000000
 20
393.137138500
 30
0.000000000
  0
SPLINE
  5
10C2
330
A02
100
AcDbEntity
  8
y_upper_sheets
100
AcDbSpline
210
0
220
0
230
1
 70
8
 71
1
 72
4
 73
2
 74
0
 40
1.050000000
 40
1.050000000
 40
2.050000000
 40
2.050000000
 10
2.100000000
 20
393.137138500
 30
0.000000000
 10
3.100000000
 20
393.137138500
 30
0.000000000
  0
SPLINE
  5
10C3
330
A02
100
AcDbEntity
  8
y_upper_sheets
100
AcDbSpline
210
0
220
0
230
1
 70
8
 71
1
 72
4
 73
2
 74
0
 40
-52.250000000
 40
-52.250000000
 40
-7.024277000
 40
-7.024277000
 10
3.100000000
 20
393.137138500
 30
0.000000000
 10
3.100000000
 20
438.362861500
 30
-0.000000000
  0
SPLINE
  5
10C4
330
A02
100
AcDbEntity
  8
y_upper_sheets
100
AcDbSpline
210
0
220
0
230
1
 70
8
 71
1
 72
4
 73
2
 74
0
 40
3.100000000
 40
3.100000000
 40
5.300000000
 40
5.300000000
 10
3.100000000
 20
438.362861500
 30
-0.000000000
 10
5.300000000
 20
438.362861500
 30
-0.000000000
  0
SPLINE
  5
10C5
330
A02
100
AcDbEntity
  8
y_upper_sheets
100
AcDbSpline
210
0
220
0
230
1
 70
8
 71
1
 72
4
 73
2
 74
0
 40
-52.250000000
 40
-52.250000000
 40
-7.024277000
 40
-7.024277000
 10
5.300000000
 20
393.137138500
 30
0.000000000
 10
5.300000000
 20
438.362861500
 30
-0.000000000
  0
SPLINE
  5
10C6
330
A02
100
AcDbEntity
  8
y_upper_sheets
100
AcDbSpline
210
0
220
0
230
1
 70
8
 71
1
 72
4
 73
2
 74
0
 40
-3.150000000
 40
-3.150000000
 40
-2.150000000
 40
-2.150000000
 10
6.300000000
 20
393.137138500
 30
0.000000000
 10
5.300000000
 20
393.137138500
 30
0.000000000
  0
SPLINE
  5
10C7
330
A02
100
AcDbEntity
  8
y_upper_sheets
100
AcDbSpline
210
0
220
0
230
1
 70
8
 71
1
 72
4
 73
2
 74
0
 40
3.150000000
 40
3.150000000
 40
4.150000000
 40
4.150000000
 10
6.300000000
 20
393.137138500
 30
0.000000000
 10
7.300000000
 20
393.137138500
 30
0.000000000
  0
SPLINE
  5
10C8
330
A02
100
AcDbEntity
  8
y_upper_sheets
100
AcDbSpline
210
0
220
0
230
1
 70
8
 71
1
 72
4
 73
2
 74
0
 40
-52.250000000
 40
-52.250000000
 40
-7.024277000
 40
-7.024277000
 10
7.300000000
 20
393.137138500
 30
0.000000000
 10
7.300000000
 20
438.362861500
 30
-0.000000000
  0
SPLINE
  5
10C9
330
A02
100
AcDbEntity
  8
y_upper_sheets
100
AcDbSpline
210
0
220
0
230
1
 70
8
 71
1
 72
4
 73
2
 74
0
 40
7.300000000
 40
7.300000000
 40
9.500000000
 40
9.500000000
 10
7.300000000
 20
438.362861500
 30
-0.000000000
 10
9.500000000
 20
438.362861500
 30
-0.000000000
  0
SPLINE
  5
10CA
330
A02
100
AcDbEntity
  8
y_upper_sheets
100
AcDbSpline
210
0
220
0
230
1
 70
8
 71
1
 72
4
 73
2
 74
0
 40
-52.250000000
 40
-52.250000000
 40
-7.024277000
 40
-7.024277000
 10
9.500000000
 20
393.137138500
 30
0.000000000
 10
9.500000000
 20
438.362861500
 30
-0.000000000
  0
SPLINE
  5
10CB
330
A02
100
AcDbEntity
  8
y_upper_sheets
100
AcDbSpline
210
0
220
0
230
1
 70
8
 71
1
 72
4
 73
2
 74
0
 40
-5.250000000
 40
-5.250000000
 40
-4.250000000
 40
-4.250000000
 10
10.500000000
 20
393.137138500
 30
0.000000000
 10
9.500000000
 20
393.137138500
 30
0.000000000
  0
SPLINE
  5
10CC
330
A02
100
AcDbEntity
  8
y_upper_sheets
100
AcDbSpline
210
0
220
0
230
1
 70
8
 71
1
 72
4
 73
2
 74
0
 40
5.250000000
 40
5.250000000
 40
6.250000000
 40
6.250000000
 10
10.500000000
 20
393.137138500
 30
0.000000000
 10
11.500000000
 20
393.137138500
 30
0.000000000
  0
SPLINE
  5
10CD
330
A02
100
AcDbEntity
  8
y_upper_sheets
100
AcDbSpline
210
0
220
0
230
1
 70
8
 71
1
 72
4
 73
2
 74
0
 40
-52.250000000
 40
-52.250000000
 40
-8.837103101
 40
-8.837103101
 10
11.500000000
 20
393.137138500
 30
0.000000000
 10
11.500000000
 20
436.550035399
 30
-0.000000000
  0
SPLINE
  5
10CE
330
A02
100
AcDbEntity
  8
y_upper_sheets
100
AcDbSpline
210
0
220
0
230
1
 70
8
 71
3
 72
8
 73
4
 74
0
 40
2.401791000
 40
2.401791000
 40
2.401791000
 40
2.401791000
 40
2.574428625
 40
2.574428625
 40
2.574428625
 40
2.574428625
 10
11.500000000
 20
436.550035399
 30
-0.000000000
 10
12.173652901
 20
435.839244500
 30
-0.000000000
 10
12.901525605
 20
435.069248329
 30
-0.000000000
 10
13.700000000
 20
434.222716945
 30
-0.000000000
  0
SPLINE
  5
10CF
330
A02
100
AcDbEntity
  8
y_upper_sheets
100
AcDbSpline
210
0
220
0
230
1
 70
8
 71
1
 72
4
 73
2
 74
0
 40
-52.250000000
 40
-52.250000000
 40
-11.164421555
 40
-11.164421555
 10
13.700000000
 20
393.137138500
 30
0.000000000
 10
13.700000000
 20
434.222716945
 30
-0.000000000
  0
SPLINE
  5
10D0
330
A02
100
AcDbEntity
  8
y_upper_sheets
100
AcDbSpline
210
0
220
0
230
1
 70
8
 71
1
 72
4
 73
2
 74
0
 40
-7.350000000
 40
-7.350000000
 40
-6.350000000
 40
-6.350000000
 10
14.700000000
 20
393.137138500
 30
0.000000000
 10
13.700000000
 20
393.137138500
 30
0.000000000
  0
SPLINE
  5
10D1
330
A02
100
AcDbEntity
  8
y_upper_sheets
100
AcDbSpline
210
0
220
0
230
1
 70
8
 71
1
 72
4
 73
2
 74
0
 40
7.350000000
 40
7.350000000
 40
8.350000000
 40
8.350000000
 10
14.700000000
 20
393.137138500
 30
0.000000000
 10
15.700000000
 20
393.137138500
 30
0.000000000
  0
SPLINE
  5
10D2
330
A02
100
AcDbEntity
  8
y_upper_sheets
100
AcDbSpline
210
0
220
0
230
1
 70
8
 71
1
 72
4
 73
2
 74
0
 40
-52.250000000
 40
-52.250000000
 40
-13.287909635
 40
-13.287909635
 10
15.700000000
 20
393.137138500
 30
0.000000000
 10
15.700000000
 20
432.099228865
 30
-0.000000000
  0
SPLINE
  5
10D3
330
A02
100
AcDbEntity
  8
y_upper_sheets
100
AcDbSpline
210
0
220
0
230
1
 70
8
 71
2
 72
6
 73
3
 74
0
 40
2.709313632
 40
2.709313632
 40
2.709313632
 40
2.839433827
 40
2.839433827
 40
2.839433827
 10
15.700000000
 20
432.099228865
 30
-0.000000000
 10
16.729003160
 20
431.005292651
 30
-0.000000000
 10
17.900000000
 20
429.757867725
 30
-0.000000000
  0
SPLINE
  5
10D4
330
A02
100
AcDbEntity
  8
y_upper_sheets
100
AcDbSpline
210
0
220
0
230
1
 70
8
 71
1
 72
4
 73
2
 74
0
 40
-52.250000000
 40
-52.250000000
 40
-15.629270775
 40
-15.629270775
 10
17.900000000
 20
393.137138500
 30
0.000000000
 10
17.900000000
 20
429.757867725
 30
-0.000000000
  0
SPLINE
  5
10D5
330
A02
100
AcDbEntity
  8
y_upper_sheets
100
AcDbSpline
210
0
220
0
230
1
 70
8
 71
1
 72
4
 73
2
 74
0
 40
-9.450000000
 40
-9.450000000
 40
-8.450000000
 40
-8.450000000
 10
18.900000000
 20
393.137138500
 30
0.000000000
 10
17.900000000
 20
393.137138500
 30
0.000000000
  0
SPLINE
  5
10D6
330
A02
100
AcDbEntity
  8
y_upper_sheets
100
AcDbSpline
210
0
220
0
230
1
 70
8
 71
1
 72
4
 73
2
 74
0
 40
9.450000000
 40
9.450000000
 40
10.450000000
 40
10.450000000
 10
18.900000000
 20
393.137138500
 30
0.000000000
 10
19.900000000
 20
393.137138500
 30
0.000000000
  0
SPLINE
  5
10D7
330
A02
100
AcDbEntity
  8
y_upper_sheets
100
AcDbSpline
210
0
220
0
230
1
 70
8
 71
1
 72
4
 73
2
 74
0
 40
-52.250000000
 40
-52.250000000
 40
-17.750000000
 40
-17.750000000
 10
19.900000000
 20
393.137138500
 30
0.000000000
 10
19.900000000
 20
427.637138500
 30
-0.000000000
  0
SPLINE
  5
10D8
330
A02
100
AcDbEntity
  8
y_upper_sheets
100
AcDbSpline
210
0
220
0
230
1
 70
8
 71
1
 72
4
 73
2
 74
0
 40
19.900000000
 40
19.900000000
 40
25.000000000
 40
25.000000000
 10
19.900000000
 20
427.637138500
 30
-0.000000000
 10
25.000000000
 20
427.637138500
 30
-0.000000000
  0
SPLINE
  5
10D9
330
A02
100
AcDbEntity
  8
y_upper_sheets
100
AcDbSpline
210
0
220
0
230
1
 70
8
 71
1
 72
4
 73
2
 74
0
 40
18.000000000
 40
18.000000000
 40
84.000000000
 40
84.000000000
 10
25.000000000
 20
427.637138500
 30
-0.000000000
 10
25.000000000
 20
361.637138500
 30
0.000000000
  0
SPLINE
  5
10DA
330
A02
100
AcDbEntity
  8
y_upper_sheets
100
AcDbSpline
210
0
220
0
230
1
 70
8
 71
1
 72
4
 73
2
 74
0
 40
-37.500000000
 40
-37.500000000
 40
12.500000000
 40
12.500000000
 10
25.000000000
 20
361.637138500
 30
0.000000000
 10
-25.000000000
 20
361.637138500
 30
0.000000000
  0
SPLINE
  5
10DB
330
A02
100
AcDbEntity
  8
y_upper_sheets
100
AcDbSpline
210
0
220
0
230
1
 70
8
 71
1
 72
4
 73
2
 74
0
 40
18.000000000
 40
18.000000000
 40
84.000000000
 40
84.000000000
 10
-25.000000000
 20
427.637138500
 30
-0.000000000
 10
-25.000000000
 20
361.637138500
 30
0.000000000
  0
SPLINE
  5
10DC
330
A02
100
AcDbEntity
  8
y_upper_sheets
100
AcDbSpline
210
0
220
0
230
1
 70
8
 71
1
 72
4
 73
2
 74
0
 40
-25.000000000
 40
-25.000000000
 40
-19.900000000
 40
-19.900000000
 10
35.000000000
 20
427.637138500
 30
-0.000000000
 10
40.100000000
 20
427.637138500
 30
-0.000000000
  0
SPLINE
  5
10DD
330
A02
100
AcDbEntity
  8
y_upper_sheets
100
AcDbSpline
210
0
220
0
230
1
 70
8
 71
1
 72
4
 73
2
 74
0
 40
-52.250000000
 40
-52.250000000
 40
-17.750000000
 40
-17.750000000
 10
40.100000000
 20
393.137138500
 30
0.000000000
 10
40.100000000
 20
427.637138500
 30
-0.000000000
  0
SPLINE
  5
10DE
330
A02
100
AcDbEntity
  8
y_upper_sheets
100
AcDbSpline
210
0
220
0
230
1
 70
8
 71
1
 72
4
 73
2
 74
0
 40
9.450000000
 40
9.450000000
 40
10.450000000
 40
10.450000000
 10
41.100000000
 20
393.137138500
 30
0.000000000
 10
40.100000000
 20
393.137138500
 30
0.000000000
  0
SPLINE
  5
10DF
330
A02
100
AcDbEntity
  8
y_upper_sheets
100
AcDbSpline
210
0
220
0
230
1
 70
8
 71
1
 72
4
 73
2
 74
0
 40
-9.450000000
 40
-9.450000000
 40
-8.450000000
 40
-8.450000000
 10
41.100000000
 20
393.137138500
 30
0.000000000
 10
42.100000000
 20
393.137138500
 30
0.000000000
  0
SPLINE
  5
10E0
330
A02
100
AcDbEntity
  8
y_upper_sheets
100
AcDbSpline
210
0
220
0
230
1
 70
8
 71
1
 72
4
 73
2
 74
0
 40
-52.250000000
 40
-52.250000000
 40
-15.629270775
 40
-15.629270775
 10
42.100000000
 20
393.137138500
 30
0.000000000
 10
42.100000000
 20
429.757867725
 30
-0.000000000
  0
SPLINE
  5
10E1
330
A02
100
AcDbEntity
  8
y_upper_sheets
100
AcDbSpline
210
0
220
0
230
1
 70
8
 71
2
 72
6
 73
3
 74
0
 40
-2.839433827
 40
-2.839433827
 40
-2.839433827
 40
-2.709313632
 40
-2.709313632
 40
-2.709313632
 10
42.100000000
 20
429.757867725
 30
-0.000000000
 10
43.270996840
 20
431.005292651
 30
-0.000000000
 10
44.300000000
 20
432.099228865
 30
-0.000000000
  0
SPLINE
  5
10E2
330
A02
100
AcDbEntity
  8
y_upper_sheets
100
AcDbSpline
210
0
220
0
230
1
 70
8
 71
1
 72
4
 73
2
 74
0
 40
-52.250000000
 40
-52.250000000
 40
-13.287909635
 40
-13.287909635
 10
44.300000000
 20
393.137138500
 30
0.000000000
 10
44.300000000
 20
432.099228865
 30
-0.000000000
  0
SPLINE
  5
10E3
330
A02
100
AcDbEntity
  8
y_upper_sheets
100
AcDbSpline
210
0
220
0
230
1
 70
8
 71
1
 72
4
 73
2
 74
0
 40
7.350000000
 40
7.350000000
 40
8.350000000
 40
8.350000000
 10
45.300000000
 20
393.137138500
 30
0.000000000
 10
44.300000000
 20
393.137138500
 30
0.000000000
  0
SPLINE
  5
10E4
330
A02
100
AcDbEntity
  8
y_upper_sheets
100
AcDbSpline
210
0
220
0
230
1
 70
8
 71
1
 72
4
 73
2
 74
0
 40
-7.350000000
 40
-7.350000000
 40
-6.350000000
 40
-6.350000000
 10
45.300000000
 20
393.137138500
 30
0.000000000
 10
46.300000000
 20
393.137138500
 30
0.000000000
  0
SPLINE
  5
10E5
330
A02
100
AcDbEntity
  8
y_upper_sheets
100
AcDbSpline
210
0
220
0
230
1
 70
8
 71
1
 72
4
 73
2
 74
0
 40
-52.250000000
 40
-52.250000000
 40
-11.164421555
 40
-11.164421555
 10
46.300000000
 20
393.137138500
 30
0.000000000
 10
46.300000000
 20
434.222716945
 30
-0.000000000
  0
SPLINE
  5
10E6
330
A02
100
AcDbEntity
  8
y_upper_sheets
100
AcDbSpline
210
0
220
0
230
1
 70
8
 71
3
 72
8
 73
4
 74
0
 40
-2.574428625
 40
-2.574428625
 40
-2.574428625
 40
-2.574428625
 40
-2.401791000
 40
-2.401791000
 40
-2.401791000
 40
-2.401791000
 10
46.300000000
 20
434.222716945
 30
-0.000000000
 10
47.098474395
 20
435.069248329
 30
-0.000000000
 10
47.826347099
 20
435.839244500
 30
-0.000000000
 10
48.500000000
 20
436.550035399
 30
-0.000000000
  0
SPLINE
  5
10E7
330
A02
100
AcDbEntity
  8
y_upper_sheets
100
AcDbSpline
210
0
220
0
230
1
 70
8
 71
1
 72
4
 73
2
 74
0
 40
-52.250000000
 40
-52.250000000
 40
-8.837103101
 40
-8.837103101
 10
48.500000000
 20
393.137138500
 30
0.000000000
 10
48.500000000
 20
436.550035399
 30
-0.000000000
  0
SPLINE
  5
10E8
330
A02
100
AcDbEntity
  8
y_upper_sheets
100
AcDbSpline
210
0
220
0
230
1
 70
8
 71
1
 72
4
 73
2
 74
0
 40
5.250000000
 40
5.250000000
 40
6.250000000
 40
6.250000000
 10
49.500000000
 20
393.137138500
 30
0.000000000
 10
48.500000000
 20
393.137138500
 30
0.000000000
  0
SPLINE
  5
10E9
330
A02
100
AcDbEntity
  8
y_upper_sheets
100
AcDbSpline
210
0
220
0
230
1
 70
8
 71
1
 72
4
 73
2
 74
0
 40
-5.250000000
 40
-5.250000000
 40
-4.250000000
 40
-4.250000000
 10
49.500000000
 20
393.137138500
 30
0.000000000
 10
50.500000000
 20
393.137138500
 30
0.000000000
  0
SPLINE
  5
10EA
330
A02
100
AcDbEntity
  8
y_upper_sheets
100
AcDbSpline
210
0
220
0
230
1
 70
8
 71
1
 72
4
 73
2
 74
0
 40
-52.250000000
 40
-52.250000000
 40
-7.024277000
 40
-7.024277000
 10
50.500000000
 20
393.137138500
 30
0.000000000
 10
50.500000000
 20
438.362861500
 30
-0.000000000
  0
SPLINE
  5
10EB
330
A02
100
AcDbEntity
  8
y_upper_sheets
100
AcDbSpline
210
0
220
0
230
1
 70
8
 71
1
 72
4
 73
2
 74
0
 40
-9.500000000
 40
-9.500000000
 40
-7.300000000
 40
-7.300000000
 10
50.500000000
 20
438.362861500
 30
-0.000000000
 10
52.700000000
 20
438.362861500
 30
-0.000000000
  0
SPLINE
  5
10EC
330
A02
100
AcDbEntity
  8
y_upper_sheets
100
AcDbSpline
210
0
220
0
230
1
 70
8
 71
1
 72
4
 73
2
 74
0
 40
-52.250000000
 40
-52.250000000
 40
-7.024277000
 40
-7.024277000
 10
52.700000000
 20
393.137138500
 30
0.000000000
 10
52.700000000
 20
438.362861500
 30
-0.000000000
  0
SPLINE
  5
10ED
330
A02
100
AcDbEntity
  8
y_upper_sheets
100
AcDbSpline
210
0
220
0
230
1
 70
8
 71
1
 72
4
 73
2
 74
0
 40
3.150000000
 40
3.150000000
 40
4.150000000
 40
4.150000000
 10
53.700000000
 20
393.137138500
 30
0.000000000
 10
52.700000000
 20
393.137138500
 30
0.000000000
  0
SPLINE
  5
10EE
330
A02
100
AcDbEntity
  8
y_upper_sheets
100
AcDbSpline
210
0
220
0
230
1
 70
8
 71
1
 72
4
 73
2
 74
0
 40
-3.150000000
 40
-3.150000000
 40
-2.150000000
 40
-2.150000000
 10
53.700000000
 20
393.137138500
 30
0.000000000
 10
54.700000000
 20
393.137138500
 30
0.000000000
  0
SPLINE
  5
10EF
330
A02
100
AcDbEntity
  8
y_upper_sheets
100
AcDbSpline
210
0
220
0
230
1
 70
8
 71
1
 72
4
 73
2
 74
0
 40
-52.250000000
 40
-52.250000000
 40
-7.024277000
 40
-7.024277000
 10
54.700000000
 20
393.137138500
 30
0.000000000
 10
54.700000000
 20
438.362861500
 30
-0.000000000
  0
SPLINE
  5
10F0
330
A02
100
AcDbEntity
  8
y_upper_sheets
100
AcDbSpline
210
0
220
0
230
1
 70
8
 71
1
 72
4
 73
2
 74
0
 40
-5.300000000
 40
-5.300000000
 40
-3.100000000
 40
-3.100000000
 10
54.700000000
 20
438.362861500
 30
-0.000000000
 10
56.900000000
 20
438.362861500
 30
-0.000000000
  0
SPLINE
  5
10F1
330
A02
100
AcDbEntity
  8
y_upper_sheets
100
AcDbSpline
210
0
220
0
230
1
 70
8
 71
1
 72
4
 73
2
 74
0
 40
-52.250000000
 40
-52.250000000
 40
-7.024277000
 40
-7.024277000
 10
56.900000000
 20
393.137138500
 30
0.000000000
 10
56.900000000
 20
438.362861500
 30
-0.000000000
  0
SPLINE
  5
10F2
330
A02
100
AcDbEntity
  8
y_upper_sheets
100
AcDbSpline
210
0
220
0
230
1
 70
8
 71
1
 72
4
 73
2
 74
0
 40
1.050000000
 40
1.050000000
 40
2.050000000
 40
2.050000000
 10
57.900000000
 20
393.137138500
 30
0.000000000
 10
56.900000000
 20
393.137138500
 30
0.000000000
  0
SPLINE
  5
10F3
330
A02
100
AcDbEntity
  8
y_upper_sheets
100
AcDbSpline
210
0
220
0
230
1
 70
8
 71
1
 72
4
 73
2
 74
0
 40
-1.050000000
 40
-1.050000000
 40
-0.050000000
 40
-0.050000000
 10
57.900000000
 20
393.137138500
 30
0.000000000
 10
58.900000000
 20
393.137138500
 30
0.000000000
  0
SPLINE
  5
10F4
330
A02
100
AcDbEntity
  8
y_upper_sheets
100
AcDbSpline
210
0
220
0
230
1
 70
8
 71
1
 72
4
 73
2
 74
0
 40
-52.250000000
 40
-52.250000000
 40
-7.024277000
 40
-7.024277000
 10
58.900000000
 20
393.137138500
 30
0.000000000
 10
58.900000000
 20
438.362861500
 30
-0.000000000
  0
SPLINE
  5
10F5
330
A02
100
AcDbEntity
  8
y_upper_sheets
100
AcDbSpline
210
0
220
0
230
1
 70
8
 71
1
 72
4
 73
2
 74
0
 40
-1.100000000
 40
-1.100000000
 40
1.100000000
 40
1.100000000
 10
58.900000000
 20
438.362861500
 30
-0.000000000
 10
61.100000000
 20
438.362861500
 30
-0.000000000
  0
SPLINE
  5
10F6
330
A02
100
AcDbEntity
  8
y_upper_sheets
100
AcDbSpline
210
0
220
0
230
1
 70
8
 71
1
 72
4
 73
2
 74
0
 40
-52.250000000
 40
-52.250000000
 40
-7.024277000
 40
-7.024277000
 10
61.100000000
 20
393.137138500
 30
0.000000000
 10
61.100000000
 20
438.362861500
 30
-0.000000000
  0
SPLINE
  5
10F7
330
A02
100
AcDbEntity
  8
y_upper_sheets
100
AcDbSpline
210
0
220
0
230
1
 70
8
 71
1
 72
4
 73
2
 74
0
 40
-1.050000000
 40
-1.050000000
 40
-0.050000000
 40
-0.050000000
 10
62.100000000
 20
393.137138500
 30
0.000000000
 10
61.100000000
 20
393.137138500
 30
0.000000000
  0
SPLINE
  5
10F8
330
A02
100
AcDbEntity
  8
y_upper_sheets
100
AcDbSpline
210
0
220
0
230
1
 70
8
 71
1
 72
4
 73
2
 74
0
 40
1.050000000
 40
1.050000000
 40
2.050000000
 40
2.050000000
 10
62.100000000
 20
393.137138500
 30
0.000000000
 10
63.100000000
 20
393.137138500
 30
0.000000000
  0
SPLINE
  5
10F9
330
A02
100
AcDbEntity
  8
y_upper_sheets
100
AcDbSpline
210
0
220
0
230
1
 70
8
 71
1
 72
4
 73
2
 74
0
 40
-52.250000000
 40
-52.250000000
 40
-7.024277000
 40
-7.024277000
 10
63.100000000
 20
393.137138500
 30
0.000000000
 10
63.100000000
 20
438.362861500
 30
-0.000000000
  0
SPLINE
  5
10FA
330
A02
100
AcDbEntity
  8
y_upper_sheets
100
AcDbSpline
210
0
220
0
230
1
 70
8
 71
1
 72
4
 73
2
 74
0
 40
3.100000000
 40
3.100000000
 40
5.300000000
 40
5.300000000
 10
63.100000000
 20
438.362861500
 30
-0.000000000
 10
65.300000000
 20
438.362861500
 30
-0.000000000
  0
SPLINE
  5
10FB
330
A02
100
AcDbEntity
  8
y_upper_sheets
100
AcDbSpline
210
0
220
0
230
1
 70
8
 71
1
 72
4
 73
2
 74
0
 40
-52.250000000
 40
-52.250000000
 40
-7.024277000
 40
-7.024277000
 10
65.300000000
 20
393.137138500
 30
0.000000000
 10
65.300000000
 20
438.362861500
 30
-0.000000000
  0
SPLINE
  5
10FC
330
A02
100
AcDbEntity
  8
y_upper_sheets
100
AcDbSpline
210
0
220
0
230
1
 70
8
 71
1
 72
4
 73
2
 74
0
 40
-3.150000000
 40
-3.150000000
 40
-2.150000000
 40
-2.150000000
 10
66.300000000
 20
393.137138500
 30
0.000000000
 10
65.300000000
 20
393.137138500
 30
0.000000000
  0
SPLINE
  5
10FD
330
A02
100
AcDbEntity
  8
y_upper_sheets
100
AcDbSpline
210
0
220
0
230
1
 70
8
 71
1
 72
4
 73
2
 74
0
 40
3.150000000
 40
3.150000000
 40
4.150000000
 40
4.150000000
 10
66.300000000
 20
393.137138500
 30
0.000000000
 10
67.300000000
 20
393.137138500
 30
0.000000000
  0
SPLINE
  5
10FE
330
A02
100
AcDbEntity
  8
y_upper_sheets
100
AcDbSpline
210
0
220
0
230
1
 70
8
 71
1
 72
4
 73
2
 74
0
 40
-52.250000000
 40
-52.250000000
 40
-7.024277000
 40
-7.024277000
 10
67.300000000
 20
393.137138500
 30
0.000000000
 10
67.300000000
 20
438.362861500
 30
-0.000000000
  0
SPLINE
  5
10FF
330
A02
100
AcDbEntity
  8
y_upper_sheets
100
AcDbSpline
210
0
220
0
230
1
 70
8
 71
1
 72
4
 73
2
 74
0
 40
7.300000000
 40
7.300000000
 40
9.500000000
 40
9.500000000
 10
67.300000000
 20
438.362861500
 30
-0.000000000
 10
69.500000000
 20
438.362861500
 30
-0.000000000
  0
SPLINE
  5
1100
330
A02
100
AcDbEntity
  8
y_upper_sheets
100
AcDbSpline
210
0
220
0
230
1
 70
8
 71
1
 72
4
 73
2
 74
0
 40
-52.250000000
 40
-52.250000000
 40
-7.024277000
 40
-7.024277000
 10
69.500000000
 20
393.137138500
 30
0.000000000
 10
69.500000000
 20
438.362861500
 30
-0.000000000
  0
SPLINE
  5
1101
330
A02
100
AcDbEntity
  8
y_upper_sheets
100
AcDbSpline
210
0
220
0
230
1
 70
8
 71
1
 72
4
 73
2
 74
0
 40
-5.250000000
 40
-5.250000000
 40
-4.250000000
 40
-4.250000000
 10
70.500000000
 20
393.137138500
 30
0.000000000
 10
69.500000000
 20
393.137138500
 30
0.000000000
  0
SPLINE
  5
1102
330
A02
100
AcDbEntity
  8
y_upper_sheets
100
AcDbSpline
210
0
220
0
230
1
 70
8
 71
1
 72
4
 73
2
 74
0
 40
5.250000000
 40
5.250000000
 40
6.250000000
 40
6.250000000
 10
70.500000000
 20
393.137138500
 30
0.000000000
 10
71.500000000
 20
393.137138500
 30
0.000000000
  0
SPLINE
  5
1103
330
A02
100
AcDbEntity
  8
y_upper_sheets
100
AcDbSpline
210
0
220
0
230
1
 70
8
 71
1
 72
4
 73
2
 74
0
 40
-52.250000000
 40
-52.250000000
 40
-8.837103101
 40
-8.837103101
 10
71.500000000
 20
393.137138500
 30
0.000000000
 10
71.500000000
 20
436.550035399
 30
-0.000000000
  0
SPLINE
  5
1104
330
A02
100
AcDbEntity
  8
y_upper_sheets
100
AcDbSpline
210
0
220
0
230
1
 70
8
 71
3
 72
8
 73
4
 74
0
 40
2.401791000
 40
2.401791000
 40
2.401791000
 40
2.401791000
 40
2.574428625
 40
2.574428625
 40
2.574428625
 40
2.574428625
 10
71.500000000
 20
436.550035399
 30
-0.000000000
 10
72.173652901
 20
435.839244500
 30
-0.000000000
 10
72.901525605
 20
435.069248329
 30
-0.000000000
 10
73.700000000
 20
434.222716945
 30
-0.000000000
  0
SPLINE
  5
1105
330
A02
100
AcDbEntity
  8
y_upper_sheets
100
AcDbSpline
210
0
220
0
230
1
 70
8
 71
1
 72
4
 73
2
 74
0
 40
-52.250000000
 40
-52.250000000
 40
-11.164421555
 40
-11.164421555
 10
73.700000000
 20
393.137138500
 30
0.000000000
 10
73.700000000
 20
434.222716945
 30
-0.000000000
  0
SPLINE
  5
1106
330
A02
100
AcDbEntity
  8
y_upper_sheets
100
AcDbSpline
210
0
220
0
230
1
 70
8
 71
1
 72
4
 73
2
 74
0
 40
-7.350000000
 40
-7.350000000
 40
-6.350000000
 40
-6.350000000
 10
74.700000000
 20
393.137138500
 30
0.000000000
 10
73.700000000
 20
393.137138500
 30
0.000000000
  0
SPLINE
  5
1107
330
A02
100
AcDbEntity
  8
y_upper_sheets
100
AcDbSpline
210
0
220
0
230
1
 70
8
 71
1
 72
4
 73
2
 74
0
 40
7.350000000
 40
7.350000000
 40
8.350000000
 40
8.350000000
 10
74.700000000
 20
393.137138500
 30
0.000000000
 10
75.700000000
 20
393.137138500
 30
0.000000000
  0
SPLINE
  5
1108
330
A02
100
AcDbEntity
  8
y_upper_sheets
100
AcDbSpline
210
0
220
0
230
1
 70
8
 71
1
 72
4
 73
2
 74
0
 40
-52.250000000
 40
-52.250000000
 40
-13.287909635
 40
-13.287909635
 10
75.700000000
 20
393.137138500
 30
0.000000000
 10
75.700000000
 20
432.099228865
 30
-0.000000000
  0
SPLINE
  5
1109
330
A02
100
AcDbEntity
  8
y_upper_sheets
100
AcDbSpline
210
0
220
0
230
1
 70
8
 71
2
 72
6
 73
3
 74
0
 40
2.709313632
 40
2.709313632
 40
2.709313632
 40
2.839433827
 40
2.839433827
 40
2.839433827
 10
75.700000000
 20
432.099228865
 30
-0.000000000
 10
76.729003160
 20
431.005292651
 30
-0.000000000
 10
77.900000000
 20
429.757867725
 30
-0.000000000
  0
SPLINE
  5
110A
330
A02
100
AcDbEntity
  8
y_upper_sheets
100
AcDbSpline
210
0
220
0
230
1
 70
8
 71
1
 72
4
 73
2
 74
0
 40
-52.250000000
 40
-52.250000000
 40
-15.629270775
 40
-15.629270775
 10
77.900000000
 20
393.137138500
 30
0.000000000
 10
77.900000000
 20
429.757867725
 30
-0.000000000
  0
SPLINE
  5
110B
330
A02
100
AcDbEntity
  8
y_upper_sheets
100
AcDbSpline
210
0
220
0
230
1
 70
8
 71
1
 72
4
 73
2
 74
0
 40
-9.450000000
 40
-9.450000000
 40
-8.450000000
 40
-8.450000000
 10
78.900000000
 20
393.137138500
 30
0.000000000
 10
77.900000000
 20
393.137138500
 30
0.000000000
  0
SPLINE
  5
110C
330
A02
100
AcDbEntity
  8
y_upper_sheets
100
AcDbSpline
210
0
220
0
230
1
 70
8
 71
1
 72
4
 73
2
 74
0
 40
9.450000000
 40
9.450000000
 40
10.450000000
 40
10.450000000
 10
78.900000000
 20
393.137138500
 30
0.000000000
 10
79.900000000
 20
393.137138500
 30
0.000000000
  0
SPLINE
  5
110D
330
A02
100
AcDbEntity
  8
y_upper_sheets
100
AcDbSpline
210
0
220
0
230
1
 70
8
 71
1
 72
4
 73
2
 74
0
 40
-52.250000000
 40
-52.250000000
 40
-17.750000000
 40
-17.750000000
 10
79.900000000
 20
393.137138500
 30
0.000000000
 10
79.900000000
 20
427.637138500
 30
-0.000000000
  0
SPLINE
  5
110E
330
A02
100
AcDbEntity
  8
y_upper_sheets
100
AcDbSpline
210
0
220
0
230
1
 70
8
 71
1
 72
4
 73
2
 74
0
 40
19.900000000
 40
19.900000000
 40
25.000000000
 40
25.000000000
 10
79.900000000
 20
427.637138500
 30
-0.000000000
 10
85.000000000
 20
427.637138500
 30
-0.000000000
  0
SPLINE
  5
110F
330
A02
100
AcDbEntity
  8
y_upper_sheets
100
AcDbSpline
210
0
220
0
230
1
 70
8
 71
1
 72
4
 73
2
 74
0
 40
18.000000000
 40
18.000000000
 40
84.000000000
 40
84.000000000
 10
85.000000000
 20
427.637138500
 30
-0.000000000
 10
85.000000000
 20
361.637138500
 30
0.000000000
  0
SPLINE
  5
1110
330
A02
100
AcDbEntity
  8
y_upper_sheets
100
AcDbSpline
210
0
220
0
230
1
 70
8
 71
1
 72
4
 73
2
 74
0
 40
-37.500000000
 40
-37.500000000
 40
12.500000000
 40
12.500000000
 10
85.000000000
 20
361.637138500
 30
0.000000000
 10
35.000000000
 20
361.637138500
 30
0.000000000
  0
SPLINE
  5
1111
330
A02
100
AcDbEntity
  8
y_upper_sheets
100
AcDbSpline
210
0
220
0
230
1
 70
8
 71
1
 72
4
 73
2
 74
0
 40
18.000000000
 40
18.000000000
 40
84.000000000
 40
84.000000000
 10
35.000000000
 20
427.637138500
 30
-0.000000000
 10
35.000000000
 20
361.637138500
 30
0.000000000
  0
SPLINE
  5
1112
330
A02
100
AcDbEntity
  8
y_upper_sheets
100
AcDbSpline
210
0
220
0
230
1
 70
8
 71
1
 72
4
 73
2
 74
0
 40
-25.000000000
 40
-25.000000000
 40
-19.900000000
 40
-19.900000000
 10
95.000000000
 20
427.637138500
 30
-0.000000000
 10
100.100000000
 20
427.637138500
 30
-0.000000000
  0
SPLINE
  5
1113
330
A02
100
AcDbEntity
  8
y_upper_sheets
100
AcDbSpline
210
0
220
0
230
1
 70
8
 71
1
 72
4
 73
2
 74
0
 40
-52.250000000
 40
-52.250000000
 40
-17.750000000
 40
-17.750000000
 10
100.100000000
 20
393.137138500
 30
0.000000000
 10
100.100000000
 20
427.637138500
 30
-0.000000000
  0
SPLINE
  5
1114
330
A02
100
AcDbEntity
  8
y_upper_sheets
100
AcDbSpline
210
0
220
0
230
1
 70
8
 71
1
 72
4
 73
2
 74
0
 40
9.450000000
 40
9.450000000
 40
10.450000000
 40
10.450000000
 10
101.100000000
 20
393.137138500
 30
0.000000000
 10
100.100000000
 20
393.137138500
 30
0.000000000
  0
SPLINE
  5
1115
330
A02
100
AcDbEntity
  8
y_upper_sheets
100
AcDbSpline
210
0
220
0
230
1
 70
8
 71
1
 72
4
 73
2
 74
0
 40
-9.450000000
 40
-9.450000000
 40
-8.450000000
 40
-8.450000000
 10
101.100000000
 20
393.137138500
 30
0.000000000
 10
102.100000000
 20
393.137138500
 30
0.000000000
  0
SPLINE
  5
1116
330
A02
100
AcDbEntity
  8
y_upper_sheets
100
AcDbSpline
210
0
220
0
230
1
 70
8
 71
1
 72
4
 73
2
 74
0
 40
-52.250000000
 40
-52.250000000
 40
-16.652008819
 40
-16.652008819
 10
102.100000000
 20
393.137138500
 30
0.000000000
 10
102.100000000
 20
428.735129681
 30
-0.000000000
  0
SPLINE
  5
1117
330
A02
100
AcDbEntity
  8
y_upper_sheets
100
AcDbSpline
210
0
220
0
230
1
 70
8
 71
2
 72
6
 73
3
 74
0
 40
-1.767019462
 40
-1.767019462
 40
-1.767019462
 40
-1.644279561
 40
-1.644279561
 40
-1.644279561
 10
102.100000000
 20
428.735129681
 30
-0.000000000
 10
103.263182703
 20
429.911974881
 30
-0.000000000
 10
104.300000000
 20
430.944033888
 30
-0.000000000
  0
SPLINE
  5
1118
330
A02
100
AcDbEntity
  8
y_upper_sheets
100
AcDbSpline
210
0
220
0
230
1
 70
8
 71
1
 72
4
 73
2
 74
0
 40
-52.250000000
 40
-52.250000000
 40
-14.443104612
 40
-14.443104612
 10
104.300000000
 20
393.137138500
 30
0.000000000
 10
104.300000000
 20
430.944033888
 30
-0.000000000
  0
SPLINE
  5
1119
330
A02
100
AcDbEntity
  8
y_upper_sheets
100
AcDbSpline
210
0
220
0
230
1
 70
8
 71
1
 72
4
 73
2
 74
0
 40
7.350000000
 40
7.350000000
 40
8.350000000
 40
8.350000000
 10
105.300000000
 20
393.137138500
 30
0.000000000
 10
104.300000000
 20
393.137138500
 30
0.000000000
  0
SPLINE
  5
111A
330
A02
100
AcDbEntity
  8
y_upper_sheets
100
AcDbSpline
210
0
220
0
230
1
 70
8
 71
1
 72
4
 73
2
 74
0
 40
-7.350000000
 40
-7.350000000
 40
-6.350000000
 40
-6.350000000
 10
105.300000000
 20
393.137138500
 30
0.000000000
 10
106.300000000
 20
393.137138500
 30
0.000000000
  0
SPLINE
  5
111B
330
A02
100
AcDbEntity
  8
y_upper_sheets
100
AcDbSpline
210
0
220
0
230
1
 70
8
 71
1
 72
4
 73
2
 74
0
 40
-52.250000000
 40
-52.250000000
 40
-12.472005400
 40
-12.472005400
 10
106.300000000
 20
393.137138500
 30
0.000000000
 10
106.300000000
 20
432.915133100
 30
-0.000000000
  0
SPLINE
  5
111C
330
A02
100
AcDbEntity
  8
y_upper_sheets
100
AcDbSpline
210
0
220
0
230
1
 70
8
 71
2
 72
6
 73
3
 74
0
 40
-1.519100652
 40
-1.519100652
 40
-1.519100652
 40
-1.362708442
 40
-1.362708442
 40
-1.362708442
 10
106.300000000
 20
432.915133100
 30
-0.000000000
 10
107.476865319
 20
434.061989949
 30
-0.000000000
 10
108.500000000
 20
435.024384360
 30
-0.000000000
  0
SPLINE
  5
111D
330
A02
100
AcDbEntity
  8
y_upper_sheets
100
AcDbSpline
210
0
220
0
230
1
 70
8
 71
1
 72
4
 73
2
 74
0
 40
-52.250000000
 40
-52.250000000
 40
-10.362754140
 40
-10.362754140
 10
108.500000000
 20
393.137138500
 30
0.000000000
 10
108.500000000
 20
435.024384360
 30
-0.000000000
  0
SPLINE
  5
111E
330
A02
100
AcDbEntity
  8
y_upper_sheets
100
AcDbSpline
210
0
220
0
230
1
 70
8
 71
1
 72
4
 73
2
 74
0
 40
5.250000000
 40
5.250000000
 40
6.250000000
 40
6.250000000
 10
109.500000000
 20
393.137138500
 30
0.000000000
 10
108.500000000
 20
393.137138500
 30
0.000000000
  0
SPLINE
  5
111F
330
A02
100
AcDbEntity
  8
y_upper_sheets
100
AcDbSpline
210
0
220
0
230
1
 70
8
 71
1
 72
4
 73
2
 74
0
 40
-5.250000000
 40
-5.250000000
 40
-4.250000000
 40
-4.250000000
 10
109.500000000
 20
393.137138500
 30
0.000000000
 10
110.500000000
 20
393.137138500
 30
0.000000000
  0
SPLINE
  5
1120
330
A02
100
AcDbEntity
  8
y_upper_sheets
100
AcDbSpline
210
0
220
0
230
1
 70
8
 71
1
 72
4
 73
2
 74
0
 40
-52.250000000
 40
-52.250000000
 40
-8.524937331
 40
-8.524937331
 10
110.500000000
 20
393.137138500
 30
0.000000000
 10
110.500000000
 20
436.862201169
 30
-0.000000000
  0
SPLINE
  5
1121
330
A02
100
AcDbEntity
  8
y_upper_sheets
100
AcDbSpline
210
0
220
0
230
1
 70
8
 71
2
 72
6
 73
3
 74
0
 40
-1.199157552
 40
-1.199157552
 40
-1.199157552
 40
-1.036734145
 40
-1.036734145
 40
-1.036734145
 10
110.500000000
 20
436.862201169
 30
-0.000000000
 10
111.423819072
 20
437.688030146
 30
-0.000000000
 10
112.234048674
 20
438.362861500
 30
-0.000000000
  0
SPLINE
  5
1122
330
A02
100
AcDbEntity
  8
y_upper_sheets
100
AcDbSpline
210
0
220
0
230
1
 70
8
 71
1
 72
4
 73
2
 74
0
 40
-7.765951326
 40
-7.765951326
 40
-7.300000000
 40
-7.300000000
 10
112.234048674
 20
438.362861500
 30
-0.000000000
 10
112.700000000
 20
438.362861500
 30
-0.000000000
  0
SPLINE
  5
1123
330
A02
100
AcDbEntity
  8
y_upper_sheets
100
AcDbSpline
210
0
220
0
230
1
 70
8
 71
1
 72
4
 73
2
 74
0
 40
-52.250000000
 40
-52.250000000
 40
-7.024277000
 40
-7.024277000
 10
112.700000000
 20
393.137138500
 30
0.000000000
 10
112.700000000
 20
438.362861500
 30
-0.000000000
  0
SPLINE
  5
1124
330
A02
100
AcDbEntity
  8
y_upper_sheets
100
AcDbSpline
210
0
220
0
230
1
 70
8
 71
1
 72
4
 73
2
 74
0
 40
3.150000000
 40
3.150000000
 40
4.150000000
 40
4.150000000
 10
113.700000000
 20
393.137138500
 30
0.000000000
 10
112.700000000
 20
393.137138500
 30
0.000000000
  0
SPLINE
  5
1125
330
A02
100
AcDbEntity
  8
y_upper_sheets
100
AcDbSpline
210
0
220
0
230
1
 70
8
 71
1
 72
4
 73
2
 74
0
 40
-3.150000000
 40
-3.150000000
 40
-2.150000000
 40
-2.150000000
 10
113.700000000
 20
393.137138500
 30
0.000000000
 10
114.700000000
 20
393.137138500
 30
0.000000000
  0
SPLINE
  5
1126
330
A02
100
AcDbEntity
  8
y_upper_sheets
100
AcDbSpline
210
0
220
0
230
1
 70
8
 71
1
 72
4
 73
2
 74
0
 40
-52.250000000
 40
-52.250000000
 40
-7.024277000
 40
-7.024277000
 10
114.700000000
 20
393.137138500
 30
0.000000000
 10
114.700000000
 20
438.362861500
 30
-0.000000000
  0
SPLINE
  5
1127
330
A02
100
AcDbEntity
  8
y_upper_sheets
100
AcDbSpline
210
0
220
0
230
1
 70
8
 71
1
 72
4
 73
2
 74
0
 40
-5.300000000
 40
-5.300000000
 40
-3.100000000
 40
-3.100000000
 10
114.700000000
 20
438.362861500
 30
-0.000000000
 10
116.900000000
 20
438.362861500
 30
-0.000000000
  0
SPLINE
  5
1128
330
A02
100
AcDbEntity
  8
y_upper_sheets
100
AcDbSpline
210
0
220
0
230
1
 70
8
 71
1
 72
4
 73
2
 74
0
 40
-52.250000000
 40
-52.250000000
 40
-7.024277000
 40
-7.024277000
 10
116.900000000
 20
393.137138500
 30
0.000000000
 10
116.900000000
 20
438.362861500
 30
-0.000000000
  0
SPLINE
  5
1129
330
A02
100
AcDbEntity
  8
y_upper_sheets
100
AcDbSpline
210
0
220
0
230
1
 70
8
 71
1
 72
4
 73
2
 74
0
 40
1.050000000
 40
1.050000000
 40
2.050000000
 40
2.050000000
 10
117.900000000
 20
393.137138500
 30
0.000000000
 10
116.900000000
 20
393.137138500
 30
0.000000000
  0
SPLINE
  5
112A
330
A02
100
AcDbEntity
  8
y_upper_sheets
100
AcDbSpline
210
0
220
0
230
1
 70
8
 71
1
 72
4
 73
2
 74
0
 40
-1.050000000
 40
-1.050000000
 40
-0.050000000
 40
-0.050000000
 10
117.900000000
 20
393.137138500
 30
0.000000000
 10
118.900000000
 20
393.137138500
 30
0.000000000
  0
SPLINE
  5
112B
330
A02
100
AcDbEntity
  8
y_upper_sheets
100
AcDbSpline
210
0
220
0
230
1
 70
8
 71
1
 72
4
 73
2
 74
0
 40
-52.250000000
 40
-52.250000000
 40
-7.024277000
 40
-7.024277000
 10
118.900000000
 20
393.137138500
 30
0.000000000
 10
118.900000000
 20
438.362861500
 30
-0.000000000
  0
SPLINE
  5
112C
330
A02
100
AcDbEntity
  8
y_upper_sheets
100
AcDbSpline
210
0
220
0
230
1
 70
8
 71
1
 72
4
 73
2
 74
0
 40
-1.100000000
 40
-1.100000000
 40
1.100000000
 40
1.100000000
 10
118.900000000
 20
438.362861500
 30
-0.000000000
 10
121.100000000
 20
438.362861500
 30
-0.000000000
  0
SPLINE
  5
112D
330
A02
100
AcDbEntity
  8
y_upper_sheets
100
AcDbSpline
210
0
220
0
230
1
 70
8
 71
1
 72
4
 73
2
 74
0
 40
-52.250000000
 40
-52.250000000
 40
-7.024277000
 40
-7.024277000
 10
121.100000000
 20
393.137138500
 30
0.000000000
 10
121.100000000
 20
438.362861500
 30
-0.000000000
  0
SPLINE
  5
112E
330
A02
100
AcDbEntity
  8
y_upper_sheets
100
AcDbSpline
210
0
220
0
230
1
 70
8
 71
1
 72
4
 73
2
 74
0
 40
-1.050000000
 40
-1.050000000
 40
-0.050000000
 40
-0.050000000
 10
122.100000000
 20
393.137138500
 30
0.000000000
 10
121.100000000
 20
393.137138500
 30
0.000000000
  0
SPLINE
  5
112F
330
A02
100
AcDbEntity
  8
y_upper_sheets
100
AcDbSpline
210
0
220
0
230
1
 70
8
 71
1
 72
4
 73
2
 74
0
 40
1.050000000
 40
1.050000000
 40
2.050000000
 40
2.050000000
 10
122.100000000
 20
393.137138500
 30
0.000000000
 10
123.100000000
 20
393.137138500
 30
0.000000000
  0
SPLINE
  5
1130
330
A02
100
AcDbEntity
  8
y_upper_sheets
100
AcDbSpline
210
0
220
0
230
1
 70
8
 71
1
 72
4
 73
2
 74
0
 40
-52.250000000
 40
-52.250000000
 40
-7.024277000
 40
-7.024277000
 10
123.100000000
 20
393.137138500
 30
0.000000000
 10
123.100000000
 20
438.362861500
 30
-0.000000000
  0
SPLINE
  5
1131
330
A02
100
AcDbEntity
  8
y_upper_sheets
100
AcDbSpline
210
0
220
0
230
1
 70
8
 71
1
 72
4
 73
2
 74
0
 40
3.100000000
 40
3.100000000
 40
5.300000000
 40
5.300000000
 10
123.100000000
 20
438.362861500
 30
-0.000000000
 10
125.300000000
 20
438.362861500
 30
-0.000000000
  0
SPLINE
  5
1132
330
A02
100
AcDbEntity
  8
y_upper_sheets
100
AcDbSpline
210
0
220
0
230
1
 70
8
 71
1
 72
4
 73
2
 74
0
 40
-52.250000000
 40
-52.250000000
 40
-7.024277000
 40
-7.024277000
 10
125.300000000
 20
393.137138500
 30
0.000000000
 10
125.300000000
 20
438.362861500
 30
-0.000000000
  0
SPLINE
  5
1133
330
A02
100
AcDbEntity
  8
y_upper_sheets
100
AcDbSpline
210
0
220
0
230
1
 70
8
 71
1
 72
4
 73
2
 74
0
 40
-3.150000000
 40
-3.150000000
 40
-2.150000000
 40
-2.150000000
 10
126.300000000
 20
393.137138500
 30
0.000000000
 10
125.300000000
 20
393.137138500
 30
0.000000000
  0
SPLINE
  5
1134
330
A02
100
AcDbEntity
  8
y_upper_sheets
100
AcDbSpline
210
0
220
0
230
1
 70
8
 71
1
 72
4
 73
2
 74
0
 40
3.150000000
 40
3.150000000
 40
4.150000000
 40
4.150000000
 10
126.300000000
 20
393.137138500
 30
0.000000000
 10
127.300000000
 20
393.137138500
 30
0.000000000
  0
SPLINE
  5
1135
330
A02
100
AcDbEntity
  8
y_upper_sheets
100
AcDbSpline
210
0
220
0
230
1
 70
8
 71
1
 72
4
 73
2
 74
0
 40
-52.250000000
 40
-52.250000000
 40
-7.024277000
 40
-7.024277000
 10
127.300000000
 20
393.137138500
 30
0.000000000
 10
127.300000000
 20
438.362861500
 30
-0.000000000
  0
SPLINE
  5
1136
330
A02
100
AcDbEntity
  8
y_upper_sheets
100
AcDbSpline
210
0
220
0
230
1
 70
8
 71
1
 72
4
 73
2
 74
0
 40
7.300000000
 40
7.300000000
 40
7.765951326
 40
7.765951326
 10
127.300000000
 20
438.362861500
 30
-0.000000000
 10
127.765951326
 20
438.362861500
 30
-0.000000000
  0
SPLINE
  5
1137
330
A02
100
AcDbEntity
  8
y_upper_sheets
100
AcDbSpline
210
0
220
0
230
1
 70
8
 71
2
 72
6
 73
3
 74
0
 40
1.036734145
 40
1.036734145
 40
1.036734145
 40
1.199157552
 40
1.199157552
 40
1.199157552
 10
127.765951326
 20
438.362861500
 30
-0.000000000
 10
128.576180928
 20
437.688030146
 30
-0.000000000
 10
129.500000000
 20
436.862201169
 30
-0.000000000
  0
SPLINE
  5
1138
330
A02
100
AcDbEntity
  8
y_upper_sheets
100
AcDbSpline
210
0
220
0
230
1
 70
8
 71
1
 72
4
 73
2
 74
0
 40
-52.250000000
 40
-52.250000000
 40
-8.524937331
 40
-8.524937331
 10
129.500000000
 20
393.137138500
 30
0.000000000
 10
129.500000000
 20
436.862201169
 30
-0.000000000
  0
SPLINE
  5
1139
330
A02
100
AcDbEntity
  8
y_upper_sheets
100
AcDbSpline
210
0
220
0
230
1
 70
8
 71
1
 72
4
 73
2
 74
0
 40
-5.250000000
 40
-5.250000000
 40
-4.250000000
 40
-4.250000000
 10
130.500000000
 20
393.137138500
 30
0.000000000
 10
129.500000000
 20
393.137138500
 30
0.000000000
  0
SPLINE
  5
113A
330
A02
100
AcDbEntity
  8
y_upper_sheets
100
AcDbSpline
210
0
220
0
230
1
 70
8
 71
1
 72
4
 73
2
 74
0
 40
5.250000000
 40
5.250000000
 40
6.250000000
 40
6.250000000
 10
130.500000000
 20
393.137138500
 30
0.000000000
 10
131.500000000
 20
393.137138500
 30
0.000000000
  0
SPLINE
  5
113B
330
A02
100
AcDbEntity
  8
y_upper_sheets
100
AcDbSpline
210
0
220
0
230
1
 70
8
 71
1
 72
4
 73
2
 74
0
 40
-52.250000000
 40
-52.250000000
 40
-10.362754140
 40
-10.362754140
 10
131.500000000
 20
393.137138500
 30
0.000000000
 10
131.500000000
 20
435.024384360
 30
-0.000000000
  0
SPLINE
  5
113C
330
A02
100
AcDbEntity
  8
y_upper_sheets
100
AcDbSpline
210
0
220
0
230
1
 70
8
 71
2
 72
6
 73
3
 74
0
 40
1.362708442
 40
1.362708442
 40
1.362708442
 40
1.519100652
 40
1.519100652
 40
1.519100652
 10
131.500000000
 20
435.024384360
 30
-0.000000000
 10
132.523134681
 20
434.061989949
 30
-0.000000000
 10
133.700000000
 20
432.915133100
 30
-0.000000000
  0
SPLINE
  5
113D
330
A02
100
AcDbEntity
  8
y_upper_sheets
100
AcDbSpline
210
0
220
0
230
1
 70
8
 71
1
 72
4
 73
2
 74
0
 40
-52.250000000
 40
-52.250000000
 40
-12.472005400
 40
-12.472005400
 10
133.700000000
 20
393.137138500
 30
0.000000000
 10
133.700000000
 20
432.915133100
 30
-0.000000000
  0
SPLINE
  5
113E
330
A02
100
AcDbEntity
  8
y_upper_sheets
100
AcDbSpline
210
0
220
0
230
1
 70
8
 71
1
 72
4
 73
2
 74
0
 40
-7.350000000
 40
-7.350000000
 40
-6.350000000
 40
-6.350000000
 10
134.700000000
 20
393.137138500
 30
0.000000000
 10
133.700000000
 20
393.137138500
 30
0.000000000
  0
SPLINE
  5
113F
330
A02
100
AcDbEntity
  8
y_upper_sheets
100
AcDbSpline
210
0
220
0
230
1
 70
8
 71
1
 72
4
 73
2
 74
0
 40
7.350000000
 40
7.350000000
 40
8.350000000
 40
8.350000000
 10
134.700000000
 20
393.137138500
 30
0.000000000
 10
135.700000000
 20
393.137138500
 30
0.000000000
  0
SPLINE
  5
1140
330
A02
100
AcDbEntity
  8
y_upper_sheets
100
AcDbSpline
210
0
220
0
230
1
 70
8
 71
1
 72
4
 73
2
 74
0
 40
-52.250000000
 40
-52.250000000
 40
-14.443104612
 40
-14.443104612
 10
135.700000000
 20
393.137138500
 30
0.000000000
 10
135.700000000
 20
430.944033888
 30
-0.000000000
  0
SPLINE
  5
1141
330
A02
100
AcDbEntity
  8
y_upper_sheets
100
AcDbSpline
210
0
220
0
230
1
 70
8
 71
2
 72
6
 73
3
 74
0
 40
1.644279561
 40
1.644279561
 40
1.644279561
 40
1.767019462
 40
1.767019462
 40
1.767019462
 10
135.700000000
 20
430.944033888
 30
-0.000000000
 10
136.736817297
 20
429.911974881
 30
-0.000000000
 10
137.900000000
 20
428.735129681
 30
-0.000000000
  0
SPLINE
  5
1142
330
A02
100
AcDbEntity
  8
y_upper_sheets
100
AcDbSpline
210
0
220
0
230
1
 70
8
 71
1
 72
4
 73
2
 74
0
 40
-52.250000000
 40
-52.250000000
 40
-16.652008819
 40
-16.652008819
 10
137.900000000
 20
393.137138500
 30
0.000000000
 10
137.900000000
 20
428.735129681
 30
-0.000000000
  0
SPLINE
  5
1143
330
A02
100
AcDbEntity
  8
y_upper_sheets
100
AcDbSpline
210
0
220
0
230
1
 70
8
 71
1
 72
4
 73
2
 74
0
 40
-9.450000000
 40
-9.450000000
 40
-8.450000000
 40
-8.450000000
 10
138.900000000
 20
393.137138500
 30
0.000000000
 10
137.900000000
 20
393.137138500
 30
0.000000000
  0
SPLINE
  5
1144
330
A02
100
AcDbEntity
  8
y_upper_sheets
100
AcDbSpline
210
0
220
0
230
1
 70
8
 71
1
 72
4
 73
2
 74
0
 40
9.450000000
 40
9.450000000
 40
10.450000000
 40
10.450000000
 10
138.900000000
 20
393.137138500
 30
0.000000000
 10
139.900000000
 20
393.137138500
 30
0.000000000
  0
SPLINE
  5
1145
330
A02
100
AcDbEntity
  8
y_upper_sheets
100
AcDbSpline
210
0
220
0
230
1
 70
8
 71
1
 72
4
 73
2
 74
0
 40
-52.250000000
 40
-52.250000000
 40
-17.750000000
 40
-17.750000000
 10
139.900000000
 20
393.137138500
 30
0.000000000
 10
139.900000000
 20
427.637138500
 30
-0.000000000
  0
SPLINE
  5
1146
330
A02
100
AcDbEntity
  8
y_upper_sheets
100
AcDbSpline
210
0
220
0
230
1
 70
8
 71
1
 72
4
 73
2
 74
0
 40
19.900000000
 40
19.900000000
 40
25.000000000
 40
25.000000000
 10
139.900000000
 20
427.637138500
 30
-0.000000000
 10
145.000000000
 20
427.637138500
 30
-0.000000000
  0
SPLINE
  5
1147
330
A02
100
AcDbEntity
  8
y_upper_sheets
100
AcDbSpline
210
0
220
0
230
1
 70
8
 71
1
 72
4
 73
2
 74
0
 40
18.000000000
 40
18.000000000
 40
84.000000000
 40
84.000000000
 10
145.000000000
 20
427.637138500
 30
-0.000000000
 10
145.000000000
 20
361.637138500
 30
0.000000000
  0
SPLINE
  5
1148
330
A02
100
AcDbEntity
  8
y_upper_sheets
100
AcDbSpline
210
0
220
0
230
1
 70
8
 71
1
 72
4
 73
2
 74
0
 40
-37.500000000
 40
-37.500000000
 40
12.500000000
 40
12.500000000
 10
145.000000000
 20
361.637138500
 30
0.000000000
 10
95.000000000
 20
361.637138500
 30
0.000000000
  0
SPLINE
  5
1149
330
A02
100
AcDbEntity
  8
y_upper_sheets
100
AcDbSpline
210
0
220
0
230
1
 70
8
 71
1
 72
4
 73
2
 74
0
 40
18.000000000
 40
18.000000000
 40
84.000000000
 40
84.000000000
 10
95.000000000
 20
427.637138500
 30
-0.000000000
 10
95.000000000
 20
361.637138500
 30
0.000000000
  0
SPLINE
  5
114A
330
A02
100
AcDbEntity
  8
y_upper_sheets
100
AcDbSpline
210
0
220
0
230
1
 70
8
 71
1
 72
4
 73
2
 74
0
 40
-25.000000000
 40
-25.000000000
 40
-19.900000000
 40
-19.900000000
 10
155.000000000
 20
427.637138500
 30
-0.000000000
 10
160.100000000
 20
427.637138500
 30
-0.000000000
  0
SPLINE
  5
114B
330
A02
100
AcDbEntity
  8
y_upper_sheets
100
AcDbSpline
210
0
220
0
230
1
 70
8
 71
1
 72
4
 73
2
 74
0
 40
-52.250000000
 40
-52.250000000
 40
-17.750000000
 40
-17.750000000
 10
160.100000000
 20
393.137138500
 30
0.000000000
 10
160.100000000
 20
427.637138500
 30
-0.000000000
  0
SPLINE
  5
114C
330
A02
100
AcDbEntity
  8
y_upper_sheets
100
AcDbSpline
210
0
220
0
230
1
 70
8
 71
1
 72
4
 73
2
 74
0
 40
9.450000000
 40
9.450000000
 40
10.450000000
 40
10.450000000
 10
161.100000000
 20
393.137138500
 30
0.000000000
 10
160.100000000
 20
393.137138500
 30
0.000000000
  0
SPLINE
  5
114D
330
A02
100
AcDbEntity
  8
y_upper_sheets
100
AcDbSpline
210
0
220
0
230
1
 70
8
 71
1
 72
4
 73
2
 74
0
 40
-9.450000000
 40
-9.450000000
 40
-8.450000000
 40
-8.450000000
 10
161.100000000
 20
393.137138500
 30
0.000000000
 10
162.100000000
 20
393.137138500
 30
0.000000000
  0
SPLINE
  5
114E
330
A02
100
AcDbEntity
  8
y_upper_sheets
100
AcDbSpline
210
0
220
0
230
1
 70
8
 71
1
 72
4
 73
2
 74
0
 40
-52.250000000
 40
-52.250000000
 40
-16.652008819
 40
-16.652008819
 10
162.100000000
 20
393.137138500
 30
0.000000000
 10
162.100000000
 20
428.735129681
 30
-0.000000000
  0
SPLINE
  5
114F
330
A02
100
AcDbEntity
  8
y_upper_sheets
100
AcDbSpline
210
0
220
0
230
1
 70
8
 71
2
 72
6
 73
3
 74
0
 40
-1.767019462
 40
-1.767019462
 40
-1.767019462
 40
-1.644279561
 40
-1.644279561
 40
-1.644279561
 10
162.100000000
 20
428.735129681
 30
-0.000000000
 10
163.263182703
 20
429.911974881
 30
-0.000000000
 10
164.300000000
 20
430.944033888
 30
-0.000000000
  0
SPLINE
  5
1150
330
A02
100
AcDbEntity
  8
y_upper_sheets
100
AcDbSpline
210
0
220
0
230
1
 70
8
 71
1
 72
4
 73
2
 74
0
 40
-52.250000000
 40
-52.250000000
 40
-14.443104612
 40
-14.443104612
 10
164.300000000
 20
393.137138500
 30
0.000000000
 10
164.300000000
 20
430.944033888
 30
-0.000000000
  0
SPLINE
  5
1151
330
A02
100
AcDbEntity
  8
y_upper_sheets
100
AcDbSpline
210
0
220
0
230
1
 70
8
 71
1
 72
4
 73
2
 74
0
 40
7.350000000
 40
7.350000000
 40
8.350000000
 40
8.350000000
 10
165.300000000
 20
393.137138500
 30
0.000000000
 10
164.300000000
 20
393.137138500
 30
0.000000000
  0
SPLINE
  5
1152
330
A02
100
AcDbEntity
  8
y_upper_sheets
100
AcDbSpline
210
0
220
0
230
1
 70
8
 71
1
 72
4
 73
2
 74
0
 40
-7.350000000
 40
-7.350000000
 40
-6.350000000
 40
-6.350000000
 10
165.300000000
 20
393.137138500
 30
0.000000000
 10
166.300000000
 20
393.137138500
 30
0.000000000
  0
SPLINE
  5
1153
330
A02
100
AcDbEntity
  8
y_upper_sheets
100
AcDbSpline
210
0
220
0
230
1
 70
8
 71
1
 72
4
 73
2
 74
0
 40
-52.250000000
 40
-52.250000000
 40
-12.472005400
 40
-12.472005400
 10
166.300000000
 20
393.137138500
 30
0.000000000
 10
166.300000000
 20
432.915133100
 30
-0.000000000
  0
SPLINE
  5
1154
330
A02
100
AcDbEntity
  8
y_upper_sheets
100
AcDbSpline
210
0
220
0
230
1
 70
8
 71
2
 72
6
 73
3
 74
0
 40
-1.519100652
 40
-1.519100652
 40
-1.519100652
 40
-1.362708442
 40
-1.362708442
 40
-1.362708442
 10
166.300000000
 20
432.915133100
 30
-0.000000000
 10
167.476865319
 20
434.061989949
 30
-0.000000000
 10
168.500000000
 20
435.024384360
 30
-0.000000000
  0
SPLINE
  5
1155
330
A02
100
AcDbEntity
  8
y_upper_sheets
100
AcDbSpline
210
0
220
0
230
1
 70
8
 71
1
 72
4
 73
2
 74
0
 40
-52.250000000
 40
-52.250000000
 40
-10.362754140
 40
-10.362754140
 10
168.500000000
 20
393.137138500
 30
0.000000000
 10
168.500000000
 20
435.024384360
 30
-0.000000000
  0
SPLINE
  5
1156
330
A02
100
AcDbEntity
  8
y_upper_sheets
100
AcDbSpline
210
0
220
0
230
1
 70
8
 71
1
 72
4
 73
2
 74
0
 40
5.250000000
 40
5.250000000
 40
6.250000000
 40
6.250000000
 10
169.500000000
 20
393.137138500
 30
0.000000000
 10
168.500000000
 20
393.137138500
 30
0.000000000
  0
SPLINE
  5
1157
330
A02
100
AcDbEntity
  8
y_upper_sheets
100
AcDbSpline
210
0
220
0
230
1
 70
8
 71
1
 72
4
 73
2
 74
0
 40
-5.250000000
 40
-5.250000000
 40
-4.250000000
 40
-4.250000000
 10
169.500000000
 20
393.137138500
 30
0.000000000
 10
170.500000000
 20
393.137138500
 30
0.000000000
  0
SPLINE
  5
1158
330
A02
100
AcDbEntity
  8
y_upper_sheets
100
AcDbSpline
210
0
220
0
230
1
 70
8
 71
1
 72
4
 73
2
 74
0
 40
-52.250000000
 40
-52.250000000
 40
-8.524937331
 40
-8.524937331
 10
170.500000000
 20
393.137138500
 30
0.000000000
 10
170.500000000
 20
436.862201169
 30
-0.000000000
  0
SPLINE
  5
1159
330
A02
100
AcDbEntity
  8
y_upper_sheets
100
AcDbSpline
210
0
220
0
230
1
 70
8
 71
2
 72
6
 73
3
 74
0
 40
-1.199157552
 40
-1.199157552
 40
-1.199157552
 40
-1.036734145
 40
-1.036734145
 40
-1.036734145
 10
170.500000000
 20
436.862201169
 30
-0.000000000
 10
171.423819072
 20
437.688030146
 30
-0.000000000
 10
172.234048674
 20
438.362861500
 30
-0.000000000
  0
SPLINE
  5
115A
330
A02
100
AcDbEntity
  8
y_upper_sheets
100
AcDbSpline
210
0
220
0
230
1
 70
8
 71
1
 72
4
 73
2
 74
0
 40
-7.765951326
 40
-7.765951326
 40
-7.300000000
 40
-7.300000000
 10
172.234048674
 20
438.362861500
 30
-0.000000000
 10
172.700000000
 20
438.362861500
 30
-0.000000000
  0
SPLINE
  5
115B
330
A02
100
AcDbEntity
  8
y_upper_sheets
100
AcDbSpline
210
0
220
0
230
1
 70
8
 71
1
 72
4
 73
2
 74
0
 40
-52.250000000
 40
-52.250000000
 40
-7.024277000
 40
-7.024277000
 10
172.700000000
 20
393.137138500
 30
0.000000000
 10
172.700000000
 20
438.362861500
 30
-0.000000000
  0
SPLINE
  5
115C
330
A02
100
AcDbEntity
  8
y_upper_sheets
100
AcDbSpline
210
0
220
0
230
1
 70
8
 71
1
 72
4
 73
2
 74
0
 40
3.150000000
 40
3.150000000
 40
4.150000000
 40
4.150000000
 10
173.700000000
 20
393.137138500
 30
0.000000000
 10
172.700000000
 20
393.137138500
 30
0.000000000
  0
SPLINE
  5
115D
330
A02
100
AcDbEntity
  8
y_upper_sheets
100
AcDbSpline
210
0
220
0
230
1
 70
8
 71
1
 72
4
 73
2
 74
0
 40
-3.150000000
 40
-3.150000000
 40
-2.150000000
 40
-2.150000000
 10
173.700000000
 20
393.137138500
 30
0.000000000
 10
174.700000000
 20
393.137138500
 30
0.000000000
  0
SPLINE
  5
115E
330
A02
100
AcDbEntity
  8
y_upper_sheets
100
AcDbSpline
210
0
220
0
230
1
 70
8
 71
1
 72
4
 73
2
 74
0
 40
-52.250000000
 40
-52.250000000
 40
-7.024277000
 40
-7.024277000
 10
174.700000000
 20
393.137138500
 30
0.000000000
 10
174.700000000
 20
438.362861500
 30
-0.000000000
  0
SPLINE
  5
115F
330
A02
100
AcDbEntity
  8
y_upper_sheets
100
AcDbSpline
210
0
220
0
230
1
 70
8
 71
1
 72
4
 73
2
 74
0
 40
-5.300000000
 40
-5.300000000
 40
-3.100000000
 40
-3.100000000
 10
174.700000000
 20
438.362861500
 30
-0.000000000
 10
176.900000000
 20
438.362861500
 30
-0.000000000
  0
SPLINE
  5
1160
330
A02
100
AcDbEntity
  8
y_upper_sheets
100
AcDbSpline
210
0
220
0
230
1
 70
8
 71
1
 72
4
 73
2
 74
0
 40
-52.250000000
 40
-52.250000000
 40
-7.024277000
 40
-7.024277000
 10
176.900000000
 20
393.137138500
 30
0.000000000
 10
176.900000000
 20
438.362861500
 30
-0.000000000
  0
SPLINE
  5
1161
330
A02
100
AcDbEntity
  8
y_upper_sheets
100
AcDbSpline
210
0
220
0
230
1
 70
8
 71
1
 72
4
 73
2
 74
0
 40
1.050000000
 40
1.050000000
 40
2.050000000
 40
2.050000000
 10
177.900000000
 20
393.137138500
 30
0.000000000
 10
176.900000000
 20
393.137138500
 30
0.000000000
  0
SPLINE
  5
1162
330
A02
100
AcDbEntity
  8
y_upper_sheets
100
AcDbSpline
210
0
220
0
230
1
 70
8
 71
1
 72
4
 73
2
 74
0
 40
-1.050000000
 40
-1.050000000
 40
-0.050000000
 40
-0.050000000
 10
177.900000000
 20
393.137138500
 30
0.000000000
 10
178.900000000
 20
393.137138500
 30
0.000000000
  0
SPLINE
  5
1163
330
A02
100
AcDbEntity
  8
y_upper_sheets
100
AcDbSpline
210
0
220
0
230
1
 70
8
 71
1
 72
4
 73
2
 74
0
 40
-52.250000000
 40
-52.250000000
 40
-7.024277000
 40
-7.024277000
 10
178.900000000
 20
393.137138500
 30
0.000000000
 10
178.900000000
 20
438.362861500
 30
-0.000000000
  0
SPLINE
  5
1164
330
A02
100
AcDbEntity
  8
y_upper_sheets
100
AcDbSpline
210
0
220
0
230
1
 70
8
 71
1
 72
4
 73
2
 74
0
 40
-1.100000000
 40
-1.100000000
 40
1.100000000
 40
1.100000000
 10
178.900000000
 20
438.362861500
 30
-0.000000000
 10
181.100000000
 20
438.362861500
 30
-0.000000000
  0
SPLINE
  5
1165
330
A02
100
AcDbEntity
  8
y_upper_sheets
100
AcDbSpline
210
0
220
0
230
1
 70
8
 71
1
 72
4
 73
2
 74
0
 40
-52.250000000
 40
-52.250000000
 40
-7.024277000
 40
-7.024277000
 10
181.100000000
 20
393.137138500
 30
0.000000000
 10
181.100000000
 20
438.362861500
 30
-0.000000000
  0
SPLINE
  5
1166
330
A02
100
AcDbEntity
  8
y_upper_sheets
100
AcDbSpline
210
0
220
0
230
1
 70
8
 71
1
 72
4
 73
2
 74
0
 40
-1.050000000
 40
-1.050000000
 40
-0.050000000
 40
-0.050000000
 10
182.100000000
 20
393.137138500
 30
0.000000000
 10
181.100000000
 20
393.137138500
 30
0.000000000
  0
SPLINE
  5
1167
330
A02
100
AcDbEntity
  8
y_upper_sheets
100
AcDbSpline
210
0
220
0
230
1
 70
8
 71
1
 72
4
 73
2
 74
0
 40
1.050000000
 40
1.050000000
 40
2.050000000
 40
2.050000000
 10
182.100000000
 20
393.137138500
 30
0.000000000
 10
183.100000000
 20
393.137138500
 30
0.000000000
  0
SPLINE
  5
1168
330
A02
100
AcDbEntity
  8
y_upper_sheets
100
AcDbSpline
210
0
220
0
230
1
 70
8
 71
1
 72
4
 73
2
 74
0
 40
-52.250000000
 40
-52.250000000
 40
-7.024277000
 40
-7.024277000
 10
183.100000000
 20
393.137138500
 30
0.000000000
 10
183.100000000
 20
438.362861500
 30
-0.000000000
  0
SPLINE
  5
1169
330
A02
100
AcDbEntity
  8
y_upper_sheets
100
AcDbSpline
210
0
220
0
230
1
 70
8
 71
1
 72
4
 73
2
 74
0
 40
3.100000000
 40
3.100000000
 40
5.300000000
 40
5.300000000
 10
183.100000000
 20
438.362861500
 30
-0.000000000
 10
185.300000000
 20
438.362861500
 30
-0.000000000
  0
SPLINE
  5
116A
330
A02
100
AcDbEntity
  8
y_upper_sheets
100
AcDbSpline
210
0
220
0
230
1
 70
8
 71
1
 72
4
 73
2
 74
0
 40
-52.250000000
 40
-52.250000000
 40
-7.024277000
 40
-7.024277000
 10
185.300000000
 20
393.137138500
 30
0.000000000
 10
185.300000000
 20
438.362861500
 30
-0.000000000
  0
SPLINE
  5
116B
330
A02
100
AcDbEntity
  8
y_upper_sheets
100
AcDbSpline
210
0
220
0
230
1
 70
8
 71
1
 72
4
 73
2
 74
0
 40
-3.150000000
 40
-3.150000000
 40
-2.150000000
 40
-2.150000000
 10
186.300000000
 20
393.137138500
 30
0.000000000
 10
185.300000000
 20
393.137138500
 30
0.000000000
  0
SPLINE
  5
116C
330
A02
100
AcDbEntity
  8
y_upper_sheets
100
AcDbSpline
210
0
220
0
230
1
 70
8
 71
1
 72
4
 73
2
 74
0
 40
3.150000000
 40
3.150000000
 40
4.150000000
 40
4.150000000
 10
186.300000000
 20
393.137138500
 30
0.000000000
 10
187.300000000
 20
393.137138500
 30
0.000000000
  0
SPLINE
  5
116D
330
A02
100
AcDbEntity
  8
y_upper_sheets
100
AcDbSpline
210
0
220
0
230
1
 70
8
 71
1
 72
4
 73
2
 74
0
 40
-52.250000000
 40
-52.250000000
 40
-7.024277000
 40
-7.024277000
 10
187.300000000
 20
393.137138500
 30
0.000000000
 10
187.300000000
 20
438.362861500
 30
-0.000000000
  0
SPLINE
  5
116E
330
A02
100
AcDbEntity
  8
y_upper_sheets
100
AcDbSpline
210
0
220
0
230
1
 70
8
 71
1
 72
4
 73
2
 74
0
 40
7.300000000
 40
7.300000000
 40
7.765951326
 40
7.765951326
 10
187.300000000
 20
438.362861500
 30
-0.000000000
 10
187.765951326
 20
438.362861500
 30
-0.000000000
  0
SPLINE
  5
116F
330
A02
100
AcDbEntity
  8
y_upper_sheets
100
AcDbSpline
210
0
220
0
230
1
 70
8
 71
2
 72
6
 73
3
 74
0
 40
1.036734145
 40
1.036734145
 40
1.036734145
 40
1.199157552
 40
1.199157552
 40
1.199157552
 10
187.765951326
 20
438.362861500
 30
-0.000000000
 10
188.576180928
 20
437.688030146
 30
-0.000000000
 10
189.500000000
 20
436.862201169
 30
-0.000000000
  0
SPLINE
  5
1170
330
A02
100
AcDbEntity
  8
y_upper_sheets
100
AcDbSpline
210
0
220
0
230
1
 70
8
 71
1
 72
4
 73
2
 74
0
 40
-52.250000000
 40
-52.250000000
 40
-8.524937331
 40
-8.524937331
 10
189.500000000
 20
393.137138500
 30
0.000000000
 10
189.500000000
 20
436.862201169
 30
-0.000000000
  0
SPLINE
  5
1171
330
A02
100
AcDbEntity
  8
y_upper_sheets
100
AcDbSpline
210
0
220
0
230
1
 70
8
 71
1
 72
4
 73
2
 74
0
 40
-5.250000000
 40
-5.250000000
 40
-4.250000000
 40
-4.250000000
 10
190.500000000
 20
393.137138500
 30
0.000000000
 10
189.500000000
 20
393.137138500
 30
0.000000000
  0
SPLINE
  5
1172
330
A02
100
AcDbEntity
  8
y_upper_sheets
100
AcDbSpline
210
0
220
0
230
1
 70
8
 71
1
 72
4
 73
2
 74
0
 40
5.250000000
 40
5.250000000
 40
6.250000000
 40
6.250000000
 10
190.500000000
 20
393.137138500
 30
0.000000000
 10
191.500000000
 20
393.137138500
 30
0.000000000
  0
SPLINE
  5
1173
330
A02
100
AcDbEntity
  8
y_upper_sheets
100
AcDbSpline
210
0
220
0
230
1
 70
8
 71
1
 72
4
 73
2
 74
0
 40
-52.250000000
 40
-52.250000000
 40
-10.362754140
 40
-10.362754140
 10
191.500000000
 20
393.137138500
 30
0.000000000
 10
191.500000000
 20
435.024384360
 30
-0.000000000
  0
SPLINE
  5
1174
330
A02
100
AcDbEntity
  8
y_upper_sheets
100
AcDbSpline
210
0
220
0
230
1
 70
8
 71
2
 72
6
 73
3
 74
0
 40
1.362708442
 40
1.362708442
 40
1.362708442
 40
1.519100652
 40
1.519100652
 40
1.519100652
 10
191.500000000
 20
435.024384360
 30
-0.000000000
 10
192.523134681
 20
434.061989949
 30
-0.000000000
 10
193.700000000
 20
432.915133100
 30
-0.000000000
  0
SPLINE
  5
1175
330
A02
100
AcDbEntity
  8
y_upper_sheets
100
AcDbSpline
210
0
220
0
230
1
 70
8
 71
1
 72
4
 73
2
 74
0
 40
-52.250000000
 40
-52.250000000
 40
-12.472005400
 40
-12.472005400
 10
193.700000000
 20
393.137138500
 30
0.000000000
 10
193.700000000
 20
432.915133100
 30
-0.000000000
  0
SPLINE
  5
1176
330
A02
100
AcDbEntity
  8
y_upper_sheets
100
AcDbSpline
210
0
220
0
230
1
 70
8
 71
1
 72
4
 73
2
 74
0
 40
-7.350000000
 40
-7.350000000
 40
-6.350000000
 40
-6.350000000
 10
194.700000000
 20
393.137138500
 30
0.000000000
 10
193.700000000
 20
393.137138500
 30
0.000000000
  0
SPLINE
  5
1177
330
A02
100
AcDbEntity
  8
y_upper_sheets
100
AcDbSpline
210
0
220
0
230
1
 70
8
 71
1
 72
4
 73
2
 74
0
 40
7.350000000
 40
7.350000000
 40
8.350000000
 40
8.350000000
 10
194.700000000
 20
393.137138500
 30
0.000000000
 10
195.700000000
 20
393.137138500
 30
0.000000000
  0
SPLINE
  5
1178
330
A02
100
AcDbEntity
  8
y_upper_sheets
100
AcDbSpline
210
0
220
0
230
1
 70
8
 71
1
 72
4
 73
2
 74
0
 40
-52.250000000
 40
-52.250000000
 40
-14.443104612
 40
-14.443104612
 10
195.700000000
 20
393.137138500
 30
0.000000000
 10
195.700000000
 20
430.944033888
 30
-0.000000000
  0
SPLINE
  5
1179
330
A02
100
AcDbEntity
  8
y_upper_sheets
100
AcDbSpline
210
0
220
0
230
1
 70
8
 71
2
 72
6
 73
3
 74
0
 40
1.644279561
 40
1.644279561
 40
1.644279561
 40
1.767019462
 40
1.767019462
 40
1.767019462
 10
195.700000000
 20
430.944033888
 30
-0.000000000
 10
196.736817297
 20
429.911974881
 30
-0.000000000
 10
197.900000000
 20
428.735129681
 30
-0.000000000
  0
SPLINE
  5
117A
330
A02
100
AcDbEntity
  8
y_upper_sheets
100
AcDbSpline
210
0
220
0
230
1
 70
8
 71
1
 72
4
 73
2
 74
0
 40
-52.250000000
 40
-52.250000000
 40
-16.652008819
 40
-16.652008819
 10
197.900000000
 20
393.137138500
 30
0.000000000
 10
197.900000000
 20
428.735129681
 30
-0.000000000
  0
SPLINE
  5
117B
330
A02
100
AcDbEntity
  8
y_upper_sheets
100
AcDbSpline
210
0
220
0
230
1
 70
8
 71
1
 72
4
 73
2
 74
0
 40
-9.450000000
 40
-9.450000000
 40
-8.450000000
 40
-8.450000000
 10
198.900000000
 20
393.137138500
 30
0.000000000
 10
197.900000000
 20
393.137138500
 30
0.000000000
  0
SPLINE
  5
117C
330
A02
100
AcDbEntity
  8
y_upper_sheets
100
AcDbSpline
210
0
220
0
230
1
 70
8
 71
1
 72
4
 73
2
 74
0
 40
9.450000000
 40
9.450000000
 40
10.450000000
 40
10.450000000
 10
198.900000000
 20
393.137138500
 30
0.000000000
 10
199.900000000
 20
393.137138500
 30
0.000000000
  0
SPLINE
  5
117D
330
A02
100
AcDbEntity
  8
y_upper_sheets
100
AcDbSpline
210
0
220
0
230
1
 70
8
 71
1
 72
4
 73
2
 74
0
 40
-52.250000000
 40
-52.250000000
 40
-17.750000000
 40
-17.750000000
 10
199.900000000
 20
393.137138500
 30
0.000000000
 10
199.900000000
 20
427.637138500
 30
-0.000000000
  0
SPLINE
  5
117E
330
A02
100
AcDbEntity
  8
y_upper_sheets
100
AcDbSpline
210
0
220
0
230
1
 70
8
 71
1
 72
4
 73
2
 74
0
 40
19.900000000
 40
19.900000000
 40
25.000000000
 40
25.000000000
 10
199.900000000
 20
427.637138500
 30
-0.000000000
 10
205.000000000
 20
427.637138500
 30
-0.000000000
  0
SPLINE
  5
117F
330
A02
100
AcDbEntity
  8
y_upper_sheets
100
AcDbSpline
210
0
220
0
230
1
 70
8
 71
1
 72
4
 73
2
 74
0
 40
18.000000000
 40
18.000000000
 40
84.000000000
 40
84.000000000
 10
205.000000000
 20
427.637138500
 30
-0.000000000
 10
205.000000000
 20
361.637138500
 30
0.000000000
  0
SPLINE
  5
1180
330
A02
100
AcDbEntity
  8
y_upper_sheets
100
AcDbSpline
210
0
220
0
230
1
 70
8
 71
1
 72
4
 73
2
 74
0
 40
-37.500000000
 40
-37.500000000
 40
12.500000000
 40
12.500000000
 10
205.000000000
 20
361.637138500
 30
0.000000000
 10
155.000000000
 20
361.637138500
 30
0.000000000
  0
SPLINE
  5
1181
330
A02
100
AcDbEntity
  8
y_upper_sheets
100
AcDbSpline
210
0
220
0
230
1
 70
8
 71
1
 72
4
 73
2
 74
0
 40
18.000000000
 40
18.000000000
 40
84.000000000
 40
84.000000000
 10
155.000000000
 20
427.637138500
 30
-0.000000000
 10
155.000000000
 20
361.637138500
 30
0.000000000
  0
SPLINE
  5
1182
330
A02
100
AcDbEntity
  8
y_upper_sheets
100
AcDbSpline
210
0
220
0
230
1
 70
8
 71
1
 72
4
 73
2
 74
0
 40
-25.000000000
 40
-25.000000000
 40
-19.900000000
 40
-19.900000000
 10
215.000000000
 20
427.905281575
 30
-0.000000000
 10
220.100000000
 20
427.905281575
 30
-0.000000000
  0
SPLINE
  5
1183
330
A02
100
AcDbEntity
  8
y_upper_sheets
100
AcDbSpline
210
0
220
0
230
1
 70
8
 71
1
 72
4
 73
2
 74
0
 40
-52.250000000
 40
-52.250000000
 40
-17.750000000
 40
-17.750000000
 10
220.100000000
 20
393.405281575
 30
0.000000000
 10
220.100000000
 20
427.905281575
 30
-0.000000000
  0
SPLINE
  5
1184
330
A02
100
AcDbEntity
  8
y_upper_sheets
100
AcDbSpline
210
0
220
0
230
1
 70
8
 71
1
 72
4
 73
2
 74
0
 40
9.450000000
 40
9.450000000
 40
10.450000000
 40
10.450000000
 10
221.100000000
 20
393.405281575
 30
0.000000000
 10
220.100000000
 20
393.405281575
 30
0.000000000
  0
SPLINE
  5
1185
330
A02
100
AcDbEntity
  8
y_upper_sheets
100
AcDbSpline
210
0
220
0
230
1
 70
8
 71
1
 72
4
 73
2
 74
0
 40
-9.450000000
 40
-9.450000000
 40
-8.450000000
 40
-8.450000000
 10
221.100000000
 20
393.405281575
 30
0.000000000
 10
222.100000000
 20
393.405281575
 30
0.000000000
  0
SPLINE
  5
1186
330
A02
100
AcDbEntity
  8
y_upper_sheets
100
AcDbSpline
210
0
220
0
230
1
 70
8
 71
1
 72
4
 73
2
 74
0
 40
-52.250000000
 40
-52.250000000
 40
-17.750000000
 40
-17.750000000
 10
222.100000000
 20
393.405281575
 30
0.000000000
 10
222.100000000
 20
427.905281575
 30
-0.000000000
  0
SPLINE
  5
1187
330
A02
100
AcDbEntity
  8
y_upper_sheets
100
AcDbSpline
210
0
220
0
230
1
 70
8
 71
1
 72
4
 73
2
 74
0
 40
-17.900000000
 40
-17.900000000
 40
-17.022044531
 40
-17.022044531
 10
222.100000000
 20
427.905281575
 30
-0.000000000
 10
222.977955469
 20
427.905281575
 30
-0.000000000
  0
SPLINE
  5
1188
330
A02
100
AcDbEntity
  8
y_upper_sheets
100
AcDbSpline
210
0
220
0
230
1
 70
8
 71
2
 72
6
 73
3
 74
0
 40
-1.260138276
 40
-1.260138276
 40
-1.260138276
 40
-1.192118882
 40
-1.192118882
 40
-1.192118882
 10
222.977955469
 20
427.905281575
 30
-0.000000000
 10
223.657893532
 20
428.525977992
 30
-0.000000000
 10
224.300000000
 20
429.098451711
 30
-0.000000000
  0
SPLINE
  5
1189
330
A02
100
AcDbEntity
  8
y_upper_sheets
100
AcDbSpline
210
0
220
0
230
1
 70
8
 71
1
 72
4
 73
2
 74
0
 40
-52.250000000
 40
-52.250000000
 40
-16.556829864
 40
-16.556829864
 10
224.300000000
 20
393.405281575
 30
0.000000000
 10
224.300000000
 20
429.098451711
 30
-0.000000000
  0
SPLINE
  5
118A
330
A02
100
AcDbEntity
  8
y_upper_sheets
100
AcDbSpline
210
0
220
0
230
1
 70
8
 71
1
 72
4
 73
2
 74
0
 40
7.350000000
 40
7.350000000
 40
8.350000000
 40
8.350000000
 10
225.300000000
 20
393.405281575
 30
0.000000000
 10
224.300000000
 20
393.405281575
 30
0.000000000
  0
SPLINE
  5
118B
330
A02
100
AcDbEntity
  8
y_upper_sheets
100
AcDbSpline
210
0
220
0
230
1
 70
8
 71
1
 72
4
 73
2
 74
0
 40
-7.350000000
 40
-7.350000000
 40
-6.350000000
 40
-6.350000000
 10
225.300000000
 20
393.405281575
 30
0.000000000
 10
226.300000000
 20
393.405281575
 30
0.000000000
  0
SPLINE
  5
118C
330
A02
100
AcDbEntity
  8
y_upper_sheets
100
AcDbSpline
210
0
220
0
230
1
 70
8
 71
1
 72
4
 73
2
 74
0
 40
-52.250000000
 40
-52.250000000
 40
-14.812158572
 40
-14.812158572
 10
226.300000000
 20
393.405281575
 30
0.000000000
 10
226.300000000
 20
430.843123003
 30
-0.000000000
  0
SPLINE
  5
118D
330
A02
100
AcDbEntity
  8
y_upper_sheets
100
AcDbSpline
210
0
220
0
230
1
 70
8
 71
2
 72
6
 73
3
 74
0
 40
-1.081351106
 40
-1.081351106
 40
-1.081351106
 40
-0.947139926
 40
-0.947139926
 40
-0.947139926
 10
226.300000000
 20
430.843123003
 30
-0.000000000
 10
227.456642656
 20
431.827812861
 30
-0.000000000
 10
228.500000000
 20
432.654190353
 30
-0.000000000
  0
SPLINE
  5
118E
330
A02
100
AcDbEntity
  8
y_upper_sheets
100
AcDbSpline
210
0
220
0
230
1
 70
8
 71
1
 72
4
 73
2
 74
0
 40
-52.250000000
 40
-52.250000000
 40
-13.001091222
 40
-13.001091222
 10
228.500000000
 20
393.405281575
 30
0.000000000
 10
228.500000000
 20
432.654190353
 30
-0.000000000
  0
SPLINE
  5
118F
330
A02
100
AcDbEntity
  8
y_upper_sheets
100
AcDbSpline
210
0
220
0
230
1
 70
8
 71
1
 72
4
 73
2
 74
0
 40
5.250000000
 40
5.250000000
 40
6.250000000
 40
6.250000000
 10
229.500000000
 20
393.405281575
 30
0.000000000
 10
228.500000000
 20
393.405281575
 30
0.000000000
  0
SPLINE
  5
1190
330
A02
100
AcDbEntity
  8
y_upper_sheets
100
AcDbSpline
210
0
220
0
230
1
 70
8
 71
1
 72
4
 73
2
 74
0
 40
-5.250000000
 40
-5.250000000
 40
-4.250000000
 40
-4.250000000
 10
229.500000000
 20
393.405281575
 30
0.000000000
 10
230.500000000
 20
393.405281575
 30
0.000000000
  0
SPLINE
  5
1191
330
A02
100
AcDbEntity
  8
y_upper_sheets
100
AcDbSpline
210
0
220
0
230
1
 70
8
 71
1
 72
4
 73
2
 74
0
 40
-52.250000000
 40
-52.250000000
 40
-11.485965676
 40
-11.485965676
 10
230.500000000
 20
393.405281575
 30
0.000000000
 10
230.500000000
 20
434.169315899
 30
-0.000000000
  0
SPLINE
  5
1192
330
A02
100
AcDbEntity
  8
y_upper_sheets
100
AcDbSpline
210
0
220
0
230
1
 70
8
 71
2
 72
6
 73
3
 74
0
 40
-0.812402244
 40
-0.812402244
 40
-0.812402244
 40
-0.648761098
 40
-0.648761098
 40
-0.648761098
 10
230.500000000
 20
434.169315899
 30
-0.000000000
 10
231.656091656
 20
435.001350064
 30
-0.000000000
 10
232.700000000
 20
435.640377101
 30
-0.000000000
  0
SPLINE
  5
1193
330
A02
100
AcDbEntity
  8
y_upper_sheets
100
AcDbSpline
210
0
220
0
230
1
 70
8
 71
1
 72
4
 73
2
 74
0
 40
-52.250000000
 40
-52.250000000
 40
-10.014904474
 40
-10.014904474
 10
232.700000000
 20
393.405281575
 30
0.000000000
 10
232.700000000
 20
435.640377101
 30
-0.000000000
  0
SPLINE
  5
1194
330
A02
100
AcDbEntity
  8
y_upper_sheets
100
AcDbSpline
210
0
220
0
230
1
 70
8
 71
1
 72
4
 73
2
 74
0
 40
3.150000000
 40
3.150000000
 40
4.150000000
 40
4.150000000
 10
233.700000000
 20
393.405281575
 30
0.000000000
 10
232.700000000
 20
393.405281575
 30
0.000000000
  0
SPLINE
  5
1195
330
A02
100
AcDbEntity
  8
y_upper_sheets
100
AcDbSpline
210
0
220
0
230
1
 70
8
 71
1
 72
4
 73
2
 74
0
 40
-3.150000000
 40
-3.150000000
 40
-2.150000000
 40
-2.150000000
 10
233.700000000
 20
393.405281575
 30
0.000000000
 10
234.700000000
 20
393.405281575
 30
0.000000000
  0
SPLINE
  5
1196
330
A02
100
AcDbEntity
  8
y_upper_sheets
100
AcDbSpline
210
0
220
0
230
1
 70
8
 71
1
 72
4
 73
2
 74
0
 40
-52.250000000
 40
-52.250000000
 40
-8.913937649
 40
-8.913937649
 10
234.700000000
 20
393.405281575
 30
0.000000000
 10
234.700000000
 20
436.741343926
 30
-0.000000000
  0
SPLINE
  5
1197
330
A02
100
AcDbEntity
  8
y_upper_sheets
100
AcDbSpline
210
0
220
0
230
1
 70
8
 71
3
 72
8
 73
4
 74
0
 40
-0.485466941
 40
-0.485466941
 40
-0.485466941
 40
-0.485466941
 40
-0.291108993
 40
-0.291108993
 40
-0.291108993
 40
-0.291108993
 10
234.700000000
 20
436.741343926
 30
-0.000000000
 10
235.463141054
 20
437.110051528
 30
-0.000000000
 10
236.189554415
 20
437.398239065
 30
-0.000000000
 10
236.900000000
 20
437.614142550
 30
-0.000000000
  0
SPLINE
  5
1198
330
A02
100
AcDbEntity
  8
y_upper_sheets
100
AcDbSpline
210
0
220
0
230
1
 70
8
 71
1
 72
4
 73
2
 74
0
 40
-52.250000000
 40
-52.250000000
 40
-8.041139025
 40
-8.041139025
 10
236.900000000
 20
393.405281575
 30
0.000000000
 10
236.900000000
 20
437.614142550
 30
-0.000000000
  0
SPLINE
  5
1199
330
A02
100
AcDbEntity
  8
y_upper_sheets
100
AcDbSpline
210
0
220
0
230
1
 70
8
 71
1
 72
4
 73
2
 74
0
 40
1.050000000
 40
1.050000000
 40
2.050000000
 40
2.050000000
 10
237.900000000
 20
393.405281575
 30
0.000000000
 10
236.900000000
 20
393.405281575
 30
0.000000000
  0
SPLINE
  5
119A
330
A02
100
AcDbEntity
  8
y_upper_sheets
100
AcDbSpline
210
0
220
0
230
1
 70
8
 71
1
 72
4
 73
2
 74
0
 40
-1.050000000
 40
-1.050000000
 40
-0.050000000
 40
-0.050000000
 10
237.900000000
 20
393.405281575
 30
0.000000000
 10
238.900000000
 20
393.405281575
 30
0.000000000
  0
SPLINE
  5
119B
330
A02
100
AcDbEntity
  8
y_upper_sheets
100
AcDbSpline
210
0
220
0
230
1
 70
8
 71
1
 72
4
 73
2
 74
0
 40
-52.250000000
 40
-52.250000000
 40
-7.622195102
 40
-7.622195102
 10
238.900000000
 20
393.405281575
 30
0.000000000
 10
238.900000000
 20
438.033086473
 30
-0.000000000
  0
SPLINE
  5
119C
330
A02
100
AcDbEntity
  8
y_upper_sheets
100
AcDbSpline
210
0
220
0
230
1
 70
8
 71
3
 72
8
 73
4
 74
0
 40
-0.104571217
 40
-0.104571217
 40
-0.104571217
 40
-0.104571217
 40
0.104571217
 40
0.104571217
 40
0.104571217
 40
0.104571217
 10
238.900000000
 20
438.033086473
 30
-0.000000000
 10
239.637339233
 20
438.115294473
 30
-0.000000000
 10
240.362660767
 20
438.115294473
 30
-0.000000000
 10
241.100000000
 20
438.033086473
 30
-0.000000000
  0
SPLINE
  5
119D
330
A02
100
AcDbEntity
  8
y_upper_sheets
100
AcDbSpline
210
0
220
0
230
1
 70
8
 71
1
 72
4
 73
2
 74
0
 40
-52.250000000
 40
-52.250000000
 40
-7.622195102
 40
-7.622195102
 10
241.100000000
 20
393.405281575
 30
0.000000000
 10
241.100000000
 20
438.033086473
 30
-0.000000000
  0
SPLINE
  5
119E
330
A02
100
AcDbEntity
  8
y_upper_sheets
100
AcDbSpline
210
0
220
0
230
1
 70
8
 71
1
 72
4
 73
2
 74
0
 40
-1.050000000
 40
-1.050000000
 40
-0.050000000
 40
-0.050000000
 10
242.100000000
 20
393.405281575
 30
0.000000000
 10
241.100000000
 20
393.405281575
 30
0.000000000
  0
SPLINE
  5
119F
330
A02
100
AcDbEntity
  8
y_upper_sheets
100
AcDbSpline
210
0
220
0
230
1
 70
8
 71
1
 72
4
 73
2
 74
0
 40
1.050000000
 40
1.050000000
 40
2.050000000
 40
2.050000000
 10
242.100000000
 20
393.405281575
 30
0.000000000
 10
243.100000000
 20
393.405281575
 30
0.000000000
  0
SPLINE
  5
11A0
330
A02
100
AcDbEntity
  8
y_upper_sheets
100
AcDbSpline
210
0
220
0
230
1
 70
8
 71
1
 72
4
 73
2
 74
0
 40
-52.250000000
 40
-52.250000000
 40
-8.041139025
 40
-8.041139025
 10
243.100000000
 20
393.405281575
 30
0.000000000
 10
243.100000000
 20
437.614142550
 30
-0.000000000
  0
SPLINE
  5
11A1
330
A02
100
AcDbEntity
  8
y_upper_sheets
100
AcDbSpline
210
0
220
0
230
1
 70
8
 71
3
 72
8
 73
4
 74
0
 40
0.291108993
 40
0.291108993
 40
0.291108993
 40
0.291108993
 40
0.485466941
 40
0.485466941
 40
0.485466941
 40
0.485466941
 10
243.100000000
 20
437.614142550
 30
-0.000000000
 10
243.810445585
 20
437.398239065
 30
-0.000000000
 10
244.536858946
 20
437.110051528
 30
-0.000000000
 10
245.300000000
 20
436.741343926
 30
-0.000000000
  0
SPLINE
  5
11A2
330
A02
100
AcDbEntity
  8
y_upper_sheets
100
AcDbSpline
210
0
220
0
230
1
 70
8
 71
1
 72
4
 73
2
 74
0
 40
-52.250000000
 40
-52.250000000
 40
-8.913937649
 40
-8.913937649
 10
245.300000000
 20
393.405281575
 30
0.000000000
 10
245.300000000
 20
436.741343926
 30
-0.000000000
  0
SPLINE
  5
11A3
330
A02
100
AcDbEntity
  8
y_upper_sheets
100
AcDbSpline
210
0
220
0
230
1
 70
8
 71
1
 72
4
 73
2
 74
0
 40
-3.150000000
 40
-3.150000000
 40
-2.150000000
 40
-2.150000000
 10
246.300000000
 20
393.405281575
 30
0.000000000
 10
245.300000000
 20
393.405281575
 30
0.000000000
  0
SPLINE
  5
11A4
330
A02
100
AcDbEntity
  8
y_upper_sheets
100
AcDbSpline
210
0
220
0
230
1
 70
8
 71
1
 72
4
 73
2
 74
0
 40
3.150000000
 40
3.150000000
 40
4.150000000
 40
4.150000000
 10
246.300000000
 20
393.405281575
 30
0.000000000
 10
247.300000000
 20
393.405281575
 30
0.000000000
  0
SPLINE
  5
11A5
330
A02
100
AcDbEntity
  8
y_upper_sheets
100
AcDbSpline
210
0
220
0
230
1
 70
8
 71
1
 72
4
 73
2
 74
0
 40
-52.250000000
 40
-52.250000000
 40
-10.014904474
 40
-10.014904474
 10
247.300000000
 20
393.405281575
 30
0.000000000
 10
247.300000000
 20
435.640377101
 30
-0.000000000
  0
SPLINE
  5
11A6
330
A02
100
AcDbEntity
  8
y_upper_sheets
100
AcDbSpline
210
0
220
0
230
1
 70
8
 71
2
 72
6
 73
3
 74
0
 40
0.648761098
 40
0.648761098
 40
0.648761098
 40
0.812402244
 40
0.812402244
 40
0.812402244
 10
247.300000000
 20
435.640377101
 30
-0.000000000
 10
248.343908344
 20
435.001350064
 30
-0.000000000
 10
249.500000000
 20
434.169315899
 30
-0.000000000
  0
SPLINE
  5
11A7
330
A02
100
AcDbEntity
  8
y_upper_sheets
100
AcDbSpline
210
0
220
0
230
1
 70
8
 71
1
 72
4
 73
2
 74
0
 40
-52.250000000
 40
-52.250000000
 40
-11.485965676
 40
-11.485965676
 10
249.500000000
 20
393.405281575
 30
0.000000000
 10
249.500000000
 20
434.169315899
 30
-0.000000000
  0
SPLINE
  5
11A8
330
A02
100
AcDbEntity
  8
y_upper_sheets
100
AcDbSpline
210
0
220
0
230
1
 70
8
 71
1
 72
4
 73
2
 74
0
 40
-5.250000000
 40
-5.250000000
 40
-4.250000000
 40
-4.250000000
 10
250.500000000
 20
393.405281575
 30
0.000000000
 10
249.500000000
 20
393.405281575
 30
0.000000000
  0
SPLINE
  5
11A9
330
A02
100
AcDbEntity
  8
y_upper_sheets
100
AcDbSpline
210
0
220
0
230
1
 70
8
 71
1
 72
4
 73
2
 74
0
 40
5.250000000
 40
5.250000000
 40
6.250000000
 40
6.250000000
 10
250.500000000
 20
393.405281575
 30
0.000000000
 10
251.500000000
 20
393.405281575
 30
0.000000000
  0
SPLINE
  5
11AA
330
A02
100
AcDbEntity
  8
y_upper_sheets
100
AcDbSpline
210
0
220
0
230
1
 70
8
 71
1
 72
4
 73
2
 74
0
 40
-52.250000000
 40
-52.250000000
 40
-13.001091222
 40
-13.001091222
 10
251.500000000
 20
393.405281575
 30
0.000000000
 10
251.500000000
 20
432.654190353
 30
-0.000000000
  0
SPLINE
  5
11AB
330
A02
100
AcDbEntity
  8
y_upper_sheets
100
AcDbSpline
210
0
220
0
230
1
 70
8
 71
2
 72
6
 73
3
 74
0
 40
0.947139926
 40
0.947139926
 40
0.947139926
 40
1.081351106
 40
1.081351106
 40
1.081351106
 10
251.500000000
 20
432.654190353
 30
-0.000000000
 10
252.543357344
 20
431.827812861
 30
-0.000000000
 10
253.700000000
 20
430.843123003
 30
-0.000000000
  0
SPLINE
  5
11AC
330
A02
100
AcDbEntity
  8
y_upper_sheets
100
AcDbSpline
210
0
220
0
230
1
 70
8
 71
1
 72
4
 73
2
 74
0
 40
-52.250000000
 40
-52.250000000
 40
-14.812158572
 40
-14.812158572
 10
253.700000000
 20
393.405281575
 30
0.000000000
 10
253.700000000
 20
430.843123003
 30
-0.000000000
  0
SPLINE
  5
11AD
330
A02
100
AcDbEntity
  8
y_upper_sheets
100
AcDbSpline
210
0
220
0
230
1
 70
8
 71
1
 72
4
 73
2
 74
0
 40
-7.350000000
 40
-7.350000000
 40
-6.350000000
 40
-6.350000000
 10
254.700000000
 20
393.405281575
 30
0.000000000
 10
253.700000000
 20
393.405281575
 30
0.000000000
  0
SPLINE
  5
11AE
330
A02
100
AcDbEntity
  8
y_upper_sheets
100
AcDbSpline
210
0
220
0
230
1
 70
8
 71
1
 72
4
 73
2
 74
0
 40
7.350000000
 40
7.350000000
 40
8.350000000
 40
8.350000000
 10
254.700000000
 20
393.405281575
 30
0.000000000
 10
255.700000000
 20
393.405281575
 30
0.000000000
  0
SPLINE
  5
11AF
330
A02
100
AcDbEntity
  8
y_upper_sheets
100
AcDbSpline
210
0
220
0
230
1
 70
8
 71
1
 72
4
 73
2
 74
0
 40
-52.250000000
 40
-52.250000000
 40
-16.556829864
 40
-16.556829864
 10
255.700000000
 20
393.405281575
 30
0.000000000
 10
255.700000000
 20
429.098451711
 30
-0.000000000
  0
SPLINE
  5
11B0
330
A02
100
AcDbEntity
  8
y_upper_sheets
100
AcDbSpline
210
0
220
0
230
1
 70
8
 71
2
 72
6
 73
3
 74
0
 40
1.192118882
 40
1.192118882
 40
1.192118882
 40
1.260138276
 40
1.260138276
 40
1.260138276
 10
255.700000000
 20
429.098451711
 30
-0.000000000
 10
256.342106468
 20
428.525977992
 30
-0.000000000
 10
257.022044531
 20
427.905281575
 30
-0.000000000
  0
SPLINE
  5
11B1
330
A02
100
AcDbEntity
  8
y_upper_sheets
100
AcDbSpline
210
0
220
0
230
1
 70
8
 71
1
 72
4
 73
2
 74
0
 40
17.022044531
 40
17.022044531
 40
17.900000000
 40
17.900000000
 10
257.022044531
 20
427.905281575
 30
-0.000000000
 10
257.900000000
 20
427.905281575
 30
-0.000000000
  0
SPLINE
  5
11B2
330
A02
100
AcDbEntity
  8
y_upper_sheets
100
AcDbSpline
210
0
220
0
230
1
 70
8
 71
1
 72
4
 73
2
 74
0
 40
-52.250000000
 40
-52.250000000
 40
-17.750000000
 40
-17.750000000
 10
257.900000000
 20
393.405281575
 30
0.000000000
 10
257.900000000
 20
427.905281575
 30
-0.000000000
  0
SPLINE
  5
11B3
330
A02
100
AcDbEntity
  8
y_upper_sheets
100
AcDbSpline
210
0
220
0
230
1
 70
8
 71
1
 72
4
 73
2
 74
0
 40
-9.450000000
 40
-9.450000000
 40
-8.450000000
 40
-8.450000000
 10
258.900000000
 20
393.405281575
 30
0.000000000
 10
257.900000000
 20
393.405281575
 30
0.000000000
  0
SPLINE
  5
11B4
330
A02
100
AcDbEntity
  8
y_upper_sheets
100
AcDbSpline
210
0
220
0
230
1
 70
8
 71
1
 72
4
 73
2
 74
0
 40
9.450000000
 40
9.450000000
 40
10.450000000
 40
10.450000000
 10
258.900000000
 20
393.405281575
 30
0.000000000
 10
259.900000000
 20
393.405281575
 30
0.000000000
  0
SPLINE
  5
11B5
330
A02
100
AcDbEntity
  8
y_upper_sheets
100
AcDbSpline
210
0
220
0
230
1
 70
8
 71
1
 72
4
 73
2
 74
0
 40
-52.250000000
 40
-52.250000000
 40
-17.750000000
 40
-17.750000000
 10
259.900000000
 20
393.405281575
 30
0.000000000
 10
259.900000000
 20
427.905281575
 30
-0.000000000
  0
SPLINE
  5
11B6
330
A02
100
AcDbEntity
  8
y_upper_sheets
100
AcDbSpline
210
0
220
0
230
1
 70
8
 71
1
 72
4
 73
2
 74
0
 40
19.900000000
 40
19.900000000
 40
25.000000000
 40
25.000000000
 10
259.900000000
 20
427.905281575
 30
-0.000000000
 10
265.000000000
 20
427.905281575
 30
-0.000000000
  0
SPLINE
  5
11B7
330
A02
100
AcDbEntity
  8
y_upper_sheets
100
AcDbSpline
210
0
220
0
230
1
 70
8
 71
1
 72
4
 73
2
 74
0
 40
18.000000000
 40
18.000000000
 40
84.000000000
 40
84.000000000
 10
265.000000000
 20
427.905281575
 30
-0.000000000
 10
265.000000000
 20
361.905281575
 30
0.000000000
  0
SPLINE
  5
11B8
330
A02
100
AcDbEntity
  8
y_upper_sheets
100
AcDbSpline
210
0
220
0
230
1
 70
8
 71
1
 72
4
 73
2
 74
0
 40
-37.500000000
 40
-37.500000000
 40
12.500000000
 40
12.500000000
 10
265.000000000
 20
361.905281575
 30
0.000000000
 10
215.000000000
 20
361.905281575
 30
0.000000000
  0
SPLINE
  5
11B9
330
A02
100
AcDbEntity
  8
y_upper_sheets
100
AcDbSpline
210
0
220
0
230
1
 70
8
 71
1
 72
4
 73
2
 74
0
 40
18.000000000
 40
18.000000000
 40
84.000000000
 40
84.000000000
 10
215.000000000
 20
427.905281575
 30
-0.000000000
 10
215.000000000
 20
361.905281575
 30
0.000000000
  0
SPLINE
  5
11BA
330
A02
100
AcDbEntity
  8
y_upper_sheets
100
AcDbSpline
210
0
220
0
230
1
 70
8
 71
1
 72
4
 73
2
 74
0
 40
-25.000000000
 40
-25.000000000
 40
-19.900000000
 40
-19.900000000
 10
275.000000000
 20
427.905281575
 30
-0.000000000
 10
280.100000000
 20
427.905281575
 30
-0.000000000
  0
SPLINE
  5
11BB
330
A02
100
AcDbEntity
  8
y_upper_sheets
100
AcDbSpline
210
0
220
0
230
1
 70
8
 71
1
 72
4
 73
2
 74
0
 40
-52.250000000
 40
-52.250000000
 40
-17.750000000
 40
-17.750000000
 10
280.100000000
 20
393.405281575
 30
0.000000000
 10
280.100000000
 20
427.905281575
 30
-0.000000000
  0
SPLINE
  5
11BC
330
A02
100
AcDbEntity
  8
y_upper_sheets
100
AcDbSpline
210
0
220
0
230
1
 70
8
 71
1
 72
4
 73
2
 74
0
 40
9.450000000
 40
9.450000000
 40
10.450000000
 40
10.450000000
 10
281.100000000
 20
393.405281575
 30
0.000000000
 10
280.100000000
 20
393.405281575
 30
0.000000000
  0
SPLINE
  5
11BD
330
A02
100
AcDbEntity
  8
y_upper_sheets
100
AcDbSpline
210
0
220
0
230
1
 70
8
 71
1
 72
4
 73
2
 74
0
 40
-9.450000000
 40
-9.450000000
 40
-8.450000000
 40
-8.450000000
 10
281.100000000
 20
393.405281575
 30
0.000000000
 10
282.100000000
 20
393.405281575
 30
0.000000000
  0
SPLINE
  5
11BE
330
A02
100
AcDbEntity
  8
y_upper_sheets
100
AcDbSpline
210
0
220
0
230
1
 70
8
 71
1
 72
4
 73
2
 74
0
 40
-52.250000000
 40
-52.250000000
 40
-17.750000000
 40
-17.750000000
 10
282.100000000
 20
393.405281575
 30
0.000000000
 10
282.100000000
 20
427.905281575
 30
-0.000000000
  0
SPLINE
  5
11BF
330
A02
100
AcDbEntity
  8
y_upper_sheets
100
AcDbSpline
210
0
220
0
230
1
 70
8
 71
1
 72
4
 73
2
 74
0
 40
-17.900000000
 40
-17.900000000
 40
-17.022044531
 40
-17.022044531
 10
282.100000000
 20
427.905281575
 30
-0.000000000
 10
282.977955469
 20
427.905281575
 30
-0.000000000
  0
SPLINE
  5
11C0
330
A02
100
AcDbEntity
  8
y_upper_sheets
100
AcDbSpline
210
0
220
0
230
1
 70
8
 71
2
 72
6
 73
3
 74
0
 40
-1.260138276
 40
-1.260138276
 40
-1.260138276
 40
-1.192118882
 40
-1.192118882
 40
-1.192118882
 10
282.977955469
 20
427.905281575
 30
-0.000000000
 10
283.657893532
 20
428.525977992
 30
-0.000000000
 10
284.300000000
 20
429.098451711
 30
-0.000000000
  0
SPLINE
  5
11C1
330
A02
100
AcDbEntity
  8
y_upper_sheets
100
AcDbSpline
210
0
220
0
230
1
 70
8
 71
1
 72
4
 73
2
 74
0
 40
-52.250000000
 40
-52.250000000
 40
-16.556829864
 40
-16.556829864
 10
284.300000000
 20
393.405281575
 30
0.000000000
 10
284.300000000
 20
429.098451711
 30
-0.000000000
  0
SPLINE
  5
11C2
330
A02
100
AcDbEntity
  8
y_upper_sheets
100
AcDbSpline
210
0
220
0
230
1
 70
8
 71
1
 72
4
 73
2
 74
0
 40
7.350000000
 40
7.350000000
 40
8.350000000
 40
8.350000000
 10
285.300000000
 20
393.405281575
 30
0.000000000
 10
284.300000000
 20
393.405281575
 30
0.000000000
  0
SPLINE
  5
11C3
330
A02
100
AcDbEntity
  8
y_upper_sheets
100
AcDbSpline
210
0
220
0
230
1
 70
8
 71
1
 72
4
 73
2
 74
0
 40
-7.350000000
 40
-7.350000000
 40
-6.350000000
 40
-6.350000000
 10
285.300000000
 20
393.405281575
 30
0.000000000
 10
286.300000000
 20
393.405281575
 30
0.000000000
  0
SPLINE
  5
11C4
330
A02
100
AcDbEntity
  8
y_upper_sheets
100
AcDbSpline
210
0
220
0
230
1
 70
8
 71
1
 72
4
 73
2
 74
0
 40
-52.250000000
 40
-52.250000000
 40
-14.812158572
 40
-14.812158572
 10
286.300000000
 20
393.405281575
 30
0.000000000
 10
286.300000000
 20
430.843123003
 30
-0.000000000
  0
SPLINE
  5
11C5
330
A02
100
AcDbEntity
  8
y_upper_sheets
100
AcDbSpline
210
0
220
0
230
1
 70
8
 71
2
 72
6
 73
3
 74
0
 40
-1.081351106
 40
-1.081351106
 40
-1.081351106
 40
-0.947139926
 40
-0.947139926
 40
-0.947139926
 10
286.300000000
 20
430.843123003
 30
-0.000000000
 10
287.456642656
 20
431.827812861
 30
-0.000000000
 10
288.500000000
 20
432.654190353
 30
-0.000000000
  0
SPLINE
  5
11C6
330
A02
100
AcDbEntity
  8
y_upper_sheets
100
AcDbSpline
210
0
220
0
230
1
 70
8
 71
1
 72
4
 73
2
 74
0
 40
-52.250000000
 40
-52.250000000
 40
-13.001091222
 40
-13.001091222
 10
288.500000000
 20
393.405281575
 30
0.000000000
 10
288.500000000
 20
432.654190353
 30
-0.000000000
  0
SPLINE
  5
11C7
330
A02
100
AcDbEntity
  8
y_upper_sheets
100
AcDbSpline
210
0
220
0
230
1
 70
8
 71
1
 72
4
 73
2
 74
0
 40
5.250000000
 40
5.250000000
 40
6.250000000
 40
6.250000000
 10
289.500000000
 20
393.405281575
 30
0.000000000
 10
288.500000000
 20
393.405281575
 30
0.000000000
  0
SPLINE
  5
11C8
330
A02
100
AcDbEntity
  8
y_upper_sheets
100
AcDbSpline
210
0
220
0
230
1
 70
8
 71
1
 72
4
 73
2
 74
0
 40
-5.250000000
 40
-5.250000000
 40
-4.250000000
 40
-4.250000000
 10
289.500000000
 20
393.405281575
 30
0.000000000
 10
290.500000000
 20
393.405281575
 30
0.000000000
  0
SPLINE
  5
11C9
330
A02
100
AcDbEntity
  8
y_upper_sheets
100
AcDbSpline
210
0
220
0
230
1
 70
8
 71
1
 72
4
 73
2
 74
0
 40
-52.250000000
 40
-52.250000000
 40
-11.485965676
 40
-11.485965676
 10
290.500000000
 20
393.405281575
 30
0.000000000
 10
290.500000000
 20
434.169315899
 30
-0.000000000
  0
SPLINE
  5
11CA
330
A02
100
AcDbEntity
  8
y_upper_sheets
100
AcDbSpline
210
0
220
0
230
1
 70
8
 71
2
 72
6
 73
3
 74
0
 40
-0.812402244
 40
-0.812402244
 40
-0.812402244
 40
-0.648761098
 40
-0.648761098
 40
-0.648761098
 10
290.500000000
 20
434.169315899
 30
-0.000000000
 10
291.656091656
 20
435.001350064
 30
-0.000000000
 10
292.700000000
 20
435.640377101
 30
-0.000000000
  0
SPLINE
  5
11CB
330
A02
100
AcDbEntity
  8
y_upper_sheets
100
AcDbSpline
210
0
220
0
230
1
 70
8
 71
1
 72
4
 73
2
 74
0
 40
-52.250000000
 40
-52.250000000
 40
-10.014904474
 40
-10.014904474
 10
292.700000000
 20
393.405281575
 30
0.000000000
 10
292.700000000
 20
435.640377101
 30
-0.000000000
  0
SPLINE
  5
11CC
330
A02
100
AcDbEntity
  8
y_upper_sheets
100
AcDbSpline
210
0
220
0
230
1
 70
8
 71
1
 72
4
 73
2
 74
0
 40
3.150000000
 40
3.150000000
 40
4.150000000
 40
4.150000000
 10
293.700000000
 20
393.405281575
 30
0.000000000
 10
292.700000000
 20
393.405281575
 30
0.000000000
  0
SPLINE
  5
11CD
330
A02
100
AcDbEntity
  8
y_upper_sheets
100
AcDbSpline
210
0
220
0
230
1
 70
8
 71
1
 72
4
 73
2
 74
0
 40
-3.150000000
 40
-3.150000000
 40
-2.150000000
 40
-2.150000000
 10
293.700000000
 20
393.405281575
 30
0.000000000
 10
294.700000000
 20
393.405281575
 30
0.000000000
  0
SPLINE
  5
11CE
330
A02
100
AcDbEntity
  8
y_upper_sheets
100
AcDbSpline
210
0
220
0
230
1
 70
8
 71
1
 72
4
 73
2
 74
0
 40
-52.250000000
 40
-52.250000000
 40
-8.913937649
 40
-8.913937649
 10
294.700000000
 20
393.405281575
 30
0.000000000
 10
294.700000000
 20
436.741343926
 30
-0.000000000
  0
SPLINE
  5
11CF
330
A02
100
AcDbEntity
  8
y_upper_sheets
100
AcDbSpline
210
0
220
0
230
1
 70
8
 71
3
 72
8
 73
4
 74
0
 40
-0.485466941
 40
-0.485466941
 40
-0.485466941
 40
-0.485466941
 40
-0.291108993
 40
-0.291108993
 40
-0.291108993
 40
-0.291108993
 10
294.700000000
 20
436.741343926
 30
-0.000000000
 10
295.463141054
 20
437.110051528
 30
-0.000000000
 10
296.189554415
 20
437.398239065
 30
-0.000000000
 10
296.900000000
 20
437.614142550
 30
-0.000000000
  0
SPLINE
  5
11D0
330
A02
100
AcDbEntity
  8
y_upper_sheets
100
AcDbSpline
210
0
220
0
230
1
 70
8
 71
1
 72
4
 73
2
 74
0
 40
-52.250000000
 40
-52.250000000
 40
-8.041139025
 40
-8.041139025
 10
296.900000000
 20
393.405281575
 30
0.000000000
 10
296.900000000
 20
437.614142550
 30
-0.000000000
  0
SPLINE
  5
11D1
330
A02
100
AcDbEntity
  8
y_upper_sheets
100
AcDbSpline
210
0
220
0
230
1
 70
8
 71
1
 72
4
 73
2
 74
0
 40
1.050000000
 40
1.050000000
 40
2.050000000
 40
2.050000000
 10
297.900000000
 20
393.405281575
 30
0.000000000
 10
296.900000000
 20
393.405281575
 30
0.000000000
  0
SPLINE
  5
11D2
330
A02
100
AcDbEntity
  8
y_upper_sheets
100
AcDbSpline
210
0
220
0
230
1
 70
8
 71
1
 72
4
 73
2
 74
0
 40
-1.050000000
 40
-1.050000000
 40
-0.050000000
 40
-0.050000000
 10
297.900000000
 20
393.405281575
 30
0.000000000
 10
298.900000000
 20
393.405281575
 30
0.000000000
  0
SPLINE
  5
11D3
330
A02
100
AcDbEntity
  8
y_upper_sheets
100
AcDbSpline
210
0
220
0
230
1
 70
8
 71
1
 72
4
 73
2
 74
0
 40
-52.250000000
 40
-52.250000000
 40
-7.622195102
 40
-7.622195102
 10
298.900000000
 20
393.405281575
 30
0.000000000
 10
298.900000000
 20
438.033086473
 30
-0.000000000
  0
SPLINE
  5
11D4
330
A02
100
AcDbEntity
  8
y_upper_sheets
100
AcDbSpline
210
0
220
0
230
1
 70
8
 71
3
 72
8
 73
4
 74
0
 40
-0.104571217
 40
-0.104571217
 40
-0.104571217
 40
-0.104571217
 40
0.104571217
 40
0.104571217
 40
0.104571217
 40
0.104571217
 10
298.900000000
 20
438.033086473
 30
-0.000000000
 10
299.637339233
 20
438.115294473
 30
-0.000000000
 10
300.362660767
 20
438.115294473
 30
-0.000000000
 10
301.100000000
 20
438.033086473
 30
-0.000000000
  0
SPLINE
  5
11D5
330
A02
100
AcDbEntity
  8
y_upper_sheets
100
AcDbSpline
210
0
220
0
230
1
 70
8
 71
1
 72
4
 73
2
 74
0
 40
-52.250000000
 40
-52.250000000
 40
-7.622195102
 40
-7.622195102
 10
301.100000000
 20
393.405281575
 30
0.000000000
 10
301.100000000
 20
438.033086473
 30
-0.000000000
  0
SPLINE
  5
11D6
330
A02
100
AcDbEntity
  8
y_upper_sheets
100
AcDbSpline
210
0
220
0
230
1
 70
8
 71
1
 72
4
 73
2
 74
0
 40
-1.050000000
 40
-1.050000000
 40
-0.050000000
 40
-0.050000000
 10
302.100000000
 20
393.405281575
 30
0.000000000
 10
301.100000000
 20
393.405281575
 30
0.000000000
  0
SPLINE
  5
11D7
330
A02
100
AcDbEntity
  8
y_upper_sheets
100
AcDbSpline
210
0
220
0
230
1
 70
8
 71
1
 72
4
 73
2
 74
0
 40
1.050000000
 40
1.050000000
 40
2.050000000
 40
2.050000000
 10
302.100000000
 20
393.405281575
 30
0.000000000
 10
303.100000000
 20
393.405281575
 30
0.000000000
  0
SPLINE
  5
11D8
330
A02
100
AcDbEntity
  8
y_upper_sheets
100
AcDbSpline
210
0
220
0
230
1
 70
8
 71
1
 72
4
 73
2
 74
0
 40
-52.250000000
 40
-52.250000000
 40
-8.041139025
 40
-8.041139025
 10
303.100000000
 20
393.405281575
 30
0.000000000
 10
303.100000000
 20
437.614142550
 30
-0.000000000
  0
SPLINE
  5
11D9
330
A02
100
AcDbEntity
  8
y_upper_sheets
100
AcDbSpline
210
0
220
0
230
1
 70
8
 71
3
 72
8
 73
4
 74
0
 40
0.291108993
 40
0.291108993
 40
0.291108993
 40
0.291108993
 40
0.485466941
 40
0.485466941
 40
0.485466941
 40
0.485466941
 10
303.100000000
 20
437.614142550
 30
-0.000000000
 10
303.810445585
 20
437.398239065
 30
-0.000000000
 10
304.536858946
 20
437.110051528
 30
-0.000000000
 10
305.300000000
 20
436.741343926
 30
-0.000000000
  0
SPLINE
  5
11DA
330
A02
100
AcDbEntity
  8
y_upper_sheets
100
AcDbSpline
210
0
220
0
230
1
 70
8
 71
1
 72
4
 73
2
 74
0
 40
-52.250000000
 40
-52.250000000
 40
-8.913937649
 40
-8.913937649
 10
305.300000000
 20
393.405281575
 30
0.000000000
 10
305.300000000
 20
436.741343926
 30
-0.000000000
  0
SPLINE
  5
11DB
330
A02
100
AcDbEntity
  8
y_upper_sheets
100
AcDbSpline
210
0
220
0
230
1
 70
8
 71
1
 72
4
 73
2
 74
0
 40
-3.150000000
 40
-3.150000000
 40
-2.150000000
 40
-2.150000000
 10
306.300000000
 20
393.405281575
 30
0.000000000
 10
305.300000000
 20
393.405281575
 30
0.000000000
  0
SPLINE
  5
11DC
330
A02
100
AcDbEntity
  8
y_upper_sheets
100
AcDbSpline
210
0
220
0
230
1
 70
8
 71
1
 72
4
 73
2
 74
0
 40
3.150000000
 40
3.150000000
 40
4.150000000
 40
4.150000000
 10
306.300000000
 20
393.405281575
 30
0.000000000
 10
307.300000000
 20
393.405281575
 30
0.000000000
  0
SPLINE
  5
11DD
330
A02
100
AcDbEntity
  8
y_upper_sheets
100
AcDbSpline
210
0
220
0
230
1
 70
8
 71
1
 72
4
 73
2
 74
0
 40
-52.250000000
 40
-52.250000000
 40
-10.014904474
 40
-10.014904474
 10
307.300000000
 20
393.405281575
 30
0.000000000
 10
307.300000000
 20
435.640377101
 30
-0.000000000
  0
SPLINE
  5
11DE
330
A02
100
AcDbEntity
  8
y_upper_sheets
100
AcDbSpline
210
0
220
0
230
1
 70
8
 71
2
 72
6
 73
3
 74
0
 40
0.648761098
 40
0.648761098
 40
0.648761098
 40
0.812402244
 40
0.812402244
 40
0.812402244
 10
307.300000000
 20
435.640377101
 30
-0.000000000
 10
308.343908344
 20
435.001350064
 30
-0.000000000
 10
309.500000000
 20
434.169315899
 30
-0.000000000
  0
SPLINE
  5
11DF
330
A02
100
AcDbEntity
  8
y_upper_sheets
100
AcDbSpline
210
0
220
0
230
1
 70
8
 71
1
 72
4
 73
2
 74
0
 40
-52.250000000
 40
-52.250000000
 40
-11.485965676
 40
-11.485965676
 10
309.500000000
 20
393.405281575
 30
0.000000000
 10
309.500000000
 20
434.169315899
 30
-0.000000000
  0
SPLINE
  5
11E0
330
A02
100
AcDbEntity
  8
y_upper_sheets
100
AcDbSpline
210
0
220
0
230
1
 70
8
 71
1
 72
4
 73
2
 74
0
 40
-5.250000000
 40
-5.250000000
 40
-4.250000000
 40
-4.250000000
 10
310.500000000
 20
393.405281575
 30
0.000000000
 10
309.500000000
 20
393.405281575
 30
0.000000000
  0
SPLINE
  5
11E1
330
A02
100
AcDbEntity
  8
y_upper_sheets
100
AcDbSpline
210
0
220
0
230
1
 70
8
 71
1
 72
4
 73
2
 74
0
 40
5.250000000
 40
5.250000000
 40
6.250000000
 40
6.250000000
 10
310.500000000
 20
393.405281575
 30
0.000000000
 10
311.500000000
 20
393.405281575
 30
0.000000000
  0
SPLINE
  5
11E2
330
A02
100
AcDbEntity
  8
y_upper_sheets
100
AcDbSpline
210
0
220
0
230
1
 70
8
 71
1
 72
4
 73
2
 74
0
 40
-52.250000000
 40
-52.250000000
 40
-13.001091222
 40
-13.001091222
 10
311.500000000
 20
393.405281575
 30
0.000000000
 10
311.500000000
 20
432.654190353
 30
-0.000000000
  0
SPLINE
  5
11E3
330
A02
100
AcDbEntity
  8
y_upper_sheets
100
AcDbSpline
210
0
220
0
230
1
 70
8
 71
2
 72
6
 73
3
 74
0
 40
0.947139926
 40
0.947139926
 40
0.947139926
 40
1.081351106
 40
1.081351106
 40
1.081351106
 10
311.500000000
 20
432.654190353
 30
-0.000000000
 10
312.543357344
 20
431.827812861
 30
-0.000000000
 10
313.700000000
 20
430.843123003
 30
-0.000000000
  0
SPLINE
  5
11E4
330
A02
100
AcDbEntity
  8
y_upper_sheets
100
AcDbSpline
210
0
220
0
230
1
 70
8
 71
1
 72
4
 73
2
 74
0
 40
-52.250000000
 40
-52.250000000
 40
-14.812158572
 40
-14.812158572
 10
313.700000000
 20
393.405281575
 30
0.000000000
 10
313.700000000
 20
430.843123003
 30
-0.000000000
  0
SPLINE
  5
11E5
330
A02
100
AcDbEntity
  8
y_upper_sheets
100
AcDbSpline
210
0
220
0
230
1
 70
8
 71
1
 72
4
 73
2
 74
0
 40
-7.350000000
 40
-7.350000000
 40
-6.350000000
 40
-6.350000000
 10
314.700000000
 20
393.405281575
 30
0.000000000
 10
313.700000000
 20
393.405281575
 30
0.000000000
  0
SPLINE
  5
11E6
330
A02
100
AcDbEntity
  8
y_upper_sheets
100
AcDbSpline
210
0
220
0
230
1
 70
8
 71
1
 72
4
 73
2
 74
0
 40
7.350000000
 40
7.350000000
 40
8.350000000
 40
8.350000000
 10
314.700000000
 20
393.405281575
 30
0.000000000
 10
315.700000000
 20
393.405281575
 30
0.000000000
  0
SPLINE
  5
11E7
330
A02
100
AcDbEntity
  8
y_upper_sheets
100
AcDbSpline
210
0
220
0
230
1
 70
8
 71
1
 72
4
 73
2
 74
0
 40
-52.250000000
 40
-52.250000000
 40
-16.556829864
 40
-16.556829864
 10
315.700000000
 20
393.405281575
 30
0.000000000
 10
315.700000000
 20
429.098451711
 30
-0.000000000
  0
SPLINE
  5
11E8
330
A02
100
AcDbEntity
  8
y_upper_sheets
100
AcDbSpline
210
0
220
0
230
1
 70
8
 71
2
 72
6
 73
3
 74
0
 40
1.192118882
 40
1.192118882
 40
1.192118882
 40
1.260138276
 40
1.260138276
 40
1.260138276
 10
315.700000000
 20
429.098451711
 30
-0.000000000
 10
316.342106468
 20
428.525977992
 30
-0.000000000
 10
317.022044531
 20
427.905281575
 30
-0.000000000
  0
SPLINE
  5
11E9
330
A02
100
AcDbEntity
  8
y_upper_sheets
100
AcDbSpline
210
0
220
0
230
1
 70
8
 71
1
 72
4
 73
2
 74
0
 40
17.022044531
 40
17.022044531
 40
17.900000000
 40
17.900000000
 10
317.022044531
 20
427.905281575
 30
-0.000000000
 10
317.900000000
 20
427.905281575
 30
-0.000000000
  0
SPLINE
  5
11EA
330
A02
100
AcDbEntity
  8
y_upper_sheets
100
AcDbSpline
210
0
220
0
230
1
 70
8
 71
1
 72
4
 73
2
 74
0
 40
-52.250000000
 40
-52.250000000
 40
-17.750000000
 40
-17.750000000
 10
317.900000000
 20
393.405281575
 30
0.000000000
 10
317.900000000
 20
427.905281575
 30
-0.000000000
  0
SPLINE
  5
11EB
330
A02
100
AcDbEntity
  8
y_upper_sheets
100
AcDbSpline
210
0
220
0
230
1
 70
8
 71
1
 72
4
 73
2
 74
0
 40
-9.450000000
 40
-9.450000000
 40
-8.450000000
 40
-8.450000000
 10
318.900000000
 20
393.405281575
 30
0.000000000
 10
317.900000000
 20
393.405281575
 30
0.000000000
  0
SPLINE
  5
11EC
330
A02
100
AcDbEntity
  8
y_upper_sheets
100
AcDbSpline
210
0
220
0
230
1
 70
8
 71
1
 72
4
 73
2
 74
0
 40
9.450000000
 40
9.450000000
 40
10.450000000
 40
10.450000000
 10
318.900000000
 20
393.405281575
 30
0.000000000
 10
319.900000000
 20
393.405281575
 30
0.000000000
  0
SPLINE
  5
11ED
330
A02
100
AcDbEntity
  8
y_upper_sheets
100
AcDbSpline
210
0
220
0
230
1
 70
8
 71
1
 72
4
 73
2
 74
0
 40
-52.250000000
 40
-52.250000000
 40
-17.750000000
 40
-17.750000000
 10
319.900000000
 20
393.405281575
 30
0.000000000
 10
319.900000000
 20
427.905281575
 30
-0.000000000
  0
SPLINE
  5
11EE
330
A02
100
AcDbEntity
  8
y_upper_sheets
100
AcDbSpline
210
0
220
0
230
1
 70
8
 71
1
 72
4
 73
2
 74
0
 40
19.900000000
 40
19.900000000
 40
25.000000000
 40
25.000000000
 10
319.900000000
 20
427.905281575
 30
-0.000000000
 10
325.000000000
 20
427.905281575
 30
-0.000000000
  0
SPLINE
  5
11EF
330
A02
100
AcDbEntity
  8
y_upper_sheets
100
AcDbSpline
210
0
220
0
230
1
 70
8
 71
1
 72
4
 73
2
 74
0
 40
18.000000000
 40
18.000000000
 40
84.000000000
 40
84.000000000
 10
325.000000000
 20
427.905281575
 30
-0.000000000
 10
325.000000000
 20
361.905281575
 30
0.000000000
  0
SPLINE
  5
11F0
330
A02
100
AcDbEntity
  8
y_upper_sheets
100
AcDbSpline
210
0
220
0
230
1
 70
8
 71
1
 72
4
 73
2
 74
0
 40
-37.500000000
 40
-37.500000000
 40
12.500000000
 40
12.500000000
 10
325.000000000
 20
361.905281575
 30
0.000000000
 10
275.000000000
 20
361.905281575
 30
0.000000000
  0
SPLINE
  5
11F1
330
A02
100
AcDbEntity
  8
y_upper_sheets
100
AcDbSpline
210
0
220
0
230
1
 70
8
 71
1
 72
4
 73
2
 74
0
 40
18.000000000
 40
18.000000000
 40
84.000000000
 40
84.000000000
 10
275.000000000
 20
427.905281575
 30
-0.000000000
 10
275.000000000
 20
361.905281575
 30
0.000000000
  0
SPLINE
  5
11F2
330
A02
100
AcDbEntity
  8
y_upper_sheets
100
AcDbSpline
210
0
220
0
230
1
 70
8
 71
1
 72
4
 73
2
 74
0
 40
-25.000000000
 40
-25.000000000
 40
-19.900000000
 40
-19.900000000
 10
335.000000000
 20
430.157683405
 30
-0.000000000
 10
340.100000000
 20
430.157683405
 30
-0.000000000
  0
SPLINE
  5
11F3
330
A02
100
AcDbEntity
  8
y_upper_sheets
100
AcDbSpline
210
0
220
0
230
1
 70
8
 71
1
 72
4
 73
2
 74
0
 40
-52.250000000
 40
-52.250000000
 40
-17.750000000
 40
-17.750000000
 10
340.100000000
 20
395.657683405
 30
0.000000000
 10
340.100000000
 20
430.157683405
 30
-0.000000000
  0
SPLINE
  5
11F4
330
A02
100
AcDbEntity
  8
y_upper_sheets
100
AcDbSpline
210
0
220
0
230
1
 70
8
 71
1
 72
4
 73
2
 74
0
 40
9.450000000
 40
9.450000000
 40
10.450000000
 40
10.450000000
 10
341.100000000
 20
395.657683405
 30
0.000000000
 10
340.100000000
 20
395.657683405
 30
0.000000000
  0
SPLINE
  5
11F5
330
A02
100
AcDbEntity
  8
y_upper_sheets
100
AcDbSpline
210
0
220
0
230
1
 70
8
 71
1
 72
4
 73
2
 74
0
 40
-9.450000000
 40
-9.450000000
 40
-8.450000000
 40
-8.450000000
 10
341.100000000
 20
395.657683405
 30
0.000000000
 10
342.100000000
 20
395.657683405
 30
0.000000000
  0
SPLINE
  5
11F6
330
A02
100
AcDbEntity
  8
y_upper_sheets
100
AcDbSpline
210
0
220
0
230
1
 70
8
 71
1
 72
4
 73
2
 74
0
 40
-52.250000000
 40
-52.250000000
 40
-17.750000000
 40
-17.750000000
 10
342.100000000
 20
395.657683405
 30
0.000000000
 10
342.100000000
 20
430.157683405
 30
-0.000000000
  0
SPLINE
  5
11F7
330
A02
100
AcDbEntity
  8
y_upper_sheets
100
AcDbSpline
210
0
220
0
230
1
 70
8
 71
1
 72
4
 73
2
 74
0
 40
-17.900000000
 40
-17.900000000
 40
-15.700000000
 40
-15.700000000
 10
342.100000000
 20
430.157683405
 30
-0.000000000
 10
344.300000000
 20
430.157683405
 30
-0.000000000
  0
SPLINE
  5
11F8
330
A02
100
AcDbEntity
  8
y_upper_sheets
100
AcDbSpline
210
0
220
0
230
1
 70
8
 71
1
 72
4
 73
2
 74
0
 40
-52.250000000
 40
-52.250000000
 40
-17.750000000
 40
-17.750000000
 10
344.300000000
 20
395.657683405
 30
0.000000000
 10
344.300000000
 20
430.157683405
 30
-0.000000000
  0
SPLINE
  5
11F9
330
A02
100
AcDbEntity
  8
y_upper_sheets
100
AcDbSpline
210
0
220
0
230
1
 70
8
 71
1
 72
4
 73
2
 74
0
 40
7.350000000
 40
7.350000000
 40
8.350000000
 40
8.350000000
 10
345.300000000
 20
395.657683405
 30
0.000000000
 10
344.300000000
 20
395.657683405
 30
0.000000000
  0
SPLINE
  5
11FA
330
A02
100
AcDbEntity
  8
y_upper_sheets
100
AcDbSpline
210
0
220
0
230
1
 70
8
 71
1
 72
4
 73
2
 74
0
 40
-7.350000000
 40
-7.350000000
 40
-6.350000000
 40
-6.350000000
 10
345.300000000
 20
395.657683405
 30
0.000000000
 10
346.300000000
 20
395.657683405
 30
0.000000000
  0
SPLINE
  5
11FB
330
A02
100
AcDbEntity
  8
y_upper_sheets
100
AcDbSpline
210
0
220
0
230
1
 70
8
 71
1
 72
4
 73
2
 74
0
 40
-52.250000000
 40
-52.250000000
 40
-17.750000000
 40
-17.750000000
 10
346.300000000
 20
395.657683405
 30
0.000000000
 10
346.300000000
 20
430.157683405
 30
-0.000000000
  0
SPLINE
  5
11FC
330
A02
100
AcDbEntity
  8
y_upper_sheets
100
AcDbSpline
210
0
220
0
230
1
 70
8
 71
1
 72
4
 73
2
 74
0
 40
-13.700000000
 40
-13.700000000
 40
-13.561342116
 40
-13.561342116
 10
346.300000000
 20
430.157683405
 30
-0.000000000
 10
346.438657884
 20
430.157683405
 30
-0.000000000
  0
SPLINE
  5
11FD
330
A02
100
AcDbEntity
  8
y_upper_sheets
100
AcDbSpline
210
0
220
0
230
1
 70
8
 71
2
 72
6
 73
3
 74
0
 40
-0.825527379
 40
-0.825527379
 40
-0.825527379
 40
-0.718797318
 40
-0.718797318
 40
-0.718797318
 10
346.438657884
 20
430.157683405
 30
-0.000000000
 10
347.504975448
 20
430.933217441
 30
-0.000000000
 10
348.500000000
 20
431.590780679
 30
-0.000000000
  0
SPLINE
  5
11FE
330
A02
100
AcDbEntity
  8
y_upper_sheets
100
AcDbSpline
210
0
220
0
230
1
 70
8
 71
1
 72
4
 73
2
 74
0
 40
-52.250000000
 40
-52.250000000
 40
-16.316902726
 40
-16.316902726
 10
348.500000000
 20
395.657683405
 30
0.000000000
 10
348.500000000
 20
431.590780679
 30
-0.000000000
  0
SPLINE
  5
11FF
330
A02
100
AcDbEntity
  8
y_upper_sheets
100
AcDbSpline
210
0
220
0
230
1
 70
8
 71
1
 72
4
 73
2
 74
0
 40
5.250000000
 40
5.250000000
 40
6.250000000
 40
6.250000000
 10
349.500000000
 20
395.657683405
 30
0.000000000
 10
348.500000000
 20
395.657683405
 30
0.000000000
  0
SPLINE
  5
1200
330
A02
100
AcDbEntity
  8
y_upper_sheets
100
AcDbSpline
210
0
220
0
230
1
 70
8
 71
1
 72
4
 73
2
 74
0
 40
-5.250000000
 40
-5.250000000
 40
-4.250000000
 40
-4.250000000
 10
349.500000000
 20
395.657683405
 30
0.000000000
 10
350.500000000
 20
395.657683405
 30
0.000000000
  0
SPLINE
  5
1201
330
A02
100
AcDbEntity
  8
y_upper_sheets
100
AcDbSpline
210
0
220
0
230
1
 70
8
 71
1
 72
4
 73
2
 74
0
 40
-52.250000000
 40
-52.250000000
 40
-15.071327090
 40
-15.071327090
 10
350.500000000
 20
395.657683405
 30
0.000000000
 10
350.500000000
 20
432.836356315
 30
-0.000000000
  0
SPLINE
  5
1202
330
A02
100
AcDbEntity
  8
y_upper_sheets
100
AcDbSpline
210
0
220
0
230
1
 70
8
 71
2
 72
6
 73
3
 74
0
 40
-0.608084599
 40
-0.608084599
 40
-0.608084599
 40
-0.478167488
 40
-0.478167488
 40
-0.478167488
 10
350.500000000
 20
432.836356315
 30
-0.000000000
 10
351.635387876
 20
433.497410225
 30
-0.000000000
 10
352.700000000
 20
434.005214885
 30
-0.000000000
  0
SPLINE
  5
1203
330
A02
100
AcDbEntity
  8
y_upper_sheets
100
AcDbSpline
210
0
220
0
230
1
 70
8
 71
1
 72
4
 73
2
 74
0
 40
-52.250000000
 40
-52.250000000
 40
-13.902468520
 40
-13.902468520
 10
352.700000000
 20
395.657683405
 30
0.000000000
 10
352.700000000
 20
434.005214885
 30
-0.000000000
  0
SPLINE
  5
1204
330
A02
100
AcDbEntity
  8
y_upper_sheets
100
AcDbSpline
210
0
220
0
230
1
 70
8
 71
1
 72
4
 73
2
 74
0
 40
3.150000000
 40
3.150000000
 40
4.150000000
 40
4.150000000
 10
353.700000000
 20
395.657683405
 30
0.000000000
 10
352.700000000
 20
395.657683405
 30
0.000000000
  0
SPLINE
  5
1205
330
A02
100
AcDbEntity
  8
y_upper_sheets
100
AcDbSpline
210
0
220
0
230
1
 70
8
 71
1
 72
4
 73
2
 74
0
 40
-3.150000000
 40
-3.150000000
 40
-2.150000000
 40
-2.150000000
 10
353.700000000
 20
395.657683405
 30
0.000000000
 10
354.700000000
 20
395.657683405
 30
0.000000000
  0
SPLINE
  5
1206
330
A02
100
AcDbEntity
  8
y_upper_sheets
100
AcDbSpline
210
0
220
0
230
1
 70
8
 71
1
 72
4
 73
2
 74
0
 40
-52.250000000
 40
-52.250000000
 40
-13.058847574
 40
-13.058847574
 10
354.700000000
 20
395.657683405
 30
0.000000000
 10
354.700000000
 20
434.848835831
 30
-0.000000000
  0
SPLINE
  5
1207
330
A02
100
AcDbEntity
  8
y_upper_sheets
100
AcDbSpline
210
0
220
0
230
1
 70
8
 71
2
 72
6
 73
3
 74
0
 40
-0.353157333
 40
-0.353157333
 40
-0.353157333
 40
-0.209351749
 40
-0.209351749
 40
-0.209351749
 10
354.700000000
 20
434.848835831
 30
-0.000000000
 10
355.821671370
 20
435.256998900
 30
-0.000000000
 10
356.900000000
 20
435.495537653
 30
-0.000000000
  0
SPLINE
  5
1208
330
A02
100
AcDbEntity
  8
y_upper_sheets
100
AcDbSpline
210
0
220
0
230
1
 70
8
 71
1
 72
4
 73
2
 74
0
 40
-52.250000000
 40
-52.250000000
 40
-12.412145752
 40
-12.412145752
 10
356.900000000
 20
395.657683405
 30
0.000000000
 10
356.900000000
 20
435.495537653
 30
-0.000000000
  0
SPLINE
  5
1209
330
A02
100
AcDbEntity
  8
y_upper_sheets
100
AcDbSpline
210
0
220
0
230
1
 70
8
 71
1
 72
4
 73
2
 74
0
 40
1.050000000
 40
1.050000000
 40
2.050000000
 40
2.050000000
 10
357.900000000
 20
395.657683405
 30
0.000000000
 10
356.900000000
 20
395.657683405
 30
0.000000000
  0
SPLINE
  5
120A
330
A02
100
AcDbEntity
  8
y_upper_sheets
100
AcDbSpline
210
0
220
0
230
1
 70
8
 71
1
 72
4
 73
2
 74
0
 40
-1.050000000
 40
-1.050000000
 40
-0.050000000
 40
-0.050000000
 10
357.900000000
 20
395.657683405
 30
0.000000000
 10
358.900000000
 20
395.657683405
 30
0.000000000
  0
SPLINE
  5
120B
330
A02
100
AcDbEntity
  8
y_upper_sheets
100
AcDbSpline
210
0
220
0
230
1
 70
8
 71
1
 72
4
 73
2
 74
0
 40
-52.250000000
 40
-52.250000000
 40
-12.109448469
 40
-12.109448469
 10
358.900000000
 20
395.657683405
 30
0.000000000
 10
358.900000000
 20
435.798234936
 30
-0.000000000
  0
SPLINE
  5
120C
330
A02
100
AcDbEntity
  8
y_upper_sheets
100
AcDbSpline
210
0
220
0
230
1
 70
8
 71
2
 72
6
 73
3
 74
0
 40
-0.074760272
 40
-0.074760272
 40
-0.074760272
 40
0.074760272
 40
0.074760272
 40
0.074760272
 10
358.900000000
 20
435.798234936
 30
-0.000000000
 10
360.000000000
 20
435.886415844
 30
-0.000000000
 10
361.100000000
 20
435.798234936
 30
-0.000000000
  0
SPLINE
  5
120D
330
A02
100
AcDbEntity
  8
y_upper_sheets
100
AcDbSpline
210
0
220
0
230
1
 70
8
 71
1
 72
4
 73
2
 74
0
 40
-52.250000000
 40
-52.250000000
 40
-12.109448469
 40
-12.109448469
 10
361.100000000
 20
395.657683405
 30
0.000000000
 10
361.100000000
 20
435.798234936
 30
-0.000000000
  0
SPLINE
  5
120E
330
A02
100
AcDbEntity
  8
y_upper_sheets
100
AcDbSpline
210
0
220
0
230
1
 70
8
 71
1
 72
4
 73
2
 74
0
 40
-1.050000000
 40
-1.050000000
 40
-0.050000000
 40
-0.050000000
 10
362.100000000
 20
395.657683405
 30
0.000000000
 10
361.100000000
 20
395.657683405
 30
0.000000000
  0
SPLINE
  5
120F
330
A02
100
AcDbEntity
  8
y_upper_sheets
100
AcDbSpline
210
0
220
0
230
1
 70
8
 71
1
 72
4
 73
2
 74
0
 40
1.050000000
 40
1.050000000
 40
2.050000000
 40
2.050000000
 10
362.100000000
 20
395.657683405
 30
0.000000000
 10
363.100000000
 20
395.657683405
 30
0.000000000
  0
SPLINE
  5
1210
330
A02
100
AcDbEntity
  8
y_upper_sheets
100
AcDbSpline
210
0
220
0
230
1
 70
8
 71
1
 72
4
 73
2
 74
0
 40
-52.250000000
 40
-52.250000000
 40
-12.412145752
 40
-12.412145752
 10
363.100000000
 20
395.657683405
 30
0.000000000
 10
363.100000000
 20
435.495537653
 30
-0.000000000
  0
SPLINE
  5
1211
330
A02
100
AcDbEntity
  8
y_upper_sheets
100
AcDbSpline
210
0
220
0
230
1
 70
8
 71
2
 72
6
 73
3
 74
0
 40
0.209351749
 40
0.209351749
 40
0.209351749
 40
0.353157333
 40
0.353157333
 40
0.353157333
 10
363.100000000
 20
435.495537653
 30
-0.000000000
 10
364.178328630
 20
435.256998900
 30
-0.000000000
 10
365.300000000
 20
434.848835831
 30
-0.000000000
  0
SPLINE
  5
1212
330
A02
100
AcDbEntity
  8
y_upper_sheets
100
AcDbSpline
210
0
220
0
230
1
 70
8
 71
1
 72
4
 73
2
 74
0
 40
-52.250000000
 40
-52.250000000
 40
-13.058847574
 40
-13.058847574
 10
365.300000000
 20
395.657683405
 30
0.000000000
 10
365.300000000
 20
434.848835831
 30
-0.000000000
  0
SPLINE
  5
1213
330
A02
100
AcDbEntity
  8
y_upper_sheets
100
AcDbSpline
210
0
220
0
230
1
 70
8
 71
1
 72
4
 73
2
 74
0
 40
-3.150000000
 40
-3.150000000
 40
-2.150000000
 40
-2.150000000
 10
366.300000000
 20
395.657683405
 30
0.000000000
 10
365.300000000
 20
395.657683405
 30
0.000000000
  0
SPLINE
  5
1214
330
A02
100
AcDbEntity
  8
y_upper_sheets
100
AcDbSpline
210
0
220
0
230
1
 70
8
 71
1
 72
4
 73
2
 74
0
 40
3.150000000
 40
3.150000000
 40
4.150000000
 40
4.150000000
 10
366.300000000
 20
395.657683405
 30
0.000000000
 10
367.300000000
 20
395.657683405
 30
0.000000000
  0
SPLINE
  5
1215
330
A02
100
AcDbEntity
  8
y_upper_sheets
100
AcDbSpline
210
0
220
0
230
1
 70
8
 71
1
 72
4
 73
2
 74
0
 40
-52.250000000
 40
-52.250000000
 40
-13.902468520
 40
-13.902468520
 10
367.300000000
 20
395.657683405
 30
0.000000000
 10
367.300000000
 20
434.005214885
 30
-0.000000000
  0
SPLINE
  5
1216
330
A02
100
AcDbEntity
  8
y_upper_sheets
100
AcDbSpline
210
0
220
0
230
1
 70
8
 71
2
 72
6
 73
3
 74
0
 40
0.478167488
 40
0.478167488
 40
0.478167488
 40
0.608084599
 40
0.608084599
 40
0.608084599
 10
367.300000000
 20
434.005214885
 30
-0.000000000
 10
368.364612124
 20
433.497410225
 30
-0.000000000
 10
369.500000000
 20
432.836356315
 30
-0.000000000
  0
SPLINE
  5
1217
330
A02
100
AcDbEntity
  8
y_upper_sheets
100
AcDbSpline
210
0
220
0
230
1
 70
8
 71
1
 72
4
 73
2
 74
0
 40
-52.250000000
 40
-52.250000000
 40
-15.071327090
 40
-15.071327090
 10
369.500000000
 20
395.657683405
 30
0.000000000
 10
369.500000000
 20
432.836356315
 30
-0.000000000
  0
SPLINE
  5
1218
330
A02
100
AcDbEntity
  8
y_upper_sheets
100
AcDbSpline
210
0
220
0
230
1
 70
8
 71
1
 72
4
 73
2
 74
0
 40
-5.250000000
 40
-5.250000000
 40
-4.250000000
 40
-4.250000000
 10
370.500000000
 20
395.657683405
 30
0.000000000
 10
369.500000000
 20
395.657683405
 30
0.000000000
  0
SPLINE
  5
1219
330
A02
100
AcDbEntity
  8
y_upper_sheets
100
AcDbSpline
210
0
220
0
230
1
 70
8
 71
1
 72
4
 73
2
 74
0
 40
5.250000000
 40
5.250000000
 40
6.250000000
 40
6.250000000
 10
370.500000000
 20
395.657683405
 30
0.000000000
 10
371.500000000
 20
395.657683405
 30
0.000000000
  0
SPLINE
  5
121A
330
A02
100
AcDbEntity
  8
y_upper_sheets
100
AcDbSpline
210
0
220
0
230
1
 70
8
 71
1
 72
4
 73
2
 74
0
 40
-52.250000000
 40
-52.250000000
 40
-16.316902726
 40
-16.316902726
 10
371.500000000
 20
395.657683405
 30
0.000000000
 10
371.500000000
 20
431.590780679
 30
-0.000000000
  0
SPLINE
  5
121B
330
A02
100
AcDbEntity
  8
y_upper_sheets
100
AcDbSpline
210
0
220
0
230
1
 70
8
 71
2
 72
6
 73
3
 74
0
 40
0.718797318
 40
0.718797318
 40
0.718797318
 40
0.825527379
 40
0.825527379
 40
0.825527379
 10
371.500000000
 20
431.590780679
 30
-0.000000000
 10
372.495024552
 20
430.933217441
 30
-0.000000000
 10
373.561342116
 20
430.157683405
 30
-0.000000000
  0
SPLINE
  5
121C
330
A02
100
AcDbEntity
  8
y_upper_sheets
100
AcDbSpline
210
0
220
0
230
1
 70
8
 71
1
 72
4
 73
2
 74
0
 40
13.561342116
 40
13.561342116
 40
13.700000000
 40
13.700000000
 10
373.561342116
 20
430.157683405
 30
-0.000000000
 10
373.700000000
 20
430.157683405
 30
-0.000000000
  0
SPLINE
  5
121D
330
A02
100
AcDbEntity
  8
y_upper_sheets
100
AcDbSpline
210
0
220
0
230
1
 70
8
 71
1
 72
4
 73
2
 74
0
 40
-52.250000000
 40
-52.250000000
 40
-17.750000000
 40
-17.750000000
 10
373.700000000
 20
395.657683405
 30
0.000000000
 10
373.700000000
 20
430.157683405
 30
-0.000000000
  0
SPLINE
  5
121E
330
A02
100
AcDbEntity
  8
y_upper_sheets
100
AcDbSpline
210
0
220
0
230
1
 70
8
 71
1
 72
4
 73
2
 74
0
 40
-7.350000000
 40
-7.350000000
 40
-6.350000000
 40
-6.350000000
 10
374.700000000
 20
395.657683405
 30
0.000000000
 10
373.700000000
 20
395.657683405
 30
0.000000000
  0
SPLINE
  5
121F
330
A02
100
AcDbEntity
  8
y_upper_sheets
100
AcDbSpline
210
0
220
0
230
1
 70
8
 71
1
 72
4
 73
2
 74
0
 40
7.350000000
 40
7.350000000
 40
8.350000000
 40
8.350000000
 10
374.700000000
 20
395.657683405
 30
0.000000000
 10
375.700000000
 20
395.657683405
 30
0.000000000
  0
SPLINE
  5
1220
330
A02
100
AcDbEntity
  8
y_upper_sheets
100
AcDbSpline
210
0
220
0
230
1
 70
8
 71
1
 72
4
 73
2
 74
0
 40
-52.250000000
 40
-52.250000000
 40
-17.750000000
 40
-17.750000000
 10
375.700000000
 20
395.657683405
 30
0.000000000
 10
375.700000000
 20
430.157683405
 30
-0.000000000
  0
SPLINE
  5
1221
330
A02
100
AcDbEntity
  8
y_upper_sheets
100
AcDbSpline
210
0
220
0
230
1
 70
8
 71
1
 72
4
 73
2
 74
0
 40
15.700000000
 40
15.700000000
 40
17.900000000
 40
17.900000000
 10
375.700000000
 20
430.157683405
 30
-0.000000000
 10
377.900000000
 20
430.157683405
 30
-0.000000000
  0
SPLINE
  5
1222
330
A02
100
AcDbEntity
  8
y_upper_sheets
100
AcDbSpline
210
0
220
0
230
1
 70
8
 71
1
 72
4
 73
2
 74
0
 40
-52.250000000
 40
-52.250000000
 40
-17.750000000
 40
-17.750000000
 10
377.900000000
 20
395.657683405
 30
0.000000000
 10
377.900000000
 20
430.157683405
 30
-0.000000000
  0
SPLINE
  5
1223
330
A02
100
AcDbEntity
  8
y_upper_sheets
100
AcDbSpline
210
0
220
0
230
1
 70
8
 71
1
 72
4
 73
2
 74
0
 40
-9.450000000
 40
-9.450000000
 40
-8.450000000
 40
-8.450000000
 10
378.900000000
 20
395.657683405
 30
0.000000000
 10
377.900000000
 20
395.657683405
 30
0.000000000
  0
SPLINE
  5
1224
330
A02
100
AcDbEntity
  8
y_upper_sheets
100
AcDbSpline
210
0
220
0
230
1
 70
8
 71
1
 72
4
 73
2
 74
0
 40
9.450000000
 40
9.450000000
 40
10.450000000
 40
10.450000000
 10
378.900000000
 20
395.657683405
 30
0.000000000
 10
379.900000000
 20
395.657683405
 30
0.000000000
  0
SPLINE
  5
1225
330
A02
100
AcDbEntity
  8
y_upper_sheets
100
AcDbSpline
210
0
220
0
230
1
 70
8
 71
1
 72
4
 73
2
 74
0
 40
-52.250000000
 40
-52.250000000
 40
-17.750000000
 40
-17.750000000
 10
379.900000000
 20
395.657683405
 30
0.000000000
 10
379.900000000
 20
430.157683405
 30
-0.000000000
  0
SPLINE
  5
1226
330
A02
100
AcDbEntity
  8
y_upper_sheets
100
AcDbSpline
210
0
220
0
230
1
 70
8
 71
1
 72
4
 73
2
 74
0
 40
19.900000000
 40
19.900000000
 40
25.000000000
 40
25.000000000
 10
379.900000000
 20
430.157683405
 30
-0.000000000
 10
385.000000000
 20
430.157683405
 30
-0.000000000
  0
SPLINE
  5
1227
330
A02
100
AcDbEntity
  8
y_upper_sheets
100
AcDbSpline
210
0
220
0
230
1
 70
8
 71
1
 72
4
 73
2
 74
0
 40
18.000000000
 40
18.000000000
 40
84.000000000
 40
84.000000000
 10
385.000000000
 20
430.157683405
 30
-0.000000000
 10
385.000000000
 20
364.157683405
 30
0.000000000
  0
SPLINE
  5
1228
330
A02
100
AcDbEntity
  8
y_upper_sheets
100
AcDbSpline
210
0
220
0
230
1
 70
8
 71
1
 72
4
 73
2
 74
0
 40
-37.500000000
 40
-37.500000000
 40
12.500000000
 40
12.500000000
 10
385.000000000
 20
364.157683405
 30
0.000000000
 10
335.000000000
 20
364.157683405
 30
0.000000000
  0
SPLINE
  5
1229
330
A02
100
AcDbEntity
  8
y_upper_sheets
100
AcDbSpline
210
0
220
0
230
1
 70
8
 71
1
 72
4
 73
2
 74
0
 40
18.000000000
 40
18.000000000
 40
84.000000000
 40
84.000000000
 10
335.000000000
 20
430.157683405
 30
-0.000000000
 10
335.000000000
 20
364.157683405
 30
0.000000000
  0
SPLINE
  5
122A
330
A02
100
AcDbEntity
  8
y_upper_sheets
100
AcDbSpline
210
0
220
0
230
1
 70
8
 71
1
 72
4
 73
2
 74
0
 40
-25.000000000
 40
-25.000000000
 40
-19.900000000
 40
-19.900000000
 10
395.000000000
 20
430.157683405
 30
-0.000000000
 10
400.100000000
 20
430.157683405
 30
-0.000000000
  0
SPLINE
  5
122B
330
A02
100
AcDbEntity
  8
y_upper_sheets
100
AcDbSpline
210
0
220
0
230
1
 70
8
 71
1
 72
4
 73
2
 74
0
 40
-52.250000000
 40
-52.250000000
 40
-17.750000000
 40
-17.750000000
 10
400.100000000
 20
395.657683405
 30
0.000000000
 10
400.100000000
 20
430.157683405
 30
-0.000000000
  0
SPLINE
  5
122C
330
A02
100
AcDbEntity
  8
y_upper_sheets
100
AcDbSpline
210
0
220
0
230
1
 70
8
 71
1
 72
4
 73
2
 74
0
 40
9.450000000
 40
9.450000000
 40
10.450000000
 40
10.450000000
 10
401.100000000
 20
395.657683405
 30
0.000000000
 10
400.100000000
 20
395.657683405
 30
0.000000000
  0
SPLINE
  5
122D
330
A02
100
AcDbEntity
  8
y_upper_sheets
100
AcDbSpline
210
0
220
0
230
1
 70
8
 71
1
 72
4
 73
2
 74
0
 40
-9.450000000
 40
-9.450000000
 40
-8.450000000
 40
-8.450000000
 10
401.100000000
 20
395.657683405
 30
0.000000000
 10
402.100000000
 20
395.657683405
 30
0.000000000
  0
SPLINE
  5
122E
330
A02
100
AcDbEntity
  8
y_upper_sheets
100
AcDbSpline
210
0
220
0
230
1
 70
8
 71
1
 72
4
 73
2
 74
0
 40
-52.250000000
 40
-52.250000000
 40
-17.750000000
 40
-17.750000000
 10
402.100000000
 20
395.657683405
 30
0.000000000
 10
402.100000000
 20
430.157683405
 30
-0.000000000
  0
SPLINE
  5
122F
330
A02
100
AcDbEntity
  8
y_upper_sheets
100
AcDbSpline
210
0
220
0
230
1
 70
8
 71
1
 72
4
 73
2
 74
0
 40
-17.900000000
 40
-17.900000000
 40
-15.700000000
 40
-15.700000000
 10
402.100000000
 20
430.157683405
 30
-0.000000000
 10
404.300000000
 20
430.157683405
 30
-0.000000000
  0
SPLINE
  5
1230
330
A02
100
AcDbEntity
  8
y_upper_sheets
100
AcDbSpline
210
0
220
0
230
1
 70
8
 71
1
 72
4
 73
2
 74
0
 40
-52.250000000
 40
-52.250000000
 40
-17.750000000
 40
-17.750000000
 10
404.300000000
 20
395.657683405
 30
0.000000000
 10
404.300000000
 20
430.157683405
 30
-0.000000000
  0
SPLINE
  5
1231
330
A02
100
AcDbEntity
  8
y_upper_sheets
100
AcDbSpline
210
0
220
0
230
1
 70
8
 71
1
 72
4
 73
2
 74
0
 40
7.350000000
 40
7.350000000
 40
8.350000000
 40
8.350000000
 10
405.300000000
 20
395.657683405
 30
0.000000000
 10
404.300000000
 20
395.657683405
 30
0.000000000
  0
SPLINE
  5
1232
330
A02
100
AcDbEntity
  8
y_upper_sheets
100
AcDbSpline
210
0
220
0
230
1
 70
8
 71
1
 72
4
 73
2
 74
0
 40
-7.350000000
 40
-7.350000000
 40
-6.350000000
 40
-6.350000000
 10
405.300000000
 20
395.657683405
 30
0.000000000
 10
406.300000000
 20
395.657683405
 30
0.000000000
  0
SPLINE
  5
1233
330
A02
100
AcDbEntity
  8
y_upper_sheets
100
AcDbSpline
210
0
220
0
230
1
 70
8
 71
1
 72
4
 73
2
 74
0
 40
-52.250000000
 40
-52.250000000
 40
-17.750000000
 40
-17.750000000
 10
406.300000000
 20
395.657683405
 30
0.000000000
 10
406.300000000
 20
430.157683405
 30
-0.000000000
  0
SPLINE
  5
1234
330
A02
100
AcDbEntity
  8
y_upper_sheets
100
AcDbSpline
210
0
220
0
230
1
 70
8
 71
1
 72
4
 73
2
 74
0
 40
-13.700000000
 40
-13.700000000
 40
-13.561342116
 40
-13.561342116
 10
406.300000000
 20
430.157683405
 30
-0.000000000
 10
406.438657884
 20
430.157683405
 30
-0.000000000
  0
SPLINE
  5
1235
330
A02
100
AcDbEntity
  8
y_upper_sheets
100
AcDbSpline
210
0
220
0
230
1
 70
8
 71
2
 72
6
 73
3
 74
0
 40
-0.825527379
 40
-0.825527379
 40
-0.825527379
 40
-0.718797318
 40
-0.718797318
 40
-0.718797318
 10
406.438657884
 20
430.157683405
 30
-0.000000000
 10
407.504975448
 20
430.933217441
 30
-0.000000000
 10
408.500000000
 20
431.590780679
 30
-0.000000000
  0
SPLINE
  5
1236
330
A02
100
AcDbEntity
  8
y_upper_sheets
100
AcDbSpline
210
0
220
0
230
1
 70
8
 71
1
 72
4
 73
2
 74
0
 40
-52.250000000
 40
-52.250000000
 40
-16.316902726
 40
-16.316902726
 10
408.500000000
 20
395.657683405
 30
0.000000000
 10
408.500000000
 20
431.590780679
 30
-0.000000000
  0
SPLINE
  5
1237
330
A02
100
AcDbEntity
  8
y_upper_sheets
100
AcDbSpline
210
0
220
0
230
1
 70
8
 71
1
 72
4
 73
2
 74
0
 40
5.250000000
 40
5.250000000
 40
6.250000000
 40
6.250000000
 10
409.500000000
 20
395.657683405
 30
0.000000000
 10
408.500000000
 20
395.657683405
 30
0.000000000
  0
SPLINE
  5
1238
330
A02
100
AcDbEntity
  8
y_upper_sheets
100
AcDbSpline
210
0
220
0
230
1
 70
8
 71
1
 72
4
 73
2
 74
0
 40
-5.250000000
 40
-5.250000000
 40
-4.250000000
 40
-4.250000000
 10
409.500000000
 20
395.657683405
 30
0.000000000
 10
410.500000000
 20
395.657683405
 30
0.000000000
  0
SPLINE
  5
1239
330
A02
100
AcDbEntity
  8
y_upper_sheets
100
AcDbSpline
210
0
220
0
230
1
 70
8
 71
1
 72
4
 73
2
 74
0
 40
-52.250000000
 40
-52.250000000
 40
-15.071327090
 40
-15.071327090
 10
410.500000000
 20
395.657683405
 30
0.000000000
 10
410.500000000
 20
432.836356315
 30
-0.000000000
  0
SPLINE
  5
123A
330
A02
100
AcDbEntity
  8
y_upper_sheets
100
AcDbSpline
210
0
220
0
230
1
 70
8
 71
2
 72
6
 73
3
 74
0
 40
-0.608084599
 40
-0.608084599
 40
-0.608084599
 40
-0.478167488
 40
-0.478167488
 40
-0.478167488
 10
410.500000000
 20
432.836356315
 30
-0.000000000
 10
411.635387876
 20
433.497410225
 30
-0.000000000
 10
412.700000000
 20
434.005214885
 30
-0.000000000
  0
SPLINE
  5
123B
330
A02
100
AcDbEntity
  8
y_upper_sheets
100
AcDbSpline
210
0
220
0
230
1
 70
8
 71
1
 72
4
 73
2
 74
0
 40
-52.250000000
 40
-52.250000000
 40
-13.902468520
 40
-13.902468520
 10
412.700000000
 20
395.657683405
 30
0.000000000
 10
412.700000000
 20
434.005214885
 30
-0.000000000
  0
SPLINE
  5
123C
330
A02
100
AcDbEntity
  8
y_upper_sheets
100
AcDbSpline
210
0
220
0
230
1
 70
8
 71
1
 72
4
 73
2
 74
0
 40
3.150000000
 40
3.150000000
 40
4.150000000
 40
4.150000000
 10
413.700000000
 20
395.657683405
 30
0.000000000
 10
412.700000000
 20
395.657683405
 30
0.000000000
  0
SPLINE
  5
123D
330
A02
100
AcDbEntity
  8
y_upper_sheets
100
AcDbSpline
210
0
220
0
230
1
 70
8
 71
1
 72
4
 73
2
 74
0
 40
-3.150000000
 40
-3.150000000
 40
-2.150000000
 40
-2.150000000
 10
413.700000000
 20
395.657683405
 30
0.000000000
 10
414.700000000
 20
395.657683405
 30
0.000000000
  0
SPLINE
  5
123E
330
A02
100
AcDbEntity
  8
y_upper_sheets
100
AcDbSpline
210
0
220
0
230
1
 70
8
 71
1
 72
4
 73
2
 74
0
 40
-52.250000000
 40
-52.250000000
 40
-13.058847574
 40
-13.058847574
 10
414.700000000
 20
395.657683405
 30
0.000000000
 10
414.700000000
 20
434.848835831
 30
-0.000000000
  0
SPLINE
  5
123F
330
A02
100
AcDbEntity
  8
y_upper_sheets
100
AcDbSpline
210
0
220
0
230
1
 70
8
 71
2
 72
6
 73
3
 74
0
 40
-0.353157333
 40
-0.353157333
 40
-0.353157333
 40
-0.209351749
 40
-0.209351749
 40
-0.209351749
 10
414.700000000
 20
434.848835831
 30
-0.000000000
 10
415.821671370
 20
435.256998900
 30
-0.000000000
 10
416.900000000
 20
435.495537653
 30
-0.000000000
  0
SPLINE
  5
1240
330
A02
100
AcDbEntity
  8
y_upper_sheets
100
AcDbSpline
210
0
220
0
230
1
 70
8
 71
1
 72
4
 73
2
 74
0
 40
-52.250000000
 40
-52.250000000
 40
-12.412145752
 40
-12.412145752
 10
416.900000000
 20
395.657683405
 30
0.000000000
 10
416.900000000
 20
435.495537653
 30
-0.000000000
  0
SPLINE
  5
1241
330
A02
100
AcDbEntity
  8
y_upper_sheets
100
AcDbSpline
210
0
220
0
230
1
 70
8
 71
1
 72
4
 73
2
 74
0
 40
1.050000000
 40
1.050000000
 40
2.050000000
 40
2.050000000
 10
417.900000000
 20
395.657683405
 30
0.000000000
 10
416.900000000
 20
395.657683405
 30
0.000000000
  0
SPLINE
  5
1242
330
A02
100
AcDbEntity
  8
y_upper_sheets
100
AcDbSpline
210
0
220
0
230
1
 70
8
 71
1
 72
4
 73
2
 74
0
 40
-1.050000000
 40
-1.050000000
 40
-0.050000000
 40
-0.050000000
 10
417.900000000
 20
395.657683405
 30
0.000000000
 10
418.900000000
 20
395.657683405
 30
0.000000000
  0
SPLINE
  5
1243
330
A02
100
AcDbEntity
  8
y_upper_sheets
100
AcDbSpline
210
0
220
0
230
1
 70
8
 71
1
 72
4
 73
2
 74
0
 40
-52.250000000
 40
-52.250000000
 40
-12.109448469
 40
-12.109448469
 10
418.900000000
 20
395.657683405
 30
0.000000000
 10
418.900000000
 20
435.798234936
 30
-0.000000000
  0
SPLINE
  5
1244
330
A02
100
AcDbEntity
  8
y_upper_sheets
100
AcDbSpline
210
0
220
0
230
1
 70
8
 71
2
 72
6
 73
3
 74
0
 40
-0.074760272
 40
-0.074760272
 40
-0.074760272
 40
0.074760272
 40
0.074760272
 40
0.074760272
 10
418.900000000
 20
435.798234936
 30
-0.000000000
 10
420.000000000
 20
435.886415844
 30
-0.000000000
 10
421.100000000
 20
435.798234936
 30
-0.000000000
  0
SPLINE
  5
1245
330
A02
100
AcDbEntity
  8
y_upper_sheets
100
AcDbSpline
210
0
220
0
230
1
 70
8
 71
1
 72
4
 73
2
 74
0
 40
-52.250000000
 40
-52.250000000
 40
-12.109448469
 40
-12.109448469
 10
421.100000000
 20
395.657683405
 30
0.000000000
 10
421.100000000
 20
435.798234936
 30
-0.000000000
  0
SPLINE
  5
1246
330
A02
100
AcDbEntity
  8
y_upper_sheets
100
AcDbSpline
210
0
220
0
230
1
 70
8
 71
1
 72
4
 73
2
 74
0
 40
-1.050000000
 40
-1.050000000
 40
-0.050000000
 40
-0.050000000
 10
422.100000000
 20
395.657683405
 30
0.000000000
 10
421.100000000
 20
395.657683405
 30
0.000000000
  0
SPLINE
  5
1247
330
A02
100
AcDbEntity
  8
y_upper_sheets
100
AcDbSpline
210
0
220
0
230
1
 70
8
 71
1
 72
4
 73
2
 74
0
 40
1.050000000
 40
1.050000000
 40
2.050000000
 40
2.050000000
 10
422.100000000
 20
395.657683405
 30
0.000000000
 10
423.100000000
 20
395.657683405
 30
0.000000000
  0
SPLINE
  5
1248
330
A02
100
AcDbEntity
  8
y_upper_sheets
100
AcDbSpline
210
0
220
0
230
1
 70
8
 71
1
 72
4
 73
2
 74
0
 40
-52.250000000
 40
-52.250000000
 40
-12.412145752
 40
-12.412145752
 10
423.100000000
 20
395.657683405
 30
0.000000000
 10
423.100000000
 20
435.495537653
 30
-0.000000000
  0
SPLINE
  5
1249
330
A02
100
AcDbEntity
  8
y_upper_sheets
100
AcDbSpline
210
0
220
0
230
1
 70
8
 71
2
 72
6
 73
3
 74
0
 40
0.209351749
 40
0.209351749
 40
0.209351749
 40
0.353157333
 40
0.353157333
 40
0.353157333
 10
423.100000000
 20
435.495537653
 30
-0.000000000
 10
424.178328630
 20
435.256998900
 30
-0.000000000
 10
425.300000000
 20
434.848835831
 30
-0.000000000
  0
SPLINE
  5
124A
330
A02
100
AcDbEntity
  8
y_upper_sheets
100
AcDbSpline
210
0
220
0
230
1
 70
8
 71
1
 72
4
 73
2
 74
0
 40
-52.250000000
 40
-52.250000000
 40
-13.058847574
 40
-13.058847574
 10
425.300000000
 20
395.657683405
 30
0.000000000
 10
425.300000000
 20
434.848835831
 30
-0.000000000
  0
SPLINE
  5
124B
330
A02
100
AcDbEntity
  8
y_upper_sheets
100
AcDbSpline
210
0
220
0
230
1
 70
8
 71
1
 72
4
 73
2
 74
0
 40
-3.150000000
 40
-3.150000000
 40
-2.150000000
 40
-2.150000000
 10
426.300000000
 20
395.657683405
 30
0.000000000
 10
425.300000000
 20
395.657683405
 30
0.000000000
  0
SPLINE
  5
124C
330
A02
100
AcDbEntity
  8
y_upper_sheets
100
AcDbSpline
210
0
220
0
230
1
 70
8
 71
1
 72
4
 73
2
 74
0
 40
3.150000000
 40
3.150000000
 40
4.150000000
 40
4.150000000
 10
426.300000000
 20
395.657683405
 30
0.000000000
 10
427.300000000
 20
395.657683405
 30
0.000000000
  0
SPLINE
  5
124D
330
A02
100
AcDbEntity
  8
y_upper_sheets
100
AcDbSpline
210
0
220
0
230
1
 70
8
 71
1
 72
4
 73
2
 74
0
 40
-52.250000000
 40
-52.250000000
 40
-13.902468520
 40
-13.902468520
 10
427.300000000
 20
395.657683405
 30
0.000000000
 10
427.300000000
 20
434.005214885
 30
-0.000000000
  0
SPLINE
  5
124E
330
A02
100
AcDbEntity
  8
y_upper_sheets
100
AcDbSpline
210
0
220
0
230
1
 70
8
 71
2
 72
6
 73
3
 74
0
 40
0.478167488
 40
0.478167488
 40
0.478167488
 40
0.608084599
 40
0.608084599
 40
0.608084599
 10
427.300000000
 20
434.005214885
 30
-0.000000000
 10
428.364612124
 20
433.497410225
 30
-0.000000000
 10
429.500000000
 20
432.836356315
 30
-0.000000000
  0
SPLINE
  5
124F
330
A02
100
AcDbEntity
  8
y_upper_sheets
100
AcDbSpline
210
0
220
0
230
1
 70
8
 71
1
 72
4
 73
2
 74
0
 40
-52.250000000
 40
-52.250000000
 40
-15.071327090
 40
-15.071327090
 10
429.500000000
 20
395.657683405
 30
0.000000000
 10
429.500000000
 20
432.836356315
 30
-0.000000000
  0
SPLINE
  5
1250
330
A02
100
AcDbEntity
  8
y_upper_sheets
100
AcDbSpline
210
0
220
0
230
1
 70
8
 71
1
 72
4
 73
2
 74
0
 40
-5.250000000
 40
-5.250000000
 40
-4.250000000
 40
-4.250000000
 10
430.500000000
 20
395.657683405
 30
0.000000000
 10
429.500000000
 20
395.657683405
 30
0.000000000
  0
SPLINE
  5
1251
330
A02
100
AcDbEntity
  8
y_upper_sheets
100
AcDbSpline
210
0
220
0
230
1
 70
8
 71
1
 72
4
 73
2
 74
0
 40
5.250000000
 40
5.250000000
 40
6.250000000
 40
6.250000000
 10
430.500000000
 20
395.657683405
 30
0.000000000
 10
431.500000000
 20
395.657683405
 30
0.000000000
  0
SPLINE
  5
1252
330
A02
100
AcDbEntity
  8
y_upper_sheets
100
AcDbSpline
210
0
220
0
230
1
 70
8
 71
1
 72
4
 73
2
 74
0
 40
-52.250000000
 40
-52.250000000
 40
-16.316902726
 40
-16.316902726
 10
431.500000000
 20
395.657683405
 30
0.000000000
 10
431.500000000
 20
431.590780679
 30
-0.000000000
  0
SPLINE
  5
1253
330
A02
100
AcDbEntity
  8
y_upper_sheets
100
AcDbSpline
210
0
220
0
230
1
 70
8
 71
2
 72
6
 73
3
 74
0
 40
0.718797318
 40
0.718797318
 40
0.718797318
 40
0.825527379
 40
0.825527379
 40
0.825527379
 10
431.500000000
 20
431.590780679
 30
-0.000000000
 10
432.495024552
 20
430.933217441
 30
-0.000000000
 10
433.561342116
 20
430.157683405
 30
-0.000000000
  0
SPLINE
  5
1254
330
A02
100
AcDbEntity
  8
y_upper_sheets
100
AcDbSpline
210
0
220
0
230
1
 70
8
 71
1
 72
4
 73
2
 74
0
 40
13.561342116
 40
13.561342116
 40
13.700000000
 40
13.700000000
 10
433.561342116
 20
430.157683405
 30
-0.000000000
 10
433.700000000
 20
430.157683405
 30
-0.000000000
  0
SPLINE
  5
1255
330
A02
100
AcDbEntity
  8
y_upper_sheets
100
AcDbSpline
210
0
220
0
230
1
 70
8
 71
1
 72
4
 73
2
 74
0
 40
-52.250000000
 40
-52.250000000
 40
-17.750000000
 40
-17.750000000
 10
433.700000000
 20
395.657683405
 30
0.000000000
 10
433.700000000
 20
430.157683405
 30
-0.000000000
  0
SPLINE
  5
1256
330
A02
100
AcDbEntity
  8
y_upper_sheets
100
AcDbSpline
210
0
220
0
230
1
 70
8
 71
1
 72
4
 73
2
 74
0
 40
-7.350000000
 40
-7.350000000
 40
-6.350000000
 40
-6.350000000
 10
434.700000000
 20
395.657683405
 30
0.000000000
 10
433.700000000
 20
395.657683405
 30
0.000000000
  0
SPLINE
  5
1257
330
A02
100
AcDbEntity
  8
y_upper_sheets
100
AcDbSpline
210
0
220
0
230
1
 70
8
 71
1
 72
4
 73
2
 74
0
 40
7.350000000
 40
7.350000000
 40
8.350000000
 40
8.350000000
 10
434.700000000
 20
395.657683405
 30
0.000000000
 10
435.700000000
 20
395.657683405
 30
0.000000000
  0
SPLINE
  5
1258
330
A02
100
AcDbEntity
  8
y_upper_sheets
100
AcDbSpline
210
0
220
0
230
1
 70
8
 71
1
 72
4
 73
2
 74
0
 40
-52.250000000
 40
-52.250000000
 40
-17.750000000
 40
-17.750000000
 10
435.700000000
 20
395.657683405
 30
0.000000000
 10
435.700000000
 20
430.157683405
 30
-0.000000000
  0
SPLINE
  5
1259
330
A02
100
AcDbEntity
  8
y_upper_sheets
100
AcDbSpline
210
0
220
0
230
1
 70
8
 71
1
 72
4
 73
2
 74
0
 40
15.700000000
 40
15.700000000
 40
17.900000000
 40
17.900000000
 10
435.700000000
 20
430.157683405
 30
-0.000000000
 10
437.900000000
 20
430.157683405
 30
-0.000000000
  0
SPLINE
  5
125A
330
A02
100
AcDbEntity
  8
y_upper_sheets
100
AcDbSpline
210
0
220
0
230
1
 70
8
 71
1
 72
4
 73
2
 74
0
 40
-52.250000000
 40
-52.250000000
 40
-17.750000000
 40
-17.750000000
 10
437.900000000
 20
395.657683405
 30
0.000000000
 10
437.900000000
 20
430.157683405
 30
-0.000000000
  0
SPLINE
  5
125B
330
A02
100
AcDbEntity
  8
y_upper_sheets
100
AcDbSpline
210
0
220
0
230
1
 70
8
 71
1
 72
4
 73
2
 74
0
 40
-9.450000000
 40
-9.450000000
 40
-8.450000000
 40
-8.450000000
 10
438.900000000
 20
395.657683405
 30
0.000000000
 10
437.900000000
 20
395.657683405
 30
0.000000000
  0
SPLINE
  5
125C
330
A02
100
AcDbEntity
  8
y_upper_sheets
100
AcDbSpline
210
0
220
0
230
1
 70
8
 71
1
 72
4
 73
2
 74
0
 40
9.450000000
 40
9.450000000
 40
10.450000000
 40
10.450000000
 10
438.900000000
 20
395.657683405
 30
0.000000000
 10
439.900000000
 20
395.657683405
 30
0.000000000
  0
SPLINE
  5
125D
330
A02
100
AcDbEntity
  8
y_upper_sheets
100
AcDbSpline
210
0
220
0
230
1
 70
8
 71
1
 72
4
 73
2
 74
0
 40
-52.250000000
 40
-52.250000000
 40
-17.750000000
 40
-17.750000000
 10
439.900000000
 20
395.657683405
 30
0.000000000
 10
439.900000000
 20
430.157683405
 30
-0.000000000
  0
SPLINE
  5
125E
330
A02
100
AcDbEntity
  8
y_upper_sheets
100
AcDbSpline
210
0
220
0
230
1
 70
8
 71
1
 72
4
 73
2
 74
0
 40
19.900000000
 40
19.900000000
 40
25.000000000
 40
25.000000000
 10
439.900000000
 20
430.157683405
 30
-0.000000000
 10
445.000000000
 20
430.157683405
 30
-0.000000000
  0
SPLINE
  5
125F
330
A02
100
AcDbEntity
  8
y_upper_sheets
100
AcDbSpline
210
0
220
0
230
1
 70
8
 71
1
 72
4
 73
2
 74
0
 40
18.000000000
 40
18.000000000
 40
84.000000000
 40
84.000000000
 10
445.000000000
 20
430.157683405
 30
-0.000000000
 10
445.000000000
 20
364.157683405
 30
0.000000000
  0
SPLINE
  5
1260
330
A02
100
AcDbEntity
  8
y_upper_sheets
100
AcDbSpline
210
0
220
0
230
1
 70
8
 71
1
 72
4
 73
2
 74
0
 40
-37.500000000
 40
-37.500000000
 40
12.500000000
 40
12.500000000
 10
445.000000000
 20
364.157683405
 30
0.000000000
 10
395.000000000
 20
364.157683405
 30
0.000000000
  0
SPLINE
  5
1261
330
A02
100
AcDbEntity
  8
y_upper_sheets
100
AcDbSpline
210
0
220
0
230
1
 70
8
 71
1
 72
4
 73
2
 74
0
 40
18.000000000
 40
18.000000000
 40
84.000000000
 40
84.000000000
 10
395.000000000
 20
430.157683405
 30
-0.000000000
 10
395.000000000
 20
364.157683405
 30
0.000000000
  0
SPLINE
  5
1262
330
A02
100
AcDbEntity
  8
y_upper_sheets
100
AcDbSpline
210
0
220
0
230
1
 70
8
 71
1
 72
4
 73
2
 74
0
 40
-25.000000000
 40
-25.000000000
 40
-19.900000000
 40
-19.900000000
 10
455.000000000
 20
432.410085235
 30
-0.000000000
 10
460.100000000
 20
432.410085235
 30
-0.000000000
  0
SPLINE
  5
1263
330
A02
100
AcDbEntity
  8
y_upper_sheets
100
AcDbSpline
210
0
220
0
230
1
 70
8
 71
1
 72
4
 73
2
 74
0
 40
-52.250000000
 40
-52.250000000
 40
-17.750000000
 40
-17.750000000
 10
460.100000000
 20
397.910085235
 30
0.000000000
 10
460.100000000
 20
432.410085235
 30
-0.000000000
  0
SPLINE
  5
1264
330
A02
100
AcDbEntity
  8
y_upper_sheets
100
AcDbSpline
210
0
220
0
230
1
 70
8
 71
1
 72
4
 73
2
 74
0
 40
9.450000000
 40
9.450000000
 40
10.450000000
 40
10.450000000
 10
461.100000000
 20
397.910085235
 30
0.000000000
 10
460.100000000
 20
397.910085235
 30
0.000000000
  0
SPLINE
  5
1265
330
A02
100
AcDbEntity
  8
y_upper_sheets
100
AcDbSpline
210
0
220
0
230
1
 70
8
 71
1
 72
4
 73
2
 74
0
 40
-9.450000000
 40
-9.450000000
 40
-8.450000000
 40
-8.450000000
 10
461.100000000
 20
397.910085235
 30
0.000000000
 10
462.100000000
 20
397.910085235
 30
0.000000000
  0
SPLINE
  5
1266
330
A02
100
AcDbEntity
  8
y_upper_sheets
100
AcDbSpline
210
0
220
0
230
1
 70
8
 71
1
 72
4
 73
2
 74
0
 40
-52.250000000
 40
-52.250000000
 40
-17.750000000
 40
-17.750000000
 10
462.100000000
 20
397.910085235
 30
0.000000000
 10
462.100000000
 20
432.410085235
 30
-0.000000000
  0
SPLINE
  5
1267
330
A02
100
AcDbEntity
  8
y_upper_sheets
100
AcDbSpline
210
0
220
0
230
1
 70
8
 71
1
 72
4
 73
2
 74
0
 40
-17.900000000
 40
-17.900000000
 40
-15.700000000
 40
-15.700000000
 10
462.100000000
 20
432.410085235
 30
-0.000000000
 10
464.300000000
 20
432.410085235
 30
-0.000000000
  0
SPLINE
  5
1268
330
A02
100
AcDbEntity
  8
y_upper_sheets
100
AcDbSpline
210
0
220
0
230
1
 70
8
 71
1
 72
4
 73
2
 74
0
 40
-52.250000000
 40
-52.250000000
 40
-17.750000000
 40
-17.750000000
 10
464.300000000
 20
397.910085235
 30
0.000000000
 10
464.300000000
 20
432.410085235
 30
-0.000000000
  0
SPLINE
  5
1269
330
A02
100
AcDbEntity
  8
y_upper_sheets
100
AcDbSpline
210
0
220
0
230
1
 70
8
 71
1
 72
4
 73
2
 74
0
 40
7.350000000
 40
7.350000000
 40
8.350000000
 40
8.350000000
 10
465.300000000
 20
397.910085235
 30
0.000000000
 10
464.300000000
 20
397.910085235
 30
0.000000000
  0
SPLINE
  5
126A
330
A02
100
AcDbEntity
  8
y_upper_sheets
100
AcDbSpline
210
0
220
0
230
1
 70
8
 71
1
 72
4
 73
2
 74
0
 40
-7.350000000
 40
-7.350000000
 40
-6.350000000
 40
-6.350000000
 10
465.300000000
 20
397.910085235
 30
0.000000000
 10
466.300000000
 20
397.910085235
 30
0.000000000
  0
SPLINE
  5
126B
330
A02
100
AcDbEntity
  8
y_upper_sheets
100
AcDbSpline
210
0
220
0
230
1
 70
8
 71
1
 72
4
 73
2
 74
0
 40
-52.250000000
 40
-52.250000000
 40
-17.750000000
 40
-17.750000000
 10
466.300000000
 20
397.910085235
 30
0.000000000
 10
466.300000000
 20
432.410085235
 30
-0.000000000
  0
SPLINE
  5
126C
330
A02
100
AcDbEntity
  8
y_upper_sheets
100
AcDbSpline
210
0
220
0
230
1
 70
8
 71
1
 72
4
 73
2
 74
0
 40
-13.700000000
 40
-13.700000000
 40
-11.500000000
 40
-11.500000000
 10
466.300000000
 20
432.410085235
 30
-0.000000000
 10
468.500000000
 20
432.410085235
 30
-0.000000000
  0
SPLINE
  5
126D
330
A02
100
AcDbEntity
  8
y_upper_sheets
100
AcDbSpline
210
0
220
0
230
1
 70
8
 71
1
 72
4
 73
2
 74
0
 40
-52.250000000
 40
-52.250000000
 40
-17.750000000
 40
-17.750000000
 10
468.500000000
 20
397.910085235
 30
0.000000000
 10
468.500000000
 20
432.410085235
 30
-0.000000000
  0
SPLINE
  5
126E
330
A02
100
AcDbEntity
  8
y_upper_sheets
100
AcDbSpline
210
0
220
0
230
1
 70
8
 71
1
 72
4
 73
2
 74
0
 40
5.250000000
 40
5.250000000
 40
6.250000000
 40
6.250000000
 10
469.500000000
 20
397.910085235
 30
0.000000000
 10
468.500000000
 20
397.910085235
 30
0.000000000
  0
SPLINE
  5
126F
330
A02
100
AcDbEntity
  8
y_upper_sheets
100
AcDbSpline
210
0
220
0
230
1
 70
8
 71
1
 72
4
 73
2
 74
0
 40
-5.250000000
 40
-5.250000000
 40
-4.250000000
 40
-4.250000000
 10
469.500000000
 20
397.910085235
 30
0.000000000
 10
470.500000000
 20
397.910085235
 30
0.000000000
  0
SPLINE
  5
1270
330
A02
100
AcDbEntity
  8
y_upper_sheets
100
AcDbSpline
210
0
220
0
230
1
 70
8
 71
1
 72
4
 73
2
 74
0
 40
-52.250000000
 40
-52.250000000
 40
-17.750000000
 40
-17.750000000
 10
470.500000000
 20
397.910085235
 30
0.000000000
 10
470.500000000
 20
432.410085235
 30
-0.000000000
  0
SPLINE
  5
1271
330
A02
100
AcDbEntity
  8
y_upper_sheets
100
AcDbSpline
210
0
220
0
230
1
 70
8
 71
1
 72
4
 73
2
 74
0
 40
-9.500000000
 40
-9.500000000
 40
-7.300000000
 40
-7.300000000
 10
470.500000000
 20
432.410085235
 30
-0.000000000
 10
472.700000000
 20
432.410085235
 30
-0.000000000
  0
SPLINE
  5
1272
330
A02
100
AcDbEntity
  8
y_upper_sheets
100
AcDbSpline
210
0
220
0
230
1
 70
8
 71
1
 72
4
 73
2
 74
0
 40
-52.250000000
 40
-52.250000000
 40
-17.750000000
 40
-17.750000000
 10
472.700000000
 20
397.910085235
 30
0.000000000
 10
472.700000000
 20
432.410085235
 30
-0.000000000
  0
SPLINE
  5
1273
330
A02
100
AcDbEntity
  8
y_upper_sheets
100
AcDbSpline
210
0
220
0
230
1
 70
8
 71
1
 72
4
 73
2
 74
0
 40
3.150000000
 40
3.150000000
 40
4.150000000
 40
4.150000000
 10
473.700000000
 20
397.910085235
 30
0.000000000
 10
472.700000000
 20
397.910085235
 30
0.000000000
  0
SPLINE
  5
1274
330
A02
100
AcDbEntity
  8
y_upper_sheets
100
AcDbSpline
210
0
220
0
230
1
 70
8
 71
1
 72
4
 73
2
 74
0
 40
-3.150000000
 40
-3.150000000
 40
-2.150000000
 40
-2.150000000
 10
473.700000000
 20
397.910085235
 30
0.000000000
 10
474.700000000
 20
397.910085235
 30
0.000000000
  0
SPLINE
  5
1275
330
A02
100
AcDbEntity
  8
y_upper_sheets
100
AcDbSpline
210
0
220
0
230
1
 70
8
 71
1
 72
4
 73
2
 74
0
 40
-52.250000000
 40
-52.250000000
 40
-17.352140127
 40
-17.352140127
 10
474.700000000
 20
397.910085235
 30
0.000000000
 10
474.700000000
 20
432.807945108
 30
-0.000000000
  0
SPLINE
  5
1276
330
A02
100
AcDbEntity
  8
y_upper_sheets
100
AcDbSpline
210
0
220
0
230
1
 70
8
 71
2
 72
6
 73
3
 74
0
 40
-0.276872273
 40
-0.276872273
 40
-0.276872273
 40
-0.163294486
 40
-0.163294486
 40
-0.163294486
 10
474.700000000
 20
432.807945108
 30
-0.000000000
 10
475.813528290
 20
433.130484196
 30
-0.000000000
 10
476.900000000
 20
433.319041433
 30
0.000000000
  0
SPLINE
  5
1277
330
A02
100
AcDbEntity
  8
y_upper_sheets
100
AcDbSpline
210
0
220
0
230
1
 70
8
 71
1
 72
4
 73
2
 74
0
 40
-52.250000000
 40
-52.250000000
 40
-16.841043802
 40
-16.841043802
 10
476.900000000
 20
397.910085235
 30
0.000000000
 10
476.900000000
 20
433.319041433
 30
-0.000000000
  0
SPLINE
  5
1278
330
A02
100
AcDbEntity
  8
y_upper_sheets
100
AcDbSpline
210
0
220
0
230
1
 70
8
 71
1
 72
4
 73
2
 74
0
 40
1.050000000
 40
1.050000000
 40
2.050000000
 40
2.050000000
 10
477.900000000
 20
397.910085235
 30
0.000000000
 10
476.900000000
 20
397.910085235
 30
0.000000000
  0
SPLINE
  5
1279
330
A02
100
AcDbEntity
  8
y_upper_sheets
100
AcDbSpline
210
0
220
0
230
1
 70
8
 71
1
 72
4
 73
2
 74
0
 40
-1.050000000
 40
-1.050000000
 40
-0.050000000
 40
-0.050000000
 10
477.900000000
 20
397.910085235
 30
0.000000000
 10
478.900000000
 20
397.910085235
 30
0.000000000
  0
SPLINE
  5
127A
330
A02
100
AcDbEntity
  8
y_upper_sheets
100
AcDbSpline
210
0
220
0
230
1
 70
8
 71
1
 72
4
 73
2
 74
0
 40
-52.250000000
 40
-52.250000000
 40
-16.604475108
 40
-16.604475108
 10
478.900000000
 20
397.910085235
 30
0.000000000
 10
478.900000000
 20
433.555610127
 30
-0.000000000
  0
SPLINE
  5
127B
330
A02
100
AcDbEntity
  8
y_upper_sheets
100
AcDbSpline
210
0
220
0
230
1
 70
8
 71
2
 72
6
 73
3
 74
0
 40
-0.058168250
 40
-0.058168250
 40
-0.058168250
 40
0.058168250
 40
0.058168250
 40
0.058168250
 10
478.900000000
 20
433.555610127
 30
-0.000000000
 10
480.000000000
 20
433.624227691
 30
-0.000000000
 10
481.100000000
 20
433.555610127
 30
-0.000000000
  0
SPLINE
  5
127C
330
A02
100
AcDbEntity
  8
y_upper_sheets
100
AcDbSpline
210
0
220
0
230
1
 70
8
 71
1
 72
4
 73
2
 74
0
 40
-52.250000000
 40
-52.250000000
 40
-16.604475108
 40
-16.604475108
 10
481.100000000
 20
397.910085235
 30
0.000000000
 10
481.100000000
 20
433.555610127
 30
-0.000000000
  0
SPLINE
  5
127D
330
A02
100
AcDbEntity
  8
y_upper_sheets
100
AcDbSpline
210
0
220
0
230
1
 70
8
 71
1
 72
4
 73
2
 74
0
 40
-1.050000000
 40
-1.050000000
 40
-0.050000000
 40
-0.050000000
 10
482.100000000
 20
397.910085235
 30
0.000000000
 10
481.100000000
 20
397.910085235
 30
0.000000000
  0
SPLINE
  5
127E
330
A02
100
AcDbEntity
  8
y_upper_sheets
100
AcDbSpline
210
0
220
0
230
1
 70
8
 71
1
 72
4
 73
2
 74
0
 40
1.050000000
 40
1.050000000
 40
2.050000000
 40
2.050000000
 10
482.100000000
 20
397.910085235
 30
0.000000000
 10
483.100000000
 20
397.910085235
 30
0.000000000
  0
SPLINE
  5
127F
330
A02
100
AcDbEntity
  8
y_upper_sheets
100
AcDbSpline
210
0
220
0
230
1
 70
8
 71
1
 72
4
 73
2
 74
0
 40
-52.250000000
 40
-52.250000000
 40
-16.841043802
 40
-16.841043802
 10
483.100000000
 20
397.910085235
 30
0.000000000
 10
483.100000000
 20
433.319041433
 30
-0.000000000
  0
SPLINE
  5
1280
330
A02
100
AcDbEntity
  8
y_upper_sheets
100
AcDbSpline
210
0
220
0
230
1
 70
8
 71
2
 72
6
 73
3
 74
0
 40
0.163294486
 40
0.163294486
 40
0.163294486
 40
0.276872273
 40
0.276872273
 40
0.276872273
 10
483.100000000
 20
433.319041433
 30
-0.000000000
 10
484.186471710
 20
433.130484196
 30
-0.000000000
 10
485.300000000
 20
432.807945108
 30
-0.000000000
  0
SPLINE
  5
1281
330
A02
100
AcDbEntity
  8
y_upper_sheets
100
AcDbSpline
210
0
220
0
230
1
 70
8
 71
1
 72
4
 73
2
 74
0
 40
-52.250000000
 40
-52.250000000
 40
-17.352140127
 40
-17.352140127
 10
485.300000000
 20
397.910085235
 30
0.000000000
 10
485.300000000
 20
432.807945108
 30
-0.000000000
  0
SPLINE
  5
1282
330
A02
100
AcDbEntity
  8
y_upper_sheets
100
AcDbSpline
210
0
220
0
230
1
 70
8
 71
1
 72
4
 73
2
 74
0
 40
-3.150000000
 40
-3.150000000
 40
-2.150000000
 40
-2.150000000
 10
486.300000000
 20
397.910085235
 30
0.000000000
 10
485.300000000
 20
397.910085235
 30
0.000000000
  0
SPLINE
  5
1283
330
A02
100
AcDbEntity
  8
y_upper_sheets
100
AcDbSpline
210
0
220
0
230
1
 70
8
 71
1
 72
4
 73
2
 74
0
 40
3.150000000
 40
3.150000000
 40
4.150000000
 40
4.150000000
 10
486.300000000
 20
397.910085235
 30
0.000000000
 10
487.300000000
 20
397.910085235
 30
0.000000000
  0
SPLINE
  5
1284
330
A02
100
AcDbEntity
  8
y_upper_sheets
100
AcDbSpline
210
0
220
0
230
1
 70
8
 71
1
 72
4
 73
2
 74
0
 40
-52.250000000
 40
-52.250000000
 40
-17.750000000
 40
-17.750000000
 10
487.300000000
 20
397.910085235
 30
0.000000000
 10
487.300000000
 20
432.410085235
 30
-0.000000000
  0
SPLINE
  5
1285
330
A02
100
AcDbEntity
  8
y_upper_sheets
100
AcDbSpline
210
0
220
0
230
1
 70
8
 71
1
 72
4
 73
2
 74
0
 40
7.300000000
 40
7.300000000
 40
9.500000000
 40
9.500000000
 10
487.300000000
 20
432.410085235
 30
-0.000000000
 10
489.500000000
 20
432.410085235
 30
-0.000000000
  0
SPLINE
  5
1286
330
A02
100
AcDbEntity
  8
y_upper_sheets
100
AcDbSpline
210
0
220
0
230
1
 70
8
 71
1
 72
4
 73
2
 74
0
 40
-52.250000000
 40
-52.250000000
 40
-17.750000000
 40
-17.750000000
 10
489.500000000
 20
397.910085235
 30
0.000000000
 10
489.500000000
 20
432.410085235
 30
-0.000000000
  0
SPLINE
  5
1287
330
A02
100
AcDbEntity
  8
y_upper_sheets
100
AcDbSpline
210
0
220
0
230
1
 70
8
 71
1
 72
4
 73
2
 74
0
 40
-5.250000000
 40
-5.250000000
 40
-4.250000000
 40
-4.250000000
 10
490.500000000
 20
397.910085235
 30
0.000000000
 10
489.500000000
 20
397.910085235
 30
0.000000000
  0
SPLINE
  5
1288
330
A02
100
AcDbEntity
  8
y_upper_sheets
100
AcDbSpline
210
0
220
0
230
1
 70
8
 71
1
 72
4
 73
2
 74
0
 40
5.250000000
 40
5.250000000
 40
6.250000000
 40
6.250000000
 10
490.500000000
 20
397.910085235
 30
0.000000000
 10
491.500000000
 20
397.910085235
 30
0.000000000
  0
SPLINE
  5
1289
330
A02
100
AcDbEntity
  8
y_upper_sheets
100
AcDbSpline
210
0
220
0
230
1
 70
8
 71
1
 72
4
 73
2
 74
0
 40
-52.250000000
 40
-52.250000000
 40
-17.750000000
 40
-17.750000000
 10
491.500000000
 20
397.910085235
 30
0.000000000
 10
491.500000000
 20
432.410085235
 30
-0.000000000
  0
SPLINE
  5
128A
330
A02
100
AcDbEntity
  8
y_upper_sheets
100
AcDbSpline
210
0
220
0
230
1
 70
8
 71
1
 72
4
 73
2
 74
0
 40
11.500000000
 40
11.500000000
 40
13.700000000
 40
13.700000000
 10
491.500000000
 20
432.410085235
 30
-0.000000000
 10
493.700000000
 20
432.410085235
 30
-0.000000000
  0
SPLINE
  5
128B
330
A02
100
AcDbEntity
  8
y_upper_sheets
100
AcDbSpline
210
0
220
0
230
1
 70
8
 71
1
 72
4
 73
2
 74
0
 40
-52.250000000
 40
-52.250000000
 40
-17.750000000
 40
-17.750000000
 10
493.700000000
 20
397.910085235
 30
0.000000000
 10
493.700000000
 20
432.410085235
 30
-0.000000000
  0
SPLINE
  5
128C
330
A02
100
AcDbEntity
  8
y_upper_sheets
100
AcDbSpline
210
0
220
0
230
1
 70
8
 71
1
 72
4
 73
2
 74
0
 40
-7.350000000
 40
-7.350000000
 40
-6.350000000
 40
-6.350000000
 10
494.700000000
 20
397.910085235
 30
0.000000000
 10
493.700000000
 20
397.910085235
 30
0.000000000
  0
SPLINE
  5
128D
330
A02
100
AcDbEntity
  8
y_upper_sheets
100
AcDbSpline
210
0
220
0
230
1
 70
8
 71
1
 72
4
 73
2
 74
0
 40
7.350000000
 40
7.350000000
 40
8.350000000
 40
8.350000000
 10
494.700000000
 20
397.910085235
 30
0.000000000
 10
495.700000000
 20
397.910085235
 30
0.000000000
  0
SPLINE
  5
128E
330
A02
100
AcDbEntity
  8
y_upper_sheets
100
AcDbSpline
210
0
220
0
230
1
 70
8
 71
1
 72
4
 73
2
 74
0
 40
-52.250000000
 40
-52.250000000
 40
-17.750000000
 40
-17.750000000
 10
495.700000000
 20
397.910085235
 30
0.000000000
 10
495.700000000
 20
432.410085235
 30
-0.000000000
  0
SPLINE
  5
128F
330
A02
100
AcDbEntity
  8
y_upper_sheets
100
AcDbSpline
210
0
220
0
230
1
 70
8
 71
1
 72
4
 73
2
 74
0
 40
15.700000000
 40
15.700000000
 40
17.900000000
 40
17.900000000
 10
495.700000000
 20
432.410085235
 30
-0.000000000
 10
497.900000000
 20
432.410085235
 30
-0.000000000
  0
SPLINE
  5
1290
330
A02
100
AcDbEntity
  8
y_upper_sheets
100
AcDbSpline
210
0
220
0
230
1
 70
8
 71
1
 72
4
 73
2
 74
0
 40
-52.250000000
 40
-52.250000000
 40
-17.750000000
 40
-17.750000000
 10
497.900000000
 20
397.910085235
 30
0.000000000
 10
497.900000000
 20
432.410085235
 30
-0.000000000
  0
SPLINE
  5
1291
330
A02
100
AcDbEntity
  8
y_upper_sheets
100
AcDbSpline
210
0
220
0
230
1
 70
8
 71
1
 72
4
 73
2
 74
0
 40
-9.450000000
 40
-9.450000000
 40
-8.450000000
 40
-8.450000000
 10
498.900000000
 20
397.910085235
 30
0.000000000
 10
497.900000000
 20
397.910085235
 30
0.000000000
  0
SPLINE
  5
1292
330
A02
100
AcDbEntity
  8
y_upper_sheets
100
AcDbSpline
210
0
220
0
230
1
 70
8
 71
1
 72
4
 73
2
 74
0
 40
9.450000000
 40
9.450000000
 40
10.450000000
 40
10.450000000
 10
498.900000000
 20
397.910085235
 30
0.000000000
 10
499.900000000
 20
397.910085235
 30
0.000000000
  0
SPLINE
  5
1293
330
A02
100
AcDbEntity
  8
y_upper_sheets
100
AcDbSpline
210
0
220
0
230
1
 70
8
 71
1
 72
4
 73
2
 74
0
 40
-52.250000000
 40
-52.250000000
 40
-17.750000000
 40
-17.750000000
 10
499.900000000
 20
397.910085235
 30
0.000000000
 10
499.900000000
 20
432.410085235
 30
-0.000000000
  0
SPLINE
  5
1294
330
A02
100
AcDbEntity
  8
y_upper_sheets
100
AcDbSpline
210
0
220
0
230
1
 70
8
 71
1
 72
4
 73
2
 74
0
 40
19.900000000
 40
19.900000000
 40
25.000000000
 40
25.000000000
 10
499.900000000
 20
432.410085235
 30
-0.000000000
 10
505.000000000
 20
432.410085235
 30
-0.000000000
  0
SPLINE
  5
1295
330
A02
100
AcDbEntity
  8
y_upper_sheets
100
AcDbSpline
210
0
220
0
230
1
 70
8
 71
1
 72
4
 73
2
 74
0
 40
18.000000000
 40
18.000000000
 40
84.000000000
 40
84.000000000
 10
505.000000000
 20
432.410085235
 30
-0.000000000
 10
505.000000000
 20
366.410085235
 30
0.000000000
  0
SPLINE
  5
1296
330
A02
100
AcDbEntity
  8
y_upper_sheets
100
AcDbSpline
210
0
220
0
230
1
 70
8
 71
1
 72
4
 73
2
 74
0
 40
-37.500000000
 40
-37.500000000
 40
12.500000000
 40
12.500000000
 10
505.000000000
 20
366.410085235
 30
0.000000000
 10
455.000000000
 20
366.410085235
 30
0.000000000
  0
SPLINE
  5
1297
330
A02
100
AcDbEntity
  8
y_upper_sheets
100
AcDbSpline
210
0
220
0
230
1
 70
8
 71
1
 72
4
 73
2
 74
0
 40
18.000000000
 40
18.000000000
 40
84.000000000
 40
84.000000000
 10
455.000000000
 20
432.410085235
 30
-0.000000000
 10
455.000000000
 20
366.410085235
 30
0.000000000
  0
SPLINE
  5
1298
330
A02
100
AcDbEntity
  8
y_upper_sheets
100
AcDbSpline
210
0
220
0
230
1
 70
8
 71
1
 72
4
 73
2
 74
0
 40
-25.000000000
 40
-25.000000000
 40
-19.900000000
 40
-19.900000000
 10
515.000000000
 20
432.410085235
 30
-0.000000000
 10
520.100000000
 20
432.410085235
 30
-0.000000000
  0
SPLINE
  5
1299
330
A02
100
AcDbEntity
  8
y_upper_sheets
100
AcDbSpline
210
0
220
0
230
1
 70
8
 71
1
 72
4
 73
2
 74
0
 40
-52.250000000
 40
-52.250000000
 40
-17.750000000
 40
-17.750000000
 10
520.100000000
 20
397.910085235
 30
0.000000000
 10
520.100000000
 20
432.410085235
 30
-0.000000000
  0
SPLINE
  5
129A
330
A02
100
AcDbEntity
  8
y_upper_sheets
100
AcDbSpline
210
0
220
0
230
1
 70
8
 71
1
 72
4
 73
2
 74
0
 40
9.450000000
 40
9.450000000
 40
10.450000000
 40
10.450000000
 10
521.100000000
 20
397.910085235
 30
0.000000000
 10
520.100000000
 20
397.910085235
 30
0.000000000
  0
SPLINE
  5
129B
330
A02
100
AcDbEntity
  8
y_upper_sheets
100
AcDbSpline
210
0
220
0
230
1
 70
8
 71
1
 72
4
 73
2
 74
0
 40
-9.450000000
 40
-9.450000000
 40
-8.450000000
 40
-8.450000000
 10
521.100000000
 20
397.910085235
 30
0.000000000
 10
522.100000000
 20
397.910085235
 30
0.000000000
  0
SPLINE
  5
129C
330
A02
100
AcDbEntity
  8
y_upper_sheets
100
AcDbSpline
210
0
220
0
230
1
 70
8
 71
1
 72
4
 73
2
 74
0
 40
-52.250000000
 40
-52.250000000
 40
-17.750000000
 40
-17.750000000
 10
522.100000000
 20
397.910085235
 30
0.000000000
 10
522.100000000
 20
432.410085235
 30
-0.000000000
  0
SPLINE
  5
129D
330
A02
100
AcDbEntity
  8
y_upper_sheets
100
AcDbSpline
210
0
220
0
230
1
 70
8
 71
1
 72
4
 73
2
 74
0
 40
-17.900000000
 40
-17.900000000
 40
-15.700000000
 40
-15.700000000
 10
522.100000000
 20
432.410085235
 30
-0.000000000
 10
524.300000000
 20
432.410085235
 30
-0.000000000
  0
SPLINE
  5
129E
330
A02
100
AcDbEntity
  8
y_upper_sheets
100
AcDbSpline
210
0
220
0
230
1
 70
8
 71
1
 72
4
 73
2
 74
0
 40
-52.250000000
 40
-52.250000000
 40
-17.750000000
 40
-17.750000000
 10
524.300000000
 20
397.910085235
 30
0.000000000
 10
524.300000000
 20
432.410085235
 30
-0.000000000
  0
SPLINE
  5
129F
330
A02
100
AcDbEntity
  8
y_upper_sheets
100
AcDbSpline
210
0
220
0
230
1
 70
8
 71
1
 72
4
 73
2
 74
0
 40
7.350000000
 40
7.350000000
 40
8.350000000
 40
8.350000000
 10
525.300000000
 20
397.910085235
 30
0.000000000
 10
524.300000000
 20
397.910085235
 30
0.000000000
  0
SPLINE
  5
12A0
330
A02
100
AcDbEntity
  8
y_upper_sheets
100
AcDbSpline
210
0
220
0
230
1
 70
8
 71
1
 72
4
 73
2
 74
0
 40
-7.350000000
 40
-7.350000000
 40
-6.350000000
 40
-6.350000000
 10
525.300000000
 20
397.910085235
 30
0.000000000
 10
526.300000000
 20
397.910085235
 30
0.000000000
  0
SPLINE
  5
12A1
330
A02
100
AcDbEntity
  8
y_upper_sheets
100
AcDbSpline
210
0
220
0
230
1
 70
8
 71
1
 72
4
 73
2
 74
0
 40
-52.250000000
 40
-52.250000000
 40
-17.750000000
 40
-17.750000000
 10
526.300000000
 20
397.910085235
 30
0.000000000
 10
526.300000000
 20
432.410085235
 30
-0.000000000
  0
SPLINE
  5
12A2
330
A02
100
AcDbEntity
  8
y_upper_sheets
100
AcDbSpline
210
0
220
0
230
1
 70
8
 71
1
 72
4
 73
2
 74
0
 40
-13.700000000
 40
-13.700000000
 40
-11.500000000
 40
-11.500000000
 10
526.300000000
 20
432.410085235
 30
-0.000000000
 10
528.500000000
 20
432.410085235
 30
-0.000000000
  0
SPLINE
  5
12A3
330
A02
100
AcDbEntity
  8
y_upper_sheets
100
AcDbSpline
210
0
220
0
230
1
 70
8
 71
1
 72
4
 73
2
 74
0
 40
-52.250000000
 40
-52.250000000
 40
-17.750000000
 40
-17.750000000
 10
528.500000000
 20
397.910085235
 30
0.000000000
 10
528.500000000
 20
432.410085235
 30
-0.000000000
  0
SPLINE
  5
12A4
330
A02
100
AcDbEntity
  8
y_upper_sheets
100
AcDbSpline
210
0
220
0
230
1
 70
8
 71
1
 72
4
 73
2
 74
0
 40
5.250000000
 40
5.250000000
 40
6.250000000
 40
6.250000000
 10
529.500000000
 20
397.910085235
 30
0.000000000
 10
528.500000000
 20
397.910085235
 30
0.000000000
  0
SPLINE
  5
12A5
330
A02
100
AcDbEntity
  8
y_upper_sheets
100
AcDbSpline
210
0
220
0
230
1
 70
8
 71
1
 72
4
 73
2
 74
0
 40
-5.250000000
 40
-5.250000000
 40
-4.250000000
 40
-4.250000000
 10
529.500000000
 20
397.910085235
 30
0.000000000
 10
530.500000000
 20
397.910085235
 30
0.000000000
  0
SPLINE
  5
12A6
330
A02
100
AcDbEntity
  8
y_upper_sheets
100
AcDbSpline
210
0
220
0
230
1
 70
8
 71
1
 72
4
 73
2
 74
0
 40
-52.250000000
 40
-52.250000000
 40
-17.750000000
 40
-17.750000000
 10
530.500000000
 20
397.910085235
 30
0.000000000
 10
530.500000000
 20
432.410085235
 30
-0.000000000
  0
SPLINE
  5
12A7
330
A02
100
AcDbEntity
  8
y_upper_sheets
100
AcDbSpline
210
0
220
0
230
1
 70
8
 71
1
 72
4
 73
2
 74
0
 40
-9.500000000
 40
-9.500000000
 40
-7.300000000
 40
-7.300000000
 10
530.500000000
 20
432.410085235
 30
-0.000000000
 10
532.700000000
 20
432.410085235
 30
-0.000000000
  0
SPLINE
  5
12A8
330
A02
100
AcDbEntity
  8
y_upper_sheets
100
AcDbSpline
210
0
220
0
230
1
 70
8
 71
1
 72
4
 73
2
 74
0
 40
-52.250000000
 40
-52.250000000
 40
-17.750000000
 40
-17.750000000
 10
532.700000000
 20
397.910085235
 30
0.000000000
 10
532.700000000
 20
432.410085235
 30
-0.000000000
  0
SPLINE
  5
12A9
330
A02
100
AcDbEntity
  8
y_upper_sheets
100
AcDbSpline
210
0
220
0
230
1
 70
8
 71
1
 72
4
 73
2
 74
0
 40
3.150000000
 40
3.150000000
 40
4.150000000
 40
4.150000000
 10
533.700000000
 20
397.910085235
 30
0.000000000
 10
532.700000000
 20
397.910085235
 30
0.000000000
  0
SPLINE
  5
12AA
330
A02
100
AcDbEntity
  8
y_upper_sheets
100
AcDbSpline
210
0
220
0
230
1
 70
8
 71
1
 72
4
 73
2
 74
0
 40
-3.150000000
 40
-3.150000000
 40
-2.150000000
 40
-2.150000000
 10
533.700000000
 20
397.910085235
 30
0.000000000
 10
534.700000000
 20
397.910085235
 30
0.000000000
  0
SPLINE
  5
12AB
330
A02
100
AcDbEntity
  8
y_upper_sheets
100
AcDbSpline
210
0
220
0
230
1
 70
8
 71
1
 72
4
 73
2
 74
0
 40
-52.250000000
 40
-52.250000000
 40
-17.352140127
 40
-17.352140127
 10
534.700000000
 20
397.910085235
 30
0.000000000
 10
534.700000000
 20
432.807945108
 30
-0.000000000
  0
SPLINE
  5
12AC
330
A02
100
AcDbEntity
  8
y_upper_sheets
100
AcDbSpline
210
0
220
0
230
1
 70
8
 71
2
 72
6
 73
3
 74
0
 40
-0.276872273
 40
-0.276872273
 40
-0.276872273
 40
-0.163294486
 40
-0.163294486
 40
-0.163294486
 10
534.700000000
 20
432.807945108
 30
-0.000000000
 10
535.813528290
 20
433.130484196
 30
-0.000000000
 10
536.900000000
 20
433.319041433
 30
-0.000000000
  0
SPLINE
  5
12AD
330
A02
100
AcDbEntity
  8
y_upper_sheets
100
AcDbSpline
210
0
220
0
230
1
 70
8
 71
1
 72
4
 73
2
 74
0
 40
-52.250000000
 40
-52.250000000
 40
-16.841043802
 40
-16.841043802
 10
536.900000000
 20
397.910085235
 30
0.000000000
 10
536.900000000
 20
433.319041433
 30
-0.000000000
  0
SPLINE
  5
12AE
330
A02
100
AcDbEntity
  8
y_upper_sheets
100
AcDbSpline
210
0
220
0
230
1
 70
8
 71
1
 72
4
 73
2
 74
0
 40
1.050000000
 40
1.050000000
 40
2.050000000
 40
2.050000000
 10
537.900000000
 20
397.910085235
 30
0.000000000
 10
536.900000000
 20
397.910085235
 30
0.000000000
  0
SPLINE
  5
12AF
330
A02
100
AcDbEntity
  8
y_upper_sheets
100
AcDbSpline
210
0
220
0
230
1
 70
8
 71
1
 72
4
 73
2
 74
0
 40
-1.050000000
 40
-1.050000000
 40
-0.050000000
 40
-0.050000000
 10
537.900000000
 20
397.910085235
 30
0.000000000
 10
538.900000000
 20
397.910085235
 30
0.000000000
  0
SPLINE
  5
12B0
330
A02
100
AcDbEntity
  8
y_upper_sheets
100
AcDbSpline
210
0
220
0
230
1
 70
8
 71
1
 72
4
 73
2
 74
0
 40
-52.250000000
 40
-52.250000000
 40
-16.604475108
 40
-16.604475108
 10
538.900000000
 20
397.910085235
 30
0.000000000
 10
538.900000000
 20
433.555610127
 30
-0.000000000
  0
SPLINE
  5
12B1
330
A02
100
AcDbEntity
  8
y_upper_sheets
100
AcDbSpline
210
0
220
0
230
1
 70
8
 71
2
 72
6
 73
3
 74
0
 40
-0.058168250
 40
-0.058168250
 40
-0.058168250
 40
0.058168250
 40
0.058168250
 40
0.058168250
 10
538.900000000
 20
433.555610127
 30
-0.000000000
 10
540.000000000
 20
433.624227691
 30
-0.000000000
 10
541.100000000
 20
433.555610127
 30
-0.000000000
  0
SPLINE
  5
12B2
330
A02
100
AcDbEntity
  8
y_upper_sheets
100
AcDbSpline
210
0
220
0
230
1
 70
8
 71
1
 72
4
 73
2
 74
0
 40
-52.250000000
 40
-52.250000000
 40
-16.604475108
 40
-16.604475108
 10
541.100000000
 20
397.910085235
 30
0.000000000
 10
541.100000000
 20
433.555610127
 30
-0.000000000
  0
SPLINE
  5
12B3
330
A02
100
AcDbEntity
  8
y_upper_sheets
100
AcDbSpline
210
0
220
0
230
1
 70
8
 71
1
 72
4
 73
2
 74
0
 40
-1.050000000
 40
-1.050000000
 40
-0.050000000
 40
-0.050000000
 10
542.100000000
 20
397.910085235
 30
0.000000000
 10
541.100000000
 20
397.910085235
 30
0.000000000
  0
SPLINE
  5
12B4
330
A02
100
AcDbEntity
  8
y_upper_sheets
100
AcDbSpline
210
0
220
0
230
1
 70
8
 71
1
 72
4
 73
2
 74
0
 40
1.050000000
 40
1.050000000
 40
2.050000000
 40
2.050000000
 10
542.100000000
 20
397.910085235
 30
0.000000000
 10
543.100000000
 20
397.910085235
 30
0.000000000
  0
SPLINE
  5
12B5
330
A02
100
AcDbEntity
  8
y_upper_sheets
100
AcDbSpline
210
0
220
0
230
1
 70
8
 71
1
 72
4
 73
2
 74
0
 40
-52.250000000
 40
-52.250000000
 40
-16.841043802
 40
-16.841043802
 10
543.100000000
 20
397.910085235
 30
0.000000000
 10
543.100000000
 20
433.319041433
 30
-0.000000000
  0
SPLINE
  5
12B6
330
A02
100
AcDbEntity
  8
y_upper_sheets
100
AcDbSpline
210
0
220
0
230
1
 70
8
 71
2
 72
6
 73
3
 74
0
 40
0.163294486
 40
0.163294486
 40
0.163294486
 40
0.276872273
 40
0.276872273
 40
0.276872273
 10
543.100000000
 20
433.319041433
 30
-0.000000000
 10
544.186471710
 20
433.130484196
 30
-0.000000000
 10
545.300000000
 20
432.807945108
 30
-0.000000000
  0
SPLINE
  5
12B7
330
A02
100
AcDbEntity
  8
y_upper_sheets
100
AcDbSpline
210
0
220
0
230
1
 70
8
 71
1
 72
4
 73
2
 74
0
 40
-52.250000000
 40
-52.250000000
 40
-17.352140127
 40
-17.352140127
 10
545.300000000
 20
397.910085235
 30
0.000000000
 10
545.300000000
 20
432.807945108
 30
-0.000000000
  0
SPLINE
  5
12B8
330
A02
100
AcDbEntity
  8
y_upper_sheets
100
AcDbSpline
210
0
220
0
230
1
 70
8
 71
1
 72
4
 73
2
 74
0
 40
-3.150000000
 40
-3.150000000
 40
-2.150000000
 40
-2.150000000
 10
546.300000000
 20
397.910085235
 30
0.000000000
 10
545.300000000
 20
397.910085235
 30
0.000000000
  0
SPLINE
  5
12B9
330
A02
100
AcDbEntity
  8
y_upper_sheets
100
AcDbSpline
210
0
220
0
230
1
 70
8
 71
1
 72
4
 73
2
 74
0
 40
3.150000000
 40
3.150000000
 40
4.150000000
 40
4.150000000
 10
546.300000000
 20
397.910085235
 30
0.000000000
 10
547.300000000
 20
397.910085235
 30
0.000000000
  0
SPLINE
  5
12BA
330
A02
100
AcDbEntity
  8
y_upper_sheets
100
AcDbSpline
210
0
220
0
230
1
 70
8
 71
1
 72
4
 73
2
 74
0
 40
-52.250000000
 40
-52.250000000
 40
-17.750000000
 40
-17.750000000
 10
547.300000000
 20
397.910085235
 30
0.000000000
 10
547.300000000
 20
432.410085235
 30
-0.000000000
  0
SPLINE
  5
12BB
330
A02
100
AcDbEntity
  8
y_upper_sheets
100
AcDbSpline
210
0
220
0
230
1
 70
8
 71
1
 72
4
 73
2
 74
0
 40
7.300000000
 40
7.300000000
 40
9.500000000
 40
9.500000000
 10
547.300000000
 20
432.410085235
 30
-0.000000000
 10
549.500000000
 20
432.410085235
 30
-0.000000000
  0
SPLINE
  5
12BC
330
A02
100
AcDbEntity
  8
y_upper_sheets
100
AcDbSpline
210
0
220
0
230
1
 70
8
 71
1
 72
4
 73
2
 74
0
 40
-52.250000000
 40
-52.250000000
 40
-17.750000000
 40
-17.750000000
 10
549.500000000
 20
397.910085235
 30
0.000000000
 10
549.500000000
 20
432.410085235
 30
-0.000000000
  0
SPLINE
  5
12BD
330
A02
100
AcDbEntity
  8
y_upper_sheets
100
AcDbSpline
210
0
220
0
230
1
 70
8
 71
1
 72
4
 73
2
 74
0
 40
-5.250000000
 40
-5.250000000
 40
-4.250000000
 40
-4.250000000
 10
550.500000000
 20
397.910085235
 30
0.000000000
 10
549.500000000
 20
397.910085235
 30
0.000000000
  0
SPLINE
  5
12BE
330
A02
100
AcDbEntity
  8
y_upper_sheets
100
AcDbSpline
210
0
220
0
230
1
 70
8
 71
1
 72
4
 73
2
 74
0
 40
5.250000000
 40
5.250000000
 40
6.250000000
 40
6.250000000
 10
550.500000000
 20
397.910085235
 30
0.000000000
 10
551.500000000
 20
397.910085235
 30
0.000000000
  0
SPLINE
  5
12BF
330
A02
100
AcDbEntity
  8
y_upper_sheets
100
AcDbSpline
210
0
220
0
230
1
 70
8
 71
1
 72
4
 73
2
 74
0
 40
-52.250000000
 40
-52.250000000
 40
-17.750000000
 40
-17.750000000
 10
551.500000000
 20
397.910085235
 30
0.000000000
 10
551.500000000
 20
432.410085235
 30
-0.000000000
  0
SPLINE
  5
12C0
330
A02
100
AcDbEntity
  8
y_upper_sheets
100
AcDbSpline
210
0
220
0
230
1
 70
8
 71
1
 72
4
 73
2
 74
0
 40
11.500000000
 40
11.500000000
 40
13.700000000
 40
13.700000000
 10
551.500000000
 20
432.410085235
 30
-0.000000000
 10
553.700000000
 20
432.410085235
 30
-0.000000000
  0
SPLINE
  5
12C1
330
A02
100
AcDbEntity
  8
y_upper_sheets
100
AcDbSpline
210
0
220
0
230
1
 70
8
 71
1
 72
4
 73
2
 74
0
 40
-52.250000000
 40
-52.250000000
 40
-17.750000000
 40
-17.750000000
 10
553.700000000
 20
397.910085235
 30
0.000000000
 10
553.700000000
 20
432.410085235
 30
-0.000000000
  0
SPLINE
  5
12C2
330
A02
100
AcDbEntity
  8
y_upper_sheets
100
AcDbSpline
210
0
220
0
230
1
 70
8
 71
1
 72
4
 73
2
 74
0
 40
-7.350000000
 40
-7.350000000
 40
-6.350000000
 40
-6.350000000
 10
554.700000000
 20
397.910085235
 30
0.000000000
 10
553.700000000
 20
397.910085235
 30
0.000000000
  0
SPLINE
  5
12C3
330
A02
100
AcDbEntity
  8
y_upper_sheets
100
AcDbSpline
210
0
220
0
230
1
 70
8
 71
1
 72
4
 73
2
 74
0
 40
7.350000000
 40
7.350000000
 40
8.350000000
 40
8.350000000
 10
554.700000000
 20
397.910085235
 30
0.000000000
 10
555.700000000
 20
397.910085235
 30
0.000000000
  0
SPLINE
  5
12C4
330
A02
100
AcDbEntity
  8
y_upper_sheets
100
AcDbSpline
210
0
220
0
230
1
 70
8
 71
1
 72
4
 73
2
 74
0
 40
-52.250000000
 40
-52.250000000
 40
-17.750000000
 40
-17.750000000
 10
555.700000000
 20
397.910085235
 30
0.000000000
 10
555.700000000
 20
432.410085235
 30
-0.000000000
  0
SPLINE
  5
12C5
330
A02
100
AcDbEntity
  8
y_upper_sheets
100
AcDbSpline
210
0
220
0
230
1
 70
8
 71
1
 72
4
 73
2
 74
0
 40
15.700000000
 40
15.700000000
 40
17.900000000
 40
17.900000000
 10
555.700000000
 20
432.410085235
 30
-0.000000000
 10
557.900000000
 20
432.410085235
 30
-0.000000000
  0
SPLINE
  5
12C6
330
A02
100
AcDbEntity
  8
y_upper_sheets
100
AcDbSpline
210
0
220
0
230
1
 70
8
 71
1
 72
4
 73
2
 74
0
 40
-52.250000000
 40
-52.250000000
 40
-17.750000000
 40
-17.750000000
 10
557.900000000
 20
397.910085235
 30
0.000000000
 10
557.900000000
 20
432.410085235
 30
-0.000000000
  0
SPLINE
  5
12C7
330
A02
100
AcDbEntity
  8
y_upper_sheets
100
AcDbSpline
210
0
220
0
230
1
 70
8
 71
1
 72
4
 73
2
 74
0
 40
-9.450000000
 40
-9.450000000
 40
-8.450000000
 40
-8.450000000
 10
558.900000000
 20
397.910085235
 30
0.000000000
 10
557.900000000
 20
397.910085235
 30
0.000000000
  0
SPLINE
  5
12C8
330
A02
100
AcDbEntity
  8
y_upper_sheets
100
AcDbSpline
210
0
220
0
230
1
 70
8
 71
1
 72
4
 73
2
 74
0
 40
9.450000000
 40
9.450000000
 40
10.450000000
 40
10.450000000
 10
558.900000000
 20
397.910085235
 30
0.000000000
 10
559.900000000
 20
397.910085235
 30
0.000000000
  0
SPLINE
  5
12C9
330
A02
100
AcDbEntity
  8
y_upper_sheets
100
AcDbSpline
210
0
220
0
230
1
 70
8
 71
1
 72
4
 73
2
 74
0
 40
-52.250000000
 40
-52.250000000
 40
-17.750000000
 40
-17.750000000
 10
559.900000000
 20
397.910085235
 30
0.000000000
 10
559.900000000
 20
432.410085235
 30
-0.000000000
  0
SPLINE
  5
12CA
330
A02
100
AcDbEntity
  8
y_upper_sheets
100
AcDbSpline
210
0
220
0
230
1
 70
8
 71
1
 72
4
 73
2
 74
0
 40
19.900000000
 40
19.900000000
 40
25.000000000
 40
25.000000000
 10
559.900000000
 20
432.410085235
 30
-0.000000000
 10
565.000000000
 20
432.410085235
 30
-0.000000000
  0
SPLINE
  5
12CB
330
A02
100
AcDbEntity
  8
y_upper_sheets
100
AcDbSpline
210
0
220
0
230
1
 70
8
 71
1
 72
4
 73
2
 74
0
 40
18.000000000
 40
18.000000000
 40
84.000000000
 40
84.000000000
 10
565.000000000
 20
432.410085235
 30
-0.000000000
 10
565.000000000
 20
366.410085235
 30
0.000000000
  0
SPLINE
  5
12CC
330
A02
100
AcDbEntity
  8
y_upper_sheets
100
AcDbSpline
210
0
220
0
230
1
 70
8
 71
1
 72
4
 73
2
 74
0
 40
-37.500000000
 40
-37.500000000
 40
12.500000000
 40
12.500000000
 10
565.000000000
 20
366.410085235
 30
0.000000000
 10
515.000000000
 20
366.410085235
 30
0.000000000
  0
SPLINE
  5
12CD
330
A02
100
AcDbEntity
  8
y_upper_sheets
100
AcDbSpline
210
0
220
0
230
1
 70
8
 71
1
 72
4
 73
2
 74
0
 40
18.000000000
 40
18.000000000
 40
84.000000000
 40
84.000000000
 10
515.000000000
 20
432.410085235
 30
-0.000000000
 10
515.000000000
 20
366.410085235
 30
0.000000000
  0
ENDSEC
  0
SECTION
  2
OBJECTS
  0
DICTIONARY
  5
F000
330
0
100
AcDbDictionary
  3
ACAD_GROUP
350
F001
  0
DICTIONARY
  5
F001
330
F000
100
AcDbDictionary
  0
ENDSEC
  0
EOF