ISO-10303-21;
HEADER;
FILE_DESCRIPTION(('FreeCAD Model'),'2;1');
FILE_NAME('Open CASCADE Shape Model','2026-02-26T00:43:26',(''),(''),
  'Open CASCADE STEP processor 7.9','FreeCAD','Unknown');
FILE_SCHEMA(('AUTOMOTIVE_DESIGN { 1 0 10303 214 1 1 1 1 }'));
ENDSEC;
DATA;
#1 = APPLICATION_PROTOCOL_DEFINITION('international standard',
  'automotive_design',2000,#2);
#2 = APPLICATION_CONTEXT(
  'core data for automotive mechanical design processes');
#3 = SHAPE_DEFINITION_REPRESENTATION(#4,#10);
#4 = PRODUCT_DEFINITION_SHAPE('','',#5);
#5 = PRODUCT_DEFINITION('design','',#6,#9);
#6 = PRODUCT_DEFINITION_FORMATION('','',#7);
#7 = PRODUCT('x_breads018','x_breads018','',(#8));
#8 = PRODUCT_CONTEXT('',#2,'mechanical');
#9 = PRODUCT_DEFINITION_CONTEXT('part definition',#2,'design');
#10 = SHAPE_REPRESENTATION('',(#11,#15,#19,#23,#27,#31,#35,#39,#43,#47,
    #51,#55,#59,#63,#67,#71,#75,#79,#83),#87);
#11 = AXIS2_PLACEMENT_3D('',#12,#13,#14);
#12 = CARTESIAN_POINT('',(0.,0.,0.));
#13 = DIRECTION('',(0.,0.,1.));
#14 = DIRECTION('',(1.,0.,-0.));
#15 = AXIS2_PLACEMENT_3D('',#16,#17,#18);
#16 = CARTESIAN_POINT('',(40.,0.,0.));
#17 = DIRECTION('',(0.,0.,1.));
#18 = DIRECTION('',(1.,0.,0.));
#19 = AXIS2_PLACEMENT_3D('',#20,#21,#22);
#20 = CARTESIAN_POINT('',(80.,0.,0.));
#21 = DIRECTION('',(0.,0.,1.));
#22 = DIRECTION('',(1.,0.,0.));
#23 = AXIS2_PLACEMENT_3D('',#24,#25,#26);
#24 = CARTESIAN_POINT('',(120.,0.,0.));
#25 = DIRECTION('',(0.,0.,1.));
#26 = DIRECTION('',(1.,0.,0.));
#27 = AXIS2_PLACEMENT_3D('',#28,#29,#30);
#28 = CARTESIAN_POINT('',(160.,0.,0.));
#29 = DIRECTION('',(0.,0.,1.));
#30 = DIRECTION('',(1.,0.,0.));
#31 = AXIS2_PLACEMENT_3D('',#32,#33,#34);
#32 = CARTESIAN_POINT('',(200.,0.,0.));
#33 = DIRECTION('',(0.,0.,1.));
#34 = DIRECTION('',(1.,0.,0.));
#35 = AXIS2_PLACEMENT_3D('',#36,#37,#38);
#36 = CARTESIAN_POINT('',(240.,0.,0.));
#37 = DIRECTION('',(0.,0.,1.));
#38 = DIRECTION('',(1.,0.,0.));
#39 = AXIS2_PLACEMENT_3D('',#40,#41,#42);
#40 = CARTESIAN_POINT('',(280.,0.,0.));
#41 = DIRECTION('',(0.,0.,1.));
#42 = DIRECTION('',(1.,0.,0.));
#43 = AXIS2_PLACEMENT_3D('',#44,#45,#46);
#44 = CARTESIAN_POINT('',(320.,0.,0.));
#45 = DIRECTION('',(0.,0.,1.));
#46 = DIRECTION('',(1.,0.,0.));
#47 = AXIS2_PLACEMENT_3D('',#48,#49,#50);
#48 = CARTESIAN_POINT('',(360.,0.,0.));
#49 = DIRECTION('',(0.,0.,1.));
#50 = DIRECTION('',(1.,0.,0.));
#51 = AXIS2_PLACEMENT_3D('',#52,#53,#54);
#52 = CARTESIAN_POINT('',(400.,0.,0.));
#53 = DIRECTION('',(0.,0.,1.));
#54 = DIRECTION('',(1.,0.,0.));
#55 = AXIS2_PLACEMENT_3D('',#56,#57,#58);
#56 = CARTESIAN_POINT('',(440.,0.,0.));
#57 = DIRECTION('',(0.,0.,1.));
#58 = DIRECTION('',(1.,0.,0.));
#59 = AXIS2_PLACEMENT_3D('',#60,#61,#62);
#60 = CARTESIAN_POINT('',(480.,0.,0.));
#61 = DIRECTION('',(0.,0.,1.));
#62 = DIRECTION('',(1.,0.,0.));
#63 = AXIS2_PLACEMENT_3D('',#64,#65,#66);
#64 = CARTESIAN_POINT('',(520.,0.,0.));
#65 = DIRECTION('',(0.,0.,1.));
#66 = DIRECTION('',(1.,0.,0.));
#67 = AXIS2_PLACEMENT_3D('',#68,#69,#70);
#68 = CARTESIAN_POINT('',(560.,0.,0.));
#69 = DIRECTION('',(0.,0.,1.));
#70 = DIRECTION('',(1.,0.,0.));
#71 = AXIS2_PLACEMENT_3D('',#72,#73,#74);
#72 = CARTESIAN_POINT('',(600.,0.,0.));
#73 = DIRECTION('',(0.,0.,1.));
#74 = DIRECTION('',(1.,0.,0.));
#75 = AXIS2_PLACEMENT_3D('',#76,#77,#78);
#76 = CARTESIAN_POINT('',(640.,0.,0.));
#77 = DIRECTION('',(0.,0.,1.));
#78 = DIRECTION('',(1.,0.,0.));
#79 = AXIS2_PLACEMENT_3D('',#80,#81,#82);
#80 = CARTESIAN_POINT('',(680.,0.,0.));
#81 = DIRECTION('',(0.,0.,1.));
#82 = DIRECTION('',(1.,0.,0.));
#83 = AXIS2_PLACEMENT_3D('',#84,#85,#86);
#84 = CARTESIAN_POINT('',(720.,0.,0.));
#85 = DIRECTION('',(0.,0.,1.));
#86 = DIRECTION('',(1.,0.,0.));
#87 = ( GEOMETRIC_REPRESENTATION_CONTEXT(3) 
GLOBAL_UNCERTAINTY_ASSIGNED_CONTEXT((#91)) GLOBAL_UNIT_ASSIGNED_CONTEXT(
(#88,#89,#90)) REPRESENTATION_CONTEXT('Context #1',
  '3D Context with UNIT and UNCERTAINTY') );
#88 = ( LENGTH_UNIT() NAMED_UNIT(*) SI_UNIT(.MILLI.,.METRE.) );
#89 = ( NAMED_UNIT(*) PLANE_ANGLE_UNIT() SI_UNIT($,.RADIAN.) );
#90 = ( NAMED_UNIT(*) SI_UNIT($,.STERADIAN.) SOLID_ANGLE_UNIT() );
#91 = UNCERTAINTY_MEASURE_WITH_UNIT(LENGTH_MEASURE(1.E-07),#88,
  'distance_accuracy_value','confusion accuracy');
#92 = PRODUCT_RELATED_PRODUCT_CATEGORY('part',$,(#7));
#93 = SHAPE_DEFINITION_REPRESENTATION(#94,#100);
#94 = PRODUCT_DEFINITION_SHAPE('','',#95);
#95 = PRODUCT_DEFINITION('design','',#96,#99);
#96 = PRODUCT_DEFINITION_FORMATION('','',#97);
#97 = PRODUCT('x_breads','x_breads','',(#98));
#98 = PRODUCT_CONTEXT('',#2,'mechanical');
#99 = PRODUCT_DEFINITION_CONTEXT('part definition',#2,'design');
#100 = MANIFOLD_SURFACE_SHAPE_REPRESENTATION('',(#11,#101),#336);
#101 = SHELL_BASED_SURFACE_MODEL('',(#102));
#102 = OPEN_SHELL('',(#103));
#103 = ADVANCED_FACE('',(#104),#331,.T.);
#104 = FACE_BOUND('',#105,.T.);
#105 = EDGE_LOOP('',(#106,#116,#124,#133,#141,#149,#157,#165,#173,#181,
    #189,#197,#205,#213,#221,#229,#237,#245,#253,#261,#269,#277,#285,
    #293,#301,#309,#317,#325));
#106 = ORIENTED_EDGE('',*,*,#107,.F.);
#107 = EDGE_CURVE('',#108,#110,#112,.T.);
#108 = VERTEX_POINT('',#109);
#109 = CARTESIAN_POINT('',(-12.,6.,0.));
#110 = VERTEX_POINT('',#111);
#111 = CARTESIAN_POINT('',(-10.9999961853,6.,0.));
#112 = LINE('',#113,#114);
#113 = CARTESIAN_POINT('',(-22.267067,6.,0.));
#114 = VECTOR('',#115,1.);
#115 = DIRECTION('',(1.,0.,0.));
#116 = ORIENTED_EDGE('',*,*,#117,.T.);
#117 = EDGE_CURVE('',#108,#118,#120,.T.);
#118 = VERTEX_POINT('',#119);
#119 = CARTESIAN_POINT('',(-12.,6.,40.));
#120 = LINE('',#121,#122);
#121 = CARTESIAN_POINT('',(-12.,6.,0.));
#122 = VECTOR('',#123,1.);
#123 = DIRECTION('',(0.,0.,1.));
#124 = ORIENTED_EDGE('',*,*,#125,.T.);
#125 = EDGE_CURVE('',#118,#126,#128,.T.);
#126 = VERTEX_POINT('',#127);
#127 = CARTESIAN_POINT('',(12.,6.,40.));
#128 = CIRCLE('',#129,12.);
#129 = AXIS2_PLACEMENT_3D('',#130,#131,#132);
#130 = CARTESIAN_POINT('',(9.2E-16,6.,40.));
#131 = DIRECTION('',(0.,1.,0.));
#132 = DIRECTION('',(0.,-0.,1.));
#133 = ORIENTED_EDGE('',*,*,#134,.F.);
#134 = EDGE_CURVE('',#135,#126,#137,.T.);
#135 = VERTEX_POINT('',#136);
#136 = CARTESIAN_POINT('',(12.,6.,0.));
#137 = LINE('',#138,#139);
#138 = CARTESIAN_POINT('',(12.,6.,0.));
#139 = VECTOR('',#140,1.);
#140 = DIRECTION('',(0.,0.,1.));
#141 = ORIENTED_EDGE('',*,*,#142,.F.);
#142 = EDGE_CURVE('',#143,#135,#145,.T.);
#143 = VERTEX_POINT('',#144);
#144 = CARTESIAN_POINT('',(11.000003814697,6.,0.));
#145 = LINE('',#146,#147);
#146 = CARTESIAN_POINT('',(-22.267067,6.,0.));
#147 = VECTOR('',#148,1.);
#148 = DIRECTION('',(1.,0.,0.));
#149 = ORIENTED_EDGE('',*,*,#150,.T.);
#150 = EDGE_CURVE('',#143,#151,#153,.T.);
#151 = VERTEX_POINT('',#152);
#152 = CARTESIAN_POINT('',(11.000003814697,6.,25.));
#153 = LINE('',#154,#155);
#154 = CARTESIAN_POINT('',(11.000003814697,6.,-37.5));
#155 = VECTOR('',#156,1.);
#156 = DIRECTION('',(0.,-0.,1.));
#157 = ORIENTED_EDGE('',*,*,#158,.F.);
#158 = EDGE_CURVE('',#159,#151,#161,.T.);
#159 = VERTEX_POINT('',#160);
#160 = CARTESIAN_POINT('',(9.000003814697,6.,25.));
#161 = LINE('',#162,#163);
#162 = CARTESIAN_POINT('',(-6.633531592651,6.,25.));
#163 = VECTOR('',#164,1.);
#164 = DIRECTION('',(1.,0.,0.));
#165 = ORIENTED_EDGE('',*,*,#166,.F.);
#166 = EDGE_CURVE('',#167,#159,#169,.T.);
#167 = VERTEX_POINT('',#168);
#168 = CARTESIAN_POINT('',(9.000003814697,6.,0.));
#169 = LINE('',#170,#171);
#170 = CARTESIAN_POINT('',(9.000003814697,6.,-37.5));
#171 = VECTOR('',#172,1.);
#172 = DIRECTION('',(0.,-0.,1.));
#173 = ORIENTED_EDGE('',*,*,#174,.F.);
#174 = EDGE_CURVE('',#175,#167,#177,.T.);
#175 = VERTEX_POINT('',#176);
#176 = CARTESIAN_POINT('',(7.000003814697,6.,0.));
#177 = LINE('',#178,#179);
#178 = CARTESIAN_POINT('',(-22.267067,6.,0.));
#179 = VECTOR('',#180,1.);
#180 = DIRECTION('',(1.,0.,0.));
#181 = ORIENTED_EDGE('',*,*,#182,.T.);
#182 = EDGE_CURVE('',#175,#183,#185,.T.);
#183 = VERTEX_POINT('',#184);
#184 = CARTESIAN_POINT('',(7.000003814697,6.,25.));
#185 = LINE('',#186,#187);
#186 = CARTESIAN_POINT('',(7.000003814697,6.,-37.5));
#187 = VECTOR('',#188,1.);
#188 = DIRECTION('',(0.,-0.,1.));
#189 = ORIENTED_EDGE('',*,*,#190,.F.);
#190 = EDGE_CURVE('',#191,#183,#193,.T.);
#191 = VERTEX_POINT('',#192);
#192 = CARTESIAN_POINT('',(5.000003814697,6.,25.));
#193 = LINE('',#194,#195);
#194 = CARTESIAN_POINT('',(-8.633531592651,6.,25.));
#195 = VECTOR('',#196,1.);
#196 = DIRECTION('',(1.,0.,0.));
#197 = ORIENTED_EDGE('',*,*,#198,.F.);
#198 = EDGE_CURVE('',#199,#191,#201,.T.);
#199 = VERTEX_POINT('',#200);
#200 = CARTESIAN_POINT('',(5.000003814697,6.,0.));
#201 = LINE('',#202,#203);
#202 = CARTESIAN_POINT('',(5.000003814697,6.,-37.5));
#203 = VECTOR('',#204,1.);
#204 = DIRECTION('',(0.,-0.,1.));
#205 = ORIENTED_EDGE('',*,*,#206,.F.);
#206 = EDGE_CURVE('',#207,#199,#209,.T.);
#207 = VERTEX_POINT('',#208);
#208 = CARTESIAN_POINT('',(3.000003814697,6.,0.));
#209 = LINE('',#210,#211);
#210 = CARTESIAN_POINT('',(-22.267067,6.,0.));
#211 = VECTOR('',#212,1.);
#212 = DIRECTION('',(1.,0.,0.));
#213 = ORIENTED_EDGE('',*,*,#214,.T.);
#214 = EDGE_CURVE('',#207,#215,#217,.T.);
#215 = VERTEX_POINT('',#216);
#216 = CARTESIAN_POINT('',(3.000003814697,6.,25.));
#217 = LINE('',#218,#219);
#218 = CARTESIAN_POINT('',(3.000003814697,6.,-37.5));
#219 = VECTOR('',#220,1.);
#220 = DIRECTION('',(0.,-0.,1.));
#221 = ORIENTED_EDGE('',*,*,#222,.F.);
#222 = EDGE_CURVE('',#223,#215,#225,.T.);
#223 = VERTEX_POINT('',#224);
#224 = CARTESIAN_POINT('',(1.000003814697,6.,25.));
#225 = LINE('',#226,#227);
#226 = CARTESIAN_POINT('',(-10.63353159265,6.,25.));
#227 = VECTOR('',#228,1.);
#228 = DIRECTION('',(1.,0.,0.));
#229 = ORIENTED_EDGE('',*,*,#230,.F.);
#230 = EDGE_CURVE('',#231,#223,#233,.T.);
#231 = VERTEX_POINT('',#232);
#232 = CARTESIAN_POINT('',(1.000003814697,6.,0.));
#233 = LINE('',#234,#235);
#234 = CARTESIAN_POINT('',(1.000003814697,6.,-37.5));
#235 = VECTOR('',#236,1.);
#236 = DIRECTION('',(0.,-0.,1.));
#237 = ORIENTED_EDGE('',*,*,#238,.F.);
#238 = EDGE_CURVE('',#239,#231,#241,.T.);
#239 = VERTEX_POINT('',#240);
#240 = CARTESIAN_POINT('',(-0.999996185303,6.,0.));
#241 = LINE('',#242,#243);
#242 = CARTESIAN_POINT('',(-22.267067,6.,0.));
#243 = VECTOR('',#244,1.);
#244 = DIRECTION('',(1.,0.,0.));
#245 = ORIENTED_EDGE('',*,*,#246,.T.);
#246 = EDGE_CURVE('',#239,#247,#249,.T.);
#247 = VERTEX_POINT('',#248);
#248 = CARTESIAN_POINT('',(-0.999996185303,6.,25.));
#249 = LINE('',#250,#251);
#250 = CARTESIAN_POINT('',(-0.999996185303,6.,-37.5));
#251 = VECTOR('',#252,1.);
#252 = DIRECTION('',(0.,-0.,1.));
#253 = ORIENTED_EDGE('',*,*,#254,.F.);
#254 = EDGE_CURVE('',#255,#247,#257,.T.);
#255 = VERTEX_POINT('',#256);
#256 = CARTESIAN_POINT('',(-2.999996185303,6.,25.));
#257 = LINE('',#258,#259);
#258 = CARTESIAN_POINT('',(-12.63353159265,6.,25.));
#259 = VECTOR('',#260,1.);
#260 = DIRECTION('',(1.,0.,0.));
#261 = ORIENTED_EDGE('',*,*,#262,.F.);
#262 = EDGE_CURVE('',#263,#255,#265,.T.);
#263 = VERTEX_POINT('',#264);
#264 = CARTESIAN_POINT('',(-2.999996185303,6.,0.));
#265 = LINE('',#266,#267);
#266 = CARTESIAN_POINT('',(-2.999996185303,6.,-37.5));
#267 = VECTOR('',#268,1.);
#268 = DIRECTION('',(0.,-0.,1.));
#269 = ORIENTED_EDGE('',*,*,#270,.F.);
#270 = EDGE_CURVE('',#271,#263,#273,.T.);
#271 = VERTEX_POINT('',#272);
#272 = CARTESIAN_POINT('',(-4.999996185303,6.,0.));
#273 = LINE('',#274,#275);
#274 = CARTESIAN_POINT('',(-22.267067,6.,0.));
#275 = VECTOR('',#276,1.);
#276 = DIRECTION('',(1.,0.,0.));
#277 = ORIENTED_EDGE('',*,*,#278,.T.);
#278 = EDGE_CURVE('',#271,#279,#281,.T.);
#279 = VERTEX_POINT('',#280);
#280 = CARTESIAN_POINT('',(-4.999996185303,6.,25.));
#281 = LINE('',#282,#283);
#282 = CARTESIAN_POINT('',(-4.999996185303,6.,-37.5));
#283 = VECTOR('',#284,1.);
#284 = DIRECTION('',(0.,-0.,1.));
#285 = ORIENTED_EDGE('',*,*,#286,.F.);
#286 = EDGE_CURVE('',#287,#279,#289,.T.);
#287 = VERTEX_POINT('',#288);
#288 = CARTESIAN_POINT('',(-6.999996185303,6.,25.));
#289 = LINE('',#290,#291);
#290 = CARTESIAN_POINT('',(-14.63353159265,6.,25.));
#291 = VECTOR('',#292,1.);
#292 = DIRECTION('',(1.,0.,0.));
#293 = ORIENTED_EDGE('',*,*,#294,.F.);
#294 = EDGE_CURVE('',#295,#287,#297,.T.);
#295 = VERTEX_POINT('',#296);
#296 = CARTESIAN_POINT('',(-6.999996185303,6.,0.));
#297 = LINE('',#298,#299);
#298 = CARTESIAN_POINT('',(-6.999996185303,6.,-37.5));
#299 = VECTOR('',#300,1.);
#300 = DIRECTION('',(0.,-0.,1.));
#301 = ORIENTED_EDGE('',*,*,#302,.F.);
#302 = EDGE_CURVE('',#303,#295,#305,.T.);
#303 = VERTEX_POINT('',#304);
#304 = CARTESIAN_POINT('',(-8.999996185303,6.,0.));
#305 = LINE('',#306,#307);
#306 = CARTESIAN_POINT('',(-22.267067,6.,0.));
#307 = VECTOR('',#308,1.);
#308 = DIRECTION('',(1.,0.,0.));
#309 = ORIENTED_EDGE('',*,*,#310,.T.);
#310 = EDGE_CURVE('',#303,#311,#313,.T.);
#311 = VERTEX_POINT('',#312);
#312 = CARTESIAN_POINT('',(-8.999996185303,6.,25.));
#313 = LINE('',#314,#315);
#314 = CARTESIAN_POINT('',(-8.999996185303,6.,-37.5));
#315 = VECTOR('',#316,1.);
#316 = DIRECTION('',(0.,-0.,1.));
#317 = ORIENTED_EDGE('',*,*,#318,.F.);
#318 = EDGE_CURVE('',#319,#311,#321,.T.);
#319 = VERTEX_POINT('',#320);
#320 = CARTESIAN_POINT('',(-10.9999961853,6.,25.));
#321 = LINE('',#322,#323);
#322 = CARTESIAN_POINT('',(-16.63353159265,6.,25.));
#323 = VECTOR('',#324,1.);
#324 = DIRECTION('',(1.,0.,0.));
#325 = ORIENTED_EDGE('',*,*,#326,.F.);
#326 = EDGE_CURVE('',#110,#319,#327,.T.);
#327 = LINE('',#328,#329);
#328 = CARTESIAN_POINT('',(-10.9999961853,6.,-37.5));
#329 = VECTOR('',#330,1.);
#330 = DIRECTION('',(0.,-0.,1.));
#331 = PLANE('',#332);
#332 = AXIS2_PLACEMENT_3D('',#333,#334,#335);
#333 = CARTESIAN_POINT('',(-22.267067,6.,0.));
#334 = DIRECTION('',(0.,1.,0.));
#335 = DIRECTION('',(1.,0.,0.));
#336 = ( GEOMETRIC_REPRESENTATION_CONTEXT(3) 
GLOBAL_UNCERTAINTY_ASSIGNED_CONTEXT((#340)) GLOBAL_UNIT_ASSIGNED_CONTEXT
((#337,#338,#339)) REPRESENTATION_CONTEXT('Context #1',
  '3D Context with UNIT and UNCERTAINTY') );
#337 = ( LENGTH_UNIT() NAMED_UNIT(*) SI_UNIT(.MILLI.,.METRE.) );
#338 = ( NAMED_UNIT(*) PLANE_ANGLE_UNIT() SI_UNIT($,.RADIAN.) );
#339 = ( NAMED_UNIT(*) SI_UNIT($,.STERADIAN.) SOLID_ANGLE_UNIT() );
#340 = UNCERTAINTY_MEASURE_WITH_UNIT(LENGTH_MEASURE(1.E-07),#337,
  'distance_accuracy_value','confusion accuracy');
#341 = CONTEXT_DEPENDENT_SHAPE_REPRESENTATION(#342,#344);
#342 = ( REPRESENTATION_RELATIONSHIP('','',#100,#10) 
REPRESENTATION_RELATIONSHIP_WITH_TRANSFORMATION(#343) 
SHAPE_REPRESENTATION_RELATIONSHIP() );
#343 = ITEM_DEFINED_TRANSFORMATION('','',#11,#15);
#344 = PRODUCT_DEFINITION_SHAPE('Placement','Placement of an item',#345
  );
#345 = NEXT_ASSEMBLY_USAGE_OCCURRENCE('25','x_breads','',#5,#95,$);
#346 = PRODUCT_RELATED_PRODUCT_CATEGORY('part',$,(#97));
#347 = SHAPE_DEFINITION_REPRESENTATION(#348,#354);
#348 = PRODUCT_DEFINITION_SHAPE('','',#349);
#349 = PRODUCT_DEFINITION('design','',#350,#353);
#350 = PRODUCT_DEFINITION_FORMATION('','',#351);
#351 = PRODUCT('x_breads001','x_breads001','',(#352));
#352 = PRODUCT_CONTEXT('',#2,'mechanical');
#353 = PRODUCT_DEFINITION_CONTEXT('part definition',#2,'design');
#354 = MANIFOLD_SURFACE_SHAPE_REPRESENTATION('',(#11,#355),#590);
#355 = SHELL_BASED_SURFACE_MODEL('',(#356));
#356 = OPEN_SHELL('',(#357));
#357 = ADVANCED_FACE('',(#358),#585,.T.);
#358 = FACE_BOUND('',#359,.T.);
#359 = EDGE_LOOP('',(#360,#370,#378,#387,#395,#403,#411,#419,#427,#435,
    #443,#451,#459,#467,#475,#483,#491,#499,#507,#515,#523,#531,#539,
    #547,#555,#563,#571,#579));
#360 = ORIENTED_EDGE('',*,*,#361,.F.);
#361 = EDGE_CURVE('',#362,#364,#366,.T.);
#362 = VERTEX_POINT('',#363);
#363 = CARTESIAN_POINT('',(-14.14213562373,10.,0.));
#364 = VERTEX_POINT('',#365);
#365 = CARTESIAN_POINT('',(-10.9999961853,10.,0.));
#366 = LINE('',#367,#368);
#367 = CARTESIAN_POINT('',(-22.267067,10.,0.));
#368 = VECTOR('',#369,1.);
#369 = DIRECTION('',(1.,0.,0.));
#370 = ORIENTED_EDGE('',*,*,#371,.T.);
#371 = EDGE_CURVE('',#362,#372,#374,.T.);
#372 = VERTEX_POINT('',#373);
#373 = CARTESIAN_POINT('',(-14.14213562373,10.,40.));
#374 = LINE('',#375,#376);
#375 = CARTESIAN_POINT('',(-14.14213562373,10.,0.));
#376 = VECTOR('',#377,1.);
#377 = DIRECTION('',(0.,0.,1.));
#378 = ORIENTED_EDGE('',*,*,#379,.T.);
#379 = EDGE_CURVE('',#372,#380,#382,.T.);
#380 = VERTEX_POINT('',#381);
#381 = CARTESIAN_POINT('',(14.142135623731,10.,40.));
#382 = CIRCLE('',#383,14.142135623731);
#383 = AXIS2_PLACEMENT_3D('',#384,#385,#386);
#384 = CARTESIAN_POINT('',(9.2E-16,10.,40.));
#385 = DIRECTION('',(0.,1.,0.));
#386 = DIRECTION('',(0.,-0.,1.));
#387 = ORIENTED_EDGE('',*,*,#388,.F.);
#388 = EDGE_CURVE('',#389,#380,#391,.T.);
#389 = VERTEX_POINT('',#390);
#390 = CARTESIAN_POINT('',(14.142135623731,10.,0.));
#391 = LINE('',#392,#393);
#392 = CARTESIAN_POINT('',(14.142135623731,10.,0.));
#393 = VECTOR('',#394,1.);
#394 = DIRECTION('',(0.,0.,1.));
#395 = ORIENTED_EDGE('',*,*,#396,.F.);
#396 = EDGE_CURVE('',#397,#389,#399,.T.);
#397 = VERTEX_POINT('',#398);
#398 = CARTESIAN_POINT('',(11.000003814697,10.,0.));
#399 = LINE('',#400,#401);
#400 = CARTESIAN_POINT('',(-22.267067,10.,0.));
#401 = VECTOR('',#402,1.);
#402 = DIRECTION('',(1.,0.,0.));
#403 = ORIENTED_EDGE('',*,*,#404,.T.);
#404 = EDGE_CURVE('',#397,#405,#407,.T.);
#405 = VERTEX_POINT('',#406);
#406 = CARTESIAN_POINT('',(11.000003814697,10.,25.));
#407 = LINE('',#408,#409);
#408 = CARTESIAN_POINT('',(11.000003814697,10.,-37.5));
#409 = VECTOR('',#410,1.);
#410 = DIRECTION('',(0.,-0.,1.));
#411 = ORIENTED_EDGE('',*,*,#412,.F.);
#412 = EDGE_CURVE('',#413,#405,#415,.T.);
#413 = VERTEX_POINT('',#414);
#414 = CARTESIAN_POINT('',(9.000003814697,10.,25.));
#415 = LINE('',#416,#417);
#416 = CARTESIAN_POINT('',(-6.633531592651,10.,25.));
#417 = VECTOR('',#418,1.);
#418 = DIRECTION('',(1.,0.,0.));
#419 = ORIENTED_EDGE('',*,*,#420,.F.);
#420 = EDGE_CURVE('',#421,#413,#423,.T.);
#421 = VERTEX_POINT('',#422);
#422 = CARTESIAN_POINT('',(9.000003814697,10.,0.));
#423 = LINE('',#424,#425);
#424 = CARTESIAN_POINT('',(9.000003814697,10.,-37.5));
#425 = VECTOR('',#426,1.);
#426 = DIRECTION('',(0.,-0.,1.));
#427 = ORIENTED_EDGE('',*,*,#428,.F.);
#428 = EDGE_CURVE('',#429,#421,#431,.T.);
#429 = VERTEX_POINT('',#430);
#430 = CARTESIAN_POINT('',(7.000003814697,10.,0.));
#431 = LINE('',#432,#433);
#432 = CARTESIAN_POINT('',(-22.267067,10.,0.));
#433 = VECTOR('',#434,1.);
#434 = DIRECTION('',(1.,0.,0.));
#435 = ORIENTED_EDGE('',*,*,#436,.T.);
#436 = EDGE_CURVE('',#429,#437,#439,.T.);
#437 = VERTEX_POINT('',#438);
#438 = CARTESIAN_POINT('',(7.000003814697,10.,25.));
#439 = LINE('',#440,#441);
#440 = CARTESIAN_POINT('',(7.000003814697,10.,-37.5));
#441 = VECTOR('',#442,1.);
#442 = DIRECTION('',(0.,-0.,1.));
#443 = ORIENTED_EDGE('',*,*,#444,.F.);
#444 = EDGE_CURVE('',#445,#437,#447,.T.);
#445 = VERTEX_POINT('',#446);
#446 = CARTESIAN_POINT('',(5.000003814697,10.,25.));
#447 = LINE('',#448,#449);
#448 = CARTESIAN_POINT('',(-8.633531592651,10.,25.));
#449 = VECTOR('',#450,1.);
#450 = DIRECTION('',(1.,0.,0.));
#451 = ORIENTED_EDGE('',*,*,#452,.F.);
#452 = EDGE_CURVE('',#453,#445,#455,.T.);
#453 = VERTEX_POINT('',#454);
#454 = CARTESIAN_POINT('',(5.000003814697,10.,0.));
#455 = LINE('',#456,#457);
#456 = CARTESIAN_POINT('',(5.000003814697,10.,-37.5));
#457 = VECTOR('',#458,1.);
#458 = DIRECTION('',(0.,-0.,1.));
#459 = ORIENTED_EDGE('',*,*,#460,.F.);
#460 = EDGE_CURVE('',#461,#453,#463,.T.);
#461 = VERTEX_POINT('',#462);
#462 = CARTESIAN_POINT('',(3.000003814697,10.,0.));
#463 = LINE('',#464,#465);
#464 = CARTESIAN_POINT('',(-22.267067,10.,0.));
#465 = VECTOR('',#466,1.);
#466 = DIRECTION('',(1.,0.,0.));
#467 = ORIENTED_EDGE('',*,*,#468,.T.);
#468 = EDGE_CURVE('',#461,#469,#471,.T.);
#469 = VERTEX_POINT('',#470);
#470 = CARTESIAN_POINT('',(3.000003814697,10.,25.));
#471 = LINE('',#472,#473);
#472 = CARTESIAN_POINT('',(3.000003814697,10.,-37.5));
#473 = VECTOR('',#474,1.);
#474 = DIRECTION('',(0.,-0.,1.));
#475 = ORIENTED_EDGE('',*,*,#476,.F.);
#476 = EDGE_CURVE('',#477,#469,#479,.T.);
#477 = VERTEX_POINT('',#478);
#478 = CARTESIAN_POINT('',(1.000003814697,10.,25.));
#479 = LINE('',#480,#481);
#480 = CARTESIAN_POINT('',(-10.63353159265,10.,25.));
#481 = VECTOR('',#482,1.);
#482 = DIRECTION('',(1.,0.,0.));
#483 = ORIENTED_EDGE('',*,*,#484,.F.);
#484 = EDGE_CURVE('',#485,#477,#487,.T.);
#485 = VERTEX_POINT('',#486);
#486 = CARTESIAN_POINT('',(1.000003814697,10.,0.));
#487 = LINE('',#488,#489);
#488 = CARTESIAN_POINT('',(1.000003814697,10.,-37.5));
#489 = VECTOR('',#490,1.);
#490 = DIRECTION('',(0.,-0.,1.));
#491 = ORIENTED_EDGE('',*,*,#492,.F.);
#492 = EDGE_CURVE('',#493,#485,#495,.T.);
#493 = VERTEX_POINT('',#494);
#494 = CARTESIAN_POINT('',(-0.999996185303,10.,0.));
#495 = LINE('',#496,#497);
#496 = CARTESIAN_POINT('',(-22.267067,10.,0.));
#497 = VECTOR('',#498,1.);
#498 = DIRECTION('',(1.,0.,0.));
#499 = ORIENTED_EDGE('',*,*,#500,.T.);
#500 = EDGE_CURVE('',#493,#501,#503,.T.);
#501 = VERTEX_POINT('',#502);
#502 = CARTESIAN_POINT('',(-0.999996185303,10.,25.));
#503 = LINE('',#504,#505);
#504 = CARTESIAN_POINT('',(-0.999996185303,10.,-37.5));
#505 = VECTOR('',#506,1.);
#506 = DIRECTION('',(0.,-0.,1.));
#507 = ORIENTED_EDGE('',*,*,#508,.F.);
#508 = EDGE_CURVE('',#509,#501,#511,.T.);
#509 = VERTEX_POINT('',#510);
#510 = CARTESIAN_POINT('',(-2.999996185303,10.,25.));
#511 = LINE('',#512,#513);
#512 = CARTESIAN_POINT('',(-12.63353159265,10.,25.));
#513 = VECTOR('',#514,1.);
#514 = DIRECTION('',(1.,0.,0.));
#515 = ORIENTED_EDGE('',*,*,#516,.F.);
#516 = EDGE_CURVE('',#517,#509,#519,.T.);
#517 = VERTEX_POINT('',#518);
#518 = CARTESIAN_POINT('',(-2.999996185303,10.,0.));
#519 = LINE('',#520,#521);
#520 = CARTESIAN_POINT('',(-2.999996185303,10.,-37.5));
#521 = VECTOR('',#522,1.);
#522 = DIRECTION('',(0.,-0.,1.));
#523 = ORIENTED_EDGE('',*,*,#524,.F.);
#524 = EDGE_CURVE('',#525,#517,#527,.T.);
#525 = VERTEX_POINT('',#526);
#526 = CARTESIAN_POINT('',(-4.999996185303,10.,0.));
#527 = LINE('',#528,#529);
#528 = CARTESIAN_POINT('',(-22.267067,10.,0.));
#529 = VECTOR('',#530,1.);
#530 = DIRECTION('',(1.,0.,0.));
#531 = ORIENTED_EDGE('',*,*,#532,.T.);
#532 = EDGE_CURVE('',#525,#533,#535,.T.);
#533 = VERTEX_POINT('',#534);
#534 = CARTESIAN_POINT('',(-4.999996185303,10.,25.));
#535 = LINE('',#536,#537);
#536 = CARTESIAN_POINT('',(-4.999996185303,10.,-37.5));
#537 = VECTOR('',#538,1.);
#538 = DIRECTION('',(0.,-0.,1.));
#539 = ORIENTED_EDGE('',*,*,#540,.F.);
#540 = EDGE_CURVE('',#541,#533,#543,.T.);
#541 = VERTEX_POINT('',#542);
#542 = CARTESIAN_POINT('',(-6.999996185303,10.,25.));
#543 = LINE('',#544,#545);
#544 = CARTESIAN_POINT('',(-14.63353159265,10.,25.));
#545 = VECTOR('',#546,1.);
#546 = DIRECTION('',(1.,0.,0.));
#547 = ORIENTED_EDGE('',*,*,#548,.F.);
#548 = EDGE_CURVE('',#549,#541,#551,.T.);
#549 = VERTEX_POINT('',#550);
#550 = CARTESIAN_POINT('',(-6.999996185303,10.,0.));
#551 = LINE('',#552,#553);
#552 = CARTESIAN_POINT('',(-6.999996185303,10.,-37.5));
#553 = VECTOR('',#554,1.);
#554 = DIRECTION('',(0.,-0.,1.));
#555 = ORIENTED_EDGE('',*,*,#556,.F.);
#556 = EDGE_CURVE('',#557,#549,#559,.T.);
#557 = VERTEX_POINT('',#558);
#558 = CARTESIAN_POINT('',(-8.999996185303,10.,0.));
#559 = LINE('',#560,#561);
#560 = CARTESIAN_POINT('',(-22.267067,10.,0.));
#561 = VECTOR('',#562,1.);
#562 = DIRECTION('',(1.,0.,0.));
#563 = ORIENTED_EDGE('',*,*,#564,.T.);
#564 = EDGE_CURVE('',#557,#565,#567,.T.);
#565 = VERTEX_POINT('',#566);
#566 = CARTESIAN_POINT('',(-8.999996185303,10.,25.));
#567 = LINE('',#568,#569);
#568 = CARTESIAN_POINT('',(-8.999996185303,10.,-37.5));
#569 = VECTOR('',#570,1.);
#570 = DIRECTION('',(0.,-0.,1.));
#571 = ORIENTED_EDGE('',*,*,#572,.F.);
#572 = EDGE_CURVE('',#573,#565,#575,.T.);
#573 = VERTEX_POINT('',#574);
#574 = CARTESIAN_POINT('',(-10.9999961853,10.,25.));
#575 = LINE('',#576,#577);
#576 = CARTESIAN_POINT('',(-16.63353159265,10.,25.));
#577 = VECTOR('',#578,1.);
#578 = DIRECTION('',(1.,0.,0.));
#579 = ORIENTED_EDGE('',*,*,#580,.F.);
#580 = EDGE_CURVE('',#364,#573,#581,.T.);
#581 = LINE('',#582,#583);
#582 = CARTESIAN_POINT('',(-10.9999961853,10.,-37.5));
#583 = VECTOR('',#584,1.);
#584 = DIRECTION('',(0.,-0.,1.));
#585 = PLANE('',#586);
#586 = AXIS2_PLACEMENT_3D('',#587,#588,#589);
#587 = CARTESIAN_POINT('',(-22.267067,10.,0.));
#588 = DIRECTION('',(0.,1.,0.));
#589 = DIRECTION('',(1.,0.,0.));
#590 = ( GEOMETRIC_REPRESENTATION_CONTEXT(3) 
GLOBAL_UNCERTAINTY_ASSIGNED_CONTEXT((#594)) GLOBAL_UNIT_ASSIGNED_CONTEXT
((#591,#592,#593)) REPRESENTATION_CONTEXT('Context #1',
  '3D Context with UNIT and UNCERTAINTY') );
#591 = ( LENGTH_UNIT() NAMED_UNIT(*) SI_UNIT(.MILLI.,.METRE.) );
#592 = ( NAMED_UNIT(*) PLANE_ANGLE_UNIT() SI_UNIT($,.RADIAN.) );
#593 = ( NAMED_UNIT(*) SI_UNIT($,.STERADIAN.) SOLID_ANGLE_UNIT() );
#594 = UNCERTAINTY_MEASURE_WITH_UNIT(LENGTH_MEASURE(1.E-07),#591,
  'distance_accuracy_value','confusion accuracy');
#595 = CONTEXT_DEPENDENT_SHAPE_REPRESENTATION(#596,#598);
#596 = ( REPRESENTATION_RELATIONSHIP('','',#354,#10) 
REPRESENTATION_RELATIONSHIP_WITH_TRANSFORMATION(#597) 
SHAPE_REPRESENTATION_RELATIONSHIP() );
#597 = ITEM_DEFINED_TRANSFORMATION('','',#11,#19);
#598 = PRODUCT_DEFINITION_SHAPE('Placement','Placement of an item',#599
  );
#599 = NEXT_ASSEMBLY_USAGE_OCCURRENCE('26','x_breads001','',#5,#349,$);
#600 = PRODUCT_RELATED_PRODUCT_CATEGORY('part',$,(#351));
#601 = SHAPE_DEFINITION_REPRESENTATION(#602,#608);
#602 = PRODUCT_DEFINITION_SHAPE('','',#603);
#603 = PRODUCT_DEFINITION('design','',#604,#607);
#604 = PRODUCT_DEFINITION_FORMATION('','',#605);
#605 = PRODUCT('x_breads002','x_breads002','',(#606));
#606 = PRODUCT_CONTEXT('',#2,'mechanical');
#607 = PRODUCT_DEFINITION_CONTEXT('part definition',#2,'design');
#608 = MANIFOLD_SURFACE_SHAPE_REPRESENTATION('',(#11,#609),#844);
#609 = SHELL_BASED_SURFACE_MODEL('',(#610));
#610 = OPEN_SHELL('',(#611));
#611 = ADVANCED_FACE('',(#612),#839,.T.);
#612 = FACE_BOUND('',#613,.T.);
#613 = EDGE_LOOP('',(#614,#624,#632,#641,#649,#657,#665,#673,#681,#689,
    #697,#705,#713,#721,#729,#737,#745,#753,#761,#769,#777,#785,#793,
    #801,#809,#817,#825,#833));
#614 = ORIENTED_EDGE('',*,*,#615,.F.);
#615 = EDGE_CURVE('',#616,#618,#620,.T.);
#616 = VERTEX_POINT('',#617);
#617 = CARTESIAN_POINT('',(-14.96662954709,14.,0.));
#618 = VERTEX_POINT('',#619);
#619 = CARTESIAN_POINT('',(-10.9999961853,14.,0.));
#620 = LINE('',#621,#622);
#621 = CARTESIAN_POINT('',(-22.267067,14.,0.));
#622 = VECTOR('',#623,1.);
#623 = DIRECTION('',(1.,0.,0.));
#624 = ORIENTED_EDGE('',*,*,#625,.T.);
#625 = EDGE_CURVE('',#616,#626,#628,.T.);
#626 = VERTEX_POINT('',#627);
#627 = CARTESIAN_POINT('',(-14.96662954709,14.,40.));
#628 = LINE('',#629,#630);
#629 = CARTESIAN_POINT('',(-14.96662954709,14.,0.));
#630 = VECTOR('',#631,1.);
#631 = DIRECTION('',(0.,0.,1.));
#632 = ORIENTED_EDGE('',*,*,#633,.T.);
#633 = EDGE_CURVE('',#626,#634,#636,.T.);
#634 = VERTEX_POINT('',#635);
#635 = CARTESIAN_POINT('',(14.966629547096,14.,40.));
#636 = CIRCLE('',#637,14.966629547096);
#637 = AXIS2_PLACEMENT_3D('',#638,#639,#640);
#638 = CARTESIAN_POINT('',(9.2E-16,14.,40.));
#639 = DIRECTION('',(0.,1.,0.));
#640 = DIRECTION('',(0.,-0.,1.));
#641 = ORIENTED_EDGE('',*,*,#642,.F.);
#642 = EDGE_CURVE('',#643,#634,#645,.T.);
#643 = VERTEX_POINT('',#644);
#644 = CARTESIAN_POINT('',(14.966629547096,14.,0.));
#645 = LINE('',#646,#647);
#646 = CARTESIAN_POINT('',(14.966629547096,14.,0.));
#647 = VECTOR('',#648,1.);
#648 = DIRECTION('',(0.,0.,1.));
#649 = ORIENTED_EDGE('',*,*,#650,.F.);
#650 = EDGE_CURVE('',#651,#643,#653,.T.);
#651 = VERTEX_POINT('',#652);
#652 = CARTESIAN_POINT('',(11.000003814697,14.,0.));
#653 = LINE('',#654,#655);
#654 = CARTESIAN_POINT('',(-22.267067,14.,0.));
#655 = VECTOR('',#656,1.);
#656 = DIRECTION('',(1.,0.,0.));
#657 = ORIENTED_EDGE('',*,*,#658,.T.);
#658 = EDGE_CURVE('',#651,#659,#661,.T.);
#659 = VERTEX_POINT('',#660);
#660 = CARTESIAN_POINT('',(11.000003814697,14.,25.));
#661 = LINE('',#662,#663);
#662 = CARTESIAN_POINT('',(11.000003814697,14.,-37.5));
#663 = VECTOR('',#664,1.);
#664 = DIRECTION('',(0.,-0.,1.));
#665 = ORIENTED_EDGE('',*,*,#666,.F.);
#666 = EDGE_CURVE('',#667,#659,#669,.T.);
#667 = VERTEX_POINT('',#668);
#668 = CARTESIAN_POINT('',(9.000003814697,14.,25.));
#669 = LINE('',#670,#671);
#670 = CARTESIAN_POINT('',(-6.633531592651,14.,25.));
#671 = VECTOR('',#672,1.);
#672 = DIRECTION('',(1.,0.,0.));
#673 = ORIENTED_EDGE('',*,*,#674,.F.);
#674 = EDGE_CURVE('',#675,#667,#677,.T.);
#675 = VERTEX_POINT('',#676);
#676 = CARTESIAN_POINT('',(9.000003814697,14.,0.));
#677 = LINE('',#678,#679);
#678 = CARTESIAN_POINT('',(9.000003814697,14.,-37.5));
#679 = VECTOR('',#680,1.);
#680 = DIRECTION('',(0.,-0.,1.));
#681 = ORIENTED_EDGE('',*,*,#682,.F.);
#682 = EDGE_CURVE('',#683,#675,#685,.T.);
#683 = VERTEX_POINT('',#684);
#684 = CARTESIAN_POINT('',(7.000003814697,14.,0.));
#685 = LINE('',#686,#687);
#686 = CARTESIAN_POINT('',(-22.267067,14.,0.));
#687 = VECTOR('',#688,1.);
#688 = DIRECTION('',(1.,0.,0.));
#689 = ORIENTED_EDGE('',*,*,#690,.T.);
#690 = EDGE_CURVE('',#683,#691,#693,.T.);
#691 = VERTEX_POINT('',#692);
#692 = CARTESIAN_POINT('',(7.000003814697,14.,25.));
#693 = LINE('',#694,#695);
#694 = CARTESIAN_POINT('',(7.000003814697,14.,-37.5));
#695 = VECTOR('',#696,1.);
#696 = DIRECTION('',(0.,-0.,1.));
#697 = ORIENTED_EDGE('',*,*,#698,.F.);
#698 = EDGE_CURVE('',#699,#691,#701,.T.);
#699 = VERTEX_POINT('',#700);
#700 = CARTESIAN_POINT('',(5.000003814697,14.,25.));
#701 = LINE('',#702,#703);
#702 = CARTESIAN_POINT('',(-8.633531592651,14.,25.));
#703 = VECTOR('',#704,1.);
#704 = DIRECTION('',(1.,0.,0.));
#705 = ORIENTED_EDGE('',*,*,#706,.F.);
#706 = EDGE_CURVE('',#707,#699,#709,.T.);
#707 = VERTEX_POINT('',#708);
#708 = CARTESIAN_POINT('',(5.000003814697,14.,0.));
#709 = LINE('',#710,#711);
#710 = CARTESIAN_POINT('',(5.000003814697,14.,-37.5));
#711 = VECTOR('',#712,1.);
#712 = DIRECTION('',(0.,-0.,1.));
#713 = ORIENTED_EDGE('',*,*,#714,.F.);
#714 = EDGE_CURVE('',#715,#707,#717,.T.);
#715 = VERTEX_POINT('',#716);
#716 = CARTESIAN_POINT('',(3.000003814697,14.,0.));
#717 = LINE('',#718,#719);
#718 = CARTESIAN_POINT('',(-22.267067,14.,0.));
#719 = VECTOR('',#720,1.);
#720 = DIRECTION('',(1.,0.,0.));
#721 = ORIENTED_EDGE('',*,*,#722,.T.);
#722 = EDGE_CURVE('',#715,#723,#725,.T.);
#723 = VERTEX_POINT('',#724);
#724 = CARTESIAN_POINT('',(3.000003814697,14.,25.));
#725 = LINE('',#726,#727);
#726 = CARTESIAN_POINT('',(3.000003814697,14.,-37.5));
#727 = VECTOR('',#728,1.);
#728 = DIRECTION('',(0.,-0.,1.));
#729 = ORIENTED_EDGE('',*,*,#730,.F.);
#730 = EDGE_CURVE('',#731,#723,#733,.T.);
#731 = VERTEX_POINT('',#732);
#732 = CARTESIAN_POINT('',(1.000003814697,14.,25.));
#733 = LINE('',#734,#735);
#734 = CARTESIAN_POINT('',(-10.63353159265,14.,25.));
#735 = VECTOR('',#736,1.);
#736 = DIRECTION('',(1.,0.,0.));
#737 = ORIENTED_EDGE('',*,*,#738,.F.);
#738 = EDGE_CURVE('',#739,#731,#741,.T.);
#739 = VERTEX_POINT('',#740);
#740 = CARTESIAN_POINT('',(1.000003814697,14.,0.));
#741 = LINE('',#742,#743);
#742 = CARTESIAN_POINT('',(1.000003814697,14.,-37.5));
#743 = VECTOR('',#744,1.);
#744 = DIRECTION('',(0.,-0.,1.));
#745 = ORIENTED_EDGE('',*,*,#746,.F.);
#746 = EDGE_CURVE('',#747,#739,#749,.T.);
#747 = VERTEX_POINT('',#748);
#748 = CARTESIAN_POINT('',(-0.999996185303,14.,0.));
#749 = LINE('',#750,#751);
#750 = CARTESIAN_POINT('',(-22.267067,14.,0.));
#751 = VECTOR('',#752,1.);
#752 = DIRECTION('',(1.,0.,0.));
#753 = ORIENTED_EDGE('',*,*,#754,.T.);
#754 = EDGE_CURVE('',#747,#755,#757,.T.);
#755 = VERTEX_POINT('',#756);
#756 = CARTESIAN_POINT('',(-0.999996185303,14.,25.));
#757 = LINE('',#758,#759);
#758 = CARTESIAN_POINT('',(-0.999996185303,14.,-37.5));
#759 = VECTOR('',#760,1.);
#760 = DIRECTION('',(0.,-0.,1.));
#761 = ORIENTED_EDGE('',*,*,#762,.F.);
#762 = EDGE_CURVE('',#763,#755,#765,.T.);
#763 = VERTEX_POINT('',#764);
#764 = CARTESIAN_POINT('',(-2.999996185303,14.,25.));
#765 = LINE('',#766,#767);
#766 = CARTESIAN_POINT('',(-12.63353159265,14.,25.));
#767 = VECTOR('',#768,1.);
#768 = DIRECTION('',(1.,0.,0.));
#769 = ORIENTED_EDGE('',*,*,#770,.F.);
#770 = EDGE_CURVE('',#771,#763,#773,.T.);
#771 = VERTEX_POINT('',#772);
#772 = CARTESIAN_POINT('',(-2.999996185303,14.,0.));
#773 = LINE('',#774,#775);
#774 = CARTESIAN_POINT('',(-2.999996185303,14.,-37.5));
#775 = VECTOR('',#776,1.);
#776 = DIRECTION('',(0.,-0.,1.));
#777 = ORIENTED_EDGE('',*,*,#778,.F.);
#778 = EDGE_CURVE('',#779,#771,#781,.T.);
#779 = VERTEX_POINT('',#780);
#780 = CARTESIAN_POINT('',(-4.999996185303,14.,0.));
#781 = LINE('',#782,#783);
#782 = CARTESIAN_POINT('',(-22.267067,14.,0.));
#783 = VECTOR('',#784,1.);
#784 = DIRECTION('',(1.,0.,0.));
#785 = ORIENTED_EDGE('',*,*,#786,.T.);
#786 = EDGE_CURVE('',#779,#787,#789,.T.);
#787 = VERTEX_POINT('',#788);
#788 = CARTESIAN_POINT('',(-4.999996185303,14.,25.));
#789 = LINE('',#790,#791);
#790 = CARTESIAN_POINT('',(-4.999996185303,14.,-37.5));
#791 = VECTOR('',#792,1.);
#792 = DIRECTION('',(0.,-0.,1.));
#793 = ORIENTED_EDGE('',*,*,#794,.F.);
#794 = EDGE_CURVE('',#795,#787,#797,.T.);
#795 = VERTEX_POINT('',#796);
#796 = CARTESIAN_POINT('',(-6.999996185303,14.,25.));
#797 = LINE('',#798,#799);
#798 = CARTESIAN_POINT('',(-14.63353159265,14.,25.));
#799 = VECTOR('',#800,1.);
#800 = DIRECTION('',(1.,0.,0.));
#801 = ORIENTED_EDGE('',*,*,#802,.F.);
#802 = EDGE_CURVE('',#803,#795,#805,.T.);
#803 = VERTEX_POINT('',#804);
#804 = CARTESIAN_POINT('',(-6.999996185303,14.,0.));
#805 = LINE('',#806,#807);
#806 = CARTESIAN_POINT('',(-6.999996185303,14.,-37.5));
#807 = VECTOR('',#808,1.);
#808 = DIRECTION('',(0.,-0.,1.));
#809 = ORIENTED_EDGE('',*,*,#810,.F.);
#810 = EDGE_CURVE('',#811,#803,#813,.T.);
#811 = VERTEX_POINT('',#812);
#812 = CARTESIAN_POINT('',(-8.999996185303,14.,0.));
#813 = LINE('',#814,#815);
#814 = CARTESIAN_POINT('',(-22.267067,14.,0.));
#815 = VECTOR('',#816,1.);
#816 = DIRECTION('',(1.,0.,0.));
#817 = ORIENTED_EDGE('',*,*,#818,.T.);
#818 = EDGE_CURVE('',#811,#819,#821,.T.);
#819 = VERTEX_POINT('',#820);
#820 = CARTESIAN_POINT('',(-8.999996185303,14.,25.));
#821 = LINE('',#822,#823);
#822 = CARTESIAN_POINT('',(-8.999996185303,14.,-37.5));
#823 = VECTOR('',#824,1.);
#824 = DIRECTION('',(0.,-0.,1.));
#825 = ORIENTED_EDGE('',*,*,#826,.F.);
#826 = EDGE_CURVE('',#827,#819,#829,.T.);
#827 = VERTEX_POINT('',#828);
#828 = CARTESIAN_POINT('',(-10.9999961853,14.,25.));
#829 = LINE('',#830,#831);
#830 = CARTESIAN_POINT('',(-16.63353159265,14.,25.));
#831 = VECTOR('',#832,1.);
#832 = DIRECTION('',(1.,0.,0.));
#833 = ORIENTED_EDGE('',*,*,#834,.F.);
#834 = EDGE_CURVE('',#618,#827,#835,.T.);
#835 = LINE('',#836,#837);
#836 = CARTESIAN_POINT('',(-10.9999961853,14.,-37.5));
#837 = VECTOR('',#838,1.);
#838 = DIRECTION('',(0.,-0.,1.));
#839 = PLANE('',#840);
#840 = AXIS2_PLACEMENT_3D('',#841,#842,#843);
#841 = CARTESIAN_POINT('',(-22.267067,14.,0.));
#842 = DIRECTION('',(0.,1.,0.));
#843 = DIRECTION('',(1.,0.,0.));
#844 = ( GEOMETRIC_REPRESENTATION_CONTEXT(3) 
GLOBAL_UNCERTAINTY_ASSIGNED_CONTEXT((#848)) GLOBAL_UNIT_ASSIGNED_CONTEXT
((#845,#846,#847)) REPRESENTATION_CONTEXT('Context #1',
  '3D Context with UNIT and UNCERTAINTY') );
#845 = ( LENGTH_UNIT() NAMED_UNIT(*) SI_UNIT(.MILLI.,.METRE.) );
#846 = ( NAMED_UNIT(*) PLANE_ANGLE_UNIT() SI_UNIT($,.RADIAN.) );
#847 = ( NAMED_UNIT(*) SI_UNIT($,.STERADIAN.) SOLID_ANGLE_UNIT() );
#848 = UNCERTAINTY_MEASURE_WITH_UNIT(LENGTH_MEASURE(1.E-07),#845,
  'distance_accuracy_value','confusion accuracy');
#849 = CONTEXT_DEPENDENT_SHAPE_REPRESENTATION(#850,#852);
#850 = ( REPRESENTATION_RELATIONSHIP('','',#608,#10) 
REPRESENTATION_RELATIONSHIP_WITH_TRANSFORMATION(#851) 
SHAPE_REPRESENTATION_RELATIONSHIP() );
#851 = ITEM_DEFINED_TRANSFORMATION('','',#11,#23);
#852 = PRODUCT_DEFINITION_SHAPE('Placement','Placement of an item',#853
  );
#853 = NEXT_ASSEMBLY_USAGE_OCCURRENCE('27','x_breads002','',#5,#603,$);
#854 = PRODUCT_RELATED_PRODUCT_CATEGORY('part',$,(#605));
#855 = SHAPE_DEFINITION_REPRESENTATION(#856,#862);
#856 = PRODUCT_DEFINITION_SHAPE('','',#857);
#857 = PRODUCT_DEFINITION('design','',#858,#861);
#858 = PRODUCT_DEFINITION_FORMATION('','',#859);
#859 = PRODUCT('x_breads003','x_breads003','',(#860));
#860 = PRODUCT_CONTEXT('',#2,'mechanical');
#861 = PRODUCT_DEFINITION_CONTEXT('part definition',#2,'design');
#862 = MANIFOLD_SURFACE_SHAPE_REPRESENTATION('',(#11,#863),#1098);
#863 = SHELL_BASED_SURFACE_MODEL('',(#864));
#864 = OPEN_SHELL('',(#865));
#865 = ADVANCED_FACE('',(#866),#1093,.T.);
#866 = FACE_BOUND('',#867,.T.);
#867 = EDGE_LOOP('',(#868,#878,#886,#895,#903,#911,#919,#927,#935,#943,
    #951,#959,#967,#975,#983,#991,#999,#1007,#1015,#1023,#1031,#1039,
    #1047,#1055,#1063,#1071,#1079,#1087));
#868 = ORIENTED_EDGE('',*,*,#869,.F.);
#869 = EDGE_CURVE('',#870,#872,#874,.T.);
#870 = VERTEX_POINT('',#871);
#871 = CARTESIAN_POINT('',(-15.,18.,-3.3E-16));
#872 = VERTEX_POINT('',#873);
#873 = CARTESIAN_POINT('',(-10.9999961853,18.,0.));
#874 = LINE('',#875,#876);
#875 = CARTESIAN_POINT('',(-22.267067,18.,0.));
#876 = VECTOR('',#877,1.);
#877 = DIRECTION('',(1.,0.,0.));
#878 = ORIENTED_EDGE('',*,*,#879,.F.);
#879 = EDGE_CURVE('',#880,#870,#882,.T.);
#880 = VERTEX_POINT('',#881);
#881 = CARTESIAN_POINT('',(-15.,18.,40.));
#882 = LINE('',#883,#884);
#883 = CARTESIAN_POINT('',(-15.,18.,20.));
#884 = VECTOR('',#885,1.);
#885 = DIRECTION('',(0.,0.,-1.));
#886 = ORIENTED_EDGE('',*,*,#887,.F.);
#887 = EDGE_CURVE('',#888,#880,#890,.T.);
#888 = VERTEX_POINT('',#889);
#889 = CARTESIAN_POINT('',(15.,18.,40.));
#890 = CIRCLE('',#891,15.);
#891 = AXIS2_PLACEMENT_3D('',#892,#893,#894);
#892 = CARTESIAN_POINT('',(0.,18.,40.));
#893 = DIRECTION('',(0.,-1.,2.2E-16));
#894 = DIRECTION('',(1.,0.,0.));
#895 = ORIENTED_EDGE('',*,*,#896,.F.);
#896 = EDGE_CURVE('',#897,#888,#899,.T.);
#897 = VERTEX_POINT('',#898);
#898 = CARTESIAN_POINT('',(15.,18.,-3.3E-16));
#899 = LINE('',#900,#901);
#900 = CARTESIAN_POINT('',(15.,18.,0.));
#901 = VECTOR('',#902,1.);
#902 = DIRECTION('',(0.,0.,1.));
#903 = ORIENTED_EDGE('',*,*,#904,.F.);
#904 = EDGE_CURVE('',#905,#897,#907,.T.);
#905 = VERTEX_POINT('',#906);
#906 = CARTESIAN_POINT('',(11.000003814697,18.,0.));
#907 = LINE('',#908,#909);
#908 = CARTESIAN_POINT('',(-22.267067,18.,0.));
#909 = VECTOR('',#910,1.);
#910 = DIRECTION('',(1.,0.,0.));
#911 = ORIENTED_EDGE('',*,*,#912,.T.);
#912 = EDGE_CURVE('',#905,#913,#915,.T.);
#913 = VERTEX_POINT('',#914);
#914 = CARTESIAN_POINT('',(11.000003814697,18.,25.));
#915 = LINE('',#916,#917);
#916 = CARTESIAN_POINT('',(11.000003814697,18.,-37.5));
#917 = VECTOR('',#918,1.);
#918 = DIRECTION('',(0.,-0.,1.));
#919 = ORIENTED_EDGE('',*,*,#920,.F.);
#920 = EDGE_CURVE('',#921,#913,#923,.T.);
#921 = VERTEX_POINT('',#922);
#922 = CARTESIAN_POINT('',(9.000003814697,18.,25.));
#923 = LINE('',#924,#925);
#924 = CARTESIAN_POINT('',(-6.633531592651,18.,25.));
#925 = VECTOR('',#926,1.);
#926 = DIRECTION('',(1.,0.,0.));
#927 = ORIENTED_EDGE('',*,*,#928,.F.);
#928 = EDGE_CURVE('',#929,#921,#931,.T.);
#929 = VERTEX_POINT('',#930);
#930 = CARTESIAN_POINT('',(9.000003814697,18.,0.));
#931 = LINE('',#932,#933);
#932 = CARTESIAN_POINT('',(9.000003814697,18.,-37.5));
#933 = VECTOR('',#934,1.);
#934 = DIRECTION('',(0.,-0.,1.));
#935 = ORIENTED_EDGE('',*,*,#936,.F.);
#936 = EDGE_CURVE('',#937,#929,#939,.T.);
#937 = VERTEX_POINT('',#938);
#938 = CARTESIAN_POINT('',(7.000003814697,18.,0.));
#939 = LINE('',#940,#941);
#940 = CARTESIAN_POINT('',(-22.267067,18.,0.));
#941 = VECTOR('',#942,1.);
#942 = DIRECTION('',(1.,0.,0.));
#943 = ORIENTED_EDGE('',*,*,#944,.T.);
#944 = EDGE_CURVE('',#937,#945,#947,.T.);
#945 = VERTEX_POINT('',#946);
#946 = CARTESIAN_POINT('',(7.000003814697,18.,25.));
#947 = LINE('',#948,#949);
#948 = CARTESIAN_POINT('',(7.000003814697,18.,-37.5));
#949 = VECTOR('',#950,1.);
#950 = DIRECTION('',(0.,-0.,1.));
#951 = ORIENTED_EDGE('',*,*,#952,.F.);
#952 = EDGE_CURVE('',#953,#945,#955,.T.);
#953 = VERTEX_POINT('',#954);
#954 = CARTESIAN_POINT('',(5.000003814697,18.,25.));
#955 = LINE('',#956,#957);
#956 = CARTESIAN_POINT('',(-8.633531592651,18.,25.));
#957 = VECTOR('',#958,1.);
#958 = DIRECTION('',(1.,0.,0.));
#959 = ORIENTED_EDGE('',*,*,#960,.F.);
#960 = EDGE_CURVE('',#961,#953,#963,.T.);
#961 = VERTEX_POINT('',#962);
#962 = CARTESIAN_POINT('',(5.000003814697,18.,0.));
#963 = LINE('',#964,#965);
#964 = CARTESIAN_POINT('',(5.000003814697,18.,-37.5));
#965 = VECTOR('',#966,1.);
#966 = DIRECTION('',(0.,-0.,1.));
#967 = ORIENTED_EDGE('',*,*,#968,.F.);
#968 = EDGE_CURVE('',#969,#961,#971,.T.);
#969 = VERTEX_POINT('',#970);
#970 = CARTESIAN_POINT('',(3.000003814697,18.,0.));
#971 = LINE('',#972,#973);
#972 = CARTESIAN_POINT('',(-22.267067,18.,0.));
#973 = VECTOR('',#974,1.);
#974 = DIRECTION('',(1.,0.,0.));
#975 = ORIENTED_EDGE('',*,*,#976,.T.);
#976 = EDGE_CURVE('',#969,#977,#979,.T.);
#977 = VERTEX_POINT('',#978);
#978 = CARTESIAN_POINT('',(3.000003814697,18.,25.));
#979 = LINE('',#980,#981);
#980 = CARTESIAN_POINT('',(3.000003814697,18.,-37.5));
#981 = VECTOR('',#982,1.);
#982 = DIRECTION('',(0.,-0.,1.));
#983 = ORIENTED_EDGE('',*,*,#984,.F.);
#984 = EDGE_CURVE('',#985,#977,#987,.T.);
#985 = VERTEX_POINT('',#986);
#986 = CARTESIAN_POINT('',(1.000003814697,18.,25.));
#987 = LINE('',#988,#989);
#988 = CARTESIAN_POINT('',(-10.63353159265,18.,25.));
#989 = VECTOR('',#990,1.);
#990 = DIRECTION('',(1.,0.,0.));
#991 = ORIENTED_EDGE('',*,*,#992,.F.);
#992 = EDGE_CURVE('',#993,#985,#995,.T.);
#993 = VERTEX_POINT('',#994);
#994 = CARTESIAN_POINT('',(1.000003814697,18.,0.));
#995 = LINE('',#996,#997);
#996 = CARTESIAN_POINT('',(1.000003814697,18.,-37.5));
#997 = VECTOR('',#998,1.);
#998 = DIRECTION('',(0.,-0.,1.));
#999 = ORIENTED_EDGE('',*,*,#1000,.F.);
#1000 = EDGE_CURVE('',#1001,#993,#1003,.T.);
#1001 = VERTEX_POINT('',#1002);
#1002 = CARTESIAN_POINT('',(-0.999996185303,18.,0.));
#1003 = LINE('',#1004,#1005);
#1004 = CARTESIAN_POINT('',(-22.267067,18.,0.));
#1005 = VECTOR('',#1006,1.);
#1006 = DIRECTION('',(1.,0.,0.));
#1007 = ORIENTED_EDGE('',*,*,#1008,.T.);
#1008 = EDGE_CURVE('',#1001,#1009,#1011,.T.);
#1009 = VERTEX_POINT('',#1010);
#1010 = CARTESIAN_POINT('',(-0.999996185303,18.,25.));
#1011 = LINE('',#1012,#1013);
#1012 = CARTESIAN_POINT('',(-0.999996185303,18.,-37.5));
#1013 = VECTOR('',#1014,1.);
#1014 = DIRECTION('',(0.,-0.,1.));
#1015 = ORIENTED_EDGE('',*,*,#1016,.F.);
#1016 = EDGE_CURVE('',#1017,#1009,#1019,.T.);
#1017 = VERTEX_POINT('',#1018);
#1018 = CARTESIAN_POINT('',(-2.999996185303,18.,25.));
#1019 = LINE('',#1020,#1021);
#1020 = CARTESIAN_POINT('',(-12.63353159265,18.,25.));
#1021 = VECTOR('',#1022,1.);
#1022 = DIRECTION('',(1.,0.,0.));
#1023 = ORIENTED_EDGE('',*,*,#1024,.F.);
#1024 = EDGE_CURVE('',#1025,#1017,#1027,.T.);
#1025 = VERTEX_POINT('',#1026);
#1026 = CARTESIAN_POINT('',(-2.999996185303,18.,0.));
#1027 = LINE('',#1028,#1029);
#1028 = CARTESIAN_POINT('',(-2.999996185303,18.,-37.5));
#1029 = VECTOR('',#1030,1.);
#1030 = DIRECTION('',(0.,-0.,1.));
#1031 = ORIENTED_EDGE('',*,*,#1032,.F.);
#1032 = EDGE_CURVE('',#1033,#1025,#1035,.T.);
#1033 = VERTEX_POINT('',#1034);
#1034 = CARTESIAN_POINT('',(-4.999996185303,18.,0.));
#1035 = LINE('',#1036,#1037);
#1036 = CARTESIAN_POINT('',(-22.267067,18.,0.));
#1037 = VECTOR('',#1038,1.);
#1038 = DIRECTION('',(1.,0.,0.));
#1039 = ORIENTED_EDGE('',*,*,#1040,.T.);
#1040 = EDGE_CURVE('',#1033,#1041,#1043,.T.);
#1041 = VERTEX_POINT('',#1042);
#1042 = CARTESIAN_POINT('',(-4.999996185303,18.,25.));
#1043 = LINE('',#1044,#1045);
#1044 = CARTESIAN_POINT('',(-4.999996185303,18.,-37.5));
#1045 = VECTOR('',#1046,1.);
#1046 = DIRECTION('',(0.,-0.,1.));
#1047 = ORIENTED_EDGE('',*,*,#1048,.F.);
#1048 = EDGE_CURVE('',#1049,#1041,#1051,.T.);
#1049 = VERTEX_POINT('',#1050);
#1050 = CARTESIAN_POINT('',(-6.999996185303,18.,25.));
#1051 = LINE('',#1052,#1053);
#1052 = CARTESIAN_POINT('',(-14.63353159265,18.,25.));
#1053 = VECTOR('',#1054,1.);
#1054 = DIRECTION('',(1.,0.,0.));
#1055 = ORIENTED_EDGE('',*,*,#1056,.F.);
#1056 = EDGE_CURVE('',#1057,#1049,#1059,.T.);
#1057 = VERTEX_POINT('',#1058);
#1058 = CARTESIAN_POINT('',(-6.999996185303,18.,0.));
#1059 = LINE('',#1060,#1061);
#1060 = CARTESIAN_POINT('',(-6.999996185303,18.,-37.5));
#1061 = VECTOR('',#1062,1.);
#1062 = DIRECTION('',(0.,-0.,1.));
#1063 = ORIENTED_EDGE('',*,*,#1064,.F.);
#1064 = EDGE_CURVE('',#1065,#1057,#1067,.T.);
#1065 = VERTEX_POINT('',#1066);
#1066 = CARTESIAN_POINT('',(-8.999996185303,18.,0.));
#1067 = LINE('',#1068,#1069);
#1068 = CARTESIAN_POINT('',(-22.267067,18.,0.));
#1069 = VECTOR('',#1070,1.);
#1070 = DIRECTION('',(1.,0.,0.));
#1071 = ORIENTED_EDGE('',*,*,#1072,.T.);
#1072 = EDGE_CURVE('',#1065,#1073,#1075,.T.);
#1073 = VERTEX_POINT('',#1074);
#1074 = CARTESIAN_POINT('',(-8.999996185303,18.,25.));
#1075 = LINE('',#1076,#1077);
#1076 = CARTESIAN_POINT('',(-8.999996185303,18.,-37.5));
#1077 = VECTOR('',#1078,1.);
#1078 = DIRECTION('',(0.,-0.,1.));
#1079 = ORIENTED_EDGE('',*,*,#1080,.F.);
#1080 = EDGE_CURVE('',#1081,#1073,#1083,.T.);
#1081 = VERTEX_POINT('',#1082);
#1082 = CARTESIAN_POINT('',(-10.9999961853,18.,25.));
#1083 = LINE('',#1084,#1085);
#1084 = CARTESIAN_POINT('',(-16.63353159265,18.,25.));
#1085 = VECTOR('',#1086,1.);
#1086 = DIRECTION('',(1.,0.,0.));
#1087 = ORIENTED_EDGE('',*,*,#1088,.F.);
#1088 = EDGE_CURVE('',#872,#1081,#1089,.T.);
#1089 = LINE('',#1090,#1091);
#1090 = CARTESIAN_POINT('',(-10.9999961853,18.,-37.5));
#1091 = VECTOR('',#1092,1.);
#1092 = DIRECTION('',(0.,-0.,1.));
#1093 = PLANE('',#1094);
#1094 = AXIS2_PLACEMENT_3D('',#1095,#1096,#1097);
#1095 = CARTESIAN_POINT('',(-22.267067,18.,0.));
#1096 = DIRECTION('',(0.,1.,0.));
#1097 = DIRECTION('',(1.,0.,0.));
#1098 = ( GEOMETRIC_REPRESENTATION_CONTEXT(3) 
GLOBAL_UNCERTAINTY_ASSIGNED_CONTEXT((#1102)) 
GLOBAL_UNIT_ASSIGNED_CONTEXT((#1099,#1100,#1101)) REPRESENTATION_CONTEXT
('Context #1','3D Context with UNIT and UNCERTAINTY') );
#1099 = ( LENGTH_UNIT() NAMED_UNIT(*) SI_UNIT(.MILLI.,.METRE.) );
#1100 = ( NAMED_UNIT(*) PLANE_ANGLE_UNIT() SI_UNIT($,.RADIAN.) );
#1101 = ( NAMED_UNIT(*) SI_UNIT($,.STERADIAN.) SOLID_ANGLE_UNIT() );
#1102 = UNCERTAINTY_MEASURE_WITH_UNIT(LENGTH_MEASURE(1.E-07),#1099,
  'distance_accuracy_value','confusion accuracy');
#1103 = CONTEXT_DEPENDENT_SHAPE_REPRESENTATION(#1104,#1106);
#1104 = ( REPRESENTATION_RELATIONSHIP('','',#862,#10) 
REPRESENTATION_RELATIONSHIP_WITH_TRANSFORMATION(#1105) 
SHAPE_REPRESENTATION_RELATIONSHIP() );
#1105 = ITEM_DEFINED_TRANSFORMATION('','',#11,#27);
#1106 = PRODUCT_DEFINITION_SHAPE('Placement','Placement of an item',
  #1107);
#1107 = NEXT_ASSEMBLY_USAGE_OCCURRENCE('28','x_breads003','',#5,#857,$);
#1108 = PRODUCT_RELATED_PRODUCT_CATEGORY('part',$,(#859));
#1109 = SHAPE_DEFINITION_REPRESENTATION(#1110,#1116);
#1110 = PRODUCT_DEFINITION_SHAPE('','',#1111);
#1111 = PRODUCT_DEFINITION('design','',#1112,#1115);
#1112 = PRODUCT_DEFINITION_FORMATION('','',#1113);
#1113 = PRODUCT('x_breads004','x_breads004','',(#1114));
#1114 = PRODUCT_CONTEXT('',#2,'mechanical');
#1115 = PRODUCT_DEFINITION_CONTEXT('part definition',#2,'design');
#1116 = MANIFOLD_SURFACE_SHAPE_REPRESENTATION('',(#11,#1117),#1352);
#1117 = SHELL_BASED_SURFACE_MODEL('',(#1118));
#1118 = OPEN_SHELL('',(#1119));
#1119 = ADVANCED_FACE('',(#1120),#1347,.T.);
#1120 = FACE_BOUND('',#1121,.T.);
#1121 = EDGE_LOOP('',(#1122,#1132,#1140,#1149,#1157,#1165,#1173,#1181,
    #1189,#1197,#1205,#1213,#1221,#1229,#1237,#1245,#1253,#1261,#1269,
    #1277,#1285,#1293,#1301,#1309,#1317,#1325,#1333,#1341));
#1122 = ORIENTED_EDGE('',*,*,#1123,.F.);
#1123 = EDGE_CURVE('',#1124,#1126,#1128,.T.);
#1124 = VERTEX_POINT('',#1125);
#1125 = CARTESIAN_POINT('',(-15.,22.,-7.7E-16));
#1126 = VERTEX_POINT('',#1127);
#1127 = CARTESIAN_POINT('',(-10.9999961853,22.,0.));
#1128 = LINE('',#1129,#1130);
#1129 = CARTESIAN_POINT('',(-22.267067,22.,0.));
#1130 = VECTOR('',#1131,1.);
#1131 = DIRECTION('',(1.,0.,0.));
#1132 = ORIENTED_EDGE('',*,*,#1133,.F.);
#1133 = EDGE_CURVE('',#1134,#1124,#1136,.T.);
#1134 = VERTEX_POINT('',#1135);
#1135 = CARTESIAN_POINT('',(-15.,22.,40.));
#1136 = LINE('',#1137,#1138);
#1137 = CARTESIAN_POINT('',(-15.,22.,20.));
#1138 = VECTOR('',#1139,1.);
#1139 = DIRECTION('',(0.,0.,-1.));
#1140 = ORIENTED_EDGE('',*,*,#1141,.F.);
#1141 = EDGE_CURVE('',#1142,#1134,#1144,.T.);
#1142 = VERTEX_POINT('',#1143);
#1143 = CARTESIAN_POINT('',(15.,22.,40.));
#1144 = CIRCLE('',#1145,15.);
#1145 = AXIS2_PLACEMENT_3D('',#1146,#1147,#1148);
#1146 = CARTESIAN_POINT('',(0.,22.,40.));
#1147 = DIRECTION('',(0.,-1.,2.2E-16));
#1148 = DIRECTION('',(1.,0.,0.));
#1149 = ORIENTED_EDGE('',*,*,#1150,.F.);
#1150 = EDGE_CURVE('',#1151,#1142,#1153,.T.);
#1151 = VERTEX_POINT('',#1152);
#1152 = CARTESIAN_POINT('',(15.,22.,-7.7E-16));
#1153 = LINE('',#1154,#1155);
#1154 = CARTESIAN_POINT('',(15.,22.,0.));
#1155 = VECTOR('',#1156,1.);
#1156 = DIRECTION('',(0.,0.,1.));
#1157 = ORIENTED_EDGE('',*,*,#1158,.F.);
#1158 = EDGE_CURVE('',#1159,#1151,#1161,.T.);
#1159 = VERTEX_POINT('',#1160);
#1160 = CARTESIAN_POINT('',(11.000003814697,22.,0.));
#1161 = LINE('',#1162,#1163);
#1162 = CARTESIAN_POINT('',(-22.267067,22.,0.));
#1163 = VECTOR('',#1164,1.);
#1164 = DIRECTION('',(1.,0.,0.));
#1165 = ORIENTED_EDGE('',*,*,#1166,.T.);
#1166 = EDGE_CURVE('',#1159,#1167,#1169,.T.);
#1167 = VERTEX_POINT('',#1168);
#1168 = CARTESIAN_POINT('',(11.000003814697,22.,25.));
#1169 = LINE('',#1170,#1171);
#1170 = CARTESIAN_POINT('',(11.000003814697,22.,-37.5));
#1171 = VECTOR('',#1172,1.);
#1172 = DIRECTION('',(0.,-0.,1.));
#1173 = ORIENTED_EDGE('',*,*,#1174,.F.);
#1174 = EDGE_CURVE('',#1175,#1167,#1177,.T.);
#1175 = VERTEX_POINT('',#1176);
#1176 = CARTESIAN_POINT('',(9.000003814697,22.,25.));
#1177 = LINE('',#1178,#1179);
#1178 = CARTESIAN_POINT('',(-6.633531592651,22.,25.));
#1179 = VECTOR('',#1180,1.);
#1180 = DIRECTION('',(1.,0.,0.));
#1181 = ORIENTED_EDGE('',*,*,#1182,.F.);
#1182 = EDGE_CURVE('',#1183,#1175,#1185,.T.);
#1183 = VERTEX_POINT('',#1184);
#1184 = CARTESIAN_POINT('',(9.000003814697,22.,0.));
#1185 = LINE('',#1186,#1187);
#1186 = CARTESIAN_POINT('',(9.000003814697,22.,-37.5));
#1187 = VECTOR('',#1188,1.);
#1188 = DIRECTION('',(0.,-0.,1.));
#1189 = ORIENTED_EDGE('',*,*,#1190,.F.);
#1190 = EDGE_CURVE('',#1191,#1183,#1193,.T.);
#1191 = VERTEX_POINT('',#1192);
#1192 = CARTESIAN_POINT('',(7.000003814697,22.,0.));
#1193 = LINE('',#1194,#1195);
#1194 = CARTESIAN_POINT('',(-22.267067,22.,0.));
#1195 = VECTOR('',#1196,1.);
#1196 = DIRECTION('',(1.,0.,0.));
#1197 = ORIENTED_EDGE('',*,*,#1198,.T.);
#1198 = EDGE_CURVE('',#1191,#1199,#1201,.T.);
#1199 = VERTEX_POINT('',#1200);
#1200 = CARTESIAN_POINT('',(7.000003814697,22.,25.));
#1201 = LINE('',#1202,#1203);
#1202 = CARTESIAN_POINT('',(7.000003814697,22.,-37.5));
#1203 = VECTOR('',#1204,1.);
#1204 = DIRECTION('',(0.,-0.,1.));
#1205 = ORIENTED_EDGE('',*,*,#1206,.F.);
#1206 = EDGE_CURVE('',#1207,#1199,#1209,.T.);
#1207 = VERTEX_POINT('',#1208);
#1208 = CARTESIAN_POINT('',(5.000003814697,22.,25.));
#1209 = LINE('',#1210,#1211);
#1210 = CARTESIAN_POINT('',(-8.633531592651,22.,25.));
#1211 = VECTOR('',#1212,1.);
#1212 = DIRECTION('',(1.,0.,0.));
#1213 = ORIENTED_EDGE('',*,*,#1214,.F.);
#1214 = EDGE_CURVE('',#1215,#1207,#1217,.T.);
#1215 = VERTEX_POINT('',#1216);
#1216 = CARTESIAN_POINT('',(5.000003814697,22.,0.));
#1217 = LINE('',#1218,#1219);
#1218 = CARTESIAN_POINT('',(5.000003814697,22.,-37.5));
#1219 = VECTOR('',#1220,1.);
#1220 = DIRECTION('',(0.,-0.,1.));
#1221 = ORIENTED_EDGE('',*,*,#1222,.F.);
#1222 = EDGE_CURVE('',#1223,#1215,#1225,.T.);
#1223 = VERTEX_POINT('',#1224);
#1224 = CARTESIAN_POINT('',(3.000003814697,22.,0.));
#1225 = LINE('',#1226,#1227);
#1226 = CARTESIAN_POINT('',(-22.267067,22.,0.));
#1227 = VECTOR('',#1228,1.);
#1228 = DIRECTION('',(1.,0.,0.));
#1229 = ORIENTED_EDGE('',*,*,#1230,.T.);
#1230 = EDGE_CURVE('',#1223,#1231,#1233,.T.);
#1231 = VERTEX_POINT('',#1232);
#1232 = CARTESIAN_POINT('',(3.000003814697,22.,25.));
#1233 = LINE('',#1234,#1235);
#1234 = CARTESIAN_POINT('',(3.000003814697,22.,-37.5));
#1235 = VECTOR('',#1236,1.);
#1236 = DIRECTION('',(0.,-0.,1.));
#1237 = ORIENTED_EDGE('',*,*,#1238,.F.);
#1238 = EDGE_CURVE('',#1239,#1231,#1241,.T.);
#1239 = VERTEX_POINT('',#1240);
#1240 = CARTESIAN_POINT('',(1.000003814697,22.,25.));
#1241 = LINE('',#1242,#1243);
#1242 = CARTESIAN_POINT('',(-10.63353159265,22.,25.));
#1243 = VECTOR('',#1244,1.);
#1244 = DIRECTION('',(1.,0.,0.));
#1245 = ORIENTED_EDGE('',*,*,#1246,.F.);
#1246 = EDGE_CURVE('',#1247,#1239,#1249,.T.);
#1247 = VERTEX_POINT('',#1248);
#1248 = CARTESIAN_POINT('',(1.000003814697,22.,0.));
#1249 = LINE('',#1250,#1251);
#1250 = CARTESIAN_POINT('',(1.000003814697,22.,-37.5));
#1251 = VECTOR('',#1252,1.);
#1252 = DIRECTION('',(0.,-0.,1.));
#1253 = ORIENTED_EDGE('',*,*,#1254,.F.);
#1254 = EDGE_CURVE('',#1255,#1247,#1257,.T.);
#1255 = VERTEX_POINT('',#1256);
#1256 = CARTESIAN_POINT('',(-0.999996185303,22.,0.));
#1257 = LINE('',#1258,#1259);
#1258 = CARTESIAN_POINT('',(-22.267067,22.,0.));
#1259 = VECTOR('',#1260,1.);
#1260 = DIRECTION('',(1.,0.,0.));
#1261 = ORIENTED_EDGE('',*,*,#1262,.T.);
#1262 = EDGE_CURVE('',#1255,#1263,#1265,.T.);
#1263 = VERTEX_POINT('',#1264);
#1264 = CARTESIAN_POINT('',(-0.999996185303,22.,25.));
#1265 = LINE('',#1266,#1267);
#1266 = CARTESIAN_POINT('',(-0.999996185303,22.,-37.5));
#1267 = VECTOR('',#1268,1.);
#1268 = DIRECTION('',(0.,-0.,1.));
#1269 = ORIENTED_EDGE('',*,*,#1270,.F.);
#1270 = EDGE_CURVE('',#1271,#1263,#1273,.T.);
#1271 = VERTEX_POINT('',#1272);
#1272 = CARTESIAN_POINT('',(-2.999996185303,22.,25.));
#1273 = LINE('',#1274,#1275);
#1274 = CARTESIAN_POINT('',(-12.63353159265,22.,25.));
#1275 = VECTOR('',#1276,1.);
#1276 = DIRECTION('',(1.,0.,0.));
#1277 = ORIENTED_EDGE('',*,*,#1278,.F.);
#1278 = EDGE_CURVE('',#1279,#1271,#1281,.T.);
#1279 = VERTEX_POINT('',#1280);
#1280 = CARTESIAN_POINT('',(-2.999996185303,22.,0.));
#1281 = LINE('',#1282,#1283);
#1282 = CARTESIAN_POINT('',(-2.999996185303,22.,-37.5));
#1283 = VECTOR('',#1284,1.);
#1284 = DIRECTION('',(0.,-0.,1.));
#1285 = ORIENTED_EDGE('',*,*,#1286,.F.);
#1286 = EDGE_CURVE('',#1287,#1279,#1289,.T.);
#1287 = VERTEX_POINT('',#1288);
#1288 = CARTESIAN_POINT('',(-4.999996185303,22.,0.));
#1289 = LINE('',#1290,#1291);
#1290 = CARTESIAN_POINT('',(-22.267067,22.,0.));
#1291 = VECTOR('',#1292,1.);
#1292 = DIRECTION('',(1.,0.,0.));
#1293 = ORIENTED_EDGE('',*,*,#1294,.T.);
#1294 = EDGE_CURVE('',#1287,#1295,#1297,.T.);
#1295 = VERTEX_POINT('',#1296);
#1296 = CARTESIAN_POINT('',(-4.999996185303,22.,25.));
#1297 = LINE('',#1298,#1299);
#1298 = CARTESIAN_POINT('',(-4.999996185303,22.,-37.5));
#1299 = VECTOR('',#1300,1.);
#1300 = DIRECTION('',(0.,-0.,1.));
#1301 = ORIENTED_EDGE('',*,*,#1302,.F.);
#1302 = EDGE_CURVE('',#1303,#1295,#1305,.T.);
#1303 = VERTEX_POINT('',#1304);
#1304 = CARTESIAN_POINT('',(-6.999996185303,22.,25.));
#1305 = LINE('',#1306,#1307);
#1306 = CARTESIAN_POINT('',(-14.63353159265,22.,25.));
#1307 = VECTOR('',#1308,1.);
#1308 = DIRECTION('',(1.,0.,0.));
#1309 = ORIENTED_EDGE('',*,*,#1310,.F.);
#1310 = EDGE_CURVE('',#1311,#1303,#1313,.T.);
#1311 = VERTEX_POINT('',#1312);
#1312 = CARTESIAN_POINT('',(-6.999996185303,22.,0.));
#1313 = LINE('',#1314,#1315);
#1314 = CARTESIAN_POINT('',(-6.999996185303,22.,-37.5));
#1315 = VECTOR('',#1316,1.);
#1316 = DIRECTION('',(0.,-0.,1.));
#1317 = ORIENTED_EDGE('',*,*,#1318,.F.);
#1318 = EDGE_CURVE('',#1319,#1311,#1321,.T.);
#1319 = VERTEX_POINT('',#1320);
#1320 = CARTESIAN_POINT('',(-8.999996185303,22.,0.));
#1321 = LINE('',#1322,#1323);
#1322 = CARTESIAN_POINT('',(-22.267067,22.,0.));
#1323 = VECTOR('',#1324,1.);
#1324 = DIRECTION('',(1.,0.,0.));
#1325 = ORIENTED_EDGE('',*,*,#1326,.T.);
#1326 = EDGE_CURVE('',#1319,#1327,#1329,.T.);
#1327 = VERTEX_POINT('',#1328);
#1328 = CARTESIAN_POINT('',(-8.999996185303,22.,25.));
#1329 = LINE('',#1330,#1331);
#1330 = CARTESIAN_POINT('',(-8.999996185303,22.,-37.5));
#1331 = VECTOR('',#1332,1.);
#1332 = DIRECTION('',(0.,-0.,1.));
#1333 = ORIENTED_EDGE('',*,*,#1334,.F.);
#1334 = EDGE_CURVE('',#1335,#1327,#1337,.T.);
#1335 = VERTEX_POINT('',#1336);
#1336 = CARTESIAN_POINT('',(-10.9999961853,22.,25.));
#1337 = LINE('',#1338,#1339);
#1338 = CARTESIAN_POINT('',(-16.63353159265,22.,25.));
#1339 = VECTOR('',#1340,1.);
#1340 = DIRECTION('',(1.,0.,0.));
#1341 = ORIENTED_EDGE('',*,*,#1342,.F.);
#1342 = EDGE_CURVE('',#1126,#1335,#1343,.T.);
#1343 = LINE('',#1344,#1345);
#1344 = CARTESIAN_POINT('',(-10.9999961853,22.,-37.5));
#1345 = VECTOR('',#1346,1.);
#1346 = DIRECTION('',(0.,-0.,1.));
#1347 = PLANE('',#1348);
#1348 = AXIS2_PLACEMENT_3D('',#1349,#1350,#1351);
#1349 = CARTESIAN_POINT('',(-22.267067,22.,0.));
#1350 = DIRECTION('',(0.,1.,0.));
#1351 = DIRECTION('',(1.,0.,0.));
#1352 = ( GEOMETRIC_REPRESENTATION_CONTEXT(3) 
GLOBAL_UNCERTAINTY_ASSIGNED_CONTEXT((#1356)) 
GLOBAL_UNIT_ASSIGNED_CONTEXT((#1353,#1354,#1355)) REPRESENTATION_CONTEXT
('Context #1','3D Context with UNIT and UNCERTAINTY') );
#1353 = ( LENGTH_UNIT() NAMED_UNIT(*) SI_UNIT(.MILLI.,.METRE.) );
#1354 = ( NAMED_UNIT(*) PLANE_ANGLE_UNIT() SI_UNIT($,.RADIAN.) );
#1355 = ( NAMED_UNIT(*) SI_UNIT($,.STERADIAN.) SOLID_ANGLE_UNIT() );
#1356 = UNCERTAINTY_MEASURE_WITH_UNIT(LENGTH_MEASURE(1.E-07),#1353,
  'distance_accuracy_value','confusion accuracy');
#1357 = CONTEXT_DEPENDENT_SHAPE_REPRESENTATION(#1358,#1360);
#1358 = ( REPRESENTATION_RELATIONSHIP('','',#1116,#10) 
REPRESENTATION_RELATIONSHIP_WITH_TRANSFORMATION(#1359) 
SHAPE_REPRESENTATION_RELATIONSHIP() );
#1359 = ITEM_DEFINED_TRANSFORMATION('','',#11,#31);
#1360 = PRODUCT_DEFINITION_SHAPE('Placement','Placement of an item',
  #1361);
#1361 = NEXT_ASSEMBLY_USAGE_OCCURRENCE('29','x_breads004','',#5,#1111,$
  );
#1362 = PRODUCT_RELATED_PRODUCT_CATEGORY('part',$,(#1113));
#1363 = SHAPE_DEFINITION_REPRESENTATION(#1364,#1370);
#1364 = PRODUCT_DEFINITION_SHAPE('','',#1365);
#1365 = PRODUCT_DEFINITION('design','',#1366,#1369);
#1366 = PRODUCT_DEFINITION_FORMATION('','',#1367);
#1367 = PRODUCT('x_breads005','x_breads005','',(#1368));
#1368 = PRODUCT_CONTEXT('',#2,'mechanical');
#1369 = PRODUCT_DEFINITION_CONTEXT('part definition',#2,'design');
#1370 = MANIFOLD_SURFACE_SHAPE_REPRESENTATION('',(#11,#1371),#1606);
#1371 = SHELL_BASED_SURFACE_MODEL('',(#1372));
#1372 = OPEN_SHELL('',(#1373));
#1373 = ADVANCED_FACE('',(#1374),#1601,.T.);
#1374 = FACE_BOUND('',#1375,.T.);
#1375 = EDGE_LOOP('',(#1376,#1386,#1394,#1403,#1411,#1419,#1427,#1435,
    #1443,#1451,#1459,#1467,#1475,#1483,#1491,#1499,#1507,#1515,#1523,
    #1531,#1539,#1547,#1555,#1563,#1571,#1579,#1587,#1595));
#1376 = ORIENTED_EDGE('',*,*,#1377,.F.);
#1377 = EDGE_CURVE('',#1378,#1380,#1382,.T.);
#1378 = VERTEX_POINT('',#1379);
#1379 = CARTESIAN_POINT('',(-15.,26.,-1.21E-15));
#1380 = VERTEX_POINT('',#1381);
#1381 = CARTESIAN_POINT('',(-10.9999961853,26.,0.));
#1382 = LINE('',#1383,#1384);
#1383 = CARTESIAN_POINT('',(-22.267067,26.,0.));
#1384 = VECTOR('',#1385,1.);
#1385 = DIRECTION('',(1.,0.,0.));
#1386 = ORIENTED_EDGE('',*,*,#1387,.F.);
#1387 = EDGE_CURVE('',#1388,#1378,#1390,.T.);
#1388 = VERTEX_POINT('',#1389);
#1389 = CARTESIAN_POINT('',(-15.,26.,40.));
#1390 = LINE('',#1391,#1392);
#1391 = CARTESIAN_POINT('',(-15.,26.,20.));
#1392 = VECTOR('',#1393,1.);
#1393 = DIRECTION('',(0.,0.,-1.));
#1394 = ORIENTED_EDGE('',*,*,#1395,.F.);
#1395 = EDGE_CURVE('',#1396,#1388,#1398,.T.);
#1396 = VERTEX_POINT('',#1397);
#1397 = CARTESIAN_POINT('',(15.,26.,40.));
#1398 = CIRCLE('',#1399,15.);
#1399 = AXIS2_PLACEMENT_3D('',#1400,#1401,#1402);
#1400 = CARTESIAN_POINT('',(0.,26.,40.));
#1401 = DIRECTION('',(0.,-1.,2.2E-16));
#1402 = DIRECTION('',(1.,0.,0.));
#1403 = ORIENTED_EDGE('',*,*,#1404,.F.);
#1404 = EDGE_CURVE('',#1405,#1396,#1407,.T.);
#1405 = VERTEX_POINT('',#1406);
#1406 = CARTESIAN_POINT('',(15.,26.,-1.21E-15));
#1407 = LINE('',#1408,#1409);
#1408 = CARTESIAN_POINT('',(15.,26.,0.));
#1409 = VECTOR('',#1410,1.);
#1410 = DIRECTION('',(0.,0.,1.));
#1411 = ORIENTED_EDGE('',*,*,#1412,.F.);
#1412 = EDGE_CURVE('',#1413,#1405,#1415,.T.);
#1413 = VERTEX_POINT('',#1414);
#1414 = CARTESIAN_POINT('',(11.000003814697,26.,0.));
#1415 = LINE('',#1416,#1417);
#1416 = CARTESIAN_POINT('',(-22.267067,26.,0.));
#1417 = VECTOR('',#1418,1.);
#1418 = DIRECTION('',(1.,0.,0.));
#1419 = ORIENTED_EDGE('',*,*,#1420,.T.);
#1420 = EDGE_CURVE('',#1413,#1421,#1423,.T.);
#1421 = VERTEX_POINT('',#1422);
#1422 = CARTESIAN_POINT('',(11.000003814697,26.,25.));
#1423 = LINE('',#1424,#1425);
#1424 = CARTESIAN_POINT('',(11.000003814697,26.,-37.5));
#1425 = VECTOR('',#1426,1.);
#1426 = DIRECTION('',(0.,-0.,1.));
#1427 = ORIENTED_EDGE('',*,*,#1428,.F.);
#1428 = EDGE_CURVE('',#1429,#1421,#1431,.T.);
#1429 = VERTEX_POINT('',#1430);
#1430 = CARTESIAN_POINT('',(9.000003814697,26.,25.));
#1431 = LINE('',#1432,#1433);
#1432 = CARTESIAN_POINT('',(-6.633531592651,26.,25.));
#1433 = VECTOR('',#1434,1.);
#1434 = DIRECTION('',(1.,0.,0.));
#1435 = ORIENTED_EDGE('',*,*,#1436,.F.);
#1436 = EDGE_CURVE('',#1437,#1429,#1439,.T.);
#1437 = VERTEX_POINT('',#1438);
#1438 = CARTESIAN_POINT('',(9.000003814697,26.,0.));
#1439 = LINE('',#1440,#1441);
#1440 = CARTESIAN_POINT('',(9.000003814697,26.,-37.5));
#1441 = VECTOR('',#1442,1.);
#1442 = DIRECTION('',(0.,-0.,1.));
#1443 = ORIENTED_EDGE('',*,*,#1444,.F.);
#1444 = EDGE_CURVE('',#1445,#1437,#1447,.T.);
#1445 = VERTEX_POINT('',#1446);
#1446 = CARTESIAN_POINT('',(7.000003814697,26.,0.));
#1447 = LINE('',#1448,#1449);
#1448 = CARTESIAN_POINT('',(-22.267067,26.,0.));
#1449 = VECTOR('',#1450,1.);
#1450 = DIRECTION('',(1.,0.,0.));
#1451 = ORIENTED_EDGE('',*,*,#1452,.T.);
#1452 = EDGE_CURVE('',#1445,#1453,#1455,.T.);
#1453 = VERTEX_POINT('',#1454);
#1454 = CARTESIAN_POINT('',(7.000003814697,26.,25.));
#1455 = LINE('',#1456,#1457);
#1456 = CARTESIAN_POINT('',(7.000003814697,26.,-37.5));
#1457 = VECTOR('',#1458,1.);
#1458 = DIRECTION('',(0.,-0.,1.));
#1459 = ORIENTED_EDGE('',*,*,#1460,.F.);
#1460 = EDGE_CURVE('',#1461,#1453,#1463,.T.);
#1461 = VERTEX_POINT('',#1462);
#1462 = CARTESIAN_POINT('',(5.000003814697,26.,25.));
#1463 = LINE('',#1464,#1465);
#1464 = CARTESIAN_POINT('',(-8.633531592651,26.,25.));
#1465 = VECTOR('',#1466,1.);
#1466 = DIRECTION('',(1.,0.,0.));
#1467 = ORIENTED_EDGE('',*,*,#1468,.F.);
#1468 = EDGE_CURVE('',#1469,#1461,#1471,.T.);
#1469 = VERTEX_POINT('',#1470);
#1470 = CARTESIAN_POINT('',(5.000003814697,26.,0.));
#1471 = LINE('',#1472,#1473);
#1472 = CARTESIAN_POINT('',(5.000003814697,26.,-37.5));
#1473 = VECTOR('',#1474,1.);
#1474 = DIRECTION('',(0.,-0.,1.));
#1475 = ORIENTED_EDGE('',*,*,#1476,.F.);
#1476 = EDGE_CURVE('',#1477,#1469,#1479,.T.);
#1477 = VERTEX_POINT('',#1478);
#1478 = CARTESIAN_POINT('',(3.000003814697,26.,0.));
#1479 = LINE('',#1480,#1481);
#1480 = CARTESIAN_POINT('',(-22.267067,26.,0.));
#1481 = VECTOR('',#1482,1.);
#1482 = DIRECTION('',(1.,0.,0.));
#1483 = ORIENTED_EDGE('',*,*,#1484,.T.);
#1484 = EDGE_CURVE('',#1477,#1485,#1487,.T.);
#1485 = VERTEX_POINT('',#1486);
#1486 = CARTESIAN_POINT('',(3.000003814697,26.,25.));
#1487 = LINE('',#1488,#1489);
#1488 = CARTESIAN_POINT('',(3.000003814697,26.,-37.5));
#1489 = VECTOR('',#1490,1.);
#1490 = DIRECTION('',(0.,-0.,1.));
#1491 = ORIENTED_EDGE('',*,*,#1492,.F.);
#1492 = EDGE_CURVE('',#1493,#1485,#1495,.T.);
#1493 = VERTEX_POINT('',#1494);
#1494 = CARTESIAN_POINT('',(1.000003814697,26.,25.));
#1495 = LINE('',#1496,#1497);
#1496 = CARTESIAN_POINT('',(-10.63353159265,26.,25.));
#1497 = VECTOR('',#1498,1.);
#1498 = DIRECTION('',(1.,0.,0.));
#1499 = ORIENTED_EDGE('',*,*,#1500,.F.);
#1500 = EDGE_CURVE('',#1501,#1493,#1503,.T.);
#1501 = VERTEX_POINT('',#1502);
#1502 = CARTESIAN_POINT('',(1.000003814697,26.,0.));
#1503 = LINE('',#1504,#1505);
#1504 = CARTESIAN_POINT('',(1.000003814697,26.,-37.5));
#1505 = VECTOR('',#1506,1.);
#1506 = DIRECTION('',(0.,-0.,1.));
#1507 = ORIENTED_EDGE('',*,*,#1508,.F.);
#1508 = EDGE_CURVE('',#1509,#1501,#1511,.T.);
#1509 = VERTEX_POINT('',#1510);
#1510 = CARTESIAN_POINT('',(-0.999996185303,26.,0.));
#1511 = LINE('',#1512,#1513);
#1512 = CARTESIAN_POINT('',(-22.267067,26.,0.));
#1513 = VECTOR('',#1514,1.);
#1514 = DIRECTION('',(1.,0.,0.));
#1515 = ORIENTED_EDGE('',*,*,#1516,.T.);
#1516 = EDGE_CURVE('',#1509,#1517,#1519,.T.);
#1517 = VERTEX_POINT('',#1518);
#1518 = CARTESIAN_POINT('',(-0.999996185303,26.,25.));
#1519 = LINE('',#1520,#1521);
#1520 = CARTESIAN_POINT('',(-0.999996185303,26.,-37.5));
#1521 = VECTOR('',#1522,1.);
#1522 = DIRECTION('',(0.,-0.,1.));
#1523 = ORIENTED_EDGE('',*,*,#1524,.F.);
#1524 = EDGE_CURVE('',#1525,#1517,#1527,.T.);
#1525 = VERTEX_POINT('',#1526);
#1526 = CARTESIAN_POINT('',(-2.999996185303,26.,25.));
#1527 = LINE('',#1528,#1529);
#1528 = CARTESIAN_POINT('',(-12.63353159265,26.,25.));
#1529 = VECTOR('',#1530,1.);
#1530 = DIRECTION('',(1.,0.,0.));
#1531 = ORIENTED_EDGE('',*,*,#1532,.F.);
#1532 = EDGE_CURVE('',#1533,#1525,#1535,.T.);
#1533 = VERTEX_POINT('',#1534);
#1534 = CARTESIAN_POINT('',(-2.999996185303,26.,0.));
#1535 = LINE('',#1536,#1537);
#1536 = CARTESIAN_POINT('',(-2.999996185303,26.,-37.5));
#1537 = VECTOR('',#1538,1.);
#1538 = DIRECTION('',(0.,-0.,1.));
#1539 = ORIENTED_EDGE('',*,*,#1540,.F.);
#1540 = EDGE_CURVE('',#1541,#1533,#1543,.T.);
#1541 = VERTEX_POINT('',#1542);
#1542 = CARTESIAN_POINT('',(-4.999996185303,26.,0.));
#1543 = LINE('',#1544,#1545);
#1544 = CARTESIAN_POINT('',(-22.267067,26.,0.));
#1545 = VECTOR('',#1546,1.);
#1546 = DIRECTION('',(1.,0.,0.));
#1547 = ORIENTED_EDGE('',*,*,#1548,.T.);
#1548 = EDGE_CURVE('',#1541,#1549,#1551,.T.);
#1549 = VERTEX_POINT('',#1550);
#1550 = CARTESIAN_POINT('',(-4.999996185303,26.,25.));
#1551 = LINE('',#1552,#1553);
#1552 = CARTESIAN_POINT('',(-4.999996185303,26.,-37.5));
#1553 = VECTOR('',#1554,1.);
#1554 = DIRECTION('',(0.,-0.,1.));
#1555 = ORIENTED_EDGE('',*,*,#1556,.F.);
#1556 = EDGE_CURVE('',#1557,#1549,#1559,.T.);
#1557 = VERTEX_POINT('',#1558);
#1558 = CARTESIAN_POINT('',(-6.999996185303,26.,25.));
#1559 = LINE('',#1560,#1561);
#1560 = CARTESIAN_POINT('',(-14.63353159265,26.,25.));
#1561 = VECTOR('',#1562,1.);
#1562 = DIRECTION('',(1.,0.,0.));
#1563 = ORIENTED_EDGE('',*,*,#1564,.F.);
#1564 = EDGE_CURVE('',#1565,#1557,#1567,.T.);
#1565 = VERTEX_POINT('',#1566);
#1566 = CARTESIAN_POINT('',(-6.999996185303,26.,0.));
#1567 = LINE('',#1568,#1569);
#1568 = CARTESIAN_POINT('',(-6.999996185303,26.,-37.5));
#1569 = VECTOR('',#1570,1.);
#1570 = DIRECTION('',(0.,-0.,1.));
#1571 = ORIENTED_EDGE('',*,*,#1572,.F.);
#1572 = EDGE_CURVE('',#1573,#1565,#1575,.T.);
#1573 = VERTEX_POINT('',#1574);
#1574 = CARTESIAN_POINT('',(-8.999996185303,26.,0.));
#1575 = LINE('',#1576,#1577);
#1576 = CARTESIAN_POINT('',(-22.267067,26.,0.));
#1577 = VECTOR('',#1578,1.);
#1578 = DIRECTION('',(1.,0.,0.));
#1579 = ORIENTED_EDGE('',*,*,#1580,.T.);
#1580 = EDGE_CURVE('',#1573,#1581,#1583,.T.);
#1581 = VERTEX_POINT('',#1582);
#1582 = CARTESIAN_POINT('',(-8.999996185303,26.,25.));
#1583 = LINE('',#1584,#1585);
#1584 = CARTESIAN_POINT('',(-8.999996185303,26.,-37.5));
#1585 = VECTOR('',#1586,1.);
#1586 = DIRECTION('',(0.,-0.,1.));
#1587 = ORIENTED_EDGE('',*,*,#1588,.F.);
#1588 = EDGE_CURVE('',#1589,#1581,#1591,.T.);
#1589 = VERTEX_POINT('',#1590);
#1590 = CARTESIAN_POINT('',(-10.9999961853,26.,25.));
#1591 = LINE('',#1592,#1593);
#1592 = CARTESIAN_POINT('',(-16.63353159265,26.,25.));
#1593 = VECTOR('',#1594,1.);
#1594 = DIRECTION('',(1.,0.,0.));
#1595 = ORIENTED_EDGE('',*,*,#1596,.F.);
#1596 = EDGE_CURVE('',#1380,#1589,#1597,.T.);
#1597 = LINE('',#1598,#1599);
#1598 = CARTESIAN_POINT('',(-10.9999961853,26.,-37.5));
#1599 = VECTOR('',#1600,1.);
#1600 = DIRECTION('',(0.,-0.,1.));
#1601 = PLANE('',#1602);
#1602 = AXIS2_PLACEMENT_3D('',#1603,#1604,#1605);
#1603 = CARTESIAN_POINT('',(-22.267067,26.,0.));
#1604 = DIRECTION('',(0.,1.,0.));
#1605 = DIRECTION('',(1.,0.,0.));
#1606 = ( GEOMETRIC_REPRESENTATION_CONTEXT(3) 
GLOBAL_UNCERTAINTY_ASSIGNED_CONTEXT((#1610)) 
GLOBAL_UNIT_ASSIGNED_CONTEXT((#1607,#1608,#1609)) REPRESENTATION_CONTEXT
('Context #1','3D Context with UNIT and UNCERTAINTY') );
#1607 = ( LENGTH_UNIT() NAMED_UNIT(*) SI_UNIT(.MILLI.,.METRE.) );
#1608 = ( NAMED_UNIT(*) PLANE_ANGLE_UNIT() SI_UNIT($,.RADIAN.) );
#1609 = ( NAMED_UNIT(*) SI_UNIT($,.STERADIAN.) SOLID_ANGLE_UNIT() );
#1610 = UNCERTAINTY_MEASURE_WITH_UNIT(LENGTH_MEASURE(1.E-07),#1607,
  'distance_accuracy_value','confusion accuracy');
#1611 = CONTEXT_DEPENDENT_SHAPE_REPRESENTATION(#1612,#1614);
#1612 = ( REPRESENTATION_RELATIONSHIP('','',#1370,#10) 
REPRESENTATION_RELATIONSHIP_WITH_TRANSFORMATION(#1613) 
SHAPE_REPRESENTATION_RELATIONSHIP() );
#1613 = ITEM_DEFINED_TRANSFORMATION('','',#11,#35);
#1614 = PRODUCT_DEFINITION_SHAPE('Placement','Placement of an item',
  #1615);
#1615 = NEXT_ASSEMBLY_USAGE_OCCURRENCE('30','x_breads005','',#5,#1365,$
  );
#1616 = PRODUCT_RELATED_PRODUCT_CATEGORY('part',$,(#1367));
#1617 = SHAPE_DEFINITION_REPRESENTATION(#1618,#1624);
#1618 = PRODUCT_DEFINITION_SHAPE('','',#1619);
#1619 = PRODUCT_DEFINITION('design','',#1620,#1623);
#1620 = PRODUCT_DEFINITION_FORMATION('','',#1621);
#1621 = PRODUCT('x_breads006','x_breads006','',(#1622));
#1622 = PRODUCT_CONTEXT('',#2,'mechanical');
#1623 = PRODUCT_DEFINITION_CONTEXT('part definition',#2,'design');
#1624 = MANIFOLD_SURFACE_SHAPE_REPRESENTATION('',(#11,#1625),#1860);
#1625 = SHELL_BASED_SURFACE_MODEL('',(#1626));
#1626 = OPEN_SHELL('',(#1627));
#1627 = ADVANCED_FACE('',(#1628),#1855,.T.);
#1628 = FACE_BOUND('',#1629,.T.);
#1629 = EDGE_LOOP('',(#1630,#1640,#1648,#1657,#1665,#1673,#1681,#1689,
    #1697,#1705,#1713,#1721,#1729,#1737,#1745,#1753,#1761,#1769,#1777,
    #1785,#1793,#1801,#1809,#1817,#1825,#1833,#1841,#1849));
#1630 = ORIENTED_EDGE('',*,*,#1631,.F.);
#1631 = EDGE_CURVE('',#1632,#1634,#1636,.T.);
#1632 = VERTEX_POINT('',#1633);
#1633 = CARTESIAN_POINT('',(-15.,30.,-1.65E-15));
#1634 = VERTEX_POINT('',#1635);
#1635 = CARTESIAN_POINT('',(-10.9999961853,30.,0.));
#1636 = LINE('',#1637,#1638);
#1637 = CARTESIAN_POINT('',(-22.267067,30.,0.));
#1638 = VECTOR('',#1639,1.);
#1639 = DIRECTION('',(1.,0.,0.));
#1640 = ORIENTED_EDGE('',*,*,#1641,.F.);
#1641 = EDGE_CURVE('',#1642,#1632,#1644,.T.);
#1642 = VERTEX_POINT('',#1643);
#1643 = CARTESIAN_POINT('',(-15.,30.,40.));
#1644 = LINE('',#1645,#1646);
#1645 = CARTESIAN_POINT('',(-15.,30.,20.));
#1646 = VECTOR('',#1647,1.);
#1647 = DIRECTION('',(0.,0.,-1.));
#1648 = ORIENTED_EDGE('',*,*,#1649,.F.);
#1649 = EDGE_CURVE('',#1650,#1642,#1652,.T.);
#1650 = VERTEX_POINT('',#1651);
#1651 = CARTESIAN_POINT('',(15.,30.,40.));
#1652 = CIRCLE('',#1653,15.);
#1653 = AXIS2_PLACEMENT_3D('',#1654,#1655,#1656);
#1654 = CARTESIAN_POINT('',(0.,30.,40.));
#1655 = DIRECTION('',(0.,-1.,2.2E-16));
#1656 = DIRECTION('',(1.,0.,0.));
#1657 = ORIENTED_EDGE('',*,*,#1658,.F.);
#1658 = EDGE_CURVE('',#1659,#1650,#1661,.T.);
#1659 = VERTEX_POINT('',#1660);
#1660 = CARTESIAN_POINT('',(15.,30.,-1.65E-15));
#1661 = LINE('',#1662,#1663);
#1662 = CARTESIAN_POINT('',(15.,30.,0.));
#1663 = VECTOR('',#1664,1.);
#1664 = DIRECTION('',(0.,0.,1.));
#1665 = ORIENTED_EDGE('',*,*,#1666,.F.);
#1666 = EDGE_CURVE('',#1667,#1659,#1669,.T.);
#1667 = VERTEX_POINT('',#1668);
#1668 = CARTESIAN_POINT('',(11.000003814697,30.,0.));
#1669 = LINE('',#1670,#1671);
#1670 = CARTESIAN_POINT('',(-22.267067,30.,0.));
#1671 = VECTOR('',#1672,1.);
#1672 = DIRECTION('',(1.,0.,0.));
#1673 = ORIENTED_EDGE('',*,*,#1674,.T.);
#1674 = EDGE_CURVE('',#1667,#1675,#1677,.T.);
#1675 = VERTEX_POINT('',#1676);
#1676 = CARTESIAN_POINT('',(11.000003814697,30.,25.));
#1677 = LINE('',#1678,#1679);
#1678 = CARTESIAN_POINT('',(11.000003814697,30.,-37.5));
#1679 = VECTOR('',#1680,1.);
#1680 = DIRECTION('',(0.,-0.,1.));
#1681 = ORIENTED_EDGE('',*,*,#1682,.F.);
#1682 = EDGE_CURVE('',#1683,#1675,#1685,.T.);
#1683 = VERTEX_POINT('',#1684);
#1684 = CARTESIAN_POINT('',(9.000003814697,30.,25.));
#1685 = LINE('',#1686,#1687);
#1686 = CARTESIAN_POINT('',(-6.633531592651,30.,25.));
#1687 = VECTOR('',#1688,1.);
#1688 = DIRECTION('',(1.,0.,0.));
#1689 = ORIENTED_EDGE('',*,*,#1690,.F.);
#1690 = EDGE_CURVE('',#1691,#1683,#1693,.T.);
#1691 = VERTEX_POINT('',#1692);
#1692 = CARTESIAN_POINT('',(9.000003814697,30.,0.));
#1693 = LINE('',#1694,#1695);
#1694 = CARTESIAN_POINT('',(9.000003814697,30.,-37.5));
#1695 = VECTOR('',#1696,1.);
#1696 = DIRECTION('',(0.,-0.,1.));
#1697 = ORIENTED_EDGE('',*,*,#1698,.F.);
#1698 = EDGE_CURVE('',#1699,#1691,#1701,.T.);
#1699 = VERTEX_POINT('',#1700);
#1700 = CARTESIAN_POINT('',(7.000003814697,30.,0.));
#1701 = LINE('',#1702,#1703);
#1702 = CARTESIAN_POINT('',(-22.267067,30.,0.));
#1703 = VECTOR('',#1704,1.);
#1704 = DIRECTION('',(1.,0.,0.));
#1705 = ORIENTED_EDGE('',*,*,#1706,.T.);
#1706 = EDGE_CURVE('',#1699,#1707,#1709,.T.);
#1707 = VERTEX_POINT('',#1708);
#1708 = CARTESIAN_POINT('',(7.000003814697,30.,25.));
#1709 = LINE('',#1710,#1711);
#1710 = CARTESIAN_POINT('',(7.000003814697,30.,-37.5));
#1711 = VECTOR('',#1712,1.);
#1712 = DIRECTION('',(0.,-0.,1.));
#1713 = ORIENTED_EDGE('',*,*,#1714,.F.);
#1714 = EDGE_CURVE('',#1715,#1707,#1717,.T.);
#1715 = VERTEX_POINT('',#1716);
#1716 = CARTESIAN_POINT('',(5.000003814697,30.,25.));
#1717 = LINE('',#1718,#1719);
#1718 = CARTESIAN_POINT('',(-8.633531592651,30.,25.));
#1719 = VECTOR('',#1720,1.);
#1720 = DIRECTION('',(1.,0.,0.));
#1721 = ORIENTED_EDGE('',*,*,#1722,.F.);
#1722 = EDGE_CURVE('',#1723,#1715,#1725,.T.);
#1723 = VERTEX_POINT('',#1724);
#1724 = CARTESIAN_POINT('',(5.000003814697,30.,0.));
#1725 = LINE('',#1726,#1727);
#1726 = CARTESIAN_POINT('',(5.000003814697,30.,-37.5));
#1727 = VECTOR('',#1728,1.);
#1728 = DIRECTION('',(0.,-0.,1.));
#1729 = ORIENTED_EDGE('',*,*,#1730,.F.);
#1730 = EDGE_CURVE('',#1731,#1723,#1733,.T.);
#1731 = VERTEX_POINT('',#1732);
#1732 = CARTESIAN_POINT('',(3.000003814697,30.,0.));
#1733 = LINE('',#1734,#1735);
#1734 = CARTESIAN_POINT('',(-22.267067,30.,0.));
#1735 = VECTOR('',#1736,1.);
#1736 = DIRECTION('',(1.,0.,0.));
#1737 = ORIENTED_EDGE('',*,*,#1738,.T.);
#1738 = EDGE_CURVE('',#1731,#1739,#1741,.T.);
#1739 = VERTEX_POINT('',#1740);
#1740 = CARTESIAN_POINT('',(3.000003814697,30.,25.));
#1741 = LINE('',#1742,#1743);
#1742 = CARTESIAN_POINT('',(3.000003814697,30.,-37.5));
#1743 = VECTOR('',#1744,1.);
#1744 = DIRECTION('',(0.,-0.,1.));
#1745 = ORIENTED_EDGE('',*,*,#1746,.F.);
#1746 = EDGE_CURVE('',#1747,#1739,#1749,.T.);
#1747 = VERTEX_POINT('',#1748);
#1748 = CARTESIAN_POINT('',(1.000003814697,30.,25.));
#1749 = LINE('',#1750,#1751);
#1750 = CARTESIAN_POINT('',(-10.63353159265,30.,25.));
#1751 = VECTOR('',#1752,1.);
#1752 = DIRECTION('',(1.,0.,0.));
#1753 = ORIENTED_EDGE('',*,*,#1754,.F.);
#1754 = EDGE_CURVE('',#1755,#1747,#1757,.T.);
#1755 = VERTEX_POINT('',#1756);
#1756 = CARTESIAN_POINT('',(1.000003814697,30.,0.));
#1757 = LINE('',#1758,#1759);
#1758 = CARTESIAN_POINT('',(1.000003814697,30.,-37.5));
#1759 = VECTOR('',#1760,1.);
#1760 = DIRECTION('',(0.,-0.,1.));
#1761 = ORIENTED_EDGE('',*,*,#1762,.F.);
#1762 = EDGE_CURVE('',#1763,#1755,#1765,.T.);
#1763 = VERTEX_POINT('',#1764);
#1764 = CARTESIAN_POINT('',(-0.999996185303,30.,0.));
#1765 = LINE('',#1766,#1767);
#1766 = CARTESIAN_POINT('',(-22.267067,30.,0.));
#1767 = VECTOR('',#1768,1.);
#1768 = DIRECTION('',(1.,0.,0.));
#1769 = ORIENTED_EDGE('',*,*,#1770,.T.);
#1770 = EDGE_CURVE('',#1763,#1771,#1773,.T.);
#1771 = VERTEX_POINT('',#1772);
#1772 = CARTESIAN_POINT('',(-0.999996185303,30.,25.));
#1773 = LINE('',#1774,#1775);
#1774 = CARTESIAN_POINT('',(-0.999996185303,30.,-37.5));
#1775 = VECTOR('',#1776,1.);
#1776 = DIRECTION('',(0.,-0.,1.));
#1777 = ORIENTED_EDGE('',*,*,#1778,.F.);
#1778 = EDGE_CURVE('',#1779,#1771,#1781,.T.);
#1779 = VERTEX_POINT('',#1780);
#1780 = CARTESIAN_POINT('',(-2.999996185303,30.,25.));
#1781 = LINE('',#1782,#1783);
#1782 = CARTESIAN_POINT('',(-12.63353159265,30.,25.));
#1783 = VECTOR('',#1784,1.);
#1784 = DIRECTION('',(1.,0.,0.));
#1785 = ORIENTED_EDGE('',*,*,#1786,.F.);
#1786 = EDGE_CURVE('',#1787,#1779,#1789,.T.);
#1787 = VERTEX_POINT('',#1788);
#1788 = CARTESIAN_POINT('',(-2.999996185303,30.,0.));
#1789 = LINE('',#1790,#1791);
#1790 = CARTESIAN_POINT('',(-2.999996185303,30.,-37.5));
#1791 = VECTOR('',#1792,1.);
#1792 = DIRECTION('',(0.,-0.,1.));
#1793 = ORIENTED_EDGE('',*,*,#1794,.F.);
#1794 = EDGE_CURVE('',#1795,#1787,#1797,.T.);
#1795 = VERTEX_POINT('',#1796);
#1796 = CARTESIAN_POINT('',(-4.999996185303,30.,0.));
#1797 = LINE('',#1798,#1799);
#1798 = CARTESIAN_POINT('',(-22.267067,30.,0.));
#1799 = VECTOR('',#1800,1.);
#1800 = DIRECTION('',(1.,0.,0.));
#1801 = ORIENTED_EDGE('',*,*,#1802,.T.);
#1802 = EDGE_CURVE('',#1795,#1803,#1805,.T.);
#1803 = VERTEX_POINT('',#1804);
#1804 = CARTESIAN_POINT('',(-4.999996185303,30.,25.));
#1805 = LINE('',#1806,#1807);
#1806 = CARTESIAN_POINT('',(-4.999996185303,30.,-37.5));
#1807 = VECTOR('',#1808,1.);
#1808 = DIRECTION('',(0.,-0.,1.));
#1809 = ORIENTED_EDGE('',*,*,#1810,.F.);
#1810 = EDGE_CURVE('',#1811,#1803,#1813,.T.);
#1811 = VERTEX_POINT('',#1812);
#1812 = CARTESIAN_POINT('',(-6.999996185303,30.,25.));
#1813 = LINE('',#1814,#1815);
#1814 = CARTESIAN_POINT('',(-14.63353159265,30.,25.));
#1815 = VECTOR('',#1816,1.);
#1816 = DIRECTION('',(1.,0.,0.));
#1817 = ORIENTED_EDGE('',*,*,#1818,.F.);
#1818 = EDGE_CURVE('',#1819,#1811,#1821,.T.);
#1819 = VERTEX_POINT('',#1820);
#1820 = CARTESIAN_POINT('',(-6.999996185303,30.,0.));
#1821 = LINE('',#1822,#1823);
#1822 = CARTESIAN_POINT('',(-6.999996185303,30.,-37.5));
#1823 = VECTOR('',#1824,1.);
#1824 = DIRECTION('',(0.,-0.,1.));
#1825 = ORIENTED_EDGE('',*,*,#1826,.F.);
#1826 = EDGE_CURVE('',#1827,#1819,#1829,.T.);
#1827 = VERTEX_POINT('',#1828);
#1828 = CARTESIAN_POINT('',(-8.999996185303,30.,0.));
#1829 = LINE('',#1830,#1831);
#1830 = CARTESIAN_POINT('',(-22.267067,30.,0.));
#1831 = VECTOR('',#1832,1.);
#1832 = DIRECTION('',(1.,0.,0.));
#1833 = ORIENTED_EDGE('',*,*,#1834,.T.);
#1834 = EDGE_CURVE('',#1827,#1835,#1837,.T.);
#1835 = VERTEX_POINT('',#1836);
#1836 = CARTESIAN_POINT('',(-8.999996185303,30.,25.));
#1837 = LINE('',#1838,#1839);
#1838 = CARTESIAN_POINT('',(-8.999996185303,30.,-37.5));
#1839 = VECTOR('',#1840,1.);
#1840 = DIRECTION('',(0.,-0.,1.));
#1841 = ORIENTED_EDGE('',*,*,#1842,.F.);
#1842 = EDGE_CURVE('',#1843,#1835,#1845,.T.);
#1843 = VERTEX_POINT('',#1844);
#1844 = CARTESIAN_POINT('',(-10.9999961853,30.,25.));
#1845 = LINE('',#1846,#1847);
#1846 = CARTESIAN_POINT('',(-16.63353159265,30.,25.));
#1847 = VECTOR('',#1848,1.);
#1848 = DIRECTION('',(1.,0.,0.));
#1849 = ORIENTED_EDGE('',*,*,#1850,.F.);
#1850 = EDGE_CURVE('',#1634,#1843,#1851,.T.);
#1851 = LINE('',#1852,#1853);
#1852 = CARTESIAN_POINT('',(-10.9999961853,30.,-37.5));
#1853 = VECTOR('',#1854,1.);
#1854 = DIRECTION('',(0.,-0.,1.));
#1855 = PLANE('',#1856);
#1856 = AXIS2_PLACEMENT_3D('',#1857,#1858,#1859);
#1857 = CARTESIAN_POINT('',(-22.267067,30.,0.));
#1858 = DIRECTION('',(0.,1.,0.));
#1859 = DIRECTION('',(1.,0.,0.));
#1860 = ( GEOMETRIC_REPRESENTATION_CONTEXT(3) 
GLOBAL_UNCERTAINTY_ASSIGNED_CONTEXT((#1864)) 
GLOBAL_UNIT_ASSIGNED_CONTEXT((#1861,#1862,#1863)) REPRESENTATION_CONTEXT
('Context #1','3D Context with UNIT and UNCERTAINTY') );
#1861 = ( LENGTH_UNIT() NAMED_UNIT(*) SI_UNIT(.MILLI.,.METRE.) );
#1862 = ( NAMED_UNIT(*) PLANE_ANGLE_UNIT() SI_UNIT($,.RADIAN.) );
#1863 = ( NAMED_UNIT(*) SI_UNIT($,.STERADIAN.) SOLID_ANGLE_UNIT() );
#1864 = UNCERTAINTY_MEASURE_WITH_UNIT(LENGTH_MEASURE(1.E-07),#1861,
  'distance_accuracy_value','confusion accuracy');
#1865 = CONTEXT_DEPENDENT_SHAPE_REPRESENTATION(#1866,#1868);
#1866 = ( REPRESENTATION_RELATIONSHIP('','',#1624,#10) 
REPRESENTATION_RELATIONSHIP_WITH_TRANSFORMATION(#1867) 
SHAPE_REPRESENTATION_RELATIONSHIP() );
#1867 = ITEM_DEFINED_TRANSFORMATION('','',#11,#39);
#1868 = PRODUCT_DEFINITION_SHAPE('Placement','Placement of an item',
  #1869);
#1869 = NEXT_ASSEMBLY_USAGE_OCCURRENCE('31','x_breads006','',#5,#1619,$
  );
#1870 = PRODUCT_RELATED_PRODUCT_CATEGORY('part',$,(#1621));
#1871 = SHAPE_DEFINITION_REPRESENTATION(#1872,#1878);
#1872 = PRODUCT_DEFINITION_SHAPE('','',#1873);
#1873 = PRODUCT_DEFINITION('design','',#1874,#1877);
#1874 = PRODUCT_DEFINITION_FORMATION('','',#1875);
#1875 = PRODUCT('x_breads007','x_breads007','',(#1876));
#1876 = PRODUCT_CONTEXT('',#2,'mechanical');
#1877 = PRODUCT_DEFINITION_CONTEXT('part definition',#2,'design');
#1878 = MANIFOLD_SURFACE_SHAPE_REPRESENTATION('',(#11,#1879),#2114);
#1879 = SHELL_BASED_SURFACE_MODEL('',(#1880));
#1880 = OPEN_SHELL('',(#1881));
#1881 = ADVANCED_FACE('',(#1882),#2109,.T.);
#1882 = FACE_BOUND('',#1883,.T.);
#1883 = EDGE_LOOP('',(#1884,#1894,#1902,#1911,#1919,#1927,#1935,#1943,
    #1951,#1959,#1967,#1975,#1983,#1991,#1999,#2007,#2015,#2023,#2031,
    #2039,#2047,#2055,#2063,#2071,#2079,#2087,#2095,#2103));
#1884 = ORIENTED_EDGE('',*,*,#1885,.F.);
#1885 = EDGE_CURVE('',#1886,#1888,#1890,.T.);
#1886 = VERTEX_POINT('',#1887);
#1887 = CARTESIAN_POINT('',(-15.,34.,-2.09E-15));
#1888 = VERTEX_POINT('',#1889);
#1889 = CARTESIAN_POINT('',(-10.9999961853,34.,0.));
#1890 = LINE('',#1891,#1892);
#1891 = CARTESIAN_POINT('',(-22.267067,34.,0.));
#1892 = VECTOR('',#1893,1.);
#1893 = DIRECTION('',(1.,0.,0.));
#1894 = ORIENTED_EDGE('',*,*,#1895,.F.);
#1895 = EDGE_CURVE('',#1896,#1886,#1898,.T.);
#1896 = VERTEX_POINT('',#1897);
#1897 = CARTESIAN_POINT('',(-15.,34.,40.));
#1898 = LINE('',#1899,#1900);
#1899 = CARTESIAN_POINT('',(-15.,34.,20.));
#1900 = VECTOR('',#1901,1.);
#1901 = DIRECTION('',(0.,0.,-1.));
#1902 = ORIENTED_EDGE('',*,*,#1903,.F.);
#1903 = EDGE_CURVE('',#1904,#1896,#1906,.T.);
#1904 = VERTEX_POINT('',#1905);
#1905 = CARTESIAN_POINT('',(15.,34.,40.));
#1906 = CIRCLE('',#1907,15.);
#1907 = AXIS2_PLACEMENT_3D('',#1908,#1909,#1910);
#1908 = CARTESIAN_POINT('',(0.,34.,40.));
#1909 = DIRECTION('',(0.,-1.,2.2E-16));
#1910 = DIRECTION('',(1.,0.,0.));
#1911 = ORIENTED_EDGE('',*,*,#1912,.F.);
#1912 = EDGE_CURVE('',#1913,#1904,#1915,.T.);
#1913 = VERTEX_POINT('',#1914);
#1914 = CARTESIAN_POINT('',(15.,34.,-2.09E-15));
#1915 = LINE('',#1916,#1917);
#1916 = CARTESIAN_POINT('',(15.,34.,0.));
#1917 = VECTOR('',#1918,1.);
#1918 = DIRECTION('',(0.,0.,1.));
#1919 = ORIENTED_EDGE('',*,*,#1920,.F.);
#1920 = EDGE_CURVE('',#1921,#1913,#1923,.T.);
#1921 = VERTEX_POINT('',#1922);
#1922 = CARTESIAN_POINT('',(11.000003814697,34.,0.));
#1923 = LINE('',#1924,#1925);
#1924 = CARTESIAN_POINT('',(-22.267067,34.,0.));
#1925 = VECTOR('',#1926,1.);
#1926 = DIRECTION('',(1.,0.,0.));
#1927 = ORIENTED_EDGE('',*,*,#1928,.T.);
#1928 = EDGE_CURVE('',#1921,#1929,#1931,.T.);
#1929 = VERTEX_POINT('',#1930);
#1930 = CARTESIAN_POINT('',(11.000003814697,34.,25.));
#1931 = LINE('',#1932,#1933);
#1932 = CARTESIAN_POINT('',(11.000003814697,34.,-37.5));
#1933 = VECTOR('',#1934,1.);
#1934 = DIRECTION('',(0.,-0.,1.));
#1935 = ORIENTED_EDGE('',*,*,#1936,.F.);
#1936 = EDGE_CURVE('',#1937,#1929,#1939,.T.);
#1937 = VERTEX_POINT('',#1938);
#1938 = CARTESIAN_POINT('',(9.000003814697,34.,25.));
#1939 = LINE('',#1940,#1941);
#1940 = CARTESIAN_POINT('',(-6.633531592651,34.,25.));
#1941 = VECTOR('',#1942,1.);
#1942 = DIRECTION('',(1.,0.,0.));
#1943 = ORIENTED_EDGE('',*,*,#1944,.F.);
#1944 = EDGE_CURVE('',#1945,#1937,#1947,.T.);
#1945 = VERTEX_POINT('',#1946);
#1946 = CARTESIAN_POINT('',(9.000003814697,34.,0.));
#1947 = LINE('',#1948,#1949);
#1948 = CARTESIAN_POINT('',(9.000003814697,34.,-37.5));
#1949 = VECTOR('',#1950,1.);
#1950 = DIRECTION('',(0.,-0.,1.));
#1951 = ORIENTED_EDGE('',*,*,#1952,.F.);
#1952 = EDGE_CURVE('',#1953,#1945,#1955,.T.);
#1953 = VERTEX_POINT('',#1954);
#1954 = CARTESIAN_POINT('',(7.000003814697,34.,0.));
#1955 = LINE('',#1956,#1957);
#1956 = CARTESIAN_POINT('',(-22.267067,34.,0.));
#1957 = VECTOR('',#1958,1.);
#1958 = DIRECTION('',(1.,0.,0.));
#1959 = ORIENTED_EDGE('',*,*,#1960,.T.);
#1960 = EDGE_CURVE('',#1953,#1961,#1963,.T.);
#1961 = VERTEX_POINT('',#1962);
#1962 = CARTESIAN_POINT('',(7.000003814697,34.,25.));
#1963 = LINE('',#1964,#1965);
#1964 = CARTESIAN_POINT('',(7.000003814697,34.,-37.5));
#1965 = VECTOR('',#1966,1.);
#1966 = DIRECTION('',(0.,-0.,1.));
#1967 = ORIENTED_EDGE('',*,*,#1968,.F.);
#1968 = EDGE_CURVE('',#1969,#1961,#1971,.T.);
#1969 = VERTEX_POINT('',#1970);
#1970 = CARTESIAN_POINT('',(5.000003814697,34.,25.));
#1971 = LINE('',#1972,#1973);
#1972 = CARTESIAN_POINT('',(-8.633531592651,34.,25.));
#1973 = VECTOR('',#1974,1.);
#1974 = DIRECTION('',(1.,0.,0.));
#1975 = ORIENTED_EDGE('',*,*,#1976,.F.);
#1976 = EDGE_CURVE('',#1977,#1969,#1979,.T.);
#1977 = VERTEX_POINT('',#1978);
#1978 = CARTESIAN_POINT('',(5.000003814697,34.,0.));
#1979 = LINE('',#1980,#1981);
#1980 = CARTESIAN_POINT('',(5.000003814697,34.,-37.5));
#1981 = VECTOR('',#1982,1.);
#1982 = DIRECTION('',(0.,-0.,1.));
#1983 = ORIENTED_EDGE('',*,*,#1984,.F.);
#1984 = EDGE_CURVE('',#1985,#1977,#1987,.T.);
#1985 = VERTEX_POINT('',#1986);
#1986 = CARTESIAN_POINT('',(3.000003814697,34.,0.));
#1987 = LINE('',#1988,#1989);
#1988 = CARTESIAN_POINT('',(-22.267067,34.,0.));
#1989 = VECTOR('',#1990,1.);
#1990 = DIRECTION('',(1.,0.,0.));
#1991 = ORIENTED_EDGE('',*,*,#1992,.T.);
#1992 = EDGE_CURVE('',#1985,#1993,#1995,.T.);
#1993 = VERTEX_POINT('',#1994);
#1994 = CARTESIAN_POINT('',(3.000003814697,34.,25.));
#1995 = LINE('',#1996,#1997);
#1996 = CARTESIAN_POINT('',(3.000003814697,34.,-37.5));
#1997 = VECTOR('',#1998,1.);
#1998 = DIRECTION('',(0.,-0.,1.));
#1999 = ORIENTED_EDGE('',*,*,#2000,.F.);
#2000 = EDGE_CURVE('',#2001,#1993,#2003,.T.);
#2001 = VERTEX_POINT('',#2002);
#2002 = CARTESIAN_POINT('',(1.000003814697,34.,25.));
#2003 = LINE('',#2004,#2005);
#2004 = CARTESIAN_POINT('',(-10.63353159265,34.,25.));
#2005 = VECTOR('',#2006,1.);
#2006 = DIRECTION('',(1.,0.,0.));
#2007 = ORIENTED_EDGE('',*,*,#2008,.F.);
#2008 = EDGE_CURVE('',#2009,#2001,#2011,.T.);
#2009 = VERTEX_POINT('',#2010);
#2010 = CARTESIAN_POINT('',(1.000003814697,34.,0.));
#2011 = LINE('',#2012,#2013);
#2012 = CARTESIAN_POINT('',(1.000003814697,34.,-37.5));
#2013 = VECTOR('',#2014,1.);
#2014 = DIRECTION('',(0.,-0.,1.));
#2015 = ORIENTED_EDGE('',*,*,#2016,.F.);
#2016 = EDGE_CURVE('',#2017,#2009,#2019,.T.);
#2017 = VERTEX_POINT('',#2018);
#2018 = CARTESIAN_POINT('',(-0.999996185303,34.,0.));
#2019 = LINE('',#2020,#2021);
#2020 = CARTESIAN_POINT('',(-22.267067,34.,0.));
#2021 = VECTOR('',#2022,1.);
#2022 = DIRECTION('',(1.,0.,0.));
#2023 = ORIENTED_EDGE('',*,*,#2024,.T.);
#2024 = EDGE_CURVE('',#2017,#2025,#2027,.T.);
#2025 = VERTEX_POINT('',#2026);
#2026 = CARTESIAN_POINT('',(-0.999996185303,34.,25.));
#2027 = LINE('',#2028,#2029);
#2028 = CARTESIAN_POINT('',(-0.999996185303,34.,-37.5));
#2029 = VECTOR('',#2030,1.);
#2030 = DIRECTION('',(0.,-0.,1.));
#2031 = ORIENTED_EDGE('',*,*,#2032,.F.);
#2032 = EDGE_CURVE('',#2033,#2025,#2035,.T.);
#2033 = VERTEX_POINT('',#2034);
#2034 = CARTESIAN_POINT('',(-2.999996185303,34.,25.));
#2035 = LINE('',#2036,#2037);
#2036 = CARTESIAN_POINT('',(-12.63353159265,34.,25.));
#2037 = VECTOR('',#2038,1.);
#2038 = DIRECTION('',(1.,0.,0.));
#2039 = ORIENTED_EDGE('',*,*,#2040,.F.);
#2040 = EDGE_CURVE('',#2041,#2033,#2043,.T.);
#2041 = VERTEX_POINT('',#2042);
#2042 = CARTESIAN_POINT('',(-2.999996185303,34.,0.));
#2043 = LINE('',#2044,#2045);
#2044 = CARTESIAN_POINT('',(-2.999996185303,34.,-37.5));
#2045 = VECTOR('',#2046,1.);
#2046 = DIRECTION('',(0.,-0.,1.));
#2047 = ORIENTED_EDGE('',*,*,#2048,.F.);
#2048 = EDGE_CURVE('',#2049,#2041,#2051,.T.);
#2049 = VERTEX_POINT('',#2050);
#2050 = CARTESIAN_POINT('',(-4.999996185303,34.,0.));
#2051 = LINE('',#2052,#2053);
#2052 = CARTESIAN_POINT('',(-22.267067,34.,0.));
#2053 = VECTOR('',#2054,1.);
#2054 = DIRECTION('',(1.,0.,0.));
#2055 = ORIENTED_EDGE('',*,*,#2056,.T.);
#2056 = EDGE_CURVE('',#2049,#2057,#2059,.T.);
#2057 = VERTEX_POINT('',#2058);
#2058 = CARTESIAN_POINT('',(-4.999996185303,34.,25.));
#2059 = LINE('',#2060,#2061);
#2060 = CARTESIAN_POINT('',(-4.999996185303,34.,-37.5));
#2061 = VECTOR('',#2062,1.);
#2062 = DIRECTION('',(0.,-0.,1.));
#2063 = ORIENTED_EDGE('',*,*,#2064,.F.);
#2064 = EDGE_CURVE('',#2065,#2057,#2067,.T.);
#2065 = VERTEX_POINT('',#2066);
#2066 = CARTESIAN_POINT('',(-6.999996185303,34.,25.));
#2067 = LINE('',#2068,#2069);
#2068 = CARTESIAN_POINT('',(-14.63353159265,34.,25.));
#2069 = VECTOR('',#2070,1.);
#2070 = DIRECTION('',(1.,0.,0.));
#2071 = ORIENTED_EDGE('',*,*,#2072,.F.);
#2072 = EDGE_CURVE('',#2073,#2065,#2075,.T.);
#2073 = VERTEX_POINT('',#2074);
#2074 = CARTESIAN_POINT('',(-6.999996185303,34.,0.));
#2075 = LINE('',#2076,#2077);
#2076 = CARTESIAN_POINT('',(-6.999996185303,34.,-37.5));
#2077 = VECTOR('',#2078,1.);
#2078 = DIRECTION('',(0.,-0.,1.));
#2079 = ORIENTED_EDGE('',*,*,#2080,.F.);
#2080 = EDGE_CURVE('',#2081,#2073,#2083,.T.);
#2081 = VERTEX_POINT('',#2082);
#2082 = CARTESIAN_POINT('',(-8.999996185303,34.,0.));
#2083 = LINE('',#2084,#2085);
#2084 = CARTESIAN_POINT('',(-22.267067,34.,0.));
#2085 = VECTOR('',#2086,1.);
#2086 = DIRECTION('',(1.,0.,0.));
#2087 = ORIENTED_EDGE('',*,*,#2088,.T.);
#2088 = EDGE_CURVE('',#2081,#2089,#2091,.T.);
#2089 = VERTEX_POINT('',#2090);
#2090 = CARTESIAN_POINT('',(-8.999996185303,34.,25.));
#2091 = LINE('',#2092,#2093);
#2092 = CARTESIAN_POINT('',(-8.999996185303,34.,-37.5));
#2093 = VECTOR('',#2094,1.);
#2094 = DIRECTION('',(0.,-0.,1.));
#2095 = ORIENTED_EDGE('',*,*,#2096,.F.);
#2096 = EDGE_CURVE('',#2097,#2089,#2099,.T.);
#2097 = VERTEX_POINT('',#2098);
#2098 = CARTESIAN_POINT('',(-10.9999961853,34.,25.));
#2099 = LINE('',#2100,#2101);
#2100 = CARTESIAN_POINT('',(-16.63353159265,34.,25.));
#2101 = VECTOR('',#2102,1.);
#2102 = DIRECTION('',(1.,0.,0.));
#2103 = ORIENTED_EDGE('',*,*,#2104,.F.);
#2104 = EDGE_CURVE('',#1888,#2097,#2105,.T.);
#2105 = LINE('',#2106,#2107);
#2106 = CARTESIAN_POINT('',(-10.9999961853,34.,-37.5));
#2107 = VECTOR('',#2108,1.);
#2108 = DIRECTION('',(0.,-0.,1.));
#2109 = PLANE('',#2110);
#2110 = AXIS2_PLACEMENT_3D('',#2111,#2112,#2113);
#2111 = CARTESIAN_POINT('',(-22.267067,34.,0.));
#2112 = DIRECTION('',(0.,1.,0.));
#2113 = DIRECTION('',(1.,0.,0.));
#2114 = ( GEOMETRIC_REPRESENTATION_CONTEXT(3) 
GLOBAL_UNCERTAINTY_ASSIGNED_CONTEXT((#2118)) 
GLOBAL_UNIT_ASSIGNED_CONTEXT((#2115,#2116,#2117)) REPRESENTATION_CONTEXT
('Context #1','3D Context with UNIT and UNCERTAINTY') );
#2115 = ( LENGTH_UNIT() NAMED_UNIT(*) SI_UNIT(.MILLI.,.METRE.) );
#2116 = ( NAMED_UNIT(*) PLANE_ANGLE_UNIT() SI_UNIT($,.RADIAN.) );
#2117 = ( NAMED_UNIT(*) SI_UNIT($,.STERADIAN.) SOLID_ANGLE_UNIT() );
#2118 = UNCERTAINTY_MEASURE_WITH_UNIT(LENGTH_MEASURE(1.E-07),#2115,
  'distance_accuracy_value','confusion accuracy');
#2119 = CONTEXT_DEPENDENT_SHAPE_REPRESENTATION(#2120,#2122);
#2120 = ( REPRESENTATION_RELATIONSHIP('','',#1878,#10) 
REPRESENTATION_RELATIONSHIP_WITH_TRANSFORMATION(#2121) 
SHAPE_REPRESENTATION_RELATIONSHIP() );
#2121 = ITEM_DEFINED_TRANSFORMATION('','',#11,#43);
#2122 = PRODUCT_DEFINITION_SHAPE('Placement','Placement of an item',
  #2123);
#2123 = NEXT_ASSEMBLY_USAGE_OCCURRENCE('32','x_breads007','',#5,#1873,$
  );
#2124 = PRODUCT_RELATED_PRODUCT_CATEGORY('part',$,(#1875));
#2125 = SHAPE_DEFINITION_REPRESENTATION(#2126,#2132);
#2126 = PRODUCT_DEFINITION_SHAPE('','',#2127);
#2127 = PRODUCT_DEFINITION('design','',#2128,#2131);
#2128 = PRODUCT_DEFINITION_FORMATION('','',#2129);
#2129 = PRODUCT('x_breads008','x_breads008','',(#2130));
#2130 = PRODUCT_CONTEXT('',#2,'mechanical');
#2131 = PRODUCT_DEFINITION_CONTEXT('part definition',#2,'design');
#2132 = MANIFOLD_SURFACE_SHAPE_REPRESENTATION('',(#11,#2133),#2368);
#2133 = SHELL_BASED_SURFACE_MODEL('',(#2134));
#2134 = OPEN_SHELL('',(#2135));
#2135 = ADVANCED_FACE('',(#2136),#2363,.T.);
#2136 = FACE_BOUND('',#2137,.T.);
#2137 = EDGE_LOOP('',(#2138,#2148,#2156,#2165,#2173,#2181,#2189,#2197,
    #2205,#2213,#2221,#2229,#2237,#2245,#2253,#2261,#2269,#2277,#2285,
    #2293,#2301,#2309,#2317,#2325,#2333,#2341,#2349,#2357));
#2138 = ORIENTED_EDGE('',*,*,#2139,.F.);
#2139 = EDGE_CURVE('',#2140,#2142,#2144,.T.);
#2140 = VERTEX_POINT('',#2141);
#2141 = CARTESIAN_POINT('',(-15.,38.,-2.53E-15));
#2142 = VERTEX_POINT('',#2143);
#2143 = CARTESIAN_POINT('',(-10.9999961853,38.,0.));
#2144 = LINE('',#2145,#2146);
#2145 = CARTESIAN_POINT('',(-22.267067,38.,0.));
#2146 = VECTOR('',#2147,1.);
#2147 = DIRECTION('',(1.,0.,0.));
#2148 = ORIENTED_EDGE('',*,*,#2149,.F.);
#2149 = EDGE_CURVE('',#2150,#2140,#2152,.T.);
#2150 = VERTEX_POINT('',#2151);
#2151 = CARTESIAN_POINT('',(-15.,38.,40.));
#2152 = LINE('',#2153,#2154);
#2153 = CARTESIAN_POINT('',(-15.,38.,20.));
#2154 = VECTOR('',#2155,1.);
#2155 = DIRECTION('',(0.,0.,-1.));
#2156 = ORIENTED_EDGE('',*,*,#2157,.F.);
#2157 = EDGE_CURVE('',#2158,#2150,#2160,.T.);
#2158 = VERTEX_POINT('',#2159);
#2159 = CARTESIAN_POINT('',(15.,38.,40.));
#2160 = CIRCLE('',#2161,15.);
#2161 = AXIS2_PLACEMENT_3D('',#2162,#2163,#2164);
#2162 = CARTESIAN_POINT('',(0.,38.,40.));
#2163 = DIRECTION('',(0.,-1.,2.2E-16));
#2164 = DIRECTION('',(1.,0.,0.));
#2165 = ORIENTED_EDGE('',*,*,#2166,.F.);
#2166 = EDGE_CURVE('',#2167,#2158,#2169,.T.);
#2167 = VERTEX_POINT('',#2168);
#2168 = CARTESIAN_POINT('',(15.,38.,-2.53E-15));
#2169 = LINE('',#2170,#2171);
#2170 = CARTESIAN_POINT('',(15.,38.,0.));
#2171 = VECTOR('',#2172,1.);
#2172 = DIRECTION('',(0.,0.,1.));
#2173 = ORIENTED_EDGE('',*,*,#2174,.F.);
#2174 = EDGE_CURVE('',#2175,#2167,#2177,.T.);
#2175 = VERTEX_POINT('',#2176);
#2176 = CARTESIAN_POINT('',(11.000003814697,38.,0.));
#2177 = LINE('',#2178,#2179);
#2178 = CARTESIAN_POINT('',(-22.267067,38.,0.));
#2179 = VECTOR('',#2180,1.);
#2180 = DIRECTION('',(1.,0.,0.));
#2181 = ORIENTED_EDGE('',*,*,#2182,.T.);
#2182 = EDGE_CURVE('',#2175,#2183,#2185,.T.);
#2183 = VERTEX_POINT('',#2184);
#2184 = CARTESIAN_POINT('',(11.000003814697,38.,25.));
#2185 = LINE('',#2186,#2187);
#2186 = CARTESIAN_POINT('',(11.000003814697,38.,-37.5));
#2187 = VECTOR('',#2188,1.);
#2188 = DIRECTION('',(0.,-0.,1.));
#2189 = ORIENTED_EDGE('',*,*,#2190,.F.);
#2190 = EDGE_CURVE('',#2191,#2183,#2193,.T.);
#2191 = VERTEX_POINT('',#2192);
#2192 = CARTESIAN_POINT('',(9.000003814697,38.,25.));
#2193 = LINE('',#2194,#2195);
#2194 = CARTESIAN_POINT('',(-6.633531592651,38.,25.));
#2195 = VECTOR('',#2196,1.);
#2196 = DIRECTION('',(1.,0.,0.));
#2197 = ORIENTED_EDGE('',*,*,#2198,.F.);
#2198 = EDGE_CURVE('',#2199,#2191,#2201,.T.);
#2199 = VERTEX_POINT('',#2200);
#2200 = CARTESIAN_POINT('',(9.000003814697,38.,0.));
#2201 = LINE('',#2202,#2203);
#2202 = CARTESIAN_POINT('',(9.000003814697,38.,-37.5));
#2203 = VECTOR('',#2204,1.);
#2204 = DIRECTION('',(0.,-0.,1.));
#2205 = ORIENTED_EDGE('',*,*,#2206,.F.);
#2206 = EDGE_CURVE('',#2207,#2199,#2209,.T.);
#2207 = VERTEX_POINT('',#2208);
#2208 = CARTESIAN_POINT('',(7.000003814697,38.,0.));
#2209 = LINE('',#2210,#2211);
#2210 = CARTESIAN_POINT('',(-22.267067,38.,0.));
#2211 = VECTOR('',#2212,1.);
#2212 = DIRECTION('',(1.,0.,0.));
#2213 = ORIENTED_EDGE('',*,*,#2214,.T.);
#2214 = EDGE_CURVE('',#2207,#2215,#2217,.T.);
#2215 = VERTEX_POINT('',#2216);
#2216 = CARTESIAN_POINT('',(7.000003814697,38.,25.));
#2217 = LINE('',#2218,#2219);
#2218 = CARTESIAN_POINT('',(7.000003814697,38.,-37.5));
#2219 = VECTOR('',#2220,1.);
#2220 = DIRECTION('',(0.,-0.,1.));
#2221 = ORIENTED_EDGE('',*,*,#2222,.F.);
#2222 = EDGE_CURVE('',#2223,#2215,#2225,.T.);
#2223 = VERTEX_POINT('',#2224);
#2224 = CARTESIAN_POINT('',(5.000003814697,38.,25.));
#2225 = LINE('',#2226,#2227);
#2226 = CARTESIAN_POINT('',(-8.633531592651,38.,25.));
#2227 = VECTOR('',#2228,1.);
#2228 = DIRECTION('',(1.,0.,0.));
#2229 = ORIENTED_EDGE('',*,*,#2230,.F.);
#2230 = EDGE_CURVE('',#2231,#2223,#2233,.T.);
#2231 = VERTEX_POINT('',#2232);
#2232 = CARTESIAN_POINT('',(5.000003814697,38.,0.));
#2233 = LINE('',#2234,#2235);
#2234 = CARTESIAN_POINT('',(5.000003814697,38.,-37.5));
#2235 = VECTOR('',#2236,1.);
#2236 = DIRECTION('',(0.,-0.,1.));
#2237 = ORIENTED_EDGE('',*,*,#2238,.F.);
#2238 = EDGE_CURVE('',#2239,#2231,#2241,.T.);
#2239 = VERTEX_POINT('',#2240);
#2240 = CARTESIAN_POINT('',(3.000003814697,38.,0.));
#2241 = LINE('',#2242,#2243);
#2242 = CARTESIAN_POINT('',(-22.267067,38.,0.));
#2243 = VECTOR('',#2244,1.);
#2244 = DIRECTION('',(1.,0.,0.));
#2245 = ORIENTED_EDGE('',*,*,#2246,.T.);
#2246 = EDGE_CURVE('',#2239,#2247,#2249,.T.);
#2247 = VERTEX_POINT('',#2248);
#2248 = CARTESIAN_POINT('',(3.000003814697,38.,25.));
#2249 = LINE('',#2250,#2251);
#2250 = CARTESIAN_POINT('',(3.000003814697,38.,-37.5));
#2251 = VECTOR('',#2252,1.);
#2252 = DIRECTION('',(0.,-0.,1.));
#2253 = ORIENTED_EDGE('',*,*,#2254,.F.);
#2254 = EDGE_CURVE('',#2255,#2247,#2257,.T.);
#2255 = VERTEX_POINT('',#2256);
#2256 = CARTESIAN_POINT('',(1.000003814697,38.,25.));
#2257 = LINE('',#2258,#2259);
#2258 = CARTESIAN_POINT('',(-10.63353159265,38.,25.));
#2259 = VECTOR('',#2260,1.);
#2260 = DIRECTION('',(1.,0.,0.));
#2261 = ORIENTED_EDGE('',*,*,#2262,.F.);
#2262 = EDGE_CURVE('',#2263,#2255,#2265,.T.);
#2263 = VERTEX_POINT('',#2264);
#2264 = CARTESIAN_POINT('',(1.000003814697,38.,0.));
#2265 = LINE('',#2266,#2267);
#2266 = CARTESIAN_POINT('',(1.000003814697,38.,-37.5));
#2267 = VECTOR('',#2268,1.);
#2268 = DIRECTION('',(0.,-0.,1.));
#2269 = ORIENTED_EDGE('',*,*,#2270,.F.);
#2270 = EDGE_CURVE('',#2271,#2263,#2273,.T.);
#2271 = VERTEX_POINT('',#2272);
#2272 = CARTESIAN_POINT('',(-0.999996185303,38.,0.));
#2273 = LINE('',#2274,#2275);
#2274 = CARTESIAN_POINT('',(-22.267067,38.,0.));
#2275 = VECTOR('',#2276,1.);
#2276 = DIRECTION('',(1.,0.,0.));
#2277 = ORIENTED_EDGE('',*,*,#2278,.T.);
#2278 = EDGE_CURVE('',#2271,#2279,#2281,.T.);
#2279 = VERTEX_POINT('',#2280);
#2280 = CARTESIAN_POINT('',(-0.999996185303,38.,25.));
#2281 = LINE('',#2282,#2283);
#2282 = CARTESIAN_POINT('',(-0.999996185303,38.,-37.5));
#2283 = VECTOR('',#2284,1.);
#2284 = DIRECTION('',(0.,-0.,1.));
#2285 = ORIENTED_EDGE('',*,*,#2286,.F.);
#2286 = EDGE_CURVE('',#2287,#2279,#2289,.T.);
#2287 = VERTEX_POINT('',#2288);
#2288 = CARTESIAN_POINT('',(-2.999996185303,38.,25.));
#2289 = LINE('',#2290,#2291);
#2290 = CARTESIAN_POINT('',(-12.63353159265,38.,25.));
#2291 = VECTOR('',#2292,1.);
#2292 = DIRECTION('',(1.,0.,0.));
#2293 = ORIENTED_EDGE('',*,*,#2294,.F.);
#2294 = EDGE_CURVE('',#2295,#2287,#2297,.T.);
#2295 = VERTEX_POINT('',#2296);
#2296 = CARTESIAN_POINT('',(-2.999996185303,38.,0.));
#2297 = LINE('',#2298,#2299);
#2298 = CARTESIAN_POINT('',(-2.999996185303,38.,-37.5));
#2299 = VECTOR('',#2300,1.);
#2300 = DIRECTION('',(0.,-0.,1.));
#2301 = ORIENTED_EDGE('',*,*,#2302,.F.);
#2302 = EDGE_CURVE('',#2303,#2295,#2305,.T.);
#2303 = VERTEX_POINT('',#2304);
#2304 = CARTESIAN_POINT('',(-4.999996185303,38.,0.));
#2305 = LINE('',#2306,#2307);
#2306 = CARTESIAN_POINT('',(-22.267067,38.,0.));
#2307 = VECTOR('',#2308,1.);
#2308 = DIRECTION('',(1.,0.,0.));
#2309 = ORIENTED_EDGE('',*,*,#2310,.T.);
#2310 = EDGE_CURVE('',#2303,#2311,#2313,.T.);
#2311 = VERTEX_POINT('',#2312);
#2312 = CARTESIAN_POINT('',(-4.999996185303,38.,25.));
#2313 = LINE('',#2314,#2315);
#2314 = CARTESIAN_POINT('',(-4.999996185303,38.,-37.5));
#2315 = VECTOR('',#2316,1.);
#2316 = DIRECTION('',(0.,-0.,1.));
#2317 = ORIENTED_EDGE('',*,*,#2318,.F.);
#2318 = EDGE_CURVE('',#2319,#2311,#2321,.T.);
#2319 = VERTEX_POINT('',#2320);
#2320 = CARTESIAN_POINT('',(-6.999996185303,38.,25.));
#2321 = LINE('',#2322,#2323);
#2322 = CARTESIAN_POINT('',(-14.63353159265,38.,25.));
#2323 = VECTOR('',#2324,1.);
#2324 = DIRECTION('',(1.,0.,0.));
#2325 = ORIENTED_EDGE('',*,*,#2326,.F.);
#2326 = EDGE_CURVE('',#2327,#2319,#2329,.T.);
#2327 = VERTEX_POINT('',#2328);
#2328 = CARTESIAN_POINT('',(-6.999996185303,38.,0.));
#2329 = LINE('',#2330,#2331);
#2330 = CARTESIAN_POINT('',(-6.999996185303,38.,-37.5));
#2331 = VECTOR('',#2332,1.);
#2332 = DIRECTION('',(0.,-0.,1.));
#2333 = ORIENTED_EDGE('',*,*,#2334,.F.);
#2334 = EDGE_CURVE('',#2335,#2327,#2337,.T.);
#2335 = VERTEX_POINT('',#2336);
#2336 = CARTESIAN_POINT('',(-8.999996185303,38.,0.));
#2337 = LINE('',#2338,#2339);
#2338 = CARTESIAN_POINT('',(-22.267067,38.,0.));
#2339 = VECTOR('',#2340,1.);
#2340 = DIRECTION('',(1.,0.,0.));
#2341 = ORIENTED_EDGE('',*,*,#2342,.T.);
#2342 = EDGE_CURVE('',#2335,#2343,#2345,.T.);
#2343 = VERTEX_POINT('',#2344);
#2344 = CARTESIAN_POINT('',(-8.999996185303,38.,25.));
#2345 = LINE('',#2346,#2347);
#2346 = CARTESIAN_POINT('',(-8.999996185303,38.,-37.5));
#2347 = VECTOR('',#2348,1.);
#2348 = DIRECTION('',(0.,-0.,1.));
#2349 = ORIENTED_EDGE('',*,*,#2350,.F.);
#2350 = EDGE_CURVE('',#2351,#2343,#2353,.T.);
#2351 = VERTEX_POINT('',#2352);
#2352 = CARTESIAN_POINT('',(-10.9999961853,38.,25.));
#2353 = LINE('',#2354,#2355);
#2354 = CARTESIAN_POINT('',(-16.63353159265,38.,25.));
#2355 = VECTOR('',#2356,1.);
#2356 = DIRECTION('',(1.,0.,0.));
#2357 = ORIENTED_EDGE('',*,*,#2358,.F.);
#2358 = EDGE_CURVE('',#2142,#2351,#2359,.T.);
#2359 = LINE('',#2360,#2361);
#2360 = CARTESIAN_POINT('',(-10.9999961853,38.,-37.5));
#2361 = VECTOR('',#2362,1.);
#2362 = DIRECTION('',(0.,-0.,1.));
#2363 = PLANE('',#2364);
#2364 = AXIS2_PLACEMENT_3D('',#2365,#2366,#2367);
#2365 = CARTESIAN_POINT('',(-22.267067,38.,0.));
#2366 = DIRECTION('',(0.,1.,0.));
#2367 = DIRECTION('',(1.,0.,0.));
#2368 = ( GEOMETRIC_REPRESENTATION_CONTEXT(3) 
GLOBAL_UNCERTAINTY_ASSIGNED_CONTEXT((#2372)) 
GLOBAL_UNIT_ASSIGNED_CONTEXT((#2369,#2370,#2371)) REPRESENTATION_CONTEXT
('Context #1','3D Context with UNIT and UNCERTAINTY') );
#2369 = ( LENGTH_UNIT() NAMED_UNIT(*) SI_UNIT(.MILLI.,.METRE.) );
#2370 = ( NAMED_UNIT(*) PLANE_ANGLE_UNIT() SI_UNIT($,.RADIAN.) );
#2371 = ( NAMED_UNIT(*) SI_UNIT($,.STERADIAN.) SOLID_ANGLE_UNIT() );
#2372 = UNCERTAINTY_MEASURE_WITH_UNIT(LENGTH_MEASURE(1.E-07),#2369,
  'distance_accuracy_value','confusion accuracy');
#2373 = CONTEXT_DEPENDENT_SHAPE_REPRESENTATION(#2374,#2376);
#2374 = ( REPRESENTATION_RELATIONSHIP('','',#2132,#10) 
REPRESENTATION_RELATIONSHIP_WITH_TRANSFORMATION(#2375) 
SHAPE_REPRESENTATION_RELATIONSHIP() );
#2375 = ITEM_DEFINED_TRANSFORMATION('','',#11,#47);
#2376 = PRODUCT_DEFINITION_SHAPE('Placement','Placement of an item',
  #2377);
#2377 = NEXT_ASSEMBLY_USAGE_OCCURRENCE('33','x_breads008','',#5,#2127,$
  );
#2378 = PRODUCT_RELATED_PRODUCT_CATEGORY('part',$,(#2129));
#2379 = SHAPE_DEFINITION_REPRESENTATION(#2380,#2386);
#2380 = PRODUCT_DEFINITION_SHAPE('','',#2381);
#2381 = PRODUCT_DEFINITION('design','',#2382,#2385);
#2382 = PRODUCT_DEFINITION_FORMATION('','',#2383);
#2383 = PRODUCT('x_breads009','x_breads009','',(#2384));
#2384 = PRODUCT_CONTEXT('',#2,'mechanical');
#2385 = PRODUCT_DEFINITION_CONTEXT('part definition',#2,'design');
#2386 = MANIFOLD_SURFACE_SHAPE_REPRESENTATION('',(#11,#2387),#2622);
#2387 = SHELL_BASED_SURFACE_MODEL('',(#2388));
#2388 = OPEN_SHELL('',(#2389));
#2389 = ADVANCED_FACE('',(#2390),#2617,.T.);
#2390 = FACE_BOUND('',#2391,.T.);
#2391 = EDGE_LOOP('',(#2392,#2402,#2410,#2419,#2427,#2435,#2443,#2451,
    #2459,#2467,#2475,#2483,#2491,#2499,#2507,#2515,#2523,#2531,#2539,
    #2547,#2555,#2563,#2571,#2579,#2587,#2595,#2603,#2611));
#2392 = ORIENTED_EDGE('',*,*,#2393,.F.);
#2393 = EDGE_CURVE('',#2394,#2396,#2398,.T.);
#2394 = VERTEX_POINT('',#2395);
#2395 = CARTESIAN_POINT('',(-15.,42.,-2.97E-15));
#2396 = VERTEX_POINT('',#2397);
#2397 = CARTESIAN_POINT('',(-10.9999961853,42.,0.));
#2398 = LINE('',#2399,#2400);
#2399 = CARTESIAN_POINT('',(-22.267067,42.,0.));
#2400 = VECTOR('',#2401,1.);
#2401 = DIRECTION('',(1.,0.,0.));
#2402 = ORIENTED_EDGE('',*,*,#2403,.F.);
#2403 = EDGE_CURVE('',#2404,#2394,#2406,.T.);
#2404 = VERTEX_POINT('',#2405);
#2405 = CARTESIAN_POINT('',(-15.,42.,40.));
#2406 = LINE('',#2407,#2408);
#2407 = CARTESIAN_POINT('',(-15.,42.,20.));
#2408 = VECTOR('',#2409,1.);
#2409 = DIRECTION('',(0.,0.,-1.));
#2410 = ORIENTED_EDGE('',*,*,#2411,.F.);
#2411 = EDGE_CURVE('',#2412,#2404,#2414,.T.);
#2412 = VERTEX_POINT('',#2413);
#2413 = CARTESIAN_POINT('',(15.,42.,40.));
#2414 = CIRCLE('',#2415,15.);
#2415 = AXIS2_PLACEMENT_3D('',#2416,#2417,#2418);
#2416 = CARTESIAN_POINT('',(0.,42.,40.));
#2417 = DIRECTION('',(0.,-1.,2.2E-16));
#2418 = DIRECTION('',(1.,0.,0.));
#2419 = ORIENTED_EDGE('',*,*,#2420,.F.);
#2420 = EDGE_CURVE('',#2421,#2412,#2423,.T.);
#2421 = VERTEX_POINT('',#2422);
#2422 = CARTESIAN_POINT('',(15.,42.,-2.97E-15));
#2423 = LINE('',#2424,#2425);
#2424 = CARTESIAN_POINT('',(15.,42.,0.));
#2425 = VECTOR('',#2426,1.);
#2426 = DIRECTION('',(0.,0.,1.));
#2427 = ORIENTED_EDGE('',*,*,#2428,.F.);
#2428 = EDGE_CURVE('',#2429,#2421,#2431,.T.);
#2429 = VERTEX_POINT('',#2430);
#2430 = CARTESIAN_POINT('',(11.000003814697,42.,0.));
#2431 = LINE('',#2432,#2433);
#2432 = CARTESIAN_POINT('',(-22.267067,42.,0.));
#2433 = VECTOR('',#2434,1.);
#2434 = DIRECTION('',(1.,0.,0.));
#2435 = ORIENTED_EDGE('',*,*,#2436,.T.);
#2436 = EDGE_CURVE('',#2429,#2437,#2439,.T.);
#2437 = VERTEX_POINT('',#2438);
#2438 = CARTESIAN_POINT('',(11.000003814697,42.,25.));
#2439 = LINE('',#2440,#2441);
#2440 = CARTESIAN_POINT('',(11.000003814697,42.,-37.5));
#2441 = VECTOR('',#2442,1.);
#2442 = DIRECTION('',(0.,-0.,1.));
#2443 = ORIENTED_EDGE('',*,*,#2444,.F.);
#2444 = EDGE_CURVE('',#2445,#2437,#2447,.T.);
#2445 = VERTEX_POINT('',#2446);
#2446 = CARTESIAN_POINT('',(9.000003814697,42.,25.));
#2447 = LINE('',#2448,#2449);
#2448 = CARTESIAN_POINT('',(-6.633531592651,42.,25.));
#2449 = VECTOR('',#2450,1.);
#2450 = DIRECTION('',(1.,0.,0.));
#2451 = ORIENTED_EDGE('',*,*,#2452,.F.);
#2452 = EDGE_CURVE('',#2453,#2445,#2455,.T.);
#2453 = VERTEX_POINT('',#2454);
#2454 = CARTESIAN_POINT('',(9.000003814697,42.,0.));
#2455 = LINE('',#2456,#2457);
#2456 = CARTESIAN_POINT('',(9.000003814697,42.,-37.5));
#2457 = VECTOR('',#2458,1.);
#2458 = DIRECTION('',(0.,-0.,1.));
#2459 = ORIENTED_EDGE('',*,*,#2460,.F.);
#2460 = EDGE_CURVE('',#2461,#2453,#2463,.T.);
#2461 = VERTEX_POINT('',#2462);
#2462 = CARTESIAN_POINT('',(7.000003814697,42.,0.));
#2463 = LINE('',#2464,#2465);
#2464 = CARTESIAN_POINT('',(-22.267067,42.,0.));
#2465 = VECTOR('',#2466,1.);
#2466 = DIRECTION('',(1.,0.,0.));
#2467 = ORIENTED_EDGE('',*,*,#2468,.T.);
#2468 = EDGE_CURVE('',#2461,#2469,#2471,.T.);
#2469 = VERTEX_POINT('',#2470);
#2470 = CARTESIAN_POINT('',(7.000003814697,42.,25.));
#2471 = LINE('',#2472,#2473);
#2472 = CARTESIAN_POINT('',(7.000003814697,42.,-37.5));
#2473 = VECTOR('',#2474,1.);
#2474 = DIRECTION('',(0.,-0.,1.));
#2475 = ORIENTED_EDGE('',*,*,#2476,.F.);
#2476 = EDGE_CURVE('',#2477,#2469,#2479,.T.);
#2477 = VERTEX_POINT('',#2478);
#2478 = CARTESIAN_POINT('',(5.000003814697,42.,25.));
#2479 = LINE('',#2480,#2481);
#2480 = CARTESIAN_POINT('',(-8.633531592651,42.,25.));
#2481 = VECTOR('',#2482,1.);
#2482 = DIRECTION('',(1.,0.,0.));
#2483 = ORIENTED_EDGE('',*,*,#2484,.F.);
#2484 = EDGE_CURVE('',#2485,#2477,#2487,.T.);
#2485 = VERTEX_POINT('',#2486);
#2486 = CARTESIAN_POINT('',(5.000003814697,42.,0.));
#2487 = LINE('',#2488,#2489);
#2488 = CARTESIAN_POINT('',(5.000003814697,42.,-37.5));
#2489 = VECTOR('',#2490,1.);
#2490 = DIRECTION('',(0.,-0.,1.));
#2491 = ORIENTED_EDGE('',*,*,#2492,.F.);
#2492 = EDGE_CURVE('',#2493,#2485,#2495,.T.);
#2493 = VERTEX_POINT('',#2494);
#2494 = CARTESIAN_POINT('',(3.000003814697,42.,0.));
#2495 = LINE('',#2496,#2497);
#2496 = CARTESIAN_POINT('',(-22.267067,42.,0.));
#2497 = VECTOR('',#2498,1.);
#2498 = DIRECTION('',(1.,0.,0.));
#2499 = ORIENTED_EDGE('',*,*,#2500,.T.);
#2500 = EDGE_CURVE('',#2493,#2501,#2503,.T.);
#2501 = VERTEX_POINT('',#2502);
#2502 = CARTESIAN_POINT('',(3.000003814697,42.,25.));
#2503 = LINE('',#2504,#2505);
#2504 = CARTESIAN_POINT('',(3.000003814697,42.,-37.5));
#2505 = VECTOR('',#2506,1.);
#2506 = DIRECTION('',(0.,-0.,1.));
#2507 = ORIENTED_EDGE('',*,*,#2508,.F.);
#2508 = EDGE_CURVE('',#2509,#2501,#2511,.T.);
#2509 = VERTEX_POINT('',#2510);
#2510 = CARTESIAN_POINT('',(1.000003814697,42.,25.));
#2511 = LINE('',#2512,#2513);
#2512 = CARTESIAN_POINT('',(-10.63353159265,42.,25.));
#2513 = VECTOR('',#2514,1.);
#2514 = DIRECTION('',(1.,0.,0.));
#2515 = ORIENTED_EDGE('',*,*,#2516,.F.);
#2516 = EDGE_CURVE('',#2517,#2509,#2519,.T.);
#2517 = VERTEX_POINT('',#2518);
#2518 = CARTESIAN_POINT('',(1.000003814697,42.,0.));
#2519 = LINE('',#2520,#2521);
#2520 = CARTESIAN_POINT('',(1.000003814697,42.,-37.5));
#2521 = VECTOR('',#2522,1.);
#2522 = DIRECTION('',(0.,-0.,1.));
#2523 = ORIENTED_EDGE('',*,*,#2524,.F.);
#2524 = EDGE_CURVE('',#2525,#2517,#2527,.T.);
#2525 = VERTEX_POINT('',#2526);
#2526 = CARTESIAN_POINT('',(-0.999996185303,42.,0.));
#2527 = LINE('',#2528,#2529);
#2528 = CARTESIAN_POINT('',(-22.267067,42.,0.));
#2529 = VECTOR('',#2530,1.);
#2530 = DIRECTION('',(1.,0.,0.));
#2531 = ORIENTED_EDGE('',*,*,#2532,.T.);
#2532 = EDGE_CURVE('',#2525,#2533,#2535,.T.);
#2533 = VERTEX_POINT('',#2534);
#2534 = CARTESIAN_POINT('',(-0.999996185303,42.,25.));
#2535 = LINE('',#2536,#2537);
#2536 = CARTESIAN_POINT('',(-0.999996185303,42.,-37.5));
#2537 = VECTOR('',#2538,1.);
#2538 = DIRECTION('',(0.,-0.,1.));
#2539 = ORIENTED_EDGE('',*,*,#2540,.F.);
#2540 = EDGE_CURVE('',#2541,#2533,#2543,.T.);
#2541 = VERTEX_POINT('',#2542);
#2542 = CARTESIAN_POINT('',(-2.999996185303,42.,25.));
#2543 = LINE('',#2544,#2545);
#2544 = CARTESIAN_POINT('',(-12.63353159265,42.,25.));
#2545 = VECTOR('',#2546,1.);
#2546 = DIRECTION('',(1.,0.,0.));
#2547 = ORIENTED_EDGE('',*,*,#2548,.F.);
#2548 = EDGE_CURVE('',#2549,#2541,#2551,.T.);
#2549 = VERTEX_POINT('',#2550);
#2550 = CARTESIAN_POINT('',(-2.999996185303,42.,0.));
#2551 = LINE('',#2552,#2553);
#2552 = CARTESIAN_POINT('',(-2.999996185303,42.,-37.5));
#2553 = VECTOR('',#2554,1.);
#2554 = DIRECTION('',(0.,-0.,1.));
#2555 = ORIENTED_EDGE('',*,*,#2556,.F.);
#2556 = EDGE_CURVE('',#2557,#2549,#2559,.T.);
#2557 = VERTEX_POINT('',#2558);
#2558 = CARTESIAN_POINT('',(-4.999996185303,42.,0.));
#2559 = LINE('',#2560,#2561);
#2560 = CARTESIAN_POINT('',(-22.267067,42.,0.));
#2561 = VECTOR('',#2562,1.);
#2562 = DIRECTION('',(1.,0.,0.));
#2563 = ORIENTED_EDGE('',*,*,#2564,.T.);
#2564 = EDGE_CURVE('',#2557,#2565,#2567,.T.);
#2565 = VERTEX_POINT('',#2566);
#2566 = CARTESIAN_POINT('',(-4.999996185303,42.,25.));
#2567 = LINE('',#2568,#2569);
#2568 = CARTESIAN_POINT('',(-4.999996185303,42.,-37.5));
#2569 = VECTOR('',#2570,1.);
#2570 = DIRECTION('',(0.,-0.,1.));
#2571 = ORIENTED_EDGE('',*,*,#2572,.F.);
#2572 = EDGE_CURVE('',#2573,#2565,#2575,.T.);
#2573 = VERTEX_POINT('',#2574);
#2574 = CARTESIAN_POINT('',(-6.999996185303,42.,25.));
#2575 = LINE('',#2576,#2577);
#2576 = CARTESIAN_POINT('',(-14.63353159265,42.,25.));
#2577 = VECTOR('',#2578,1.);
#2578 = DIRECTION('',(1.,0.,0.));
#2579 = ORIENTED_EDGE('',*,*,#2580,.F.);
#2580 = EDGE_CURVE('',#2581,#2573,#2583,.T.);
#2581 = VERTEX_POINT('',#2582);
#2582 = CARTESIAN_POINT('',(-6.999996185303,42.,0.));
#2583 = LINE('',#2584,#2585);
#2584 = CARTESIAN_POINT('',(-6.999996185303,42.,-37.5));
#2585 = VECTOR('',#2586,1.);
#2586 = DIRECTION('',(0.,-0.,1.));
#2587 = ORIENTED_EDGE('',*,*,#2588,.F.);
#2588 = EDGE_CURVE('',#2589,#2581,#2591,.T.);
#2589 = VERTEX_POINT('',#2590);
#2590 = CARTESIAN_POINT('',(-8.999996185303,42.,0.));
#2591 = LINE('',#2592,#2593);
#2592 = CARTESIAN_POINT('',(-22.267067,42.,0.));
#2593 = VECTOR('',#2594,1.);
#2594 = DIRECTION('',(1.,0.,0.));
#2595 = ORIENTED_EDGE('',*,*,#2596,.T.);
#2596 = EDGE_CURVE('',#2589,#2597,#2599,.T.);
#2597 = VERTEX_POINT('',#2598);
#2598 = CARTESIAN_POINT('',(-8.999996185303,42.,25.));
#2599 = LINE('',#2600,#2601);
#2600 = CARTESIAN_POINT('',(-8.999996185303,42.,-37.5));
#2601 = VECTOR('',#2602,1.);
#2602 = DIRECTION('',(0.,-0.,1.));
#2603 = ORIENTED_EDGE('',*,*,#2604,.F.);
#2604 = EDGE_CURVE('',#2605,#2597,#2607,.T.);
#2605 = VERTEX_POINT('',#2606);
#2606 = CARTESIAN_POINT('',(-10.9999961853,42.,25.));
#2607 = LINE('',#2608,#2609);
#2608 = CARTESIAN_POINT('',(-16.63353159265,42.,25.));
#2609 = VECTOR('',#2610,1.);
#2610 = DIRECTION('',(1.,0.,0.));
#2611 = ORIENTED_EDGE('',*,*,#2612,.F.);
#2612 = EDGE_CURVE('',#2396,#2605,#2613,.T.);
#2613 = LINE('',#2614,#2615);
#2614 = CARTESIAN_POINT('',(-10.9999961853,42.,-37.5));
#2615 = VECTOR('',#2616,1.);
#2616 = DIRECTION('',(0.,-0.,1.));
#2617 = PLANE('',#2618);
#2618 = AXIS2_PLACEMENT_3D('',#2619,#2620,#2621);
#2619 = CARTESIAN_POINT('',(-22.267067,42.,0.));
#2620 = DIRECTION('',(0.,1.,0.));
#2621 = DIRECTION('',(1.,0.,0.));
#2622 = ( GEOMETRIC_REPRESENTATION_CONTEXT(3) 
GLOBAL_UNCERTAINTY_ASSIGNED_CONTEXT((#2626)) 
GLOBAL_UNIT_ASSIGNED_CONTEXT((#2623,#2624,#2625)) REPRESENTATION_CONTEXT
('Context #1','3D Context with UNIT and UNCERTAINTY') );
#2623 = ( LENGTH_UNIT() NAMED_UNIT(*) SI_UNIT(.MILLI.,.METRE.) );
#2624 = ( NAMED_UNIT(*) PLANE_ANGLE_UNIT() SI_UNIT($,.RADIAN.) );
#2625 = ( NAMED_UNIT(*) SI_UNIT($,.STERADIAN.) SOLID_ANGLE_UNIT() );
#2626 = UNCERTAINTY_MEASURE_WITH_UNIT(LENGTH_MEASURE(1.E-07),#2623,
  'distance_accuracy_value','confusion accuracy');
#2627 = CONTEXT_DEPENDENT_SHAPE_REPRESENTATION(#2628,#2630);
#2628 = ( REPRESENTATION_RELATIONSHIP('','',#2386,#10) 
REPRESENTATION_RELATIONSHIP_WITH_TRANSFORMATION(#2629) 
SHAPE_REPRESENTATION_RELATIONSHIP() );
#2629 = ITEM_DEFINED_TRANSFORMATION('','',#11,#51);
#2630 = PRODUCT_DEFINITION_SHAPE('Placement','Placement of an item',
  #2631);
#2631 = NEXT_ASSEMBLY_USAGE_OCCURRENCE('34','x_breads009','',#5,#2381,$
  );
#2632 = PRODUCT_RELATED_PRODUCT_CATEGORY('part',$,(#2383));
#2633 = SHAPE_DEFINITION_REPRESENTATION(#2634,#2640);
#2634 = PRODUCT_DEFINITION_SHAPE('','',#2635);
#2635 = PRODUCT_DEFINITION('design','',#2636,#2639);
#2636 = PRODUCT_DEFINITION_FORMATION('','',#2637);
#2637 = PRODUCT('x_breads010','x_breads010','',(#2638));
#2638 = PRODUCT_CONTEXT('',#2,'mechanical');
#2639 = PRODUCT_DEFINITION_CONTEXT('part definition',#2,'design');
#2640 = MANIFOLD_SURFACE_SHAPE_REPRESENTATION('',(#11,#2641),#2876);
#2641 = SHELL_BASED_SURFACE_MODEL('',(#2642));
#2642 = OPEN_SHELL('',(#2643));
#2643 = ADVANCED_FACE('',(#2644),#2871,.T.);
#2644 = FACE_BOUND('',#2645,.T.);
#2645 = EDGE_LOOP('',(#2646,#2656,#2664,#2673,#2681,#2689,#2697,#2705,
    #2713,#2721,#2729,#2737,#2745,#2753,#2761,#2769,#2777,#2785,#2793,
    #2801,#2809,#2817,#2825,#2833,#2841,#2849,#2857,#2865));
#2646 = ORIENTED_EDGE('',*,*,#2647,.F.);
#2647 = EDGE_CURVE('',#2648,#2650,#2652,.T.);
#2648 = VERTEX_POINT('',#2649);
#2649 = CARTESIAN_POINT('',(-15.,46.,-3.41E-15));
#2650 = VERTEX_POINT('',#2651);
#2651 = CARTESIAN_POINT('',(-10.9999961853,46.,0.));
#2652 = LINE('',#2653,#2654);
#2653 = CARTESIAN_POINT('',(-22.267067,46.,0.));
#2654 = VECTOR('',#2655,1.);
#2655 = DIRECTION('',(1.,0.,0.));
#2656 = ORIENTED_EDGE('',*,*,#2657,.F.);
#2657 = EDGE_CURVE('',#2658,#2648,#2660,.T.);
#2658 = VERTEX_POINT('',#2659);
#2659 = CARTESIAN_POINT('',(-15.,46.,40.));
#2660 = LINE('',#2661,#2662);
#2661 = CARTESIAN_POINT('',(-15.,46.,20.));
#2662 = VECTOR('',#2663,1.);
#2663 = DIRECTION('',(0.,0.,-1.));
#2664 = ORIENTED_EDGE('',*,*,#2665,.F.);
#2665 = EDGE_CURVE('',#2666,#2658,#2668,.T.);
#2666 = VERTEX_POINT('',#2667);
#2667 = CARTESIAN_POINT('',(15.,46.,40.));
#2668 = CIRCLE('',#2669,15.);
#2669 = AXIS2_PLACEMENT_3D('',#2670,#2671,#2672);
#2670 = CARTESIAN_POINT('',(0.,46.,40.));
#2671 = DIRECTION('',(0.,-1.,2.2E-16));
#2672 = DIRECTION('',(1.,0.,0.));
#2673 = ORIENTED_EDGE('',*,*,#2674,.F.);
#2674 = EDGE_CURVE('',#2675,#2666,#2677,.T.);
#2675 = VERTEX_POINT('',#2676);
#2676 = CARTESIAN_POINT('',(15.,46.,-3.41E-15));
#2677 = LINE('',#2678,#2679);
#2678 = CARTESIAN_POINT('',(15.,46.,0.));
#2679 = VECTOR('',#2680,1.);
#2680 = DIRECTION('',(0.,0.,1.));
#2681 = ORIENTED_EDGE('',*,*,#2682,.F.);
#2682 = EDGE_CURVE('',#2683,#2675,#2685,.T.);
#2683 = VERTEX_POINT('',#2684);
#2684 = CARTESIAN_POINT('',(11.000003814697,46.,0.));
#2685 = LINE('',#2686,#2687);
#2686 = CARTESIAN_POINT('',(-22.267067,46.,0.));
#2687 = VECTOR('',#2688,1.);
#2688 = DIRECTION('',(1.,0.,0.));
#2689 = ORIENTED_EDGE('',*,*,#2690,.T.);
#2690 = EDGE_CURVE('',#2683,#2691,#2693,.T.);
#2691 = VERTEX_POINT('',#2692);
#2692 = CARTESIAN_POINT('',(11.000003814697,46.,25.));
#2693 = LINE('',#2694,#2695);
#2694 = CARTESIAN_POINT('',(11.000003814697,46.,-37.5));
#2695 = VECTOR('',#2696,1.);
#2696 = DIRECTION('',(0.,-0.,1.));
#2697 = ORIENTED_EDGE('',*,*,#2698,.F.);
#2698 = EDGE_CURVE('',#2699,#2691,#2701,.T.);
#2699 = VERTEX_POINT('',#2700);
#2700 = CARTESIAN_POINT('',(9.000003814697,46.,25.));
#2701 = LINE('',#2702,#2703);
#2702 = CARTESIAN_POINT('',(-6.633531592651,46.,25.));
#2703 = VECTOR('',#2704,1.);
#2704 = DIRECTION('',(1.,0.,0.));
#2705 = ORIENTED_EDGE('',*,*,#2706,.F.);
#2706 = EDGE_CURVE('',#2707,#2699,#2709,.T.);
#2707 = VERTEX_POINT('',#2708);
#2708 = CARTESIAN_POINT('',(9.000003814697,46.,0.));
#2709 = LINE('',#2710,#2711);
#2710 = CARTESIAN_POINT('',(9.000003814697,46.,-37.5));
#2711 = VECTOR('',#2712,1.);
#2712 = DIRECTION('',(0.,-0.,1.));
#2713 = ORIENTED_EDGE('',*,*,#2714,.F.);
#2714 = EDGE_CURVE('',#2715,#2707,#2717,.T.);
#2715 = VERTEX_POINT('',#2716);
#2716 = CARTESIAN_POINT('',(7.000003814697,46.,0.));
#2717 = LINE('',#2718,#2719);
#2718 = CARTESIAN_POINT('',(-22.267067,46.,0.));
#2719 = VECTOR('',#2720,1.);
#2720 = DIRECTION('',(1.,0.,0.));
#2721 = ORIENTED_EDGE('',*,*,#2722,.T.);
#2722 = EDGE_CURVE('',#2715,#2723,#2725,.T.);
#2723 = VERTEX_POINT('',#2724);
#2724 = CARTESIAN_POINT('',(7.000003814697,46.,25.));
#2725 = LINE('',#2726,#2727);
#2726 = CARTESIAN_POINT('',(7.000003814697,46.,-37.5));
#2727 = VECTOR('',#2728,1.);
#2728 = DIRECTION('',(0.,-0.,1.));
#2729 = ORIENTED_EDGE('',*,*,#2730,.F.);
#2730 = EDGE_CURVE('',#2731,#2723,#2733,.T.);
#2731 = VERTEX_POINT('',#2732);
#2732 = CARTESIAN_POINT('',(5.000003814697,46.,25.));
#2733 = LINE('',#2734,#2735);
#2734 = CARTESIAN_POINT('',(-8.633531592651,46.,25.));
#2735 = VECTOR('',#2736,1.);
#2736 = DIRECTION('',(1.,0.,0.));
#2737 = ORIENTED_EDGE('',*,*,#2738,.F.);
#2738 = EDGE_CURVE('',#2739,#2731,#2741,.T.);
#2739 = VERTEX_POINT('',#2740);
#2740 = CARTESIAN_POINT('',(5.000003814697,46.,0.));
#2741 = LINE('',#2742,#2743);
#2742 = CARTESIAN_POINT('',(5.000003814697,46.,-37.5));
#2743 = VECTOR('',#2744,1.);
#2744 = DIRECTION('',(0.,-0.,1.));
#2745 = ORIENTED_EDGE('',*,*,#2746,.F.);
#2746 = EDGE_CURVE('',#2747,#2739,#2749,.T.);
#2747 = VERTEX_POINT('',#2748);
#2748 = CARTESIAN_POINT('',(3.000003814697,46.,0.));
#2749 = LINE('',#2750,#2751);
#2750 = CARTESIAN_POINT('',(-22.267067,46.,0.));
#2751 = VECTOR('',#2752,1.);
#2752 = DIRECTION('',(1.,0.,0.));
#2753 = ORIENTED_EDGE('',*,*,#2754,.T.);
#2754 = EDGE_CURVE('',#2747,#2755,#2757,.T.);
#2755 = VERTEX_POINT('',#2756);
#2756 = CARTESIAN_POINT('',(3.000003814697,46.,25.));
#2757 = LINE('',#2758,#2759);
#2758 = CARTESIAN_POINT('',(3.000003814697,46.,-37.5));
#2759 = VECTOR('',#2760,1.);
#2760 = DIRECTION('',(0.,-0.,1.));
#2761 = ORIENTED_EDGE('',*,*,#2762,.F.);
#2762 = EDGE_CURVE('',#2763,#2755,#2765,.T.);
#2763 = VERTEX_POINT('',#2764);
#2764 = CARTESIAN_POINT('',(1.000003814697,46.,25.));
#2765 = LINE('',#2766,#2767);
#2766 = CARTESIAN_POINT('',(-10.63353159265,46.,25.));
#2767 = VECTOR('',#2768,1.);
#2768 = DIRECTION('',(1.,0.,0.));
#2769 = ORIENTED_EDGE('',*,*,#2770,.F.);
#2770 = EDGE_CURVE('',#2771,#2763,#2773,.T.);
#2771 = VERTEX_POINT('',#2772);
#2772 = CARTESIAN_POINT('',(1.000003814697,46.,0.));
#2773 = LINE('',#2774,#2775);
#2774 = CARTESIAN_POINT('',(1.000003814697,46.,-37.5));
#2775 = VECTOR('',#2776,1.);
#2776 = DIRECTION('',(0.,-0.,1.));
#2777 = ORIENTED_EDGE('',*,*,#2778,.F.);
#2778 = EDGE_CURVE('',#2779,#2771,#2781,.T.);
#2779 = VERTEX_POINT('',#2780);
#2780 = CARTESIAN_POINT('',(-0.999996185303,46.,0.));
#2781 = LINE('',#2782,#2783);
#2782 = CARTESIAN_POINT('',(-22.267067,46.,0.));
#2783 = VECTOR('',#2784,1.);
#2784 = DIRECTION('',(1.,0.,0.));
#2785 = ORIENTED_EDGE('',*,*,#2786,.T.);
#2786 = EDGE_CURVE('',#2779,#2787,#2789,.T.);
#2787 = VERTEX_POINT('',#2788);
#2788 = CARTESIAN_POINT('',(-0.999996185303,46.,25.));
#2789 = LINE('',#2790,#2791);
#2790 = CARTESIAN_POINT('',(-0.999996185303,46.,-37.5));
#2791 = VECTOR('',#2792,1.);
#2792 = DIRECTION('',(0.,-0.,1.));
#2793 = ORIENTED_EDGE('',*,*,#2794,.F.);
#2794 = EDGE_CURVE('',#2795,#2787,#2797,.T.);
#2795 = VERTEX_POINT('',#2796);
#2796 = CARTESIAN_POINT('',(-2.999996185303,46.,25.));
#2797 = LINE('',#2798,#2799);
#2798 = CARTESIAN_POINT('',(-12.63353159265,46.,25.));
#2799 = VECTOR('',#2800,1.);
#2800 = DIRECTION('',(1.,0.,0.));
#2801 = ORIENTED_EDGE('',*,*,#2802,.F.);
#2802 = EDGE_CURVE('',#2803,#2795,#2805,.T.);
#2803 = VERTEX_POINT('',#2804);
#2804 = CARTESIAN_POINT('',(-2.999996185303,46.,0.));
#2805 = LINE('',#2806,#2807);
#2806 = CARTESIAN_POINT('',(-2.999996185303,46.,-37.5));
#2807 = VECTOR('',#2808,1.);
#2808 = DIRECTION('',(0.,-0.,1.));
#2809 = ORIENTED_EDGE('',*,*,#2810,.F.);
#2810 = EDGE_CURVE('',#2811,#2803,#2813,.T.);
#2811 = VERTEX_POINT('',#2812);
#2812 = CARTESIAN_POINT('',(-4.999996185303,46.,0.));
#2813 = LINE('',#2814,#2815);
#2814 = CARTESIAN_POINT('',(-22.267067,46.,0.));
#2815 = VECTOR('',#2816,1.);
#2816 = DIRECTION('',(1.,0.,0.));
#2817 = ORIENTED_EDGE('',*,*,#2818,.T.);
#2818 = EDGE_CURVE('',#2811,#2819,#2821,.T.);
#2819 = VERTEX_POINT('',#2820);
#2820 = CARTESIAN_POINT('',(-4.999996185303,46.,25.));
#2821 = LINE('',#2822,#2823);
#2822 = CARTESIAN_POINT('',(-4.999996185303,46.,-37.5));
#2823 = VECTOR('',#2824,1.);
#2824 = DIRECTION('',(0.,-0.,1.));
#2825 = ORIENTED_EDGE('',*,*,#2826,.F.);
#2826 = EDGE_CURVE('',#2827,#2819,#2829,.T.);
#2827 = VERTEX_POINT('',#2828);
#2828 = CARTESIAN_POINT('',(-6.999996185303,46.,25.));
#2829 = LINE('',#2830,#2831);
#2830 = CARTESIAN_POINT('',(-14.63353159265,46.,25.));
#2831 = VECTOR('',#2832,1.);
#2832 = DIRECTION('',(1.,0.,0.));
#2833 = ORIENTED_EDGE('',*,*,#2834,.F.);
#2834 = EDGE_CURVE('',#2835,#2827,#2837,.T.);
#2835 = VERTEX_POINT('',#2836);
#2836 = CARTESIAN_POINT('',(-6.999996185303,46.,0.));
#2837 = LINE('',#2838,#2839);
#2838 = CARTESIAN_POINT('',(-6.999996185303,46.,-37.5));
#2839 = VECTOR('',#2840,1.);
#2840 = DIRECTION('',(0.,-0.,1.));
#2841 = ORIENTED_EDGE('',*,*,#2842,.F.);
#2842 = EDGE_CURVE('',#2843,#2835,#2845,.T.);
#2843 = VERTEX_POINT('',#2844);
#2844 = CARTESIAN_POINT('',(-8.999996185303,46.,0.));
#2845 = LINE('',#2846,#2847);
#2846 = CARTESIAN_POINT('',(-22.267067,46.,0.));
#2847 = VECTOR('',#2848,1.);
#2848 = DIRECTION('',(1.,0.,0.));
#2849 = ORIENTED_EDGE('',*,*,#2850,.T.);
#2850 = EDGE_CURVE('',#2843,#2851,#2853,.T.);
#2851 = VERTEX_POINT('',#2852);
#2852 = CARTESIAN_POINT('',(-8.999996185303,46.,25.));
#2853 = LINE('',#2854,#2855);
#2854 = CARTESIAN_POINT('',(-8.999996185303,46.,-37.5));
#2855 = VECTOR('',#2856,1.);
#2856 = DIRECTION('',(0.,-0.,1.));
#2857 = ORIENTED_EDGE('',*,*,#2858,.F.);
#2858 = EDGE_CURVE('',#2859,#2851,#2861,.T.);
#2859 = VERTEX_POINT('',#2860);
#2860 = CARTESIAN_POINT('',(-10.9999961853,46.,25.));
#2861 = LINE('',#2862,#2863);
#2862 = CARTESIAN_POINT('',(-16.63353159265,46.,25.));
#2863 = VECTOR('',#2864,1.);
#2864 = DIRECTION('',(1.,0.,0.));
#2865 = ORIENTED_EDGE('',*,*,#2866,.F.);
#2866 = EDGE_CURVE('',#2650,#2859,#2867,.T.);
#2867 = LINE('',#2868,#2869);
#2868 = CARTESIAN_POINT('',(-10.9999961853,46.,-37.5));
#2869 = VECTOR('',#2870,1.);
#2870 = DIRECTION('',(0.,-0.,1.));
#2871 = PLANE('',#2872);
#2872 = AXIS2_PLACEMENT_3D('',#2873,#2874,#2875);
#2873 = CARTESIAN_POINT('',(-22.267067,46.,0.));
#2874 = DIRECTION('',(0.,1.,0.));
#2875 = DIRECTION('',(1.,0.,0.));
#2876 = ( GEOMETRIC_REPRESENTATION_CONTEXT(3) 
GLOBAL_UNCERTAINTY_ASSIGNED_CONTEXT((#2880)) 
GLOBAL_UNIT_ASSIGNED_CONTEXT((#2877,#2878,#2879)) REPRESENTATION_CONTEXT
('Context #1','3D Context with UNIT and UNCERTAINTY') );
#2877 = ( LENGTH_UNIT() NAMED_UNIT(*) SI_UNIT(.MILLI.,.METRE.) );
#2878 = ( NAMED_UNIT(*) PLANE_ANGLE_UNIT() SI_UNIT($,.RADIAN.) );
#2879 = ( NAMED_UNIT(*) SI_UNIT($,.STERADIAN.) SOLID_ANGLE_UNIT() );
#2880 = UNCERTAINTY_MEASURE_WITH_UNIT(LENGTH_MEASURE(1.E-07),#2877,
  'distance_accuracy_value','confusion accuracy');
#2881 = CONTEXT_DEPENDENT_SHAPE_REPRESENTATION(#2882,#2884);
#2882 = ( REPRESENTATION_RELATIONSHIP('','',#2640,#10) 
REPRESENTATION_RELATIONSHIP_WITH_TRANSFORMATION(#2883) 
SHAPE_REPRESENTATION_RELATIONSHIP() );
#2883 = ITEM_DEFINED_TRANSFORMATION('','',#11,#55);
#2884 = PRODUCT_DEFINITION_SHAPE('Placement','Placement of an item',
  #2885);
#2885 = NEXT_ASSEMBLY_USAGE_OCCURRENCE('35','x_breads010','',#5,#2635,$
  );
#2886 = PRODUCT_RELATED_PRODUCT_CATEGORY('part',$,(#2637));
#2887 = SHAPE_DEFINITION_REPRESENTATION(#2888,#2894);
#2888 = PRODUCT_DEFINITION_SHAPE('','',#2889);
#2889 = PRODUCT_DEFINITION('design','',#2890,#2893);
#2890 = PRODUCT_DEFINITION_FORMATION('','',#2891);
#2891 = PRODUCT('x_breads011','x_breads011','',(#2892));
#2892 = PRODUCT_CONTEXT('',#2,'mechanical');
#2893 = PRODUCT_DEFINITION_CONTEXT('part definition',#2,'design');
#2894 = MANIFOLD_SURFACE_SHAPE_REPRESENTATION('',(#11,#2895),#3130);
#2895 = SHELL_BASED_SURFACE_MODEL('',(#2896));
#2896 = OPEN_SHELL('',(#2897));
#2897 = ADVANCED_FACE('',(#2898),#3125,.T.);
#2898 = FACE_BOUND('',#2899,.T.);
#2899 = EDGE_LOOP('',(#2900,#2910,#2918,#2927,#2935,#2943,#2951,#2959,
    #2967,#2975,#2983,#2991,#2999,#3007,#3015,#3023,#3031,#3039,#3047,
    #3055,#3063,#3071,#3079,#3087,#3095,#3103,#3111,#3119));
#2900 = ORIENTED_EDGE('',*,*,#2901,.F.);
#2901 = EDGE_CURVE('',#2902,#2904,#2906,.T.);
#2902 = VERTEX_POINT('',#2903);
#2903 = CARTESIAN_POINT('',(-15.,50.,-3.85E-15));
#2904 = VERTEX_POINT('',#2905);
#2905 = CARTESIAN_POINT('',(-10.9999961853,50.,0.));
#2906 = LINE('',#2907,#2908);
#2907 = CARTESIAN_POINT('',(-22.267067,50.,0.));
#2908 = VECTOR('',#2909,1.);
#2909 = DIRECTION('',(1.,0.,0.));
#2910 = ORIENTED_EDGE('',*,*,#2911,.F.);
#2911 = EDGE_CURVE('',#2912,#2902,#2914,.T.);
#2912 = VERTEX_POINT('',#2913);
#2913 = CARTESIAN_POINT('',(-15.,50.,40.));
#2914 = LINE('',#2915,#2916);
#2915 = CARTESIAN_POINT('',(-15.,50.,20.));
#2916 = VECTOR('',#2917,1.);
#2917 = DIRECTION('',(0.,0.,-1.));
#2918 = ORIENTED_EDGE('',*,*,#2919,.F.);
#2919 = EDGE_CURVE('',#2920,#2912,#2922,.T.);
#2920 = VERTEX_POINT('',#2921);
#2921 = CARTESIAN_POINT('',(15.,50.,40.));
#2922 = CIRCLE('',#2923,15.);
#2923 = AXIS2_PLACEMENT_3D('',#2924,#2925,#2926);
#2924 = CARTESIAN_POINT('',(0.,50.,40.));
#2925 = DIRECTION('',(0.,-1.,2.2E-16));
#2926 = DIRECTION('',(1.,0.,0.));
#2927 = ORIENTED_EDGE('',*,*,#2928,.F.);
#2928 = EDGE_CURVE('',#2929,#2920,#2931,.T.);
#2929 = VERTEX_POINT('',#2930);
#2930 = CARTESIAN_POINT('',(15.,50.,-3.85E-15));
#2931 = LINE('',#2932,#2933);
#2932 = CARTESIAN_POINT('',(15.,50.,0.));
#2933 = VECTOR('',#2934,1.);
#2934 = DIRECTION('',(0.,0.,1.));
#2935 = ORIENTED_EDGE('',*,*,#2936,.F.);
#2936 = EDGE_CURVE('',#2937,#2929,#2939,.T.);
#2937 = VERTEX_POINT('',#2938);
#2938 = CARTESIAN_POINT('',(11.000003814697,50.,0.));
#2939 = LINE('',#2940,#2941);
#2940 = CARTESIAN_POINT('',(-22.267067,50.,0.));
#2941 = VECTOR('',#2942,1.);
#2942 = DIRECTION('',(1.,0.,0.));
#2943 = ORIENTED_EDGE('',*,*,#2944,.T.);
#2944 = EDGE_CURVE('',#2937,#2945,#2947,.T.);
#2945 = VERTEX_POINT('',#2946);
#2946 = CARTESIAN_POINT('',(11.000003814697,50.,25.));
#2947 = LINE('',#2948,#2949);
#2948 = CARTESIAN_POINT('',(11.000003814697,50.,-37.5));
#2949 = VECTOR('',#2950,1.);
#2950 = DIRECTION('',(0.,-0.,1.));
#2951 = ORIENTED_EDGE('',*,*,#2952,.F.);
#2952 = EDGE_CURVE('',#2953,#2945,#2955,.T.);
#2953 = VERTEX_POINT('',#2954);
#2954 = CARTESIAN_POINT('',(9.000003814697,50.,25.));
#2955 = LINE('',#2956,#2957);
#2956 = CARTESIAN_POINT('',(-6.633531592651,50.,25.));
#2957 = VECTOR('',#2958,1.);
#2958 = DIRECTION('',(1.,0.,0.));
#2959 = ORIENTED_EDGE('',*,*,#2960,.F.);
#2960 = EDGE_CURVE('',#2961,#2953,#2963,.T.);
#2961 = VERTEX_POINT('',#2962);
#2962 = CARTESIAN_POINT('',(9.000003814697,50.,0.));
#2963 = LINE('',#2964,#2965);
#2964 = CARTESIAN_POINT('',(9.000003814697,50.,-37.5));
#2965 = VECTOR('',#2966,1.);
#2966 = DIRECTION('',(0.,-0.,1.));
#2967 = ORIENTED_EDGE('',*,*,#2968,.F.);
#2968 = EDGE_CURVE('',#2969,#2961,#2971,.T.);
#2969 = VERTEX_POINT('',#2970);
#2970 = CARTESIAN_POINT('',(7.000003814697,50.,0.));
#2971 = LINE('',#2972,#2973);
#2972 = CARTESIAN_POINT('',(-22.267067,50.,0.));
#2973 = VECTOR('',#2974,1.);
#2974 = DIRECTION('',(1.,0.,0.));
#2975 = ORIENTED_EDGE('',*,*,#2976,.T.);
#2976 = EDGE_CURVE('',#2969,#2977,#2979,.T.);
#2977 = VERTEX_POINT('',#2978);
#2978 = CARTESIAN_POINT('',(7.000003814697,50.,25.));
#2979 = LINE('',#2980,#2981);
#2980 = CARTESIAN_POINT('',(7.000003814697,50.,-37.5));
#2981 = VECTOR('',#2982,1.);
#2982 = DIRECTION('',(0.,-0.,1.));
#2983 = ORIENTED_EDGE('',*,*,#2984,.F.);
#2984 = EDGE_CURVE('',#2985,#2977,#2987,.T.);
#2985 = VERTEX_POINT('',#2986);
#2986 = CARTESIAN_POINT('',(5.000003814697,50.,25.));
#2987 = LINE('',#2988,#2989);
#2988 = CARTESIAN_POINT('',(-8.633531592651,50.,25.));
#2989 = VECTOR('',#2990,1.);
#2990 = DIRECTION('',(1.,0.,0.));
#2991 = ORIENTED_EDGE('',*,*,#2992,.F.);
#2992 = EDGE_CURVE('',#2993,#2985,#2995,.T.);
#2993 = VERTEX_POINT('',#2994);
#2994 = CARTESIAN_POINT('',(5.000003814697,50.,0.));
#2995 = LINE('',#2996,#2997);
#2996 = CARTESIAN_POINT('',(5.000003814697,50.,-37.5));
#2997 = VECTOR('',#2998,1.);
#2998 = DIRECTION('',(0.,-0.,1.));
#2999 = ORIENTED_EDGE('',*,*,#3000,.F.);
#3000 = EDGE_CURVE('',#3001,#2993,#3003,.T.);
#3001 = VERTEX_POINT('',#3002);
#3002 = CARTESIAN_POINT('',(3.000003814697,50.,0.));
#3003 = LINE('',#3004,#3005);
#3004 = CARTESIAN_POINT('',(-22.267067,50.,0.));
#3005 = VECTOR('',#3006,1.);
#3006 = DIRECTION('',(1.,0.,0.));
#3007 = ORIENTED_EDGE('',*,*,#3008,.T.);
#3008 = EDGE_CURVE('',#3001,#3009,#3011,.T.);
#3009 = VERTEX_POINT('',#3010);
#3010 = CARTESIAN_POINT('',(3.000003814697,50.,25.));
#3011 = LINE('',#3012,#3013);
#3012 = CARTESIAN_POINT('',(3.000003814697,50.,-37.5));
#3013 = VECTOR('',#3014,1.);
#3014 = DIRECTION('',(0.,-0.,1.));
#3015 = ORIENTED_EDGE('',*,*,#3016,.F.);
#3016 = EDGE_CURVE('',#3017,#3009,#3019,.T.);
#3017 = VERTEX_POINT('',#3018);
#3018 = CARTESIAN_POINT('',(1.000003814697,50.,25.));
#3019 = LINE('',#3020,#3021);
#3020 = CARTESIAN_POINT('',(-10.63353159265,50.,25.));
#3021 = VECTOR('',#3022,1.);
#3022 = DIRECTION('',(1.,0.,0.));
#3023 = ORIENTED_EDGE('',*,*,#3024,.F.);
#3024 = EDGE_CURVE('',#3025,#3017,#3027,.T.);
#3025 = VERTEX_POINT('',#3026);
#3026 = CARTESIAN_POINT('',(1.000003814697,50.,0.));
#3027 = LINE('',#3028,#3029);
#3028 = CARTESIAN_POINT('',(1.000003814697,50.,-37.5));
#3029 = VECTOR('',#3030,1.);
#3030 = DIRECTION('',(0.,-0.,1.));
#3031 = ORIENTED_EDGE('',*,*,#3032,.F.);
#3032 = EDGE_CURVE('',#3033,#3025,#3035,.T.);
#3033 = VERTEX_POINT('',#3034);
#3034 = CARTESIAN_POINT('',(-0.999996185303,50.,0.));
#3035 = LINE('',#3036,#3037);
#3036 = CARTESIAN_POINT('',(-22.267067,50.,0.));
#3037 = VECTOR('',#3038,1.);
#3038 = DIRECTION('',(1.,0.,0.));
#3039 = ORIENTED_EDGE('',*,*,#3040,.T.);
#3040 = EDGE_CURVE('',#3033,#3041,#3043,.T.);
#3041 = VERTEX_POINT('',#3042);
#3042 = CARTESIAN_POINT('',(-0.999996185303,50.,25.));
#3043 = LINE('',#3044,#3045);
#3044 = CARTESIAN_POINT('',(-0.999996185303,50.,-37.5));
#3045 = VECTOR('',#3046,1.);
#3046 = DIRECTION('',(0.,-0.,1.));
#3047 = ORIENTED_EDGE('',*,*,#3048,.F.);
#3048 = EDGE_CURVE('',#3049,#3041,#3051,.T.);
#3049 = VERTEX_POINT('',#3050);
#3050 = CARTESIAN_POINT('',(-2.999996185303,50.,25.));
#3051 = LINE('',#3052,#3053);
#3052 = CARTESIAN_POINT('',(-12.63353159265,50.,25.));
#3053 = VECTOR('',#3054,1.);
#3054 = DIRECTION('',(1.,0.,0.));
#3055 = ORIENTED_EDGE('',*,*,#3056,.F.);
#3056 = EDGE_CURVE('',#3057,#3049,#3059,.T.);
#3057 = VERTEX_POINT('',#3058);
#3058 = CARTESIAN_POINT('',(-2.999996185303,50.,0.));
#3059 = LINE('',#3060,#3061);
#3060 = CARTESIAN_POINT('',(-2.999996185303,50.,-37.5));
#3061 = VECTOR('',#3062,1.);
#3062 = DIRECTION('',(0.,-0.,1.));
#3063 = ORIENTED_EDGE('',*,*,#3064,.F.);
#3064 = EDGE_CURVE('',#3065,#3057,#3067,.T.);
#3065 = VERTEX_POINT('',#3066);
#3066 = CARTESIAN_POINT('',(-4.999996185303,50.,0.));
#3067 = LINE('',#3068,#3069);
#3068 = CARTESIAN_POINT('',(-22.267067,50.,0.));
#3069 = VECTOR('',#3070,1.);
#3070 = DIRECTION('',(1.,0.,0.));
#3071 = ORIENTED_EDGE('',*,*,#3072,.T.);
#3072 = EDGE_CURVE('',#3065,#3073,#3075,.T.);
#3073 = VERTEX_POINT('',#3074);
#3074 = CARTESIAN_POINT('',(-4.999996185303,50.,25.));
#3075 = LINE('',#3076,#3077);
#3076 = CARTESIAN_POINT('',(-4.999996185303,50.,-37.5));
#3077 = VECTOR('',#3078,1.);
#3078 = DIRECTION('',(0.,-0.,1.));
#3079 = ORIENTED_EDGE('',*,*,#3080,.F.);
#3080 = EDGE_CURVE('',#3081,#3073,#3083,.T.);
#3081 = VERTEX_POINT('',#3082);
#3082 = CARTESIAN_POINT('',(-6.999996185303,50.,25.));
#3083 = LINE('',#3084,#3085);
#3084 = CARTESIAN_POINT('',(-14.63353159265,50.,25.));
#3085 = VECTOR('',#3086,1.);
#3086 = DIRECTION('',(1.,0.,0.));
#3087 = ORIENTED_EDGE('',*,*,#3088,.F.);
#3088 = EDGE_CURVE('',#3089,#3081,#3091,.T.);
#3089 = VERTEX_POINT('',#3090);
#3090 = CARTESIAN_POINT('',(-6.999996185303,50.,0.));
#3091 = LINE('',#3092,#3093);
#3092 = CARTESIAN_POINT('',(-6.999996185303,50.,-37.5));
#3093 = VECTOR('',#3094,1.);
#3094 = DIRECTION('',(0.,-0.,1.));
#3095 = ORIENTED_EDGE('',*,*,#3096,.F.);
#3096 = EDGE_CURVE('',#3097,#3089,#3099,.T.);
#3097 = VERTEX_POINT('',#3098);
#3098 = CARTESIAN_POINT('',(-8.999996185303,50.,0.));
#3099 = LINE('',#3100,#3101);
#3100 = CARTESIAN_POINT('',(-22.267067,50.,0.));
#3101 = VECTOR('',#3102,1.);
#3102 = DIRECTION('',(1.,0.,0.));
#3103 = ORIENTED_EDGE('',*,*,#3104,.T.);
#3104 = EDGE_CURVE('',#3097,#3105,#3107,.T.);
#3105 = VERTEX_POINT('',#3106);
#3106 = CARTESIAN_POINT('',(-8.999996185303,50.,25.));
#3107 = LINE('',#3108,#3109);
#3108 = CARTESIAN_POINT('',(-8.999996185303,50.,-37.5));
#3109 = VECTOR('',#3110,1.);
#3110 = DIRECTION('',(0.,-0.,1.));
#3111 = ORIENTED_EDGE('',*,*,#3112,.F.);
#3112 = EDGE_CURVE('',#3113,#3105,#3115,.T.);
#3113 = VERTEX_POINT('',#3114);
#3114 = CARTESIAN_POINT('',(-10.9999961853,50.,25.));
#3115 = LINE('',#3116,#3117);
#3116 = CARTESIAN_POINT('',(-16.63353159265,50.,25.));
#3117 = VECTOR('',#3118,1.);
#3118 = DIRECTION('',(1.,0.,0.));
#3119 = ORIENTED_EDGE('',*,*,#3120,.F.);
#3120 = EDGE_CURVE('',#2904,#3113,#3121,.T.);
#3121 = LINE('',#3122,#3123);
#3122 = CARTESIAN_POINT('',(-10.9999961853,50.,-37.5));
#3123 = VECTOR('',#3124,1.);
#3124 = DIRECTION('',(0.,-0.,1.));
#3125 = PLANE('',#3126);
#3126 = AXIS2_PLACEMENT_3D('',#3127,#3128,#3129);
#3127 = CARTESIAN_POINT('',(-22.267067,50.,0.));
#3128 = DIRECTION('',(0.,1.,0.));
#3129 = DIRECTION('',(1.,0.,0.));
#3130 = ( GEOMETRIC_REPRESENTATION_CONTEXT(3) 
GLOBAL_UNCERTAINTY_ASSIGNED_CONTEXT((#3134)) 
GLOBAL_UNIT_ASSIGNED_CONTEXT((#3131,#3132,#3133)) REPRESENTATION_CONTEXT
('Context #1','3D Context with UNIT and UNCERTAINTY') );
#3131 = ( LENGTH_UNIT() NAMED_UNIT(*) SI_UNIT(.MILLI.,.METRE.) );
#3132 = ( NAMED_UNIT(*) PLANE_ANGLE_UNIT() SI_UNIT($,.RADIAN.) );
#3133 = ( NAMED_UNIT(*) SI_UNIT($,.STERADIAN.) SOLID_ANGLE_UNIT() );
#3134 = UNCERTAINTY_MEASURE_WITH_UNIT(LENGTH_MEASURE(1.E-07),#3131,
  'distance_accuracy_value','confusion accuracy');
#3135 = CONTEXT_DEPENDENT_SHAPE_REPRESENTATION(#3136,#3138);
#3136 = ( REPRESENTATION_RELATIONSHIP('','',#2894,#10) 
REPRESENTATION_RELATIONSHIP_WITH_TRANSFORMATION(#3137) 
SHAPE_REPRESENTATION_RELATIONSHIP() );
#3137 = ITEM_DEFINED_TRANSFORMATION('','',#11,#59);
#3138 = PRODUCT_DEFINITION_SHAPE('Placement','Placement of an item',
  #3139);
#3139 = NEXT_ASSEMBLY_USAGE_OCCURRENCE('36','x_breads011','',#5,#2889,$
  );
#3140 = PRODUCT_RELATED_PRODUCT_CATEGORY('part',$,(#2891));
#3141 = SHAPE_DEFINITION_REPRESENTATION(#3142,#3148);
#3142 = PRODUCT_DEFINITION_SHAPE('','',#3143);
#3143 = PRODUCT_DEFINITION('design','',#3144,#3147);
#3144 = PRODUCT_DEFINITION_FORMATION('','',#3145);
#3145 = PRODUCT('x_breads012','x_breads012','',(#3146));
#3146 = PRODUCT_CONTEXT('',#2,'mechanical');
#3147 = PRODUCT_DEFINITION_CONTEXT('part definition',#2,'design');
#3148 = MANIFOLD_SURFACE_SHAPE_REPRESENTATION('',(#11,#3149),#3384);
#3149 = SHELL_BASED_SURFACE_MODEL('',(#3150));
#3150 = OPEN_SHELL('',(#3151));
#3151 = ADVANCED_FACE('',(#3152),#3379,.T.);
#3152 = FACE_BOUND('',#3153,.T.);
#3153 = EDGE_LOOP('',(#3154,#3164,#3172,#3181,#3189,#3197,#3205,#3213,
    #3221,#3229,#3237,#3245,#3253,#3261,#3269,#3277,#3285,#3293,#3301,
    #3309,#3317,#3325,#3333,#3341,#3349,#3357,#3365,#3373));
#3154 = ORIENTED_EDGE('',*,*,#3155,.F.);
#3155 = EDGE_CURVE('',#3156,#3158,#3160,.T.);
#3156 = VERTEX_POINT('',#3157);
#3157 = CARTESIAN_POINT('',(-15.,54.,-4.29E-15));
#3158 = VERTEX_POINT('',#3159);
#3159 = CARTESIAN_POINT('',(-10.9999961853,54.,0.));
#3160 = LINE('',#3161,#3162);
#3161 = CARTESIAN_POINT('',(-22.267067,54.,0.));
#3162 = VECTOR('',#3163,1.);
#3163 = DIRECTION('',(1.,0.,0.));
#3164 = ORIENTED_EDGE('',*,*,#3165,.F.);
#3165 = EDGE_CURVE('',#3166,#3156,#3168,.T.);
#3166 = VERTEX_POINT('',#3167);
#3167 = CARTESIAN_POINT('',(-15.,54.,40.));
#3168 = LINE('',#3169,#3170);
#3169 = CARTESIAN_POINT('',(-15.,54.,20.));
#3170 = VECTOR('',#3171,1.);
#3171 = DIRECTION('',(0.,0.,-1.));
#3172 = ORIENTED_EDGE('',*,*,#3173,.F.);
#3173 = EDGE_CURVE('',#3174,#3166,#3176,.T.);
#3174 = VERTEX_POINT('',#3175);
#3175 = CARTESIAN_POINT('',(15.,54.,40.));
#3176 = CIRCLE('',#3177,15.);
#3177 = AXIS2_PLACEMENT_3D('',#3178,#3179,#3180);
#3178 = CARTESIAN_POINT('',(0.,54.,40.));
#3179 = DIRECTION('',(0.,-1.,2.2E-16));
#3180 = DIRECTION('',(1.,0.,0.));
#3181 = ORIENTED_EDGE('',*,*,#3182,.F.);
#3182 = EDGE_CURVE('',#3183,#3174,#3185,.T.);
#3183 = VERTEX_POINT('',#3184);
#3184 = CARTESIAN_POINT('',(15.,54.,-4.29E-15));
#3185 = LINE('',#3186,#3187);
#3186 = CARTESIAN_POINT('',(15.,54.,0.));
#3187 = VECTOR('',#3188,1.);
#3188 = DIRECTION('',(0.,0.,1.));
#3189 = ORIENTED_EDGE('',*,*,#3190,.F.);
#3190 = EDGE_CURVE('',#3191,#3183,#3193,.T.);
#3191 = VERTEX_POINT('',#3192);
#3192 = CARTESIAN_POINT('',(11.000003814697,54.,0.));
#3193 = LINE('',#3194,#3195);
#3194 = CARTESIAN_POINT('',(-22.267067,54.,0.));
#3195 = VECTOR('',#3196,1.);
#3196 = DIRECTION('',(1.,0.,0.));
#3197 = ORIENTED_EDGE('',*,*,#3198,.T.);
#3198 = EDGE_CURVE('',#3191,#3199,#3201,.T.);
#3199 = VERTEX_POINT('',#3200);
#3200 = CARTESIAN_POINT('',(11.000003814697,54.,25.));
#3201 = LINE('',#3202,#3203);
#3202 = CARTESIAN_POINT('',(11.000003814697,54.,-37.5));
#3203 = VECTOR('',#3204,1.);
#3204 = DIRECTION('',(0.,-0.,1.));
#3205 = ORIENTED_EDGE('',*,*,#3206,.F.);
#3206 = EDGE_CURVE('',#3207,#3199,#3209,.T.);
#3207 = VERTEX_POINT('',#3208);
#3208 = CARTESIAN_POINT('',(9.000003814697,54.,25.));
#3209 = LINE('',#3210,#3211);
#3210 = CARTESIAN_POINT('',(-6.633531592651,54.,25.));
#3211 = VECTOR('',#3212,1.);
#3212 = DIRECTION('',(1.,0.,0.));
#3213 = ORIENTED_EDGE('',*,*,#3214,.F.);
#3214 = EDGE_CURVE('',#3215,#3207,#3217,.T.);
#3215 = VERTEX_POINT('',#3216);
#3216 = CARTESIAN_POINT('',(9.000003814697,54.,0.));
#3217 = LINE('',#3218,#3219);
#3218 = CARTESIAN_POINT('',(9.000003814697,54.,-37.5));
#3219 = VECTOR('',#3220,1.);
#3220 = DIRECTION('',(0.,-0.,1.));
#3221 = ORIENTED_EDGE('',*,*,#3222,.F.);
#3222 = EDGE_CURVE('',#3223,#3215,#3225,.T.);
#3223 = VERTEX_POINT('',#3224);
#3224 = CARTESIAN_POINT('',(7.000003814697,54.,0.));
#3225 = LINE('',#3226,#3227);
#3226 = CARTESIAN_POINT('',(-22.267067,54.,0.));
#3227 = VECTOR('',#3228,1.);
#3228 = DIRECTION('',(1.,0.,0.));
#3229 = ORIENTED_EDGE('',*,*,#3230,.T.);
#3230 = EDGE_CURVE('',#3223,#3231,#3233,.T.);
#3231 = VERTEX_POINT('',#3232);
#3232 = CARTESIAN_POINT('',(7.000003814697,54.,25.));
#3233 = LINE('',#3234,#3235);
#3234 = CARTESIAN_POINT('',(7.000003814697,54.,-37.5));
#3235 = VECTOR('',#3236,1.);
#3236 = DIRECTION('',(0.,-0.,1.));
#3237 = ORIENTED_EDGE('',*,*,#3238,.F.);
#3238 = EDGE_CURVE('',#3239,#3231,#3241,.T.);
#3239 = VERTEX_POINT('',#3240);
#3240 = CARTESIAN_POINT('',(5.000003814697,54.,25.));
#3241 = LINE('',#3242,#3243);
#3242 = CARTESIAN_POINT('',(-8.633531592651,54.,25.));
#3243 = VECTOR('',#3244,1.);
#3244 = DIRECTION('',(1.,0.,0.));
#3245 = ORIENTED_EDGE('',*,*,#3246,.F.);
#3246 = EDGE_CURVE('',#3247,#3239,#3249,.T.);
#3247 = VERTEX_POINT('',#3248);
#3248 = CARTESIAN_POINT('',(5.000003814697,54.,0.));
#3249 = LINE('',#3250,#3251);
#3250 = CARTESIAN_POINT('',(5.000003814697,54.,-37.5));
#3251 = VECTOR('',#3252,1.);
#3252 = DIRECTION('',(0.,-0.,1.));
#3253 = ORIENTED_EDGE('',*,*,#3254,.F.);
#3254 = EDGE_CURVE('',#3255,#3247,#3257,.T.);
#3255 = VERTEX_POINT('',#3256);
#3256 = CARTESIAN_POINT('',(3.000003814697,54.,0.));
#3257 = LINE('',#3258,#3259);
#3258 = CARTESIAN_POINT('',(-22.267067,54.,0.));
#3259 = VECTOR('',#3260,1.);
#3260 = DIRECTION('',(1.,0.,0.));
#3261 = ORIENTED_EDGE('',*,*,#3262,.T.);
#3262 = EDGE_CURVE('',#3255,#3263,#3265,.T.);
#3263 = VERTEX_POINT('',#3264);
#3264 = CARTESIAN_POINT('',(3.000003814697,54.,25.));
#3265 = LINE('',#3266,#3267);
#3266 = CARTESIAN_POINT('',(3.000003814697,54.,-37.5));
#3267 = VECTOR('',#3268,1.);
#3268 = DIRECTION('',(0.,-0.,1.));
#3269 = ORIENTED_EDGE('',*,*,#3270,.F.);
#3270 = EDGE_CURVE('',#3271,#3263,#3273,.T.);
#3271 = VERTEX_POINT('',#3272);
#3272 = CARTESIAN_POINT('',(1.000003814697,54.,25.));
#3273 = LINE('',#3274,#3275);
#3274 = CARTESIAN_POINT('',(-10.63353159265,54.,25.));
#3275 = VECTOR('',#3276,1.);
#3276 = DIRECTION('',(1.,0.,0.));
#3277 = ORIENTED_EDGE('',*,*,#3278,.F.);
#3278 = EDGE_CURVE('',#3279,#3271,#3281,.T.);
#3279 = VERTEX_POINT('',#3280);
#3280 = CARTESIAN_POINT('',(1.000003814697,54.,0.));
#3281 = LINE('',#3282,#3283);
#3282 = CARTESIAN_POINT('',(1.000003814697,54.,-37.5));
#3283 = VECTOR('',#3284,1.);
#3284 = DIRECTION('',(0.,-0.,1.));
#3285 = ORIENTED_EDGE('',*,*,#3286,.F.);
#3286 = EDGE_CURVE('',#3287,#3279,#3289,.T.);
#3287 = VERTEX_POINT('',#3288);
#3288 = CARTESIAN_POINT('',(-0.999996185303,54.,0.));
#3289 = LINE('',#3290,#3291);
#3290 = CARTESIAN_POINT('',(-22.267067,54.,0.));
#3291 = VECTOR('',#3292,1.);
#3292 = DIRECTION('',(1.,0.,0.));
#3293 = ORIENTED_EDGE('',*,*,#3294,.T.);
#3294 = EDGE_CURVE('',#3287,#3295,#3297,.T.);
#3295 = VERTEX_POINT('',#3296);
#3296 = CARTESIAN_POINT('',(-0.999996185303,54.,25.));
#3297 = LINE('',#3298,#3299);
#3298 = CARTESIAN_POINT('',(-0.999996185303,54.,-37.5));
#3299 = VECTOR('',#3300,1.);
#3300 = DIRECTION('',(0.,-0.,1.));
#3301 = ORIENTED_EDGE('',*,*,#3302,.F.);
#3302 = EDGE_CURVE('',#3303,#3295,#3305,.T.);
#3303 = VERTEX_POINT('',#3304);
#3304 = CARTESIAN_POINT('',(-2.999996185303,54.,25.));
#3305 = LINE('',#3306,#3307);
#3306 = CARTESIAN_POINT('',(-12.63353159265,54.,25.));
#3307 = VECTOR('',#3308,1.);
#3308 = DIRECTION('',(1.,0.,0.));
#3309 = ORIENTED_EDGE('',*,*,#3310,.F.);
#3310 = EDGE_CURVE('',#3311,#3303,#3313,.T.);
#3311 = VERTEX_POINT('',#3312);
#3312 = CARTESIAN_POINT('',(-2.999996185303,54.,0.));
#3313 = LINE('',#3314,#3315);
#3314 = CARTESIAN_POINT('',(-2.999996185303,54.,-37.5));
#3315 = VECTOR('',#3316,1.);
#3316 = DIRECTION('',(0.,-0.,1.));
#3317 = ORIENTED_EDGE('',*,*,#3318,.F.);
#3318 = EDGE_CURVE('',#3319,#3311,#3321,.T.);
#3319 = VERTEX_POINT('',#3320);
#3320 = CARTESIAN_POINT('',(-4.999996185303,54.,0.));
#3321 = LINE('',#3322,#3323);
#3322 = CARTESIAN_POINT('',(-22.267067,54.,0.));
#3323 = VECTOR('',#3324,1.);
#3324 = DIRECTION('',(1.,0.,0.));
#3325 = ORIENTED_EDGE('',*,*,#3326,.T.);
#3326 = EDGE_CURVE('',#3319,#3327,#3329,.T.);
#3327 = VERTEX_POINT('',#3328);
#3328 = CARTESIAN_POINT('',(-4.999996185303,54.,25.));
#3329 = LINE('',#3330,#3331);
#3330 = CARTESIAN_POINT('',(-4.999996185303,54.,-37.5));
#3331 = VECTOR('',#3332,1.);
#3332 = DIRECTION('',(0.,-0.,1.));
#3333 = ORIENTED_EDGE('',*,*,#3334,.F.);
#3334 = EDGE_CURVE('',#3335,#3327,#3337,.T.);
#3335 = VERTEX_POINT('',#3336);
#3336 = CARTESIAN_POINT('',(-6.999996185303,54.,25.));
#3337 = LINE('',#3338,#3339);
#3338 = CARTESIAN_POINT('',(-14.63353159265,54.,25.));
#3339 = VECTOR('',#3340,1.);
#3340 = DIRECTION('',(1.,0.,0.));
#3341 = ORIENTED_EDGE('',*,*,#3342,.F.);
#3342 = EDGE_CURVE('',#3343,#3335,#3345,.T.);
#3343 = VERTEX_POINT('',#3344);
#3344 = CARTESIAN_POINT('',(-6.999996185303,54.,0.));
#3345 = LINE('',#3346,#3347);
#3346 = CARTESIAN_POINT('',(-6.999996185303,54.,-37.5));
#3347 = VECTOR('',#3348,1.);
#3348 = DIRECTION('',(0.,-0.,1.));
#3349 = ORIENTED_EDGE('',*,*,#3350,.F.);
#3350 = EDGE_CURVE('',#3351,#3343,#3353,.T.);
#3351 = VERTEX_POINT('',#3352);
#3352 = CARTESIAN_POINT('',(-8.999996185303,54.,0.));
#3353 = LINE('',#3354,#3355);
#3354 = CARTESIAN_POINT('',(-22.267067,54.,0.));
#3355 = VECTOR('',#3356,1.);
#3356 = DIRECTION('',(1.,0.,0.));
#3357 = ORIENTED_EDGE('',*,*,#3358,.T.);
#3358 = EDGE_CURVE('',#3351,#3359,#3361,.T.);
#3359 = VERTEX_POINT('',#3360);
#3360 = CARTESIAN_POINT('',(-8.999996185303,54.,25.));
#3361 = LINE('',#3362,#3363);
#3362 = CARTESIAN_POINT('',(-8.999996185303,54.,-37.5));
#3363 = VECTOR('',#3364,1.);
#3364 = DIRECTION('',(0.,-0.,1.));
#3365 = ORIENTED_EDGE('',*,*,#3366,.F.);
#3366 = EDGE_CURVE('',#3367,#3359,#3369,.T.);
#3367 = VERTEX_POINT('',#3368);
#3368 = CARTESIAN_POINT('',(-10.9999961853,54.,25.));
#3369 = LINE('',#3370,#3371);
#3370 = CARTESIAN_POINT('',(-16.63353159265,54.,25.));
#3371 = VECTOR('',#3372,1.);
#3372 = DIRECTION('',(1.,0.,0.));
#3373 = ORIENTED_EDGE('',*,*,#3374,.F.);
#3374 = EDGE_CURVE('',#3158,#3367,#3375,.T.);
#3375 = LINE('',#3376,#3377);
#3376 = CARTESIAN_POINT('',(-10.9999961853,54.,-37.5));
#3377 = VECTOR('',#3378,1.);
#3378 = DIRECTION('',(0.,-0.,1.));
#3379 = PLANE('',#3380);
#3380 = AXIS2_PLACEMENT_3D('',#3381,#3382,#3383);
#3381 = CARTESIAN_POINT('',(-22.267067,54.,0.));
#3382 = DIRECTION('',(0.,1.,0.));
#3383 = DIRECTION('',(1.,0.,0.));
#3384 = ( GEOMETRIC_REPRESENTATION_CONTEXT(3) 
GLOBAL_UNCERTAINTY_ASSIGNED_CONTEXT((#3388)) 
GLOBAL_UNIT_ASSIGNED_CONTEXT((#3385,#3386,#3387)) REPRESENTATION_CONTEXT
('Context #1','3D Context with UNIT and UNCERTAINTY') );
#3385 = ( LENGTH_UNIT() NAMED_UNIT(*) SI_UNIT(.MILLI.,.METRE.) );
#3386 = ( NAMED_UNIT(*) PLANE_ANGLE_UNIT() SI_UNIT($,.RADIAN.) );
#3387 = ( NAMED_UNIT(*) SI_UNIT($,.STERADIAN.) SOLID_ANGLE_UNIT() );
#3388 = UNCERTAINTY_MEASURE_WITH_UNIT(LENGTH_MEASURE(1.E-07),#3385,
  'distance_accuracy_value','confusion accuracy');
#3389 = CONTEXT_DEPENDENT_SHAPE_REPRESENTATION(#3390,#3392);
#3390 = ( REPRESENTATION_RELATIONSHIP('','',#3148,#10) 
REPRESENTATION_RELATIONSHIP_WITH_TRANSFORMATION(#3391) 
SHAPE_REPRESENTATION_RELATIONSHIP() );
#3391 = ITEM_DEFINED_TRANSFORMATION('','',#11,#63);
#3392 = PRODUCT_DEFINITION_SHAPE('Placement','Placement of an item',
  #3393);
#3393 = NEXT_ASSEMBLY_USAGE_OCCURRENCE('37','x_breads012','',#5,#3143,$
  );
#3394 = PRODUCT_RELATED_PRODUCT_CATEGORY('part',$,(#3145));
#3395 = SHAPE_DEFINITION_REPRESENTATION(#3396,#3402);
#3396 = PRODUCT_DEFINITION_SHAPE('','',#3397);
#3397 = PRODUCT_DEFINITION('design','',#3398,#3401);
#3398 = PRODUCT_DEFINITION_FORMATION('','',#3399);
#3399 = PRODUCT('x_breads013','x_breads013','',(#3400));
#3400 = PRODUCT_CONTEXT('',#2,'mechanical');
#3401 = PRODUCT_DEFINITION_CONTEXT('part definition',#2,'design');
#3402 = MANIFOLD_SURFACE_SHAPE_REPRESENTATION('',(#11,#3403),#3638);
#3403 = SHELL_BASED_SURFACE_MODEL('',(#3404));
#3404 = OPEN_SHELL('',(#3405));
#3405 = ADVANCED_FACE('',(#3406),#3633,.T.);
#3406 = FACE_BOUND('',#3407,.T.);
#3407 = EDGE_LOOP('',(#3408,#3418,#3426,#3435,#3443,#3451,#3459,#3467,
    #3475,#3483,#3491,#3499,#3507,#3515,#3523,#3531,#3539,#3547,#3555,
    #3563,#3571,#3579,#3587,#3595,#3603,#3611,#3619,#3627));
#3408 = ORIENTED_EDGE('',*,*,#3409,.F.);
#3409 = EDGE_CURVE('',#3410,#3412,#3414,.T.);
#3410 = VERTEX_POINT('',#3411);
#3411 = CARTESIAN_POINT('',(-15.,58.,-4.73E-15));
#3412 = VERTEX_POINT('',#3413);
#3413 = CARTESIAN_POINT('',(-10.9999961853,58.,0.));
#3414 = LINE('',#3415,#3416);
#3415 = CARTESIAN_POINT('',(-22.267067,58.,0.));
#3416 = VECTOR('',#3417,1.);
#3417 = DIRECTION('',(1.,0.,0.));
#3418 = ORIENTED_EDGE('',*,*,#3419,.F.);
#3419 = EDGE_CURVE('',#3420,#3410,#3422,.T.);
#3420 = VERTEX_POINT('',#3421);
#3421 = CARTESIAN_POINT('',(-15.,58.,40.));
#3422 = LINE('',#3423,#3424);
#3423 = CARTESIAN_POINT('',(-15.,58.,20.));
#3424 = VECTOR('',#3425,1.);
#3425 = DIRECTION('',(0.,0.,-1.));
#3426 = ORIENTED_EDGE('',*,*,#3427,.F.);
#3427 = EDGE_CURVE('',#3428,#3420,#3430,.T.);
#3428 = VERTEX_POINT('',#3429);
#3429 = CARTESIAN_POINT('',(15.,58.,40.));
#3430 = CIRCLE('',#3431,15.);
#3431 = AXIS2_PLACEMENT_3D('',#3432,#3433,#3434);
#3432 = CARTESIAN_POINT('',(0.,58.,40.));
#3433 = DIRECTION('',(0.,-1.,2.2E-16));
#3434 = DIRECTION('',(1.,0.,0.));
#3435 = ORIENTED_EDGE('',*,*,#3436,.F.);
#3436 = EDGE_CURVE('',#3437,#3428,#3439,.T.);
#3437 = VERTEX_POINT('',#3438);
#3438 = CARTESIAN_POINT('',(15.,58.,-4.73E-15));
#3439 = LINE('',#3440,#3441);
#3440 = CARTESIAN_POINT('',(15.,58.,0.));
#3441 = VECTOR('',#3442,1.);
#3442 = DIRECTION('',(0.,0.,1.));
#3443 = ORIENTED_EDGE('',*,*,#3444,.F.);
#3444 = EDGE_CURVE('',#3445,#3437,#3447,.T.);
#3445 = VERTEX_POINT('',#3446);
#3446 = CARTESIAN_POINT('',(11.000003814697,58.,0.));
#3447 = LINE('',#3448,#3449);
#3448 = CARTESIAN_POINT('',(-22.267067,58.,0.));
#3449 = VECTOR('',#3450,1.);
#3450 = DIRECTION('',(1.,0.,0.));
#3451 = ORIENTED_EDGE('',*,*,#3452,.T.);
#3452 = EDGE_CURVE('',#3445,#3453,#3455,.T.);
#3453 = VERTEX_POINT('',#3454);
#3454 = CARTESIAN_POINT('',(11.000003814697,58.,25.));
#3455 = LINE('',#3456,#3457);
#3456 = CARTESIAN_POINT('',(11.000003814697,58.,-37.5));
#3457 = VECTOR('',#3458,1.);
#3458 = DIRECTION('',(0.,-0.,1.));
#3459 = ORIENTED_EDGE('',*,*,#3460,.F.);
#3460 = EDGE_CURVE('',#3461,#3453,#3463,.T.);
#3461 = VERTEX_POINT('',#3462);
#3462 = CARTESIAN_POINT('',(9.000003814697,58.,25.));
#3463 = LINE('',#3464,#3465);
#3464 = CARTESIAN_POINT('',(-6.633531592651,58.,25.));
#3465 = VECTOR('',#3466,1.);
#3466 = DIRECTION('',(1.,0.,0.));
#3467 = ORIENTED_EDGE('',*,*,#3468,.F.);
#3468 = EDGE_CURVE('',#3469,#3461,#3471,.T.);
#3469 = VERTEX_POINT('',#3470);
#3470 = CARTESIAN_POINT('',(9.000003814697,58.,0.));
#3471 = LINE('',#3472,#3473);
#3472 = CARTESIAN_POINT('',(9.000003814697,58.,-37.5));
#3473 = VECTOR('',#3474,1.);
#3474 = DIRECTION('',(0.,-0.,1.));
#3475 = ORIENTED_EDGE('',*,*,#3476,.F.);
#3476 = EDGE_CURVE('',#3477,#3469,#3479,.T.);
#3477 = VERTEX_POINT('',#3478);
#3478 = CARTESIAN_POINT('',(7.000003814697,58.,0.));
#3479 = LINE('',#3480,#3481);
#3480 = CARTESIAN_POINT('',(-22.267067,58.,0.));
#3481 = VECTOR('',#3482,1.);
#3482 = DIRECTION('',(1.,0.,0.));
#3483 = ORIENTED_EDGE('',*,*,#3484,.T.);
#3484 = EDGE_CURVE('',#3477,#3485,#3487,.T.);
#3485 = VERTEX_POINT('',#3486);
#3486 = CARTESIAN_POINT('',(7.000003814697,58.,25.));
#3487 = LINE('',#3488,#3489);
#3488 = CARTESIAN_POINT('',(7.000003814697,58.,-37.5));
#3489 = VECTOR('',#3490,1.);
#3490 = DIRECTION('',(0.,-0.,1.));
#3491 = ORIENTED_EDGE('',*,*,#3492,.F.);
#3492 = EDGE_CURVE('',#3493,#3485,#3495,.T.);
#3493 = VERTEX_POINT('',#3494);
#3494 = CARTESIAN_POINT('',(5.000003814697,58.,25.));
#3495 = LINE('',#3496,#3497);
#3496 = CARTESIAN_POINT('',(-8.633531592651,58.,25.));
#3497 = VECTOR('',#3498,1.);
#3498 = DIRECTION('',(1.,0.,0.));
#3499 = ORIENTED_EDGE('',*,*,#3500,.F.);
#3500 = EDGE_CURVE('',#3501,#3493,#3503,.T.);
#3501 = VERTEX_POINT('',#3502);
#3502 = CARTESIAN_POINT('',(5.000003814697,58.,0.));
#3503 = LINE('',#3504,#3505);
#3504 = CARTESIAN_POINT('',(5.000003814697,58.,-37.5));
#3505 = VECTOR('',#3506,1.);
#3506 = DIRECTION('',(0.,-0.,1.));
#3507 = ORIENTED_EDGE('',*,*,#3508,.F.);
#3508 = EDGE_CURVE('',#3509,#3501,#3511,.T.);
#3509 = VERTEX_POINT('',#3510);
#3510 = CARTESIAN_POINT('',(3.000003814697,58.,0.));
#3511 = LINE('',#3512,#3513);
#3512 = CARTESIAN_POINT('',(-22.267067,58.,0.));
#3513 = VECTOR('',#3514,1.);
#3514 = DIRECTION('',(1.,0.,0.));
#3515 = ORIENTED_EDGE('',*,*,#3516,.T.);
#3516 = EDGE_CURVE('',#3509,#3517,#3519,.T.);
#3517 = VERTEX_POINT('',#3518);
#3518 = CARTESIAN_POINT('',(3.000003814697,58.,25.));
#3519 = LINE('',#3520,#3521);
#3520 = CARTESIAN_POINT('',(3.000003814697,58.,-37.5));
#3521 = VECTOR('',#3522,1.);
#3522 = DIRECTION('',(0.,-0.,1.));
#3523 = ORIENTED_EDGE('',*,*,#3524,.F.);
#3524 = EDGE_CURVE('',#3525,#3517,#3527,.T.);
#3525 = VERTEX_POINT('',#3526);
#3526 = CARTESIAN_POINT('',(1.000003814697,58.,25.));
#3527 = LINE('',#3528,#3529);
#3528 = CARTESIAN_POINT('',(-10.63353159265,58.,25.));
#3529 = VECTOR('',#3530,1.);
#3530 = DIRECTION('',(1.,0.,0.));
#3531 = ORIENTED_EDGE('',*,*,#3532,.F.);
#3532 = EDGE_CURVE('',#3533,#3525,#3535,.T.);
#3533 = VERTEX_POINT('',#3534);
#3534 = CARTESIAN_POINT('',(1.000003814697,58.,0.));
#3535 = LINE('',#3536,#3537);
#3536 = CARTESIAN_POINT('',(1.000003814697,58.,-37.5));
#3537 = VECTOR('',#3538,1.);
#3538 = DIRECTION('',(0.,-0.,1.));
#3539 = ORIENTED_EDGE('',*,*,#3540,.F.);
#3540 = EDGE_CURVE('',#3541,#3533,#3543,.T.);
#3541 = VERTEX_POINT('',#3542);
#3542 = CARTESIAN_POINT('',(-0.999996185303,58.,0.));
#3543 = LINE('',#3544,#3545);
#3544 = CARTESIAN_POINT('',(-22.267067,58.,0.));
#3545 = VECTOR('',#3546,1.);
#3546 = DIRECTION('',(1.,0.,0.));
#3547 = ORIENTED_EDGE('',*,*,#3548,.T.);
#3548 = EDGE_CURVE('',#3541,#3549,#3551,.T.);
#3549 = VERTEX_POINT('',#3550);
#3550 = CARTESIAN_POINT('',(-0.999996185303,58.,25.));
#3551 = LINE('',#3552,#3553);
#3552 = CARTESIAN_POINT('',(-0.999996185303,58.,-37.5));
#3553 = VECTOR('',#3554,1.);
#3554 = DIRECTION('',(0.,-0.,1.));
#3555 = ORIENTED_EDGE('',*,*,#3556,.F.);
#3556 = EDGE_CURVE('',#3557,#3549,#3559,.T.);
#3557 = VERTEX_POINT('',#3558);
#3558 = CARTESIAN_POINT('',(-2.999996185303,58.,25.));
#3559 = LINE('',#3560,#3561);
#3560 = CARTESIAN_POINT('',(-12.63353159265,58.,25.));
#3561 = VECTOR('',#3562,1.);
#3562 = DIRECTION('',(1.,0.,0.));
#3563 = ORIENTED_EDGE('',*,*,#3564,.F.);
#3564 = EDGE_CURVE('',#3565,#3557,#3567,.T.);
#3565 = VERTEX_POINT('',#3566);
#3566 = CARTESIAN_POINT('',(-2.999996185303,58.,0.));
#3567 = LINE('',#3568,#3569);
#3568 = CARTESIAN_POINT('',(-2.999996185303,58.,-37.5));
#3569 = VECTOR('',#3570,1.);
#3570 = DIRECTION('',(0.,-0.,1.));
#3571 = ORIENTED_EDGE('',*,*,#3572,.F.);
#3572 = EDGE_CURVE('',#3573,#3565,#3575,.T.);
#3573 = VERTEX_POINT('',#3574);
#3574 = CARTESIAN_POINT('',(-4.999996185303,58.,0.));
#3575 = LINE('',#3576,#3577);
#3576 = CARTESIAN_POINT('',(-22.267067,58.,0.));
#3577 = VECTOR('',#3578,1.);
#3578 = DIRECTION('',(1.,0.,0.));
#3579 = ORIENTED_EDGE('',*,*,#3580,.T.);
#3580 = EDGE_CURVE('',#3573,#3581,#3583,.T.);
#3581 = VERTEX_POINT('',#3582);
#3582 = CARTESIAN_POINT('',(-4.999996185303,58.,25.));
#3583 = LINE('',#3584,#3585);
#3584 = CARTESIAN_POINT('',(-4.999996185303,58.,-37.5));
#3585 = VECTOR('',#3586,1.);
#3586 = DIRECTION('',(0.,-0.,1.));
#3587 = ORIENTED_EDGE('',*,*,#3588,.F.);
#3588 = EDGE_CURVE('',#3589,#3581,#3591,.T.);
#3589 = VERTEX_POINT('',#3590);
#3590 = CARTESIAN_POINT('',(-6.999996185303,58.,25.));
#3591 = LINE('',#3592,#3593);
#3592 = CARTESIAN_POINT('',(-14.63353159265,58.,25.));
#3593 = VECTOR('',#3594,1.);
#3594 = DIRECTION('',(1.,0.,0.));
#3595 = ORIENTED_EDGE('',*,*,#3596,.F.);
#3596 = EDGE_CURVE('',#3597,#3589,#3599,.T.);
#3597 = VERTEX_POINT('',#3598);
#3598 = CARTESIAN_POINT('',(-6.999996185303,58.,0.));
#3599 = LINE('',#3600,#3601);
#3600 = CARTESIAN_POINT('',(-6.999996185303,58.,-37.5));
#3601 = VECTOR('',#3602,1.);
#3602 = DIRECTION('',(0.,-0.,1.));
#3603 = ORIENTED_EDGE('',*,*,#3604,.F.);
#3604 = EDGE_CURVE('',#3605,#3597,#3607,.T.);
#3605 = VERTEX_POINT('',#3606);
#3606 = CARTESIAN_POINT('',(-8.999996185303,58.,0.));
#3607 = LINE('',#3608,#3609);
#3608 = CARTESIAN_POINT('',(-22.267067,58.,0.));
#3609 = VECTOR('',#3610,1.);
#3610 = DIRECTION('',(1.,0.,0.));
#3611 = ORIENTED_EDGE('',*,*,#3612,.T.);
#3612 = EDGE_CURVE('',#3605,#3613,#3615,.T.);
#3613 = VERTEX_POINT('',#3614);
#3614 = CARTESIAN_POINT('',(-8.999996185303,58.,25.));
#3615 = LINE('',#3616,#3617);
#3616 = CARTESIAN_POINT('',(-8.999996185303,58.,-37.5));
#3617 = VECTOR('',#3618,1.);
#3618 = DIRECTION('',(0.,-0.,1.));
#3619 = ORIENTED_EDGE('',*,*,#3620,.F.);
#3620 = EDGE_CURVE('',#3621,#3613,#3623,.T.);
#3621 = VERTEX_POINT('',#3622);
#3622 = CARTESIAN_POINT('',(-10.9999961853,58.,25.));
#3623 = LINE('',#3624,#3625);
#3624 = CARTESIAN_POINT('',(-16.63353159265,58.,25.));
#3625 = VECTOR('',#3626,1.);
#3626 = DIRECTION('',(1.,0.,0.));
#3627 = ORIENTED_EDGE('',*,*,#3628,.F.);
#3628 = EDGE_CURVE('',#3412,#3621,#3629,.T.);
#3629 = LINE('',#3630,#3631);
#3630 = CARTESIAN_POINT('',(-10.9999961853,58.,-37.5));
#3631 = VECTOR('',#3632,1.);
#3632 = DIRECTION('',(0.,-0.,1.));
#3633 = PLANE('',#3634);
#3634 = AXIS2_PLACEMENT_3D('',#3635,#3636,#3637);
#3635 = CARTESIAN_POINT('',(-22.267067,58.,0.));
#3636 = DIRECTION('',(0.,1.,0.));
#3637 = DIRECTION('',(1.,0.,0.));
#3638 = ( GEOMETRIC_REPRESENTATION_CONTEXT(3) 
GLOBAL_UNCERTAINTY_ASSIGNED_CONTEXT((#3642)) 
GLOBAL_UNIT_ASSIGNED_CONTEXT((#3639,#3640,#3641)) REPRESENTATION_CONTEXT
('Context #1','3D Context with UNIT and UNCERTAINTY') );
#3639 = ( LENGTH_UNIT() NAMED_UNIT(*) SI_UNIT(.MILLI.,.METRE.) );
#3640 = ( NAMED_UNIT(*) PLANE_ANGLE_UNIT() SI_UNIT($,.RADIAN.) );
#3641 = ( NAMED_UNIT(*) SI_UNIT($,.STERADIAN.) SOLID_ANGLE_UNIT() );
#3642 = UNCERTAINTY_MEASURE_WITH_UNIT(LENGTH_MEASURE(1.E-07),#3639,
  'distance_accuracy_value','confusion accuracy');
#3643 = CONTEXT_DEPENDENT_SHAPE_REPRESENTATION(#3644,#3646);
#3644 = ( REPRESENTATION_RELATIONSHIP('','',#3402,#10) 
REPRESENTATION_RELATIONSHIP_WITH_TRANSFORMATION(#3645) 
SHAPE_REPRESENTATION_RELATIONSHIP() );
#3645 = ITEM_DEFINED_TRANSFORMATION('','',#11,#67);
#3646 = PRODUCT_DEFINITION_SHAPE('Placement','Placement of an item',
  #3647);
#3647 = NEXT_ASSEMBLY_USAGE_OCCURRENCE('38','x_breads013','',#5,#3397,$
  );
#3648 = PRODUCT_RELATED_PRODUCT_CATEGORY('part',$,(#3399));
#3649 = SHAPE_DEFINITION_REPRESENTATION(#3650,#3656);
#3650 = PRODUCT_DEFINITION_SHAPE('','',#3651);
#3651 = PRODUCT_DEFINITION('design','',#3652,#3655);
#3652 = PRODUCT_DEFINITION_FORMATION('','',#3653);
#3653 = PRODUCT('x_breads014','x_breads014','',(#3654));
#3654 = PRODUCT_CONTEXT('',#2,'mechanical');
#3655 = PRODUCT_DEFINITION_CONTEXT('part definition',#2,'design');
#3656 = MANIFOLD_SURFACE_SHAPE_REPRESENTATION('',(#11,#3657),#3892);
#3657 = SHELL_BASED_SURFACE_MODEL('',(#3658));
#3658 = OPEN_SHELL('',(#3659));
#3659 = ADVANCED_FACE('',(#3660),#3887,.T.);
#3660 = FACE_BOUND('',#3661,.T.);
#3661 = EDGE_LOOP('',(#3662,#3672,#3680,#3689,#3697,#3705,#3713,#3721,
    #3729,#3737,#3745,#3753,#3761,#3769,#3777,#3785,#3793,#3801,#3809,
    #3817,#3825,#3833,#3841,#3849,#3857,#3865,#3873,#3881));
#3662 = ORIENTED_EDGE('',*,*,#3663,.F.);
#3663 = EDGE_CURVE('',#3664,#3666,#3668,.T.);
#3664 = VERTEX_POINT('',#3665);
#3665 = CARTESIAN_POINT('',(-15.,62.,-5.17E-15));
#3666 = VERTEX_POINT('',#3667);
#3667 = CARTESIAN_POINT('',(-10.9999961853,62.,0.));
#3668 = LINE('',#3669,#3670);
#3669 = CARTESIAN_POINT('',(-22.267067,62.,0.));
#3670 = VECTOR('',#3671,1.);
#3671 = DIRECTION('',(1.,0.,0.));
#3672 = ORIENTED_EDGE('',*,*,#3673,.F.);
#3673 = EDGE_CURVE('',#3674,#3664,#3676,.T.);
#3674 = VERTEX_POINT('',#3675);
#3675 = CARTESIAN_POINT('',(-15.,62.,40.));
#3676 = LINE('',#3677,#3678);
#3677 = CARTESIAN_POINT('',(-15.,62.,20.));
#3678 = VECTOR('',#3679,1.);
#3679 = DIRECTION('',(0.,0.,-1.));
#3680 = ORIENTED_EDGE('',*,*,#3681,.F.);
#3681 = EDGE_CURVE('',#3682,#3674,#3684,.T.);
#3682 = VERTEX_POINT('',#3683);
#3683 = CARTESIAN_POINT('',(15.,62.,40.));
#3684 = CIRCLE('',#3685,15.);
#3685 = AXIS2_PLACEMENT_3D('',#3686,#3687,#3688);
#3686 = CARTESIAN_POINT('',(0.,62.,40.));
#3687 = DIRECTION('',(0.,-1.,2.2E-16));
#3688 = DIRECTION('',(1.,0.,0.));
#3689 = ORIENTED_EDGE('',*,*,#3690,.F.);
#3690 = EDGE_CURVE('',#3691,#3682,#3693,.T.);
#3691 = VERTEX_POINT('',#3692);
#3692 = CARTESIAN_POINT('',(15.,62.,-5.17E-15));
#3693 = LINE('',#3694,#3695);
#3694 = CARTESIAN_POINT('',(15.,62.,0.));
#3695 = VECTOR('',#3696,1.);
#3696 = DIRECTION('',(0.,0.,1.));
#3697 = ORIENTED_EDGE('',*,*,#3698,.F.);
#3698 = EDGE_CURVE('',#3699,#3691,#3701,.T.);
#3699 = VERTEX_POINT('',#3700);
#3700 = CARTESIAN_POINT('',(11.000003814697,62.,0.));
#3701 = LINE('',#3702,#3703);
#3702 = CARTESIAN_POINT('',(-22.267067,62.,0.));
#3703 = VECTOR('',#3704,1.);
#3704 = DIRECTION('',(1.,0.,0.));
#3705 = ORIENTED_EDGE('',*,*,#3706,.T.);
#3706 = EDGE_CURVE('',#3699,#3707,#3709,.T.);
#3707 = VERTEX_POINT('',#3708);
#3708 = CARTESIAN_POINT('',(11.000003814697,62.,25.));
#3709 = LINE('',#3710,#3711);
#3710 = CARTESIAN_POINT('',(11.000003814697,62.,-37.5));
#3711 = VECTOR('',#3712,1.);
#3712 = DIRECTION('',(0.,-0.,1.));
#3713 = ORIENTED_EDGE('',*,*,#3714,.F.);
#3714 = EDGE_CURVE('',#3715,#3707,#3717,.T.);
#3715 = VERTEX_POINT('',#3716);
#3716 = CARTESIAN_POINT('',(9.000003814697,62.,25.));
#3717 = LINE('',#3718,#3719);
#3718 = CARTESIAN_POINT('',(-6.633531592651,62.,25.));
#3719 = VECTOR('',#3720,1.);
#3720 = DIRECTION('',(1.,0.,0.));
#3721 = ORIENTED_EDGE('',*,*,#3722,.F.);
#3722 = EDGE_CURVE('',#3723,#3715,#3725,.T.);
#3723 = VERTEX_POINT('',#3724);
#3724 = CARTESIAN_POINT('',(9.000003814697,62.,0.));
#3725 = LINE('',#3726,#3727);
#3726 = CARTESIAN_POINT('',(9.000003814697,62.,-37.5));
#3727 = VECTOR('',#3728,1.);
#3728 = DIRECTION('',(0.,-0.,1.));
#3729 = ORIENTED_EDGE('',*,*,#3730,.F.);
#3730 = EDGE_CURVE('',#3731,#3723,#3733,.T.);
#3731 = VERTEX_POINT('',#3732);
#3732 = CARTESIAN_POINT('',(7.000003814697,62.,0.));
#3733 = LINE('',#3734,#3735);
#3734 = CARTESIAN_POINT('',(-22.267067,62.,0.));
#3735 = VECTOR('',#3736,1.);
#3736 = DIRECTION('',(1.,0.,0.));
#3737 = ORIENTED_EDGE('',*,*,#3738,.T.);
#3738 = EDGE_CURVE('',#3731,#3739,#3741,.T.);
#3739 = VERTEX_POINT('',#3740);
#3740 = CARTESIAN_POINT('',(7.000003814697,62.,25.));
#3741 = LINE('',#3742,#3743);
#3742 = CARTESIAN_POINT('',(7.000003814697,62.,-37.5));
#3743 = VECTOR('',#3744,1.);
#3744 = DIRECTION('',(0.,-0.,1.));
#3745 = ORIENTED_EDGE('',*,*,#3746,.F.);
#3746 = EDGE_CURVE('',#3747,#3739,#3749,.T.);
#3747 = VERTEX_POINT('',#3748);
#3748 = CARTESIAN_POINT('',(5.000003814697,62.,25.));
#3749 = LINE('',#3750,#3751);
#3750 = CARTESIAN_POINT('',(-8.633531592651,62.,25.));
#3751 = VECTOR('',#3752,1.);
#3752 = DIRECTION('',(1.,0.,0.));
#3753 = ORIENTED_EDGE('',*,*,#3754,.F.);
#3754 = EDGE_CURVE('',#3755,#3747,#3757,.T.);
#3755 = VERTEX_POINT('',#3756);
#3756 = CARTESIAN_POINT('',(5.000003814697,62.,0.));
#3757 = LINE('',#3758,#3759);
#3758 = CARTESIAN_POINT('',(5.000003814697,62.,-37.5));
#3759 = VECTOR('',#3760,1.);
#3760 = DIRECTION('',(0.,-0.,1.));
#3761 = ORIENTED_EDGE('',*,*,#3762,.F.);
#3762 = EDGE_CURVE('',#3763,#3755,#3765,.T.);
#3763 = VERTEX_POINT('',#3764);
#3764 = CARTESIAN_POINT('',(3.000003814697,62.,0.));
#3765 = LINE('',#3766,#3767);
#3766 = CARTESIAN_POINT('',(-22.267067,62.,0.));
#3767 = VECTOR('',#3768,1.);
#3768 = DIRECTION('',(1.,0.,0.));
#3769 = ORIENTED_EDGE('',*,*,#3770,.T.);
#3770 = EDGE_CURVE('',#3763,#3771,#3773,.T.);
#3771 = VERTEX_POINT('',#3772);
#3772 = CARTESIAN_POINT('',(3.000003814697,62.,25.));
#3773 = LINE('',#3774,#3775);
#3774 = CARTESIAN_POINT('',(3.000003814697,62.,-37.5));
#3775 = VECTOR('',#3776,1.);
#3776 = DIRECTION('',(0.,-0.,1.));
#3777 = ORIENTED_EDGE('',*,*,#3778,.F.);
#3778 = EDGE_CURVE('',#3779,#3771,#3781,.T.);
#3779 = VERTEX_POINT('',#3780);
#3780 = CARTESIAN_POINT('',(1.000003814697,62.,25.));
#3781 = LINE('',#3782,#3783);
#3782 = CARTESIAN_POINT('',(-10.63353159265,62.,25.));
#3783 = VECTOR('',#3784,1.);
#3784 = DIRECTION('',(1.,0.,0.));
#3785 = ORIENTED_EDGE('',*,*,#3786,.F.);
#3786 = EDGE_CURVE('',#3787,#3779,#3789,.T.);
#3787 = VERTEX_POINT('',#3788);
#3788 = CARTESIAN_POINT('',(1.000003814697,62.,0.));
#3789 = LINE('',#3790,#3791);
#3790 = CARTESIAN_POINT('',(1.000003814697,62.,-37.5));
#3791 = VECTOR('',#3792,1.);
#3792 = DIRECTION('',(0.,-0.,1.));
#3793 = ORIENTED_EDGE('',*,*,#3794,.F.);
#3794 = EDGE_CURVE('',#3795,#3787,#3797,.T.);
#3795 = VERTEX_POINT('',#3796);
#3796 = CARTESIAN_POINT('',(-0.999996185303,62.,0.));
#3797 = LINE('',#3798,#3799);
#3798 = CARTESIAN_POINT('',(-22.267067,62.,0.));
#3799 = VECTOR('',#3800,1.);
#3800 = DIRECTION('',(1.,0.,0.));
#3801 = ORIENTED_EDGE('',*,*,#3802,.T.);
#3802 = EDGE_CURVE('',#3795,#3803,#3805,.T.);
#3803 = VERTEX_POINT('',#3804);
#3804 = CARTESIAN_POINT('',(-0.999996185303,62.,25.));
#3805 = LINE('',#3806,#3807);
#3806 = CARTESIAN_POINT('',(-0.999996185303,62.,-37.5));
#3807 = VECTOR('',#3808,1.);
#3808 = DIRECTION('',(0.,-0.,1.));
#3809 = ORIENTED_EDGE('',*,*,#3810,.F.);
#3810 = EDGE_CURVE('',#3811,#3803,#3813,.T.);
#3811 = VERTEX_POINT('',#3812);
#3812 = CARTESIAN_POINT('',(-2.999996185303,62.,25.));
#3813 = LINE('',#3814,#3815);
#3814 = CARTESIAN_POINT('',(-12.63353159265,62.,25.));
#3815 = VECTOR('',#3816,1.);
#3816 = DIRECTION('',(1.,0.,0.));
#3817 = ORIENTED_EDGE('',*,*,#3818,.F.);
#3818 = EDGE_CURVE('',#3819,#3811,#3821,.T.);
#3819 = VERTEX_POINT('',#3820);
#3820 = CARTESIAN_POINT('',(-2.999996185303,62.,0.));
#3821 = LINE('',#3822,#3823);
#3822 = CARTESIAN_POINT('',(-2.999996185303,62.,-37.5));
#3823 = VECTOR('',#3824,1.);
#3824 = DIRECTION('',(0.,-0.,1.));
#3825 = ORIENTED_EDGE('',*,*,#3826,.F.);
#3826 = EDGE_CURVE('',#3827,#3819,#3829,.T.);
#3827 = VERTEX_POINT('',#3828);
#3828 = CARTESIAN_POINT('',(-4.999996185303,62.,0.));
#3829 = LINE('',#3830,#3831);
#3830 = CARTESIAN_POINT('',(-22.267067,62.,0.));
#3831 = VECTOR('',#3832,1.);
#3832 = DIRECTION('',(1.,0.,0.));
#3833 = ORIENTED_EDGE('',*,*,#3834,.T.);
#3834 = EDGE_CURVE('',#3827,#3835,#3837,.T.);
#3835 = VERTEX_POINT('',#3836);
#3836 = CARTESIAN_POINT('',(-4.999996185303,62.,25.));
#3837 = LINE('',#3838,#3839);
#3838 = CARTESIAN_POINT('',(-4.999996185303,62.,-37.5));
#3839 = VECTOR('',#3840,1.);
#3840 = DIRECTION('',(0.,-0.,1.));
#3841 = ORIENTED_EDGE('',*,*,#3842,.F.);
#3842 = EDGE_CURVE('',#3843,#3835,#3845,.T.);
#3843 = VERTEX_POINT('',#3844);
#3844 = CARTESIAN_POINT('',(-6.999996185303,62.,25.));
#3845 = LINE('',#3846,#3847);
#3846 = CARTESIAN_POINT('',(-14.63353159265,62.,25.));
#3847 = VECTOR('',#3848,1.);
#3848 = DIRECTION('',(1.,0.,0.));
#3849 = ORIENTED_EDGE('',*,*,#3850,.F.);
#3850 = EDGE_CURVE('',#3851,#3843,#3853,.T.);
#3851 = VERTEX_POINT('',#3852);
#3852 = CARTESIAN_POINT('',(-6.999996185303,62.,0.));
#3853 = LINE('',#3854,#3855);
#3854 = CARTESIAN_POINT('',(-6.999996185303,62.,-37.5));
#3855 = VECTOR('',#3856,1.);
#3856 = DIRECTION('',(0.,-0.,1.));
#3857 = ORIENTED_EDGE('',*,*,#3858,.F.);
#3858 = EDGE_CURVE('',#3859,#3851,#3861,.T.);
#3859 = VERTEX_POINT('',#3860);
#3860 = CARTESIAN_POINT('',(-8.999996185303,62.,0.));
#3861 = LINE('',#3862,#3863);
#3862 = CARTESIAN_POINT('',(-22.267067,62.,0.));
#3863 = VECTOR('',#3864,1.);
#3864 = DIRECTION('',(1.,0.,0.));
#3865 = ORIENTED_EDGE('',*,*,#3866,.T.);
#3866 = EDGE_CURVE('',#3859,#3867,#3869,.T.);
#3867 = VERTEX_POINT('',#3868);
#3868 = CARTESIAN_POINT('',(-8.999996185303,62.,25.));
#3869 = LINE('',#3870,#3871);
#3870 = CARTESIAN_POINT('',(-8.999996185303,62.,-37.5));
#3871 = VECTOR('',#3872,1.);
#3872 = DIRECTION('',(0.,-0.,1.));
#3873 = ORIENTED_EDGE('',*,*,#3874,.F.);
#3874 = EDGE_CURVE('',#3875,#3867,#3877,.T.);
#3875 = VERTEX_POINT('',#3876);
#3876 = CARTESIAN_POINT('',(-10.9999961853,62.,25.));
#3877 = LINE('',#3878,#3879);
#3878 = CARTESIAN_POINT('',(-16.63353159265,62.,25.));
#3879 = VECTOR('',#3880,1.);
#3880 = DIRECTION('',(1.,0.,0.));
#3881 = ORIENTED_EDGE('',*,*,#3882,.F.);
#3882 = EDGE_CURVE('',#3666,#3875,#3883,.T.);
#3883 = LINE('',#3884,#3885);
#3884 = CARTESIAN_POINT('',(-10.9999961853,62.,-37.5));
#3885 = VECTOR('',#3886,1.);
#3886 = DIRECTION('',(0.,-0.,1.));
#3887 = PLANE('',#3888);
#3888 = AXIS2_PLACEMENT_3D('',#3889,#3890,#3891);
#3889 = CARTESIAN_POINT('',(-22.267067,62.,0.));
#3890 = DIRECTION('',(0.,1.,0.));
#3891 = DIRECTION('',(1.,0.,0.));
#3892 = ( GEOMETRIC_REPRESENTATION_CONTEXT(3) 
GLOBAL_UNCERTAINTY_ASSIGNED_CONTEXT((#3896)) 
GLOBAL_UNIT_ASSIGNED_CONTEXT((#3893,#3894,#3895)) REPRESENTATION_CONTEXT
('Context #1','3D Context with UNIT and UNCERTAINTY') );
#3893 = ( LENGTH_UNIT() NAMED_UNIT(*) SI_UNIT(.MILLI.,.METRE.) );
#3894 = ( NAMED_UNIT(*) PLANE_ANGLE_UNIT() SI_UNIT($,.RADIAN.) );
#3895 = ( NAMED_UNIT(*) SI_UNIT($,.STERADIAN.) SOLID_ANGLE_UNIT() );
#3896 = UNCERTAINTY_MEASURE_WITH_UNIT(LENGTH_MEASURE(1.E-07),#3893,
  'distance_accuracy_value','confusion accuracy');
#3897 = CONTEXT_DEPENDENT_SHAPE_REPRESENTATION(#3898,#3900);
#3898 = ( REPRESENTATION_RELATIONSHIP('','',#3656,#10) 
REPRESENTATION_RELATIONSHIP_WITH_TRANSFORMATION(#3899) 
SHAPE_REPRESENTATION_RELATIONSHIP() );
#3899 = ITEM_DEFINED_TRANSFORMATION('','',#11,#71);
#3900 = PRODUCT_DEFINITION_SHAPE('Placement','Placement of an item',
  #3901);
#3901 = NEXT_ASSEMBLY_USAGE_OCCURRENCE('39','x_breads014','',#5,#3651,$
  );
#3902 = PRODUCT_RELATED_PRODUCT_CATEGORY('part',$,(#3653));
#3903 = SHAPE_DEFINITION_REPRESENTATION(#3904,#3910);
#3904 = PRODUCT_DEFINITION_SHAPE('','',#3905);
#3905 = PRODUCT_DEFINITION('design','',#3906,#3909);
#3906 = PRODUCT_DEFINITION_FORMATION('','',#3907);
#3907 = PRODUCT('x_breads015','x_breads015','',(#3908));
#3908 = PRODUCT_CONTEXT('',#2,'mechanical');
#3909 = PRODUCT_DEFINITION_CONTEXT('part definition',#2,'design');
#3910 = MANIFOLD_SURFACE_SHAPE_REPRESENTATION('',(#11,#3911),#4146);
#3911 = SHELL_BASED_SURFACE_MODEL('',(#3912));
#3912 = OPEN_SHELL('',(#3913));
#3913 = ADVANCED_FACE('',(#3914),#4141,.T.);
#3914 = FACE_BOUND('',#3915,.T.);
#3915 = EDGE_LOOP('',(#3916,#3926,#3934,#3943,#3951,#3959,#3967,#3975,
    #3983,#3991,#3999,#4007,#4015,#4023,#4031,#4039,#4047,#4055,#4063,
    #4071,#4079,#4087,#4095,#4103,#4111,#4119,#4127,#4135));
#3916 = ORIENTED_EDGE('',*,*,#3917,.F.);
#3917 = EDGE_CURVE('',#3918,#3920,#3922,.T.);
#3918 = VERTEX_POINT('',#3919);
#3919 = CARTESIAN_POINT('',(-14.96662954709,66.,1.1E-16));
#3920 = VERTEX_POINT('',#3921);
#3921 = CARTESIAN_POINT('',(-10.9999961853,66.,0.));
#3922 = LINE('',#3923,#3924);
#3923 = CARTESIAN_POINT('',(-22.267067,66.,0.));
#3924 = VECTOR('',#3925,1.);
#3925 = DIRECTION('',(1.,0.,0.));
#3926 = ORIENTED_EDGE('',*,*,#3927,.T.);
#3927 = EDGE_CURVE('',#3918,#3928,#3930,.T.);
#3928 = VERTEX_POINT('',#3929);
#3929 = CARTESIAN_POINT('',(-14.96662954709,66.,40.));
#3930 = LINE('',#3931,#3932);
#3931 = CARTESIAN_POINT('',(-14.96662954709,66.,0.));
#3932 = VECTOR('',#3933,1.);
#3933 = DIRECTION('',(0.,-2.2E-16,1.));
#3934 = ORIENTED_EDGE('',*,*,#3935,.T.);
#3935 = EDGE_CURVE('',#3928,#3936,#3938,.T.);
#3936 = VERTEX_POINT('',#3937);
#3937 = CARTESIAN_POINT('',(14.966629547096,66.,40.));
#3938 = CIRCLE('',#3939,14.966629547096);
#3939 = AXIS2_PLACEMENT_3D('',#3940,#3941,#3942);
#3940 = CARTESIAN_POINT('',(9.E-16,66.,40.));
#3941 = DIRECTION('',(0.,1.,0.));
#3942 = DIRECTION('',(0.,-0.,1.));
#3943 = ORIENTED_EDGE('',*,*,#3944,.F.);
#3944 = EDGE_CURVE('',#3945,#3936,#3947,.T.);
#3945 = VERTEX_POINT('',#3946);
#3946 = CARTESIAN_POINT('',(14.966629547096,66.,1.1E-16));
#3947 = LINE('',#3948,#3949);
#3948 = CARTESIAN_POINT('',(14.966629547096,66.,0.));
#3949 = VECTOR('',#3950,1.);
#3950 = DIRECTION('',(0.,-2.2E-16,1.));
#3951 = ORIENTED_EDGE('',*,*,#3952,.F.);
#3952 = EDGE_CURVE('',#3953,#3945,#3955,.T.);
#3953 = VERTEX_POINT('',#3954);
#3954 = CARTESIAN_POINT('',(11.000003814697,66.,0.));
#3955 = LINE('',#3956,#3957);
#3956 = CARTESIAN_POINT('',(-22.267067,66.,0.));
#3957 = VECTOR('',#3958,1.);
#3958 = DIRECTION('',(1.,0.,0.));
#3959 = ORIENTED_EDGE('',*,*,#3960,.T.);
#3960 = EDGE_CURVE('',#3953,#3961,#3963,.T.);
#3961 = VERTEX_POINT('',#3962);
#3962 = CARTESIAN_POINT('',(11.000003814697,66.,25.));
#3963 = LINE('',#3964,#3965);
#3964 = CARTESIAN_POINT('',(11.000003814697,66.,-37.5));
#3965 = VECTOR('',#3966,1.);
#3966 = DIRECTION('',(0.,-0.,1.));
#3967 = ORIENTED_EDGE('',*,*,#3968,.F.);
#3968 = EDGE_CURVE('',#3969,#3961,#3971,.T.);
#3969 = VERTEX_POINT('',#3970);
#3970 = CARTESIAN_POINT('',(9.000003814697,66.,25.));
#3971 = LINE('',#3972,#3973);
#3972 = CARTESIAN_POINT('',(-6.633531592651,66.,25.));
#3973 = VECTOR('',#3974,1.);
#3974 = DIRECTION('',(1.,0.,0.));
#3975 = ORIENTED_EDGE('',*,*,#3976,.F.);
#3976 = EDGE_CURVE('',#3977,#3969,#3979,.T.);
#3977 = VERTEX_POINT('',#3978);
#3978 = CARTESIAN_POINT('',(9.000003814697,66.,0.));
#3979 = LINE('',#3980,#3981);
#3980 = CARTESIAN_POINT('',(9.000003814697,66.,-37.5));
#3981 = VECTOR('',#3982,1.);
#3982 = DIRECTION('',(0.,-0.,1.));
#3983 = ORIENTED_EDGE('',*,*,#3984,.F.);
#3984 = EDGE_CURVE('',#3985,#3977,#3987,.T.);
#3985 = VERTEX_POINT('',#3986);
#3986 = CARTESIAN_POINT('',(7.000003814697,66.,0.));
#3987 = LINE('',#3988,#3989);
#3988 = CARTESIAN_POINT('',(-22.267067,66.,0.));
#3989 = VECTOR('',#3990,1.);
#3990 = DIRECTION('',(1.,0.,0.));
#3991 = ORIENTED_EDGE('',*,*,#3992,.T.);
#3992 = EDGE_CURVE('',#3985,#3993,#3995,.T.);
#3993 = VERTEX_POINT('',#3994);
#3994 = CARTESIAN_POINT('',(7.000003814697,66.,25.));
#3995 = LINE('',#3996,#3997);
#3996 = CARTESIAN_POINT('',(7.000003814697,66.,-37.5));
#3997 = VECTOR('',#3998,1.);
#3998 = DIRECTION('',(0.,-0.,1.));
#3999 = ORIENTED_EDGE('',*,*,#4000,.F.);
#4000 = EDGE_CURVE('',#4001,#3993,#4003,.T.);
#4001 = VERTEX_POINT('',#4002);
#4002 = CARTESIAN_POINT('',(5.000003814697,66.,25.));
#4003 = LINE('',#4004,#4005);
#4004 = CARTESIAN_POINT('',(-8.633531592651,66.,25.));
#4005 = VECTOR('',#4006,1.);
#4006 = DIRECTION('',(1.,0.,0.));
#4007 = ORIENTED_EDGE('',*,*,#4008,.F.);
#4008 = EDGE_CURVE('',#4009,#4001,#4011,.T.);
#4009 = VERTEX_POINT('',#4010);
#4010 = CARTESIAN_POINT('',(5.000003814697,66.,0.));
#4011 = LINE('',#4012,#4013);
#4012 = CARTESIAN_POINT('',(5.000003814697,66.,-37.5));
#4013 = VECTOR('',#4014,1.);
#4014 = DIRECTION('',(0.,-0.,1.));
#4015 = ORIENTED_EDGE('',*,*,#4016,.F.);
#4016 = EDGE_CURVE('',#4017,#4009,#4019,.T.);
#4017 = VERTEX_POINT('',#4018);
#4018 = CARTESIAN_POINT('',(3.000003814697,66.,0.));
#4019 = LINE('',#4020,#4021);
#4020 = CARTESIAN_POINT('',(-22.267067,66.,0.));
#4021 = VECTOR('',#4022,1.);
#4022 = DIRECTION('',(1.,0.,0.));
#4023 = ORIENTED_EDGE('',*,*,#4024,.T.);
#4024 = EDGE_CURVE('',#4017,#4025,#4027,.T.);
#4025 = VERTEX_POINT('',#4026);
#4026 = CARTESIAN_POINT('',(3.000003814697,66.,25.));
#4027 = LINE('',#4028,#4029);
#4028 = CARTESIAN_POINT('',(3.000003814697,66.,-37.5));
#4029 = VECTOR('',#4030,1.);
#4030 = DIRECTION('',(0.,-0.,1.));
#4031 = ORIENTED_EDGE('',*,*,#4032,.F.);
#4032 = EDGE_CURVE('',#4033,#4025,#4035,.T.);
#4033 = VERTEX_POINT('',#4034);
#4034 = CARTESIAN_POINT('',(1.000003814697,66.,25.));
#4035 = LINE('',#4036,#4037);
#4036 = CARTESIAN_POINT('',(-10.63353159265,66.,25.));
#4037 = VECTOR('',#4038,1.);
#4038 = DIRECTION('',(1.,0.,0.));
#4039 = ORIENTED_EDGE('',*,*,#4040,.F.);
#4040 = EDGE_CURVE('',#4041,#4033,#4043,.T.);
#4041 = VERTEX_POINT('',#4042);
#4042 = CARTESIAN_POINT('',(1.000003814697,66.,0.));
#4043 = LINE('',#4044,#4045);
#4044 = CARTESIAN_POINT('',(1.000003814697,66.,-37.5));
#4045 = VECTOR('',#4046,1.);
#4046 = DIRECTION('',(0.,-0.,1.));
#4047 = ORIENTED_EDGE('',*,*,#4048,.F.);
#4048 = EDGE_CURVE('',#4049,#4041,#4051,.T.);
#4049 = VERTEX_POINT('',#4050);
#4050 = CARTESIAN_POINT('',(-0.999996185303,66.,0.));
#4051 = LINE('',#4052,#4053);
#4052 = CARTESIAN_POINT('',(-22.267067,66.,0.));
#4053 = VECTOR('',#4054,1.);
#4054 = DIRECTION('',(1.,0.,0.));
#4055 = ORIENTED_EDGE('',*,*,#4056,.T.);
#4056 = EDGE_CURVE('',#4049,#4057,#4059,.T.);
#4057 = VERTEX_POINT('',#4058);
#4058 = CARTESIAN_POINT('',(-0.999996185303,66.,25.));
#4059 = LINE('',#4060,#4061);
#4060 = CARTESIAN_POINT('',(-0.999996185303,66.,-37.5));
#4061 = VECTOR('',#4062,1.);
#4062 = DIRECTION('',(0.,-0.,1.));
#4063 = ORIENTED_EDGE('',*,*,#4064,.F.);
#4064 = EDGE_CURVE('',#4065,#4057,#4067,.T.);
#4065 = VERTEX_POINT('',#4066);
#4066 = CARTESIAN_POINT('',(-2.999996185303,66.,25.));
#4067 = LINE('',#4068,#4069);
#4068 = CARTESIAN_POINT('',(-12.63353159265,66.,25.));
#4069 = VECTOR('',#4070,1.);
#4070 = DIRECTION('',(1.,0.,0.));
#4071 = ORIENTED_EDGE('',*,*,#4072,.F.);
#4072 = EDGE_CURVE('',#4073,#4065,#4075,.T.);
#4073 = VERTEX_POINT('',#4074);
#4074 = CARTESIAN_POINT('',(-2.999996185303,66.,0.));
#4075 = LINE('',#4076,#4077);
#4076 = CARTESIAN_POINT('',(-2.999996185303,66.,-37.5));
#4077 = VECTOR('',#4078,1.);
#4078 = DIRECTION('',(0.,-0.,1.));
#4079 = ORIENTED_EDGE('',*,*,#4080,.F.);
#4080 = EDGE_CURVE('',#4081,#4073,#4083,.T.);
#4081 = VERTEX_POINT('',#4082);
#4082 = CARTESIAN_POINT('',(-4.999996185303,66.,0.));
#4083 = LINE('',#4084,#4085);
#4084 = CARTESIAN_POINT('',(-22.267067,66.,0.));
#4085 = VECTOR('',#4086,1.);
#4086 = DIRECTION('',(1.,0.,0.));
#4087 = ORIENTED_EDGE('',*,*,#4088,.T.);
#4088 = EDGE_CURVE('',#4081,#4089,#4091,.T.);
#4089 = VERTEX_POINT('',#4090);
#4090 = CARTESIAN_POINT('',(-4.999996185303,66.,25.));
#4091 = LINE('',#4092,#4093);
#4092 = CARTESIAN_POINT('',(-4.999996185303,66.,-37.5));
#4093 = VECTOR('',#4094,1.);
#4094 = DIRECTION('',(0.,-0.,1.));
#4095 = ORIENTED_EDGE('',*,*,#4096,.F.);
#4096 = EDGE_CURVE('',#4097,#4089,#4099,.T.);
#4097 = VERTEX_POINT('',#4098);
#4098 = CARTESIAN_POINT('',(-6.999996185303,66.,25.));
#4099 = LINE('',#4100,#4101);
#4100 = CARTESIAN_POINT('',(-14.63353159265,66.,25.));
#4101 = VECTOR('',#4102,1.);
#4102 = DIRECTION('',(1.,0.,0.));
#4103 = ORIENTED_EDGE('',*,*,#4104,.F.);
#4104 = EDGE_CURVE('',#4105,#4097,#4107,.T.);
#4105 = VERTEX_POINT('',#4106);
#4106 = CARTESIAN_POINT('',(-6.999996185303,66.,0.));
#4107 = LINE('',#4108,#4109);
#4108 = CARTESIAN_POINT('',(-6.999996185303,66.,-37.5));
#4109 = VECTOR('',#4110,1.);
#4110 = DIRECTION('',(0.,-0.,1.));
#4111 = ORIENTED_EDGE('',*,*,#4112,.F.);
#4112 = EDGE_CURVE('',#4113,#4105,#4115,.T.);
#4113 = VERTEX_POINT('',#4114);
#4114 = CARTESIAN_POINT('',(-8.999996185303,66.,0.));
#4115 = LINE('',#4116,#4117);
#4116 = CARTESIAN_POINT('',(-22.267067,66.,0.));
#4117 = VECTOR('',#4118,1.);
#4118 = DIRECTION('',(1.,0.,0.));
#4119 = ORIENTED_EDGE('',*,*,#4120,.T.);
#4120 = EDGE_CURVE('',#4113,#4121,#4123,.T.);
#4121 = VERTEX_POINT('',#4122);
#4122 = CARTESIAN_POINT('',(-8.999996185303,66.,25.));
#4123 = LINE('',#4124,#4125);
#4124 = CARTESIAN_POINT('',(-8.999996185303,66.,-37.5));
#4125 = VECTOR('',#4126,1.);
#4126 = DIRECTION('',(0.,-0.,1.));
#4127 = ORIENTED_EDGE('',*,*,#4128,.F.);
#4128 = EDGE_CURVE('',#4129,#4121,#4131,.T.);
#4129 = VERTEX_POINT('',#4130);
#4130 = CARTESIAN_POINT('',(-10.9999961853,66.,25.));
#4131 = LINE('',#4132,#4133);
#4132 = CARTESIAN_POINT('',(-16.63353159265,66.,25.));
#4133 = VECTOR('',#4134,1.);
#4134 = DIRECTION('',(1.,0.,0.));
#4135 = ORIENTED_EDGE('',*,*,#4136,.F.);
#4136 = EDGE_CURVE('',#3920,#4129,#4137,.T.);
#4137 = LINE('',#4138,#4139);
#4138 = CARTESIAN_POINT('',(-10.9999961853,66.,-37.5));
#4139 = VECTOR('',#4140,1.);
#4140 = DIRECTION('',(0.,-0.,1.));
#4141 = PLANE('',#4142);
#4142 = AXIS2_PLACEMENT_3D('',#4143,#4144,#4145);
#4143 = CARTESIAN_POINT('',(-22.267067,66.,0.));
#4144 = DIRECTION('',(0.,1.,0.));
#4145 = DIRECTION('',(1.,0.,0.));
#4146 = ( GEOMETRIC_REPRESENTATION_CONTEXT(3) 
GLOBAL_UNCERTAINTY_ASSIGNED_CONTEXT((#4150)) 
GLOBAL_UNIT_ASSIGNED_CONTEXT((#4147,#4148,#4149)) REPRESENTATION_CONTEXT
('Context #1','3D Context with UNIT and UNCERTAINTY') );
#4147 = ( LENGTH_UNIT() NAMED_UNIT(*) SI_UNIT(.MILLI.,.METRE.) );
#4148 = ( NAMED_UNIT(*) PLANE_ANGLE_UNIT() SI_UNIT($,.RADIAN.) );
#4149 = ( NAMED_UNIT(*) SI_UNIT($,.STERADIAN.) SOLID_ANGLE_UNIT() );
#4150 = UNCERTAINTY_MEASURE_WITH_UNIT(LENGTH_MEASURE(1.E-07),#4147,
  'distance_accuracy_value','confusion accuracy');
#4151 = CONTEXT_DEPENDENT_SHAPE_REPRESENTATION(#4152,#4154);
#4152 = ( REPRESENTATION_RELATIONSHIP('','',#3910,#10) 
REPRESENTATION_RELATIONSHIP_WITH_TRANSFORMATION(#4153) 
SHAPE_REPRESENTATION_RELATIONSHIP() );
#4153 = ITEM_DEFINED_TRANSFORMATION('','',#11,#75);
#4154 = PRODUCT_DEFINITION_SHAPE('Placement','Placement of an item',
  #4155);
#4155 = NEXT_ASSEMBLY_USAGE_OCCURRENCE('40','x_breads015','',#5,#3905,$
  );
#4156 = PRODUCT_RELATED_PRODUCT_CATEGORY('part',$,(#3907));
#4157 = SHAPE_DEFINITION_REPRESENTATION(#4158,#4164);
#4158 = PRODUCT_DEFINITION_SHAPE('','',#4159);
#4159 = PRODUCT_DEFINITION('design','',#4160,#4163);
#4160 = PRODUCT_DEFINITION_FORMATION('','',#4161);
#4161 = PRODUCT('x_breads016','x_breads016','',(#4162));
#4162 = PRODUCT_CONTEXT('',#2,'mechanical');
#4163 = PRODUCT_DEFINITION_CONTEXT('part definition',#2,'design');
#4164 = MANIFOLD_SURFACE_SHAPE_REPRESENTATION('',(#11,#4165),#4400);
#4165 = SHELL_BASED_SURFACE_MODEL('',(#4166));
#4166 = OPEN_SHELL('',(#4167));
#4167 = ADVANCED_FACE('',(#4168),#4395,.T.);
#4168 = FACE_BOUND('',#4169,.T.);
#4169 = EDGE_LOOP('',(#4170,#4180,#4188,#4197,#4205,#4213,#4221,#4229,
    #4237,#4245,#4253,#4261,#4269,#4277,#4285,#4293,#4301,#4309,#4317,
    #4325,#4333,#4341,#4349,#4357,#4365,#4373,#4381,#4389));
#4170 = ORIENTED_EDGE('',*,*,#4171,.F.);
#4171 = EDGE_CURVE('',#4172,#4174,#4176,.T.);
#4172 = VERTEX_POINT('',#4173);
#4173 = CARTESIAN_POINT('',(-14.14213562373,70.,5.5E-16));
#4174 = VERTEX_POINT('',#4175);
#4175 = CARTESIAN_POINT('',(-10.9999961853,70.,0.));
#4176 = LINE('',#4177,#4178);
#4177 = CARTESIAN_POINT('',(-22.267067,70.,0.));
#4178 = VECTOR('',#4179,1.);
#4179 = DIRECTION('',(1.,0.,0.));
#4180 = ORIENTED_EDGE('',*,*,#4181,.T.);
#4181 = EDGE_CURVE('',#4172,#4182,#4184,.T.);
#4182 = VERTEX_POINT('',#4183);
#4183 = CARTESIAN_POINT('',(-14.14213562373,70.,40.));
#4184 = LINE('',#4185,#4186);
#4185 = CARTESIAN_POINT('',(-14.14213562373,70.,0.));
#4186 = VECTOR('',#4187,1.);
#4187 = DIRECTION('',(0.,-2.2E-16,1.));
#4188 = ORIENTED_EDGE('',*,*,#4189,.T.);
#4189 = EDGE_CURVE('',#4182,#4190,#4192,.T.);
#4190 = VERTEX_POINT('',#4191);
#4191 = CARTESIAN_POINT('',(14.142135623731,70.,40.));
#4192 = CIRCLE('',#4193,14.142135623731);
#4193 = AXIS2_PLACEMENT_3D('',#4194,#4195,#4196);
#4194 = CARTESIAN_POINT('',(9.E-16,70.,40.));
#4195 = DIRECTION('',(0.,1.,0.));
#4196 = DIRECTION('',(0.,-0.,1.));
#4197 = ORIENTED_EDGE('',*,*,#4198,.F.);
#4198 = EDGE_CURVE('',#4199,#4190,#4201,.T.);
#4199 = VERTEX_POINT('',#4200);
#4200 = CARTESIAN_POINT('',(14.142135623731,70.,5.5E-16));
#4201 = LINE('',#4202,#4203);
#4202 = CARTESIAN_POINT('',(14.142135623731,70.,0.));
#4203 = VECTOR('',#4204,1.);
#4204 = DIRECTION('',(0.,-2.2E-16,1.));
#4205 = ORIENTED_EDGE('',*,*,#4206,.F.);
#4206 = EDGE_CURVE('',#4207,#4199,#4209,.T.);
#4207 = VERTEX_POINT('',#4208);
#4208 = CARTESIAN_POINT('',(11.000003814697,70.,0.));
#4209 = LINE('',#4210,#4211);
#4210 = CARTESIAN_POINT('',(-22.267067,70.,0.));
#4211 = VECTOR('',#4212,1.);
#4212 = DIRECTION('',(1.,0.,0.));
#4213 = ORIENTED_EDGE('',*,*,#4214,.T.);
#4214 = EDGE_CURVE('',#4207,#4215,#4217,.T.);
#4215 = VERTEX_POINT('',#4216);
#4216 = CARTESIAN_POINT('',(11.000003814697,70.,25.));
#4217 = LINE('',#4218,#4219);
#4218 = CARTESIAN_POINT('',(11.000003814697,70.,-37.5));
#4219 = VECTOR('',#4220,1.);
#4220 = DIRECTION('',(0.,-0.,1.));
#4221 = ORIENTED_EDGE('',*,*,#4222,.F.);
#4222 = EDGE_CURVE('',#4223,#4215,#4225,.T.);
#4223 = VERTEX_POINT('',#4224);
#4224 = CARTESIAN_POINT('',(9.000003814697,70.,25.));
#4225 = LINE('',#4226,#4227);
#4226 = CARTESIAN_POINT('',(-6.633531592651,70.,25.));
#4227 = VECTOR('',#4228,1.);
#4228 = DIRECTION('',(1.,0.,0.));
#4229 = ORIENTED_EDGE('',*,*,#4230,.F.);
#4230 = EDGE_CURVE('',#4231,#4223,#4233,.T.);
#4231 = VERTEX_POINT('',#4232);
#4232 = CARTESIAN_POINT('',(9.000003814697,70.,0.));
#4233 = LINE('',#4234,#4235);
#4234 = CARTESIAN_POINT('',(9.000003814697,70.,-37.5));
#4235 = VECTOR('',#4236,1.);
#4236 = DIRECTION('',(0.,-0.,1.));
#4237 = ORIENTED_EDGE('',*,*,#4238,.F.);
#4238 = EDGE_CURVE('',#4239,#4231,#4241,.T.);
#4239 = VERTEX_POINT('',#4240);
#4240 = CARTESIAN_POINT('',(7.000003814697,70.,0.));
#4241 = LINE('',#4242,#4243);
#4242 = CARTESIAN_POINT('',(-22.267067,70.,0.));
#4243 = VECTOR('',#4244,1.);
#4244 = DIRECTION('',(1.,0.,0.));
#4245 = ORIENTED_EDGE('',*,*,#4246,.T.);
#4246 = EDGE_CURVE('',#4239,#4247,#4249,.T.);
#4247 = VERTEX_POINT('',#4248);
#4248 = CARTESIAN_POINT('',(7.000003814697,70.,25.));
#4249 = LINE('',#4250,#4251);
#4250 = CARTESIAN_POINT('',(7.000003814697,70.,-37.5));
#4251 = VECTOR('',#4252,1.);
#4252 = DIRECTION('',(0.,-0.,1.));
#4253 = ORIENTED_EDGE('',*,*,#4254,.F.);
#4254 = EDGE_CURVE('',#4255,#4247,#4257,.T.);
#4255 = VERTEX_POINT('',#4256);
#4256 = CARTESIAN_POINT('',(5.000003814697,70.,25.));
#4257 = LINE('',#4258,#4259);
#4258 = CARTESIAN_POINT('',(-8.633531592651,70.,25.));
#4259 = VECTOR('',#4260,1.);
#4260 = DIRECTION('',(1.,0.,0.));
#4261 = ORIENTED_EDGE('',*,*,#4262,.F.);
#4262 = EDGE_CURVE('',#4263,#4255,#4265,.T.);
#4263 = VERTEX_POINT('',#4264);
#4264 = CARTESIAN_POINT('',(5.000003814697,70.,0.));
#4265 = LINE('',#4266,#4267);
#4266 = CARTESIAN_POINT('',(5.000003814697,70.,-37.5));
#4267 = VECTOR('',#4268,1.);
#4268 = DIRECTION('',(0.,-0.,1.));
#4269 = ORIENTED_EDGE('',*,*,#4270,.F.);
#4270 = EDGE_CURVE('',#4271,#4263,#4273,.T.);
#4271 = VERTEX_POINT('',#4272);
#4272 = CARTESIAN_POINT('',(3.000003814697,70.,0.));
#4273 = LINE('',#4274,#4275);
#4274 = CARTESIAN_POINT('',(-22.267067,70.,0.));
#4275 = VECTOR('',#4276,1.);
#4276 = DIRECTION('',(1.,0.,0.));
#4277 = ORIENTED_EDGE('',*,*,#4278,.T.);
#4278 = EDGE_CURVE('',#4271,#4279,#4281,.T.);
#4279 = VERTEX_POINT('',#4280);
#4280 = CARTESIAN_POINT('',(3.000003814697,70.,25.));
#4281 = LINE('',#4282,#4283);
#4282 = CARTESIAN_POINT('',(3.000003814697,70.,-37.5));
#4283 = VECTOR('',#4284,1.);
#4284 = DIRECTION('',(0.,-0.,1.));
#4285 = ORIENTED_EDGE('',*,*,#4286,.F.);
#4286 = EDGE_CURVE('',#4287,#4279,#4289,.T.);
#4287 = VERTEX_POINT('',#4288);
#4288 = CARTESIAN_POINT('',(1.000003814697,70.,25.));
#4289 = LINE('',#4290,#4291);
#4290 = CARTESIAN_POINT('',(-10.63353159265,70.,25.));
#4291 = VECTOR('',#4292,1.);
#4292 = DIRECTION('',(1.,0.,0.));
#4293 = ORIENTED_EDGE('',*,*,#4294,.F.);
#4294 = EDGE_CURVE('',#4295,#4287,#4297,.T.);
#4295 = VERTEX_POINT('',#4296);
#4296 = CARTESIAN_POINT('',(1.000003814697,70.,0.));
#4297 = LINE('',#4298,#4299);
#4298 = CARTESIAN_POINT('',(1.000003814697,70.,-37.5));
#4299 = VECTOR('',#4300,1.);
#4300 = DIRECTION('',(0.,-0.,1.));
#4301 = ORIENTED_EDGE('',*,*,#4302,.F.);
#4302 = EDGE_CURVE('',#4303,#4295,#4305,.T.);
#4303 = VERTEX_POINT('',#4304);
#4304 = CARTESIAN_POINT('',(-0.999996185303,70.,0.));
#4305 = LINE('',#4306,#4307);
#4306 = CARTESIAN_POINT('',(-22.267067,70.,0.));
#4307 = VECTOR('',#4308,1.);
#4308 = DIRECTION('',(1.,0.,0.));
#4309 = ORIENTED_EDGE('',*,*,#4310,.T.);
#4310 = EDGE_CURVE('',#4303,#4311,#4313,.T.);
#4311 = VERTEX_POINT('',#4312);
#4312 = CARTESIAN_POINT('',(-0.999996185303,70.,25.));
#4313 = LINE('',#4314,#4315);
#4314 = CARTESIAN_POINT('',(-0.999996185303,70.,-37.5));
#4315 = VECTOR('',#4316,1.);
#4316 = DIRECTION('',(0.,-0.,1.));
#4317 = ORIENTED_EDGE('',*,*,#4318,.F.);
#4318 = EDGE_CURVE('',#4319,#4311,#4321,.T.);
#4319 = VERTEX_POINT('',#4320);
#4320 = CARTESIAN_POINT('',(-2.999996185303,70.,25.));
#4321 = LINE('',#4322,#4323);
#4322 = CARTESIAN_POINT('',(-12.63353159265,70.,25.));
#4323 = VECTOR('',#4324,1.);
#4324 = DIRECTION('',(1.,0.,0.));
#4325 = ORIENTED_EDGE('',*,*,#4326,.F.);
#4326 = EDGE_CURVE('',#4327,#4319,#4329,.T.);
#4327 = VERTEX_POINT('',#4328);
#4328 = CARTESIAN_POINT('',(-2.999996185303,70.,0.));
#4329 = LINE('',#4330,#4331);
#4330 = CARTESIAN_POINT('',(-2.999996185303,70.,-37.5));
#4331 = VECTOR('',#4332,1.);
#4332 = DIRECTION('',(0.,-0.,1.));
#4333 = ORIENTED_EDGE('',*,*,#4334,.F.);
#4334 = EDGE_CURVE('',#4335,#4327,#4337,.T.);
#4335 = VERTEX_POINT('',#4336);
#4336 = CARTESIAN_POINT('',(-4.999996185303,70.,0.));
#4337 = LINE('',#4338,#4339);
#4338 = CARTESIAN_POINT('',(-22.267067,70.,0.));
#4339 = VECTOR('',#4340,1.);
#4340 = DIRECTION('',(1.,0.,0.));
#4341 = ORIENTED_EDGE('',*,*,#4342,.T.);
#4342 = EDGE_CURVE('',#4335,#4343,#4345,.T.);
#4343 = VERTEX_POINT('',#4344);
#4344 = CARTESIAN_POINT('',(-4.999996185303,70.,25.));
#4345 = LINE('',#4346,#4347);
#4346 = CARTESIAN_POINT('',(-4.999996185303,70.,-37.5));
#4347 = VECTOR('',#4348,1.);
#4348 = DIRECTION('',(0.,-0.,1.));
#4349 = ORIENTED_EDGE('',*,*,#4350,.F.);
#4350 = EDGE_CURVE('',#4351,#4343,#4353,.T.);
#4351 = VERTEX_POINT('',#4352);
#4352 = CARTESIAN_POINT('',(-6.999996185303,70.,25.));
#4353 = LINE('',#4354,#4355);
#4354 = CARTESIAN_POINT('',(-14.63353159265,70.,25.));
#4355 = VECTOR('',#4356,1.);
#4356 = DIRECTION('',(1.,0.,0.));
#4357 = ORIENTED_EDGE('',*,*,#4358,.F.);
#4358 = EDGE_CURVE('',#4359,#4351,#4361,.T.);
#4359 = VERTEX_POINT('',#4360);
#4360 = CARTESIAN_POINT('',(-6.999996185303,70.,0.));
#4361 = LINE('',#4362,#4363);
#4362 = CARTESIAN_POINT('',(-6.999996185303,70.,-37.5));
#4363 = VECTOR('',#4364,1.);
#4364 = DIRECTION('',(0.,-0.,1.));
#4365 = ORIENTED_EDGE('',*,*,#4366,.F.);
#4366 = EDGE_CURVE('',#4367,#4359,#4369,.T.);
#4367 = VERTEX_POINT('',#4368);
#4368 = CARTESIAN_POINT('',(-8.999996185303,70.,0.));
#4369 = LINE('',#4370,#4371);
#4370 = CARTESIAN_POINT('',(-22.267067,70.,0.));
#4371 = VECTOR('',#4372,1.);
#4372 = DIRECTION('',(1.,0.,0.));
#4373 = ORIENTED_EDGE('',*,*,#4374,.T.);
#4374 = EDGE_CURVE('',#4367,#4375,#4377,.T.);
#4375 = VERTEX_POINT('',#4376);
#4376 = CARTESIAN_POINT('',(-8.999996185303,70.,25.));
#4377 = LINE('',#4378,#4379);
#4378 = CARTESIAN_POINT('',(-8.999996185303,70.,-37.5));
#4379 = VECTOR('',#4380,1.);
#4380 = DIRECTION('',(0.,-0.,1.));
#4381 = ORIENTED_EDGE('',*,*,#4382,.F.);
#4382 = EDGE_CURVE('',#4383,#4375,#4385,.T.);
#4383 = VERTEX_POINT('',#4384);
#4384 = CARTESIAN_POINT('',(-10.9999961853,70.,25.));
#4385 = LINE('',#4386,#4387);
#4386 = CARTESIAN_POINT('',(-16.63353159265,70.,25.));
#4387 = VECTOR('',#4388,1.);
#4388 = DIRECTION('',(1.,0.,0.));
#4389 = ORIENTED_EDGE('',*,*,#4390,.F.);
#4390 = EDGE_CURVE('',#4174,#4383,#4391,.T.);
#4391 = LINE('',#4392,#4393);
#4392 = CARTESIAN_POINT('',(-10.9999961853,70.,-37.5));
#4393 = VECTOR('',#4394,1.);
#4394 = DIRECTION('',(0.,-0.,1.));
#4395 = PLANE('',#4396);
#4396 = AXIS2_PLACEMENT_3D('',#4397,#4398,#4399);
#4397 = CARTESIAN_POINT('',(-22.267067,70.,0.));
#4398 = DIRECTION('',(0.,1.,0.));
#4399 = DIRECTION('',(1.,0.,0.));
#4400 = ( GEOMETRIC_REPRESENTATION_CONTEXT(3) 
GLOBAL_UNCERTAINTY_ASSIGNED_CONTEXT((#4404)) 
GLOBAL_UNIT_ASSIGNED_CONTEXT((#4401,#4402,#4403)) REPRESENTATION_CONTEXT
('Context #1','3D Context with UNIT and UNCERTAINTY') );
#4401 = ( LENGTH_UNIT() NAMED_UNIT(*) SI_UNIT(.MILLI.,.METRE.) );
#4402 = ( NAMED_UNIT(*) PLANE_ANGLE_UNIT() SI_UNIT($,.RADIAN.) );
#4403 = ( NAMED_UNIT(*) SI_UNIT($,.STERADIAN.) SOLID_ANGLE_UNIT() );
#4404 = UNCERTAINTY_MEASURE_WITH_UNIT(LENGTH_MEASURE(1.E-07),#4401,
  'distance_accuracy_value','confusion accuracy');
#4405 = CONTEXT_DEPENDENT_SHAPE_REPRESENTATION(#4406,#4408);
#4406 = ( REPRESENTATION_RELATIONSHIP('','',#4164,#10) 
REPRESENTATION_RELATIONSHIP_WITH_TRANSFORMATION(#4407) 
SHAPE_REPRESENTATION_RELATIONSHIP() );
#4407 = ITEM_DEFINED_TRANSFORMATION('','',#11,#79);
#4408 = PRODUCT_DEFINITION_SHAPE('Placement','Placement of an item',
  #4409);
#4409 = NEXT_ASSEMBLY_USAGE_OCCURRENCE('41','x_breads016','',#5,#4159,$
  );
#4410 = PRODUCT_RELATED_PRODUCT_CATEGORY('part',$,(#4161));
#4411 = SHAPE_DEFINITION_REPRESENTATION(#4412,#4418);
#4412 = PRODUCT_DEFINITION_SHAPE('','',#4413);
#4413 = PRODUCT_DEFINITION('design','',#4414,#4417);
#4414 = PRODUCT_DEFINITION_FORMATION('','',#4415);
#4415 = PRODUCT('x_breads017','x_breads017','',(#4416));
#4416 = PRODUCT_CONTEXT('',#2,'mechanical');
#4417 = PRODUCT_DEFINITION_CONTEXT('part definition',#2,'design');
#4418 = MANIFOLD_SURFACE_SHAPE_REPRESENTATION('',(#11,#4419),#4654);
#4419 = SHELL_BASED_SURFACE_MODEL('',(#4420));
#4420 = OPEN_SHELL('',(#4421));
#4421 = ADVANCED_FACE('',(#4422),#4649,.T.);
#4422 = FACE_BOUND('',#4423,.T.);
#4423 = EDGE_LOOP('',(#4424,#4434,#4442,#4451,#4459,#4467,#4475,#4483,
    #4491,#4499,#4507,#4515,#4523,#4531,#4539,#4547,#4555,#4563,#4571,
    #4579,#4587,#4595,#4603,#4611,#4619,#4627,#4635,#4643));
#4424 = ORIENTED_EDGE('',*,*,#4425,.F.);
#4425 = EDGE_CURVE('',#4426,#4428,#4430,.T.);
#4426 = VERTEX_POINT('',#4427);
#4427 = CARTESIAN_POINT('',(-12.,74.,9.899999999999E-16));
#4428 = VERTEX_POINT('',#4429);
#4429 = CARTESIAN_POINT('',(-10.9999961853,74.,0.));
#4430 = LINE('',#4431,#4432);
#4431 = CARTESIAN_POINT('',(-22.267067,74.,0.));
#4432 = VECTOR('',#4433,1.);
#4433 = DIRECTION('',(1.,0.,0.));
#4434 = ORIENTED_EDGE('',*,*,#4435,.T.);
#4435 = EDGE_CURVE('',#4426,#4436,#4438,.T.);
#4436 = VERTEX_POINT('',#4437);
#4437 = CARTESIAN_POINT('',(-12.,74.,40.));
#4438 = LINE('',#4439,#4440);
#4439 = CARTESIAN_POINT('',(-12.,74.,0.));
#4440 = VECTOR('',#4441,1.);
#4441 = DIRECTION('',(0.,-2.2E-16,1.));
#4442 = ORIENTED_EDGE('',*,*,#4443,.T.);
#4443 = EDGE_CURVE('',#4436,#4444,#4446,.T.);
#4444 = VERTEX_POINT('',#4445);
#4445 = CARTESIAN_POINT('',(12.,74.,40.));
#4446 = CIRCLE('',#4447,12.);
#4447 = AXIS2_PLACEMENT_3D('',#4448,#4449,#4450);
#4448 = CARTESIAN_POINT('',(9.E-16,74.,40.));
#4449 = DIRECTION('',(0.,1.,0.));
#4450 = DIRECTION('',(0.,-0.,1.));
#4451 = ORIENTED_EDGE('',*,*,#4452,.F.);
#4452 = EDGE_CURVE('',#4453,#4444,#4455,.T.);
#4453 = VERTEX_POINT('',#4454);
#4454 = CARTESIAN_POINT('',(12.,74.,9.899999999999E-16));
#4455 = LINE('',#4456,#4457);
#4456 = CARTESIAN_POINT('',(12.,74.,0.));
#4457 = VECTOR('',#4458,1.);
#4458 = DIRECTION('',(0.,-2.2E-16,1.));
#4459 = ORIENTED_EDGE('',*,*,#4460,.F.);
#4460 = EDGE_CURVE('',#4461,#4453,#4463,.T.);
#4461 = VERTEX_POINT('',#4462);
#4462 = CARTESIAN_POINT('',(11.000003814697,74.,0.));
#4463 = LINE('',#4464,#4465);
#4464 = CARTESIAN_POINT('',(-22.267067,74.,0.));
#4465 = VECTOR('',#4466,1.);
#4466 = DIRECTION('',(1.,0.,0.));
#4467 = ORIENTED_EDGE('',*,*,#4468,.T.);
#4468 = EDGE_CURVE('',#4461,#4469,#4471,.T.);
#4469 = VERTEX_POINT('',#4470);
#4470 = CARTESIAN_POINT('',(11.000003814697,74.,25.));
#4471 = LINE('',#4472,#4473);
#4472 = CARTESIAN_POINT('',(11.000003814697,74.,-37.5));
#4473 = VECTOR('',#4474,1.);
#4474 = DIRECTION('',(0.,-0.,1.));
#4475 = ORIENTED_EDGE('',*,*,#4476,.F.);
#4476 = EDGE_CURVE('',#4477,#4469,#4479,.T.);
#4477 = VERTEX_POINT('',#4478);
#4478 = CARTESIAN_POINT('',(9.000003814697,74.,25.));
#4479 = LINE('',#4480,#4481);
#4480 = CARTESIAN_POINT('',(-6.633531592651,74.,25.));
#4481 = VECTOR('',#4482,1.);
#4482 = DIRECTION('',(1.,0.,0.));
#4483 = ORIENTED_EDGE('',*,*,#4484,.F.);
#4484 = EDGE_CURVE('',#4485,#4477,#4487,.T.);
#4485 = VERTEX_POINT('',#4486);
#4486 = CARTESIAN_POINT('',(9.000003814697,74.,0.));
#4487 = LINE('',#4488,#4489);
#4488 = CARTESIAN_POINT('',(9.000003814697,74.,-37.5));
#4489 = VECTOR('',#4490,1.);
#4490 = DIRECTION('',(0.,-0.,1.));
#4491 = ORIENTED_EDGE('',*,*,#4492,.F.);
#4492 = EDGE_CURVE('',#4493,#4485,#4495,.T.);
#4493 = VERTEX_POINT('',#4494);
#4494 = CARTESIAN_POINT('',(7.000003814697,74.,0.));
#4495 = LINE('',#4496,#4497);
#4496 = CARTESIAN_POINT('',(-22.267067,74.,0.));
#4497 = VECTOR('',#4498,1.);
#4498 = DIRECTION('',(1.,0.,0.));
#4499 = ORIENTED_EDGE('',*,*,#4500,.T.);
#4500 = EDGE_CURVE('',#4493,#4501,#4503,.T.);
#4501 = VERTEX_POINT('',#4502);
#4502 = CARTESIAN_POINT('',(7.000003814697,74.,25.));
#4503 = LINE('',#4504,#4505);
#4504 = CARTESIAN_POINT('',(7.000003814697,74.,-37.5));
#4505 = VECTOR('',#4506,1.);
#4506 = DIRECTION('',(0.,-0.,1.));
#4507 = ORIENTED_EDGE('',*,*,#4508,.F.);
#4508 = EDGE_CURVE('',#4509,#4501,#4511,.T.);
#4509 = VERTEX_POINT('',#4510);
#4510 = CARTESIAN_POINT('',(5.000003814697,74.,25.));
#4511 = LINE('',#4512,#4513);
#4512 = CARTESIAN_POINT('',(-8.633531592651,74.,25.));
#4513 = VECTOR('',#4514,1.);
#4514 = DIRECTION('',(1.,0.,0.));
#4515 = ORIENTED_EDGE('',*,*,#4516,.F.);
#4516 = EDGE_CURVE('',#4517,#4509,#4519,.T.);
#4517 = VERTEX_POINT('',#4518);
#4518 = CARTESIAN_POINT('',(5.000003814697,74.,0.));
#4519 = LINE('',#4520,#4521);
#4520 = CARTESIAN_POINT('',(5.000003814697,74.,-37.5));
#4521 = VECTOR('',#4522,1.);
#4522 = DIRECTION('',(0.,-0.,1.));
#4523 = ORIENTED_EDGE('',*,*,#4524,.F.);
#4524 = EDGE_CURVE('',#4525,#4517,#4527,.T.);
#4525 = VERTEX_POINT('',#4526);
#4526 = CARTESIAN_POINT('',(3.000003814697,74.,0.));
#4527 = LINE('',#4528,#4529);
#4528 = CARTESIAN_POINT('',(-22.267067,74.,0.));
#4529 = VECTOR('',#4530,1.);
#4530 = DIRECTION('',(1.,0.,0.));
#4531 = ORIENTED_EDGE('',*,*,#4532,.T.);
#4532 = EDGE_CURVE('',#4525,#4533,#4535,.T.);
#4533 = VERTEX_POINT('',#4534);
#4534 = CARTESIAN_POINT('',(3.000003814697,74.,25.));
#4535 = LINE('',#4536,#4537);
#4536 = CARTESIAN_POINT('',(3.000003814697,74.,-37.5));
#4537 = VECTOR('',#4538,1.);
#4538 = DIRECTION('',(0.,-0.,1.));
#4539 = ORIENTED_EDGE('',*,*,#4540,.F.);
#4540 = EDGE_CURVE('',#4541,#4533,#4543,.T.);
#4541 = VERTEX_POINT('',#4542);
#4542 = CARTESIAN_POINT('',(1.000003814697,74.,25.));
#4543 = LINE('',#4544,#4545);
#4544 = CARTESIAN_POINT('',(-10.63353159265,74.,25.));
#4545 = VECTOR('',#4546,1.);
#4546 = DIRECTION('',(1.,0.,0.));
#4547 = ORIENTED_EDGE('',*,*,#4548,.F.);
#4548 = EDGE_CURVE('',#4549,#4541,#4551,.T.);
#4549 = VERTEX_POINT('',#4550);
#4550 = CARTESIAN_POINT('',(1.000003814697,74.,0.));
#4551 = LINE('',#4552,#4553);
#4552 = CARTESIAN_POINT('',(1.000003814697,74.,-37.5));
#4553 = VECTOR('',#4554,1.);
#4554 = DIRECTION('',(0.,-0.,1.));
#4555 = ORIENTED_EDGE('',*,*,#4556,.F.);
#4556 = EDGE_CURVE('',#4557,#4549,#4559,.T.);
#4557 = VERTEX_POINT('',#4558);
#4558 = CARTESIAN_POINT('',(-0.999996185303,74.,0.));
#4559 = LINE('',#4560,#4561);
#4560 = CARTESIAN_POINT('',(-22.267067,74.,0.));
#4561 = VECTOR('',#4562,1.);
#4562 = DIRECTION('',(1.,0.,0.));
#4563 = ORIENTED_EDGE('',*,*,#4564,.T.);
#4564 = EDGE_CURVE('',#4557,#4565,#4567,.T.);
#4565 = VERTEX_POINT('',#4566);
#4566 = CARTESIAN_POINT('',(-0.999996185303,74.,25.));
#4567 = LINE('',#4568,#4569);
#4568 = CARTESIAN_POINT('',(-0.999996185303,74.,-37.5));
#4569 = VECTOR('',#4570,1.);
#4570 = DIRECTION('',(0.,-0.,1.));
#4571 = ORIENTED_EDGE('',*,*,#4572,.F.);
#4572 = EDGE_CURVE('',#4573,#4565,#4575,.T.);
#4573 = VERTEX_POINT('',#4574);
#4574 = CARTESIAN_POINT('',(-2.999996185303,74.,25.));
#4575 = LINE('',#4576,#4577);
#4576 = CARTESIAN_POINT('',(-12.63353159265,74.,25.));
#4577 = VECTOR('',#4578,1.);
#4578 = DIRECTION('',(1.,0.,0.));
#4579 = ORIENTED_EDGE('',*,*,#4580,.F.);
#4580 = EDGE_CURVE('',#4581,#4573,#4583,.T.);
#4581 = VERTEX_POINT('',#4582);
#4582 = CARTESIAN_POINT('',(-2.999996185303,74.,0.));
#4583 = LINE('',#4584,#4585);
#4584 = CARTESIAN_POINT('',(-2.999996185303,74.,-37.5));
#4585 = VECTOR('',#4586,1.);
#4586 = DIRECTION('',(0.,-0.,1.));
#4587 = ORIENTED_EDGE('',*,*,#4588,.F.);
#4588 = EDGE_CURVE('',#4589,#4581,#4591,.T.);
#4589 = VERTEX_POINT('',#4590);
#4590 = CARTESIAN_POINT('',(-4.999996185303,74.,0.));
#4591 = LINE('',#4592,#4593);
#4592 = CARTESIAN_POINT('',(-22.267067,74.,0.));
#4593 = VECTOR('',#4594,1.);
#4594 = DIRECTION('',(1.,0.,0.));
#4595 = ORIENTED_EDGE('',*,*,#4596,.T.);
#4596 = EDGE_CURVE('',#4589,#4597,#4599,.T.);
#4597 = VERTEX_POINT('',#4598);
#4598 = CARTESIAN_POINT('',(-4.999996185303,74.,25.));
#4599 = LINE('',#4600,#4601);
#4600 = CARTESIAN_POINT('',(-4.999996185303,74.,-37.5));
#4601 = VECTOR('',#4602,1.);
#4602 = DIRECTION('',(0.,-0.,1.));
#4603 = ORIENTED_EDGE('',*,*,#4604,.F.);
#4604 = EDGE_CURVE('',#4605,#4597,#4607,.T.);
#4605 = VERTEX_POINT('',#4606);
#4606 = CARTESIAN_POINT('',(-6.999996185303,74.,25.));
#4607 = LINE('',#4608,#4609);
#4608 = CARTESIAN_POINT('',(-14.63353159265,74.,25.));
#4609 = VECTOR('',#4610,1.);
#4610 = DIRECTION('',(1.,0.,0.));
#4611 = ORIENTED_EDGE('',*,*,#4612,.F.);
#4612 = EDGE_CURVE('',#4613,#4605,#4615,.T.);
#4613 = VERTEX_POINT('',#4614);
#4614 = CARTESIAN_POINT('',(-6.999996185303,74.,0.));
#4615 = LINE('',#4616,#4617);
#4616 = CARTESIAN_POINT('',(-6.999996185303,74.,-37.5));
#4617 = VECTOR('',#4618,1.);
#4618 = DIRECTION('',(0.,-0.,1.));
#4619 = ORIENTED_EDGE('',*,*,#4620,.F.);
#4620 = EDGE_CURVE('',#4621,#4613,#4623,.T.);
#4621 = VERTEX_POINT('',#4622);
#4622 = CARTESIAN_POINT('',(-8.999996185303,74.,0.));
#4623 = LINE('',#4624,#4625);
#4624 = CARTESIAN_POINT('',(-22.267067,74.,0.));
#4625 = VECTOR('',#4626,1.);
#4626 = DIRECTION('',(1.,0.,0.));
#4627 = ORIENTED_EDGE('',*,*,#4628,.T.);
#4628 = EDGE_CURVE('',#4621,#4629,#4631,.T.);
#4629 = VERTEX_POINT('',#4630);
#4630 = CARTESIAN_POINT('',(-8.999996185303,74.,25.));
#4631 = LINE('',#4632,#4633);
#4632 = CARTESIAN_POINT('',(-8.999996185303,74.,-37.5));
#4633 = VECTOR('',#4634,1.);
#4634 = DIRECTION('',(0.,-0.,1.));
#4635 = ORIENTED_EDGE('',*,*,#4636,.F.);
#4636 = EDGE_CURVE('',#4637,#4629,#4639,.T.);
#4637 = VERTEX_POINT('',#4638);
#4638 = CARTESIAN_POINT('',(-10.9999961853,74.,25.));
#4639 = LINE('',#4640,#4641);
#4640 = CARTESIAN_POINT('',(-16.63353159265,74.,25.));
#4641 = VECTOR('',#4642,1.);
#4642 = DIRECTION('',(1.,0.,0.));
#4643 = ORIENTED_EDGE('',*,*,#4644,.F.);
#4644 = EDGE_CURVE('',#4428,#4637,#4645,.T.);
#4645 = LINE('',#4646,#4647);
#4646 = CARTESIAN_POINT('',(-10.9999961853,74.,-37.5));
#4647 = VECTOR('',#4648,1.);
#4648 = DIRECTION('',(0.,-0.,1.));
#4649 = PLANE('',#4650);
#4650 = AXIS2_PLACEMENT_3D('',#4651,#4652,#4653);
#4651 = CARTESIAN_POINT('',(-22.267067,74.,0.));
#4652 = DIRECTION('',(0.,1.,0.));
#4653 = DIRECTION('',(1.,0.,0.));
#4654 = ( GEOMETRIC_REPRESENTATION_CONTEXT(3) 
GLOBAL_UNCERTAINTY_ASSIGNED_CONTEXT((#4658)) 
GLOBAL_UNIT_ASSIGNED_CONTEXT((#4655,#4656,#4657)) REPRESENTATION_CONTEXT
('Context #1','3D Context with UNIT and UNCERTAINTY') );
#4655 = ( LENGTH_UNIT() NAMED_UNIT(*) SI_UNIT(.MILLI.,.METRE.) );
#4656 = ( NAMED_UNIT(*) PLANE_ANGLE_UNIT() SI_UNIT($,.RADIAN.) );
#4657 = ( NAMED_UNIT(*) SI_UNIT($,.STERADIAN.) SOLID_ANGLE_UNIT() );
#4658 = UNCERTAINTY_MEASURE_WITH_UNIT(LENGTH_MEASURE(1.E-07),#4655,
  'distance_accuracy_value','confusion accuracy');
#4659 = CONTEXT_DEPENDENT_SHAPE_REPRESENTATION(#4660,#4662);
#4660 = ( REPRESENTATION_RELATIONSHIP('','',#4418,#10) 
REPRESENTATION_RELATIONSHIP_WITH_TRANSFORMATION(#4661) 
SHAPE_REPRESENTATION_RELATIONSHIP() );
#4661 = ITEM_DEFINED_TRANSFORMATION('','',#11,#83);
#4662 = PRODUCT_DEFINITION_SHAPE('Placement','Placement of an item',
  #4663);
#4663 = NEXT_ASSEMBLY_USAGE_OCCURRENCE('42','x_breads017','',#5,#4413,$
  );
#4664 = PRODUCT_RELATED_PRODUCT_CATEGORY('part',$,(#4415));
#4665 = MECHANICAL_DESIGN_GEOMETRIC_PRESENTATION_REPRESENTATION('',(
    #4666),#3130);
#4666 = STYLED_ITEM('color',(#4667),#2895);
#4667 = PRESENTATION_STYLE_ASSIGNMENT((#4668,#4674));
#4668 = SURFACE_STYLE_USAGE(.BOTH.,#4669);
#4669 = SURFACE_SIDE_STYLE('',(#4670));
#4670 = SURFACE_STYLE_FILL_AREA(#4671);
#4671 = FILL_AREA_STYLE('',(#4672));
#4672 = FILL_AREA_STYLE_COLOUR('',#4673);
#4673 = COLOUR_RGB('',0.447058818107,0.474509808674,0.501960817233);
#4674 = CURVE_STYLE('',#4675,POSITIVE_LENGTH_MEASURE(0.1),#4676);
#4675 = DRAUGHTING_PRE_DEFINED_CURVE_FONT('continuous');
#4676 = COLOUR_RGB('',9.803921802644E-02,9.803921802644E-02,
  9.803921802644E-02);
#4677 = MECHANICAL_DESIGN_GEOMETRIC_PRESENTATION_REPRESENTATION('',(
    #4678),#1352);
#4678 = STYLED_ITEM('color',(#4679),#1117);
#4679 = PRESENTATION_STYLE_ASSIGNMENT((#4680,#4685));
#4680 = SURFACE_STYLE_USAGE(.BOTH.,#4681);
#4681 = SURFACE_SIDE_STYLE('',(#4682));
#4682 = SURFACE_STYLE_FILL_AREA(#4683);
#4683 = FILL_AREA_STYLE('',(#4684));
#4684 = FILL_AREA_STYLE_COLOUR('',#4673);
#4685 = CURVE_STYLE('',#4686,POSITIVE_LENGTH_MEASURE(0.1),#4676);
#4686 = DRAUGHTING_PRE_DEFINED_CURVE_FONT('continuous');
#4687 = MECHANICAL_DESIGN_GEOMETRIC_PRESENTATION_REPRESENTATION('',(
    #4688),#2622);
#4688 = STYLED_ITEM('color',(#4689),#2387);
#4689 = PRESENTATION_STYLE_ASSIGNMENT((#4690,#4695));
#4690 = SURFACE_STYLE_USAGE(.BOTH.,#4691);
#4691 = SURFACE_SIDE_STYLE('',(#4692));
#4692 = SURFACE_STYLE_FILL_AREA(#4693);
#4693 = FILL_AREA_STYLE('',(#4694));
#4694 = FILL_AREA_STYLE_COLOUR('',#4673);
#4695 = CURVE_STYLE('',#4696,POSITIVE_LENGTH_MEASURE(0.1),#4676);
#4696 = DRAUGHTING_PRE_DEFINED_CURVE_FONT('continuous');
#4697 = MECHANICAL_DESIGN_GEOMETRIC_PRESENTATION_REPRESENTATION('',(
    #4698),#3384);
#4698 = STYLED_ITEM('color',(#4699),#3149);
#4699 = PRESENTATION_STYLE_ASSIGNMENT((#4700,#4705));
#4700 = SURFACE_STYLE_USAGE(.BOTH.,#4701);
#4701 = SURFACE_SIDE_STYLE('',(#4702));
#4702 = SURFACE_STYLE_FILL_AREA(#4703);
#4703 = FILL_AREA_STYLE('',(#4704));
#4704 = FILL_AREA_STYLE_COLOUR('',#4673);
#4705 = CURVE_STYLE('',#4706,POSITIVE_LENGTH_MEASURE(0.1),#4676);
#4706 = DRAUGHTING_PRE_DEFINED_CURVE_FONT('continuous');
#4707 = MECHANICAL_DESIGN_GEOMETRIC_PRESENTATION_REPRESENTATION('',(
    #4708),#3638);
#4708 = STYLED_ITEM('color',(#4709),#3403);
#4709 = PRESENTATION_STYLE_ASSIGNMENT((#4710,#4715));
#4710 = SURFACE_STYLE_USAGE(.BOTH.,#4711);
#4711 = SURFACE_SIDE_STYLE('',(#4712));
#4712 = SURFACE_STYLE_FILL_AREA(#4713);
#4713 = FILL_AREA_STYLE('',(#4714));
#4714 = FILL_AREA_STYLE_COLOUR('',#4673);
#4715 = CURVE_STYLE('',#4716,POSITIVE_LENGTH_MEASURE(0.1),#4676);
#4716 = DRAUGHTING_PRE_DEFINED_CURVE_FONT('continuous');
#4717 = MECHANICAL_DESIGN_GEOMETRIC_PRESENTATION_REPRESENTATION('',(
    #4718),#590);
#4718 = STYLED_ITEM('color',(#4719),#355);
#4719 = PRESENTATION_STYLE_ASSIGNMENT((#4720,#4725));
#4720 = SURFACE_STYLE_USAGE(.BOTH.,#4721);
#4721 = SURFACE_SIDE_STYLE('',(#4722));
#4722 = SURFACE_STYLE_FILL_AREA(#4723);
#4723 = FILL_AREA_STYLE('',(#4724));
#4724 = FILL_AREA_STYLE_COLOUR('',#4673);
#4725 = CURVE_STYLE('',#4726,POSITIVE_LENGTH_MEASURE(0.1),#4676);
#4726 = DRAUGHTING_PRE_DEFINED_CURVE_FONT('continuous');
#4727 = MECHANICAL_DESIGN_GEOMETRIC_PRESENTATION_REPRESENTATION('',(
    #4728),#3892);
#4728 = STYLED_ITEM('color',(#4729),#3657);
#4729 = PRESENTATION_STYLE_ASSIGNMENT((#4730,#4735));
#4730 = SURFACE_STYLE_USAGE(.BOTH.,#4731);
#4731 = SURFACE_SIDE_STYLE('',(#4732));
#4732 = SURFACE_STYLE_FILL_AREA(#4733);
#4733 = FILL_AREA_STYLE('',(#4734));
#4734 = FILL_AREA_STYLE_COLOUR('',#4673);
#4735 = CURVE_STYLE('',#4736,POSITIVE_LENGTH_MEASURE(0.1),#4676);
#4736 = DRAUGHTING_PRE_DEFINED_CURVE_FONT('continuous');
#4737 = MECHANICAL_DESIGN_GEOMETRIC_PRESENTATION_REPRESENTATION('',(
    #4738),#2368);
#4738 = STYLED_ITEM('color',(#4739),#2133);
#4739 = PRESENTATION_STYLE_ASSIGNMENT((#4740,#4745));
#4740 = SURFACE_STYLE_USAGE(.BOTH.,#4741);
#4741 = SURFACE_SIDE_STYLE('',(#4742));
#4742 = SURFACE_STYLE_FILL_AREA(#4743);
#4743 = FILL_AREA_STYLE('',(#4744));
#4744 = FILL_AREA_STYLE_COLOUR('',#4673);
#4745 = CURVE_STYLE('',#4746,POSITIVE_LENGTH_MEASURE(0.1),#4676);
#4746 = DRAUGHTING_PRE_DEFINED_CURVE_FONT('continuous');
#4747 = MECHANICAL_DESIGN_GEOMETRIC_PRESENTATION_REPRESENTATION('',(
    #4748),#1098);
#4748 = STYLED_ITEM('color',(#4749),#863);
#4749 = PRESENTATION_STYLE_ASSIGNMENT((#4750,#4755));
#4750 = SURFACE_STYLE_USAGE(.BOTH.,#4751);
#4751 = SURFACE_SIDE_STYLE('',(#4752));
#4752 = SURFACE_STYLE_FILL_AREA(#4753);
#4753 = FILL_AREA_STYLE('',(#4754));
#4754 = FILL_AREA_STYLE_COLOUR('',#4673);
#4755 = CURVE_STYLE('',#4756,POSITIVE_LENGTH_MEASURE(0.1),#4676);
#4756 = DRAUGHTING_PRE_DEFINED_CURVE_FONT('continuous');
#4757 = MECHANICAL_DESIGN_GEOMETRIC_PRESENTATION_REPRESENTATION('',(
    #4758),#4146);
#4758 = STYLED_ITEM('color',(#4759),#3911);
#4759 = PRESENTATION_STYLE_ASSIGNMENT((#4760,#4765));
#4760 = SURFACE_STYLE_USAGE(.BOTH.,#4761);
#4761 = SURFACE_SIDE_STYLE('',(#4762));
#4762 = SURFACE_STYLE_FILL_AREA(#4763);
#4763 = FILL_AREA_STYLE('',(#4764));
#4764 = FILL_AREA_STYLE_COLOUR('',#4673);
#4765 = CURVE_STYLE('',#4766,POSITIVE_LENGTH_MEASURE(0.1),#4676);
#4766 = DRAUGHTING_PRE_DEFINED_CURVE_FONT('continuous');
#4767 = MECHANICAL_DESIGN_GEOMETRIC_PRESENTATION_REPRESENTATION('',(
    #4768),#844);
#4768 = STYLED_ITEM('color',(#4769),#609);
#4769 = PRESENTATION_STYLE_ASSIGNMENT((#4770,#4775));
#4770 = SURFACE_STYLE_USAGE(.BOTH.,#4771);
#4771 = SURFACE_SIDE_STYLE('',(#4772));
#4772 = SURFACE_STYLE_FILL_AREA(#4773);
#4773 = FILL_AREA_STYLE('',(#4774));
#4774 = FILL_AREA_STYLE_COLOUR('',#4673);
#4775 = CURVE_STYLE('',#4776,POSITIVE_LENGTH_MEASURE(0.1),#4676);
#4776 = DRAUGHTING_PRE_DEFINED_CURVE_FONT('continuous');
#4777 = MECHANICAL_DESIGN_GEOMETRIC_PRESENTATION_REPRESENTATION('',(
    #4778),#1606);
#4778 = STYLED_ITEM('color',(#4779),#1371);
#4779 = PRESENTATION_STYLE_ASSIGNMENT((#4780,#4785));
#4780 = SURFACE_STYLE_USAGE(.BOTH.,#4781);
#4781 = SURFACE_SIDE_STYLE('',(#4782));
#4782 = SURFACE_STYLE_FILL_AREA(#4783);
#4783 = FILL_AREA_STYLE('',(#4784));
#4784 = FILL_AREA_STYLE_COLOUR('',#4673);
#4785 = CURVE_STYLE('',#4786,POSITIVE_LENGTH_MEASURE(0.1),#4676);
#4786 = DRAUGHTING_PRE_DEFINED_CURVE_FONT('continuous');
#4787 = MECHANICAL_DESIGN_GEOMETRIC_PRESENTATION_REPRESENTATION('',(
    #4788),#336);
#4788 = STYLED_ITEM('color',(#4789),#101);
#4789 = PRESENTATION_STYLE_ASSIGNMENT((#4790,#4795));
#4790 = SURFACE_STYLE_USAGE(.BOTH.,#4791);
#4791 = SURFACE_SIDE_STYLE('',(#4792));
#4792 = SURFACE_STYLE_FILL_AREA(#4793);
#4793 = FILL_AREA_STYLE('',(#4794));
#4794 = FILL_AREA_STYLE_COLOUR('',#4673);
#4795 = CURVE_STYLE('',#4796,POSITIVE_LENGTH_MEASURE(0.1),#4676);
#4796 = DRAUGHTING_PRE_DEFINED_CURVE_FONT('continuous');
#4797 = MECHANICAL_DESIGN_GEOMETRIC_PRESENTATION_REPRESENTATION('',(
    #4798),#2876);
#4798 = STYLED_ITEM('color',(#4799),#2641);
#4799 = PRESENTATION_STYLE_ASSIGNMENT((#4800,#4805));
#4800 = SURFACE_STYLE_USAGE(.BOTH.,#4801);
#4801 = SURFACE_SIDE_STYLE('',(#4802));
#4802 = SURFACE_STYLE_FILL_AREA(#4803);
#4803 = FILL_AREA_STYLE('',(#4804));
#4804 = FILL_AREA_STYLE_COLOUR('',#4673);
#4805 = CURVE_STYLE('',#4806,POSITIVE_LENGTH_MEASURE(0.1),#4676);
#4806 = DRAUGHTING_PRE_DEFINED_CURVE_FONT('continuous');
#4807 = MECHANICAL_DESIGN_GEOMETRIC_PRESENTATION_REPRESENTATION('',(
    #4808),#1860);
#4808 = STYLED_ITEM('color',(#4809),#1625);
#4809 = PRESENTATION_STYLE_ASSIGNMENT((#4810,#4815));
#4810 = SURFACE_STYLE_USAGE(.BOTH.,#4811);
#4811 = SURFACE_SIDE_STYLE('',(#4812));
#4812 = SURFACE_STYLE_FILL_AREA(#4813);
#4813 = FILL_AREA_STYLE('',(#4814));
#4814 = FILL_AREA_STYLE_COLOUR('',#4673);
#4815 = CURVE_STYLE('',#4816,POSITIVE_LENGTH_MEASURE(0.1),#4676);
#4816 = DRAUGHTING_PRE_DEFINED_CURVE_FONT('continuous');
#4817 = MECHANICAL_DESIGN_GEOMETRIC_PRESENTATION_REPRESENTATION('',(
    #4818),#4400);
#4818 = STYLED_ITEM('color',(#4819),#4165);
#4819 = PRESENTATION_STYLE_ASSIGNMENT((#4820,#4825));
#4820 = SURFACE_STYLE_USAGE(.BOTH.,#4821);
#4821 = SURFACE_SIDE_STYLE('',(#4822));
#4822 = SURFACE_STYLE_FILL_AREA(#4823);
#4823 = FILL_AREA_STYLE('',(#4824));
#4824 = FILL_AREA_STYLE_COLOUR('',#4673);
#4825 = CURVE_STYLE('',#4826,POSITIVE_LENGTH_MEASURE(0.1),#4676);
#4826 = DRAUGHTING_PRE_DEFINED_CURVE_FONT('continuous');
#4827 = MECHANICAL_DESIGN_GEOMETRIC_PRESENTATION_REPRESENTATION('',(
    #4828),#4654);
#4828 = STYLED_ITEM('color',(#4829),#4419);
#4829 = PRESENTATION_STYLE_ASSIGNMENT((#4830,#4835));
#4830 = SURFACE_STYLE_USAGE(.BOTH.,#4831);
#4831 = SURFACE_SIDE_STYLE('',(#4832));
#4832 = SURFACE_STYLE_FILL_AREA(#4833);
#4833 = FILL_AREA_STYLE('',(#4834));
#4834 = FILL_AREA_STYLE_COLOUR('',#4673);
#4835 = CURVE_STYLE('',#4836,POSITIVE_LENGTH_MEASURE(0.1),#4676);
#4836 = DRAUGHTING_PRE_DEFINED_CURVE_FONT('continuous');
#4837 = MECHANICAL_DESIGN_GEOMETRIC_PRESENTATION_REPRESENTATION('',(
    #4838),#2114);
#4838 = STYLED_ITEM('color',(#4839),#1879);
#4839 = PRESENTATION_STYLE_ASSIGNMENT((#4840,#4845));
#4840 = SURFACE_STYLE_USAGE(.BOTH.,#4841);
#4841 = SURFACE_SIDE_STYLE('',(#4842));
#4842 = SURFACE_STYLE_FILL_AREA(#4843);
#4843 = FILL_AREA_STYLE('',(#4844));
#4844 = FILL_AREA_STYLE_COLOUR('',#4673);
#4845 = CURVE_STYLE('',#4846,POSITIVE_LENGTH_MEASURE(0.1),#4676);
#4846 = DRAUGHTING_PRE_DEFINED_CURVE_FONT('continuous');
ENDSEC;
END-ISO-10303-21;
