ISO-10303-21;
HEADER;
FILE_DESCRIPTION(('FreeCAD Model'),'2;1');
FILE_NAME('Open CASCADE Shape Model','2026-02-26T00:38:07',(''),(''),
  'Open CASCADE STEP processor 7.9','FreeCAD','Unknown');
FILE_SCHEMA(('AUTOMOTIVE_DESIGN { 1 0 10303 214 1 1 1 1 }'));
ENDSEC;
DATA;
#1 = APPLICATION_PROTOCOL_DEFINITION('international standard',
  'automotive_design',2000,#2);
#2 = APPLICATION_CONTEXT(
  'core data for automotive mechanical design processes');
#3 = SHAPE_DEFINITION_REPRESENTATION(#4,#10);
#4 = PRODUCT_DEFINITION_SHAPE('','',#5);
#5 = PRODUCT_DEFINITION('design','',#6,#9);
#6 = PRODUCT_DEFINITION_FORMATION('','',#7);
#7 = PRODUCT('y_breads006','y_breads006','',(#8));
#8 = PRODUCT_CONTEXT('',#2,'mechanical');
#9 = PRODUCT_DEFINITION_CONTEXT('part definition',#2,'design');
#10 = SHAPE_REPRESENTATION('',(#11,#15,#19,#23,#27,#31,#35),#39);
#11 = AXIS2_PLACEMENT_3D('',#12,#13,#14);
#12 = CARTESIAN_POINT('',(0.,0.,0.));
#13 = DIRECTION('',(0.,0.,1.));
#14 = DIRECTION('',(1.,0.,-0.));
#15 = AXIS2_PLACEMENT_3D('',#16,#17,#18);
#16 = CARTESIAN_POINT('',(0.,0.,70.));
#17 = DIRECTION('',(0.,0.,1.));
#18 = DIRECTION('',(1.,0.,0.));
#19 = AXIS2_PLACEMENT_3D('',#20,#21,#22);
#20 = CARTESIAN_POINT('',(0.,0.,140.));
#21 = DIRECTION('',(0.,0.,1.));
#22 = DIRECTION('',(1.,0.,0.));
#23 = AXIS2_PLACEMENT_3D('',#24,#25,#26);
#24 = CARTESIAN_POINT('',(0.,0.,210.));
#25 = DIRECTION('',(0.,0.,1.));
#26 = DIRECTION('',(1.,0.,0.));
#27 = AXIS2_PLACEMENT_3D('',#28,#29,#30);
#28 = CARTESIAN_POINT('',(0.,0.,280.));
#29 = DIRECTION('',(0.,0.,1.));
#30 = DIRECTION('',(1.,0.,0.));
#31 = AXIS2_PLACEMENT_3D('',#32,#33,#34);
#32 = CARTESIAN_POINT('',(0.,0.,350.));
#33 = DIRECTION('',(0.,0.,1.));
#34 = DIRECTION('',(1.,0.,0.));
#35 = AXIS2_PLACEMENT_3D('',#36,#37,#38);
#36 = CARTESIAN_POINT('',(0.,0.,420.));
#37 = DIRECTION('',(0.,0.,1.));
#38 = DIRECTION('',(1.,0.,0.));
#39 = ( GEOMETRIC_REPRESENTATION_CONTEXT(3) 
GLOBAL_UNCERTAINTY_ASSIGNED_CONTEXT((#43)) GLOBAL_UNIT_ASSIGNED_CONTEXT(
(#40,#41,#42)) REPRESENTATION_CONTEXT('Context #1',
  '3D Context with UNIT and UNCERTAINTY') );
#40 = ( LENGTH_UNIT() NAMED_UNIT(*) SI_UNIT(.MILLI.,.METRE.) );
#41 = ( NAMED_UNIT(*) PLANE_ANGLE_UNIT() SI_UNIT($,.RADIAN.) );
#42 = ( NAMED_UNIT(*) SI_UNIT($,.STERADIAN.) SOLID_ANGLE_UNIT() );
#43 = UNCERTAINTY_MEASURE_WITH_UNIT(LENGTH_MEASURE(1.E-07),#40,
  'distance_accuracy_value','confusion accuracy');
#44 = PRODUCT_RELATED_PRODUCT_CATEGORY('part',$,(#7));
#45 = SHAPE_DEFINITION_REPRESENTATION(#46,#52);
#46 = PRODUCT_DEFINITION_SHAPE('','',#47);
#47 = PRODUCT_DEFINITION('design','',#48,#51);
#48 = PRODUCT_DEFINITION_FORMATION('','',#49);
#49 = PRODUCT('y_breads','y_breads','',(#50));
#50 = PRODUCT_CONTEXT('',#2,'mechanical');
#51 = PRODUCT_DEFINITION_CONTEXT('part definition',#2,'design');
#52 = MANIFOLD_SURFACE_SHAPE_REPRESENTATION('',(#11,#53),#677);
#53 = SHELL_BASED_SURFACE_MODEL('',(#54));
#54 = OPEN_SHELL('',(#55));
#55 = ADVANCED_FACE('',(#56),#672,.T.);
#56 = FACE_BOUND('',#57,.T.);
#57 = EDGE_LOOP('',(#58,#68,#76,#85,#93,#101,#109,#118,#126,#134,#142,
    #151,#159,#167,#175,#183,#191,#199,#207,#215,#223,#231,#239,#247,
    #255,#263,#271,#279,#287,#295,#303,#311,#319,#327,#335,#343,#351,
    #359,#367,#375,#383,#391,#399,#407,#415,#423,#431,#439,#447,#455,
    #463,#471,#479,#487,#495,#503,#511,#519,#527,#535,#543,#551,#559,
    #567,#575,#583,#591,#600,#608,#616,#624,#633,#641,#649,#657,#666));
#58 = ORIENTED_EDGE('',*,*,#59,.F.);
#59 = EDGE_CURVE('',#60,#62,#64,.T.);
#60 = VERTEX_POINT('',#61);
#61 = CARTESIAN_POINT('',(-9.999996185303,3.819656700533,0.));
#62 = VERTEX_POINT('',#63);
#63 = CARTESIAN_POINT('',(-9.999996185303,76.180343299467,
    1.229837762941E-15));
#64 = LINE('',#65,#66);
#65 = CARTESIAN_POINT('',(-9.999996185303,-22.9939068079,0.));
#66 = VECTOR('',#67,1.);
#67 = DIRECTION('',(0.,1.,0.));
#68 = ORIENTED_EDGE('',*,*,#69,.T.);
#69 = EDGE_CURVE('',#60,#70,#72,.T.);
#70 = VERTEX_POINT('',#71);
#71 = CARTESIAN_POINT('',(-9.999996185303,3.819656700533,40.));
#72 = LINE('',#73,#74);
#73 = CARTESIAN_POINT('',(-9.999996185303,3.819656700533,0.));
#74 = VECTOR('',#75,1.);
#75 = DIRECTION('',(0.,0.,1.));
#76 = ORIENTED_EDGE('',*,*,#77,.T.);
#77 = EDGE_CURVE('',#70,#78,#80,.T.);
#78 = VERTEX_POINT('',#79);
#79 = CARTESIAN_POINT('',(-9.999996185303,5.,45.000007629387));
#80 = CIRCLE('',#81,11.180343299467);
#81 = AXIS2_PLACEMENT_3D('',#82,#83,#84);
#82 = CARTESIAN_POINT('',(-9.999996185303,15.,40.));
#83 = DIRECTION('',(-1.,0.,0.));
#84 = DIRECTION('',(0.,0.,-1.));
#85 = ORIENTED_EDGE('',*,*,#86,.T.);
#86 = EDGE_CURVE('',#78,#87,#89,.T.);
#87 = VERTEX_POINT('',#88);
#88 = CARTESIAN_POINT('',(-9.999996185303,5.,25.));
#89 = LINE('',#90,#91);
#90 = CARTESIAN_POINT('',(-9.999996185303,5.,12.5));
#91 = VECTOR('',#92,1.);
#92 = DIRECTION('',(0.,0.,-1.));
#93 = ORIENTED_EDGE('',*,*,#94,.F.);
#94 = EDGE_CURVE('',#95,#87,#97,.T.);
#95 = VERTEX_POINT('',#96);
#96 = CARTESIAN_POINT('',(-9.999996185303,7.,25.));
#97 = LINE('',#98,#99);
#98 = CARTESIAN_POINT('',(-9.999996185303,-8.996953403953,25.));
#99 = VECTOR('',#100,1.);
#100 = DIRECTION('',(-0.,-1.,-0.));
#101 = ORIENTED_EDGE('',*,*,#102,.F.);
#102 = EDGE_CURVE('',#103,#95,#105,.T.);
#103 = VERTEX_POINT('',#104);
#104 = CARTESIAN_POINT('',(-9.999996185303,7.,47.810254560124));
#105 = LINE('',#106,#107);
#106 = CARTESIAN_POINT('',(-9.999996185303,7.,12.5));
#107 = VECTOR('',#108,1.);
#108 = DIRECTION('',(0.,0.,-1.));
#109 = ORIENTED_EDGE('',*,*,#110,.T.);
#110 = EDGE_CURVE('',#103,#111,#113,.T.);
#111 = VERTEX_POINT('',#112);
#112 = CARTESIAN_POINT('',(-9.999996185303,9.,49.433985175626));
#113 = CIRCLE('',#114,11.180343299467);
#114 = AXIS2_PLACEMENT_3D('',#115,#116,#117);
#115 = CARTESIAN_POINT('',(-9.999996185303,15.,40.));
#116 = DIRECTION('',(-1.,0.,0.));
#117 = DIRECTION('',(0.,0.,-1.));
#118 = ORIENTED_EDGE('',*,*,#119,.T.);
#119 = EDGE_CURVE('',#111,#120,#122,.T.);
#120 = VERTEX_POINT('',#121);
#121 = CARTESIAN_POINT('',(-9.999996185303,9.,25.));
#122 = LINE('',#123,#124);
#123 = CARTESIAN_POINT('',(-9.999996185303,9.,12.5));
#124 = VECTOR('',#125,1.);
#125 = DIRECTION('',(0.,0.,-1.));
#126 = ORIENTED_EDGE('',*,*,#127,.F.);
#127 = EDGE_CURVE('',#128,#120,#130,.T.);
#128 = VERTEX_POINT('',#129);
#129 = CARTESIAN_POINT('',(-9.999996185303,11.,25.));
#130 = LINE('',#131,#132);
#131 = CARTESIAN_POINT('',(-9.999996185303,-6.996953403953,25.));
#132 = VECTOR('',#133,1.);
#133 = DIRECTION('',(-0.,-1.,-0.));
#134 = ORIENTED_EDGE('',*,*,#135,.F.);
#135 = EDGE_CURVE('',#136,#128,#138,.T.);
#136 = VERTEX_POINT('',#137);
#137 = CARTESIAN_POINT('',(-9.999996185303,11.,50.440310162727));
#138 = LINE('',#139,#140);
#139 = CARTESIAN_POINT('',(-9.999996185303,11.,12.5));
#140 = VECTOR('',#141,1.);
#141 = DIRECTION('',(0.,0.,-1.));
#142 = ORIENTED_EDGE('',*,*,#143,.T.);
#143 = EDGE_CURVE('',#136,#144,#146,.T.);
#144 = VERTEX_POINT('',#145);
#145 = CARTESIAN_POINT('',(-9.999996185303,13.,51.000003467905));
#146 = CIRCLE('',#147,11.180343299467);
#147 = AXIS2_PLACEMENT_3D('',#148,#149,#150);
#148 = CARTESIAN_POINT('',(-9.999996185303,15.,40.));
#149 = DIRECTION('',(-1.,0.,0.));
#150 = DIRECTION('',(0.,0.,-1.));
#151 = ORIENTED_EDGE('',*,*,#152,.T.);
#152 = EDGE_CURVE('',#144,#153,#155,.T.);
#153 = VERTEX_POINT('',#154);
#154 = CARTESIAN_POINT('',(-9.999996185303,13.,25.));
#155 = LINE('',#156,#157);
#156 = CARTESIAN_POINT('',(-9.999996185303,13.,12.5));
#157 = VECTOR('',#158,1.);
#158 = DIRECTION('',(0.,0.,-1.));
#159 = ORIENTED_EDGE('',*,*,#160,.F.);
#160 = EDGE_CURVE('',#161,#153,#163,.T.);
#161 = VERTEX_POINT('',#162);
#162 = CARTESIAN_POINT('',(-9.999996185303,15.,25.));
#163 = LINE('',#164,#165);
#164 = CARTESIAN_POINT('',(-9.999996185303,-4.996953403953,25.));
#165 = VECTOR('',#166,1.);
#166 = DIRECTION('',(-0.,-1.,-0.));
#167 = ORIENTED_EDGE('',*,*,#168,.F.);
#168 = EDGE_CURVE('',#169,#161,#171,.T.);
#169 = VERTEX_POINT('',#170);
#170 = CARTESIAN_POINT('',(-9.999996185303,15.,51.180343299467));
#171 = LINE('',#172,#173);
#172 = CARTESIAN_POINT('',(-9.999996185303,15.,12.5));
#173 = VECTOR('',#174,1.);
#174 = DIRECTION('',(0.,0.,-1.));
#175 = ORIENTED_EDGE('',*,*,#176,.F.);
#176 = EDGE_CURVE('',#177,#169,#179,.T.);
#177 = VERTEX_POINT('',#178);
#178 = CARTESIAN_POINT('',(-9.999996185303,17.,51.180343299467));
#179 = LINE('',#180,#181);
#180 = CARTESIAN_POINT('',(-9.999996185303,15.,51.180343299467));
#181 = VECTOR('',#182,1.);
#182 = DIRECTION('',(0.,-1.,2.2E-16));
#183 = ORIENTED_EDGE('',*,*,#184,.T.);
#184 = EDGE_CURVE('',#177,#185,#187,.T.);
#185 = VERTEX_POINT('',#186);
#186 = CARTESIAN_POINT('',(-9.999996185303,17.,25.));
#187 = LINE('',#188,#189);
#188 = CARTESIAN_POINT('',(-9.999996185303,17.,12.5));
#189 = VECTOR('',#190,1.);
#190 = DIRECTION('',(0.,0.,-1.));
#191 = ORIENTED_EDGE('',*,*,#192,.F.);
#192 = EDGE_CURVE('',#193,#185,#195,.T.);
#193 = VERTEX_POINT('',#194);
#194 = CARTESIAN_POINT('',(-9.999996185303,19.,25.));
#195 = LINE('',#196,#197);
#196 = CARTESIAN_POINT('',(-9.999996185303,-2.996953403953,25.));
#197 = VECTOR('',#198,1.);
#198 = DIRECTION('',(-0.,-1.,-0.));
#199 = ORIENTED_EDGE('',*,*,#200,.F.);
#200 = EDGE_CURVE('',#201,#193,#203,.T.);
#201 = VERTEX_POINT('',#202);
#202 = CARTESIAN_POINT('',(-9.999996185303,19.,51.180343299467));
#203 = LINE('',#204,#205);
#204 = CARTESIAN_POINT('',(-9.999996185303,19.,12.5));
#205 = VECTOR('',#206,1.);
#206 = DIRECTION('',(0.,0.,-1.));
#207 = ORIENTED_EDGE('',*,*,#208,.F.);
#208 = EDGE_CURVE('',#209,#201,#211,.T.);
#209 = VERTEX_POINT('',#210);
#210 = CARTESIAN_POINT('',(-9.999996185303,21.,51.180343299467));
#211 = LINE('',#212,#213);
#212 = CARTESIAN_POINT('',(-9.999996185303,15.,51.180343299467));
#213 = VECTOR('',#214,1.);
#214 = DIRECTION('',(0.,-1.,2.2E-16));
#215 = ORIENTED_EDGE('',*,*,#216,.T.);
#216 = EDGE_CURVE('',#209,#217,#219,.T.);
#217 = VERTEX_POINT('',#218);
#218 = CARTESIAN_POINT('',(-9.999996185303,21.,25.));
#219 = LINE('',#220,#221);
#220 = CARTESIAN_POINT('',(-9.999996185303,21.,12.5));
#221 = VECTOR('',#222,1.);
#222 = DIRECTION('',(0.,0.,-1.));
#223 = ORIENTED_EDGE('',*,*,#224,.F.);
#224 = EDGE_CURVE('',#225,#217,#227,.T.);
#225 = VERTEX_POINT('',#226);
#226 = CARTESIAN_POINT('',(-9.999996185303,23.,25.));
#227 = LINE('',#228,#229);
#228 = CARTESIAN_POINT('',(-9.999996185303,-0.996953403953,25.));
#229 = VECTOR('',#230,1.);
#230 = DIRECTION('',(-0.,-1.,-0.));
#231 = ORIENTED_EDGE('',*,*,#232,.F.);
#232 = EDGE_CURVE('',#233,#225,#235,.T.);
#233 = VERTEX_POINT('',#234);
#234 = CARTESIAN_POINT('',(-9.999996185303,23.,51.180343299467));
#235 = LINE('',#236,#237);
#236 = CARTESIAN_POINT('',(-9.999996185303,23.,12.5));
#237 = VECTOR('',#238,1.);
#238 = DIRECTION('',(0.,0.,-1.));
#239 = ORIENTED_EDGE('',*,*,#240,.F.);
#240 = EDGE_CURVE('',#241,#233,#243,.T.);
#241 = VERTEX_POINT('',#242);
#242 = CARTESIAN_POINT('',(-9.999996185303,25.,51.180343299467));
#243 = LINE('',#244,#245);
#244 = CARTESIAN_POINT('',(-9.999996185303,15.,51.180343299467));
#245 = VECTOR('',#246,1.);
#246 = DIRECTION('',(0.,-1.,2.2E-16));
#247 = ORIENTED_EDGE('',*,*,#248,.T.);
#248 = EDGE_CURVE('',#241,#249,#251,.T.);
#249 = VERTEX_POINT('',#250);
#250 = CARTESIAN_POINT('',(-9.999996185303,25.,25.));
#251 = LINE('',#252,#253);
#252 = CARTESIAN_POINT('',(-9.999996185303,25.,12.5));
#253 = VECTOR('',#254,1.);
#254 = DIRECTION('',(0.,0.,-1.));
#255 = ORIENTED_EDGE('',*,*,#256,.F.);
#256 = EDGE_CURVE('',#257,#249,#259,.T.);
#257 = VERTEX_POINT('',#258);
#258 = CARTESIAN_POINT('',(-9.999996185303,27.,25.));
#259 = LINE('',#260,#261);
#260 = CARTESIAN_POINT('',(-9.999996185303,1.003046596047,25.));
#261 = VECTOR('',#262,1.);
#262 = DIRECTION('',(-0.,-1.,-0.));
#263 = ORIENTED_EDGE('',*,*,#264,.F.);
#264 = EDGE_CURVE('',#265,#257,#267,.T.);
#265 = VERTEX_POINT('',#266);
#266 = CARTESIAN_POINT('',(-9.999996185303,27.,51.180343299467));
#267 = LINE('',#268,#269);
#268 = CARTESIAN_POINT('',(-9.999996185303,27.,12.5));
#269 = VECTOR('',#270,1.);
#270 = DIRECTION('',(0.,0.,-1.));
#271 = ORIENTED_EDGE('',*,*,#272,.F.);
#272 = EDGE_CURVE('',#273,#265,#275,.T.);
#273 = VERTEX_POINT('',#274);
#274 = CARTESIAN_POINT('',(-9.999996185303,29.,51.180343299467));
#275 = LINE('',#276,#277);
#276 = CARTESIAN_POINT('',(-9.999996185303,15.,51.180343299467));
#277 = VECTOR('',#278,1.);
#278 = DIRECTION('',(0.,-1.,2.2E-16));
#279 = ORIENTED_EDGE('',*,*,#280,.T.);
#280 = EDGE_CURVE('',#273,#281,#283,.T.);
#281 = VERTEX_POINT('',#282);
#282 = CARTESIAN_POINT('',(-9.999996185303,29.,25.));
#283 = LINE('',#284,#285);
#284 = CARTESIAN_POINT('',(-9.999996185303,29.,12.5));
#285 = VECTOR('',#286,1.);
#286 = DIRECTION('',(0.,0.,-1.));
#287 = ORIENTED_EDGE('',*,*,#288,.F.);
#288 = EDGE_CURVE('',#289,#281,#291,.T.);
#289 = VERTEX_POINT('',#290);
#290 = CARTESIAN_POINT('',(-9.999996185303,31.,25.));
#291 = LINE('',#292,#293);
#292 = CARTESIAN_POINT('',(-9.999996185303,3.003046596047,25.));
#293 = VECTOR('',#294,1.);
#294 = DIRECTION('',(-0.,-1.,-0.));
#295 = ORIENTED_EDGE('',*,*,#296,.F.);
#296 = EDGE_CURVE('',#297,#289,#299,.T.);
#297 = VERTEX_POINT('',#298);
#298 = CARTESIAN_POINT('',(-9.999996185303,31.,51.180343299467));
#299 = LINE('',#300,#301);
#300 = CARTESIAN_POINT('',(-9.999996185303,31.,12.5));
#301 = VECTOR('',#302,1.);
#302 = DIRECTION('',(0.,0.,-1.));
#303 = ORIENTED_EDGE('',*,*,#304,.F.);
#304 = EDGE_CURVE('',#305,#297,#307,.T.);
#305 = VERTEX_POINT('',#306);
#306 = CARTESIAN_POINT('',(-9.999996185303,33.,51.180343299467));
#307 = LINE('',#308,#309);
#308 = CARTESIAN_POINT('',(-9.999996185303,15.,51.180343299467));
#309 = VECTOR('',#310,1.);
#310 = DIRECTION('',(0.,-1.,2.2E-16));
#311 = ORIENTED_EDGE('',*,*,#312,.T.);
#312 = EDGE_CURVE('',#305,#313,#315,.T.);
#313 = VERTEX_POINT('',#314);
#314 = CARTESIAN_POINT('',(-9.999996185303,33.,25.));
#315 = LINE('',#316,#317);
#316 = CARTESIAN_POINT('',(-9.999996185303,33.,12.5));
#317 = VECTOR('',#318,1.);
#318 = DIRECTION('',(0.,0.,-1.));
#319 = ORIENTED_EDGE('',*,*,#320,.F.);
#320 = EDGE_CURVE('',#321,#313,#323,.T.);
#321 = VERTEX_POINT('',#322);
#322 = CARTESIAN_POINT('',(-9.999996185303,35.,25.));
#323 = LINE('',#324,#325);
#324 = CARTESIAN_POINT('',(-9.999996185303,5.003046596047,25.));
#325 = VECTOR('',#326,1.);
#326 = DIRECTION('',(-0.,-1.,-0.));
#327 = ORIENTED_EDGE('',*,*,#328,.F.);
#328 = EDGE_CURVE('',#329,#321,#331,.T.);
#329 = VERTEX_POINT('',#330);
#330 = CARTESIAN_POINT('',(-9.999996185303,35.,51.180343299467));
#331 = LINE('',#332,#333);
#332 = CARTESIAN_POINT('',(-9.999996185303,35.,12.5));
#333 = VECTOR('',#334,1.);
#334 = DIRECTION('',(0.,0.,-1.));
#335 = ORIENTED_EDGE('',*,*,#336,.F.);
#336 = EDGE_CURVE('',#337,#329,#339,.T.);
#337 = VERTEX_POINT('',#338);
#338 = CARTESIAN_POINT('',(-9.999996185303,37.,51.180343299467));
#339 = LINE('',#340,#341);
#340 = CARTESIAN_POINT('',(-9.999996185303,15.,51.180343299467));
#341 = VECTOR('',#342,1.);
#342 = DIRECTION('',(0.,-1.,2.2E-16));
#343 = ORIENTED_EDGE('',*,*,#344,.T.);
#344 = EDGE_CURVE('',#337,#345,#347,.T.);
#345 = VERTEX_POINT('',#346);
#346 = CARTESIAN_POINT('',(-9.999996185303,37.,25.));
#347 = LINE('',#348,#349);
#348 = CARTESIAN_POINT('',(-9.999996185303,37.,12.5));
#349 = VECTOR('',#350,1.);
#350 = DIRECTION('',(0.,0.,-1.));
#351 = ORIENTED_EDGE('',*,*,#352,.F.);
#352 = EDGE_CURVE('',#353,#345,#355,.T.);
#353 = VERTEX_POINT('',#354);
#354 = CARTESIAN_POINT('',(-9.999996185303,39.,25.));
#355 = LINE('',#356,#357);
#356 = CARTESIAN_POINT('',(-9.999996185303,7.003046596047,25.));
#357 = VECTOR('',#358,1.);
#358 = DIRECTION('',(-0.,-1.,-0.));
#359 = ORIENTED_EDGE('',*,*,#360,.F.);
#360 = EDGE_CURVE('',#361,#353,#363,.T.);
#361 = VERTEX_POINT('',#362);
#362 = CARTESIAN_POINT('',(-9.999996185303,39.,51.180343299467));
#363 = LINE('',#364,#365);
#364 = CARTESIAN_POINT('',(-9.999996185303,39.,12.5));
#365 = VECTOR('',#366,1.);
#366 = DIRECTION('',(0.,0.,-1.));
#367 = ORIENTED_EDGE('',*,*,#368,.F.);
#368 = EDGE_CURVE('',#369,#361,#371,.T.);
#369 = VERTEX_POINT('',#370);
#370 = CARTESIAN_POINT('',(-9.999996185303,41.,51.180343299467));
#371 = LINE('',#372,#373);
#372 = CARTESIAN_POINT('',(-9.999996185303,15.,51.180343299467));
#373 = VECTOR('',#374,1.);
#374 = DIRECTION('',(0.,-1.,2.2E-16));
#375 = ORIENTED_EDGE('',*,*,#376,.T.);
#376 = EDGE_CURVE('',#369,#377,#379,.T.);
#377 = VERTEX_POINT('',#378);
#378 = CARTESIAN_POINT('',(-9.999996185303,41.,25.));
#379 = LINE('',#380,#381);
#380 = CARTESIAN_POINT('',(-9.999996185303,41.,12.5));
#381 = VECTOR('',#382,1.);
#382 = DIRECTION('',(0.,0.,-1.));
#383 = ORIENTED_EDGE('',*,*,#384,.F.);
#384 = EDGE_CURVE('',#385,#377,#387,.T.);
#385 = VERTEX_POINT('',#386);
#386 = CARTESIAN_POINT('',(-9.999996185303,43.,25.));
#387 = LINE('',#388,#389);
#388 = CARTESIAN_POINT('',(-9.999996185303,9.003046596047,25.));
#389 = VECTOR('',#390,1.);
#390 = DIRECTION('',(-0.,-1.,-0.));
#391 = ORIENTED_EDGE('',*,*,#392,.F.);
#392 = EDGE_CURVE('',#393,#385,#395,.T.);
#393 = VERTEX_POINT('',#394);
#394 = CARTESIAN_POINT('',(-9.999996185303,43.,51.180343299467));
#395 = LINE('',#396,#397);
#396 = CARTESIAN_POINT('',(-9.999996185303,43.,12.5));
#397 = VECTOR('',#398,1.);
#398 = DIRECTION('',(0.,0.,-1.));
#399 = ORIENTED_EDGE('',*,*,#400,.F.);
#400 = EDGE_CURVE('',#401,#393,#403,.T.);
#401 = VERTEX_POINT('',#402);
#402 = CARTESIAN_POINT('',(-9.999996185303,45.,51.180343299467));
#403 = LINE('',#404,#405);
#404 = CARTESIAN_POINT('',(-9.999996185303,15.,51.180343299467));
#405 = VECTOR('',#406,1.);
#406 = DIRECTION('',(0.,-1.,2.2E-16));
#407 = ORIENTED_EDGE('',*,*,#408,.T.);
#408 = EDGE_CURVE('',#401,#409,#411,.T.);
#409 = VERTEX_POINT('',#410);
#410 = CARTESIAN_POINT('',(-9.999996185303,45.,25.));
#411 = LINE('',#412,#413);
#412 = CARTESIAN_POINT('',(-9.999996185303,45.,12.5));
#413 = VECTOR('',#414,1.);
#414 = DIRECTION('',(0.,0.,-1.));
#415 = ORIENTED_EDGE('',*,*,#416,.F.);
#416 = EDGE_CURVE('',#417,#409,#419,.T.);
#417 = VERTEX_POINT('',#418);
#418 = CARTESIAN_POINT('',(-9.999996185303,47.,25.));
#419 = LINE('',#420,#421);
#420 = CARTESIAN_POINT('',(-9.999996185303,11.003046596047,25.));
#421 = VECTOR('',#422,1.);
#422 = DIRECTION('',(-0.,-1.,-0.));
#423 = ORIENTED_EDGE('',*,*,#424,.F.);
#424 = EDGE_CURVE('',#425,#417,#427,.T.);
#425 = VERTEX_POINT('',#426);
#426 = CARTESIAN_POINT('',(-9.999996185303,47.,51.180343299467));
#427 = LINE('',#428,#429);
#428 = CARTESIAN_POINT('',(-9.999996185303,47.,12.5));
#429 = VECTOR('',#430,1.);
#430 = DIRECTION('',(0.,0.,-1.));
#431 = ORIENTED_EDGE('',*,*,#432,.F.);
#432 = EDGE_CURVE('',#433,#425,#435,.T.);
#433 = VERTEX_POINT('',#434);
#434 = CARTESIAN_POINT('',(-9.999996185303,49.,51.180343299467));
#435 = LINE('',#436,#437);
#436 = CARTESIAN_POINT('',(-9.999996185303,15.,51.180343299467));
#437 = VECTOR('',#438,1.);
#438 = DIRECTION('',(0.,-1.,2.2E-16));
#439 = ORIENTED_EDGE('',*,*,#440,.T.);
#440 = EDGE_CURVE('',#433,#441,#443,.T.);
#441 = VERTEX_POINT('',#442);
#442 = CARTESIAN_POINT('',(-9.999996185303,49.,25.));
#443 = LINE('',#444,#445);
#444 = CARTESIAN_POINT('',(-9.999996185303,49.,12.5));
#445 = VECTOR('',#446,1.);
#446 = DIRECTION('',(0.,0.,-1.));
#447 = ORIENTED_EDGE('',*,*,#448,.F.);
#448 = EDGE_CURVE('',#449,#441,#451,.T.);
#449 = VERTEX_POINT('',#450);
#450 = CARTESIAN_POINT('',(-9.999996185303,51.,25.));
#451 = LINE('',#452,#453);
#452 = CARTESIAN_POINT('',(-9.999996185303,13.003046596047,25.));
#453 = VECTOR('',#454,1.);
#454 = DIRECTION('',(-0.,-1.,-0.));
#455 = ORIENTED_EDGE('',*,*,#456,.F.);
#456 = EDGE_CURVE('',#457,#449,#459,.T.);
#457 = VERTEX_POINT('',#458);
#458 = CARTESIAN_POINT('',(-9.999996185303,51.,51.180343299467));
#459 = LINE('',#460,#461);
#460 = CARTESIAN_POINT('',(-9.999996185303,51.,12.5));
#461 = VECTOR('',#462,1.);
#462 = DIRECTION('',(0.,0.,-1.));
#463 = ORIENTED_EDGE('',*,*,#464,.F.);
#464 = EDGE_CURVE('',#465,#457,#467,.T.);
#465 = VERTEX_POINT('',#466);
#466 = CARTESIAN_POINT('',(-9.999996185303,53.,51.180343299467));
#467 = LINE('',#468,#469);
#468 = CARTESIAN_POINT('',(-9.999996185303,15.,51.180343299467));
#469 = VECTOR('',#470,1.);
#470 = DIRECTION('',(0.,-1.,2.2E-16));
#471 = ORIENTED_EDGE('',*,*,#472,.T.);
#472 = EDGE_CURVE('',#465,#473,#475,.T.);
#473 = VERTEX_POINT('',#474);
#474 = CARTESIAN_POINT('',(-9.999996185303,53.,25.));
#475 = LINE('',#476,#477);
#476 = CARTESIAN_POINT('',(-9.999996185303,53.,12.5));
#477 = VECTOR('',#478,1.);
#478 = DIRECTION('',(0.,0.,-1.));
#479 = ORIENTED_EDGE('',*,*,#480,.F.);
#480 = EDGE_CURVE('',#481,#473,#483,.T.);
#481 = VERTEX_POINT('',#482);
#482 = CARTESIAN_POINT('',(-9.999996185303,55.,25.));
#483 = LINE('',#484,#485);
#484 = CARTESIAN_POINT('',(-9.999996185303,15.003046596047,25.));
#485 = VECTOR('',#486,1.);
#486 = DIRECTION('',(-0.,-1.,-0.));
#487 = ORIENTED_EDGE('',*,*,#488,.F.);
#488 = EDGE_CURVE('',#489,#481,#491,.T.);
#489 = VERTEX_POINT('',#490);
#490 = CARTESIAN_POINT('',(-9.999996185303,55.,51.180343299467));
#491 = LINE('',#492,#493);
#492 = CARTESIAN_POINT('',(-9.999996185303,55.,12.5));
#493 = VECTOR('',#494,1.);
#494 = DIRECTION('',(0.,0.,-1.));
#495 = ORIENTED_EDGE('',*,*,#496,.F.);
#496 = EDGE_CURVE('',#497,#489,#499,.T.);
#497 = VERTEX_POINT('',#498);
#498 = CARTESIAN_POINT('',(-9.999996185303,57.,51.180343299467));
#499 = LINE('',#500,#501);
#500 = CARTESIAN_POINT('',(-9.999996185303,15.,51.180343299467));
#501 = VECTOR('',#502,1.);
#502 = DIRECTION('',(0.,-1.,2.2E-16));
#503 = ORIENTED_EDGE('',*,*,#504,.T.);
#504 = EDGE_CURVE('',#497,#505,#507,.T.);
#505 = VERTEX_POINT('',#506);
#506 = CARTESIAN_POINT('',(-9.999996185303,57.,25.));
#507 = LINE('',#508,#509);
#508 = CARTESIAN_POINT('',(-9.999996185303,57.,12.5));
#509 = VECTOR('',#510,1.);
#510 = DIRECTION('',(0.,0.,-1.));
#511 = ORIENTED_EDGE('',*,*,#512,.F.);
#512 = EDGE_CURVE('',#513,#505,#515,.T.);
#513 = VERTEX_POINT('',#514);
#514 = CARTESIAN_POINT('',(-9.999996185303,59.,25.));
#515 = LINE('',#516,#517);
#516 = CARTESIAN_POINT('',(-9.999996185303,17.003046596047,25.));
#517 = VECTOR('',#518,1.);
#518 = DIRECTION('',(-0.,-1.,-0.));
#519 = ORIENTED_EDGE('',*,*,#520,.F.);
#520 = EDGE_CURVE('',#521,#513,#523,.T.);
#521 = VERTEX_POINT('',#522);
#522 = CARTESIAN_POINT('',(-9.999996185303,59.,51.180343299467));
#523 = LINE('',#524,#525);
#524 = CARTESIAN_POINT('',(-9.999996185303,59.,12.5));
#525 = VECTOR('',#526,1.);
#526 = DIRECTION('',(0.,0.,-1.));
#527 = ORIENTED_EDGE('',*,*,#528,.F.);
#528 = EDGE_CURVE('',#529,#521,#531,.T.);
#529 = VERTEX_POINT('',#530);
#530 = CARTESIAN_POINT('',(-9.999996185303,61.,51.180343299467));
#531 = LINE('',#532,#533);
#532 = CARTESIAN_POINT('',(-9.999996185303,15.,51.180343299467));
#533 = VECTOR('',#534,1.);
#534 = DIRECTION('',(0.,-1.,2.2E-16));
#535 = ORIENTED_EDGE('',*,*,#536,.T.);
#536 = EDGE_CURVE('',#529,#537,#539,.T.);
#537 = VERTEX_POINT('',#538);
#538 = CARTESIAN_POINT('',(-9.999996185303,61.,25.));
#539 = LINE('',#540,#541);
#540 = CARTESIAN_POINT('',(-9.999996185303,61.,12.5));
#541 = VECTOR('',#542,1.);
#542 = DIRECTION('',(0.,0.,-1.));
#543 = ORIENTED_EDGE('',*,*,#544,.F.);
#544 = EDGE_CURVE('',#545,#537,#547,.T.);
#545 = VERTEX_POINT('',#546);
#546 = CARTESIAN_POINT('',(-9.999996185303,63.,25.));
#547 = LINE('',#548,#549);
#548 = CARTESIAN_POINT('',(-9.999996185303,19.003046596047,25.));
#549 = VECTOR('',#550,1.);
#550 = DIRECTION('',(-0.,-1.,-0.));
#551 = ORIENTED_EDGE('',*,*,#552,.F.);
#552 = EDGE_CURVE('',#553,#545,#555,.T.);
#553 = VERTEX_POINT('',#554);
#554 = CARTESIAN_POINT('',(-9.999996185303,63.,51.180343299467));
#555 = LINE('',#556,#557);
#556 = CARTESIAN_POINT('',(-9.999996185303,63.,12.5));
#557 = VECTOR('',#558,1.);
#558 = DIRECTION('',(0.,0.,-1.));
#559 = ORIENTED_EDGE('',*,*,#560,.F.);
#560 = EDGE_CURVE('',#561,#553,#563,.T.);
#561 = VERTEX_POINT('',#562);
#562 = CARTESIAN_POINT('',(-9.999996185303,65.,51.180343299467));
#563 = LINE('',#564,#565);
#564 = CARTESIAN_POINT('',(-9.999996185303,15.,51.180343299467));
#565 = VECTOR('',#566,1.);
#566 = DIRECTION('',(0.,-1.,2.2E-16));
#567 = ORIENTED_EDGE('',*,*,#568,.T.);
#568 = EDGE_CURVE('',#561,#569,#571,.T.);
#569 = VERTEX_POINT('',#570);
#570 = CARTESIAN_POINT('',(-9.999996185303,65.,25.));
#571 = LINE('',#572,#573);
#572 = CARTESIAN_POINT('',(-9.999996185303,65.,12.5));
#573 = VECTOR('',#574,1.);
#574 = DIRECTION('',(0.,0.,-1.));
#575 = ORIENTED_EDGE('',*,*,#576,.F.);
#576 = EDGE_CURVE('',#577,#569,#579,.T.);
#577 = VERTEX_POINT('',#578);
#578 = CARTESIAN_POINT('',(-9.999996185303,67.,25.));
#579 = LINE('',#580,#581);
#580 = CARTESIAN_POINT('',(-9.999996185303,21.003046596047,25.));
#581 = VECTOR('',#582,1.);
#582 = DIRECTION('',(-0.,-1.,-0.));
#583 = ORIENTED_EDGE('',*,*,#584,.F.);
#584 = EDGE_CURVE('',#585,#577,#587,.T.);
#585 = VERTEX_POINT('',#586);
#586 = CARTESIAN_POINT('',(-9.999996185303,67.,51.000003467905));
#587 = LINE('',#588,#589);
#588 = CARTESIAN_POINT('',(-9.999996185303,67.,12.5));
#589 = VECTOR('',#590,1.);
#590 = DIRECTION('',(0.,0.,-1.));
#591 = ORIENTED_EDGE('',*,*,#592,.T.);
#592 = EDGE_CURVE('',#585,#593,#595,.T.);
#593 = VERTEX_POINT('',#594);
#594 = CARTESIAN_POINT('',(-9.999996185303,69.,50.440310162727));
#595 = CIRCLE('',#596,11.180343299467);
#596 = AXIS2_PLACEMENT_3D('',#597,#598,#599);
#597 = CARTESIAN_POINT('',(-9.999996185303,65.,40.));
#598 = DIRECTION('',(-1.,0.,0.));
#599 = DIRECTION('',(0.,0.,-1.));
#600 = ORIENTED_EDGE('',*,*,#601,.T.);
#601 = EDGE_CURVE('',#593,#602,#604,.T.);
#602 = VERTEX_POINT('',#603);
#603 = CARTESIAN_POINT('',(-9.999996185303,69.,25.));
#604 = LINE('',#605,#606);
#605 = CARTESIAN_POINT('',(-9.999996185303,69.,12.5));
#606 = VECTOR('',#607,1.);
#607 = DIRECTION('',(0.,0.,-1.));
#608 = ORIENTED_EDGE('',*,*,#609,.F.);
#609 = EDGE_CURVE('',#610,#602,#612,.T.);
#610 = VERTEX_POINT('',#611);
#611 = CARTESIAN_POINT('',(-9.999996185303,71.,25.));
#612 = LINE('',#613,#614);
#613 = CARTESIAN_POINT('',(-9.999996185303,23.003046596047,25.));
#614 = VECTOR('',#615,1.);
#615 = DIRECTION('',(-0.,-1.,-0.));
#616 = ORIENTED_EDGE('',*,*,#617,.F.);
#617 = EDGE_CURVE('',#618,#610,#620,.T.);
#618 = VERTEX_POINT('',#619);
#619 = CARTESIAN_POINT('',(-9.999996185303,71.,49.433985175626));
#620 = LINE('',#621,#622);
#621 = CARTESIAN_POINT('',(-9.999996185303,71.,12.5));
#622 = VECTOR('',#623,1.);
#623 = DIRECTION('',(0.,0.,-1.));
#624 = ORIENTED_EDGE('',*,*,#625,.T.);
#625 = EDGE_CURVE('',#618,#626,#628,.T.);
#626 = VERTEX_POINT('',#627);
#627 = CARTESIAN_POINT('',(-9.999996185303,73.,47.810254560124));
#628 = CIRCLE('',#629,11.180343299467);
#629 = AXIS2_PLACEMENT_3D('',#630,#631,#632);
#630 = CARTESIAN_POINT('',(-9.999996185303,65.,40.));
#631 = DIRECTION('',(-1.,0.,0.));
#632 = DIRECTION('',(0.,0.,-1.));
#633 = ORIENTED_EDGE('',*,*,#634,.T.);
#634 = EDGE_CURVE('',#626,#635,#637,.T.);
#635 = VERTEX_POINT('',#636);
#636 = CARTESIAN_POINT('',(-9.999996185303,73.,25.));
#637 = LINE('',#638,#639);
#638 = CARTESIAN_POINT('',(-9.999996185303,73.,12.5));
#639 = VECTOR('',#640,1.);
#640 = DIRECTION('',(0.,0.,-1.));
#641 = ORIENTED_EDGE('',*,*,#642,.F.);
#642 = EDGE_CURVE('',#643,#635,#645,.T.);
#643 = VERTEX_POINT('',#644);
#644 = CARTESIAN_POINT('',(-9.999996185303,75.,25.));
#645 = LINE('',#646,#647);
#646 = CARTESIAN_POINT('',(-9.999996185303,25.003046596047,25.));
#647 = VECTOR('',#648,1.);
#648 = DIRECTION('',(-0.,-1.,-0.));
#649 = ORIENTED_EDGE('',*,*,#650,.F.);
#650 = EDGE_CURVE('',#651,#643,#653,.T.);
#651 = VERTEX_POINT('',#652);
#652 = CARTESIAN_POINT('',(-9.999996185303,75.,45.000007629387));
#653 = LINE('',#654,#655);
#654 = CARTESIAN_POINT('',(-9.999996185303,75.,12.5));
#655 = VECTOR('',#656,1.);
#656 = DIRECTION('',(0.,0.,-1.));
#657 = ORIENTED_EDGE('',*,*,#658,.T.);
#658 = EDGE_CURVE('',#651,#659,#661,.T.);
#659 = VERTEX_POINT('',#660);
#660 = CARTESIAN_POINT('',(-9.999996185303,76.180343299467,40.));
#661 = CIRCLE('',#662,11.180343299467);
#662 = AXIS2_PLACEMENT_3D('',#663,#664,#665);
#663 = CARTESIAN_POINT('',(-9.999996185303,65.,40.));
#664 = DIRECTION('',(-1.,0.,0.));
#665 = DIRECTION('',(0.,0.,-1.));
#666 = ORIENTED_EDGE('',*,*,#667,.F.);
#667 = EDGE_CURVE('',#62,#659,#668,.T.);
#668 = LINE('',#669,#670);
#669 = CARTESIAN_POINT('',(-9.999996185303,76.180343299467,
    2.459675525883E-15));
#670 = VECTOR('',#671,1.);
#671 = DIRECTION('',(0.,-2.2E-16,1.));
#672 = PLANE('',#673);
#673 = AXIS2_PLACEMENT_3D('',#674,#675,#676);
#674 = CARTESIAN_POINT('',(-9.999996185303,-22.9939068079,0.));
#675 = DIRECTION('',(-1.,0.,0.));
#676 = DIRECTION('',(0.,1.,0.));
#677 = ( GEOMETRIC_REPRESENTATION_CONTEXT(3) 
GLOBAL_UNCERTAINTY_ASSIGNED_CONTEXT((#681)) GLOBAL_UNIT_ASSIGNED_CONTEXT
((#678,#679,#680)) REPRESENTATION_CONTEXT('Context #1',
  '3D Context with UNIT and UNCERTAINTY') );
#678 = ( LENGTH_UNIT() NAMED_UNIT(*) SI_UNIT(.MILLI.,.METRE.) );
#679 = ( NAMED_UNIT(*) PLANE_ANGLE_UNIT() SI_UNIT($,.RADIAN.) );
#680 = ( NAMED_UNIT(*) SI_UNIT($,.STERADIAN.) SOLID_ANGLE_UNIT() );
#681 = UNCERTAINTY_MEASURE_WITH_UNIT(LENGTH_MEASURE(1.E-07),#678,
  'distance_accuracy_value','confusion accuracy');
#682 = CONTEXT_DEPENDENT_SHAPE_REPRESENTATION(#683,#685);
#683 = ( REPRESENTATION_RELATIONSHIP('','',#52,#10) 
REPRESENTATION_RELATIONSHIP_WITH_TRANSFORMATION(#684) 
SHAPE_REPRESENTATION_RELATIONSHIP() );
#684 = ITEM_DEFINED_TRANSFORMATION('','',#11,#15);
#685 = PRODUCT_DEFINITION_SHAPE('Placement','Placement of an item',#686
  );
#686 = NEXT_ASSEMBLY_USAGE_OCCURRENCE('19','y_breads','',#5,#47,$);
#687 = PRODUCT_RELATED_PRODUCT_CATEGORY('part',$,(#49));
#688 = SHAPE_DEFINITION_REPRESENTATION(#689,#695);
#689 = PRODUCT_DEFINITION_SHAPE('','',#690);
#690 = PRODUCT_DEFINITION('design','',#691,#694);
#691 = PRODUCT_DEFINITION_FORMATION('','',#692);
#692 = PRODUCT('y_breads001','y_breads001','',(#693));
#693 = PRODUCT_CONTEXT('',#2,'mechanical');
#694 = PRODUCT_DEFINITION_CONTEXT('part definition',#2,'design');
#695 = MANIFOLD_SURFACE_SHAPE_REPRESENTATION('',(#11,#696),#1320);
#696 = SHELL_BASED_SURFACE_MODEL('',(#697));
#697 = OPEN_SHELL('',(#698));
#698 = ADVANCED_FACE('',(#699),#1315,.T.);
#699 = FACE_BOUND('',#700,.T.);
#700 = EDGE_LOOP('',(#701,#711,#719,#728,#736,#744,#752,#761,#769,#777,
    #785,#794,#802,#810,#818,#826,#834,#842,#850,#858,#866,#874,#882,
    #890,#898,#906,#914,#922,#930,#938,#946,#954,#962,#970,#978,#986,
    #994,#1002,#1010,#1018,#1026,#1034,#1042,#1050,#1058,#1066,#1074,
    #1082,#1090,#1098,#1106,#1114,#1122,#1130,#1138,#1146,#1154,#1162,
    #1170,#1178,#1186,#1194,#1202,#1210,#1218,#1226,#1234,#1243,#1251,
    #1259,#1267,#1276,#1284,#1292,#1300,#1309));
#701 = ORIENTED_EDGE('',*,*,#702,.F.);
#702 = EDGE_CURVE('',#703,#705,#707,.T.);
#703 = VERTEX_POINT('',#704);
#704 = CARTESIAN_POINT('',(-5.999996185303,1.252271250263,0.));
#705 = VERTEX_POINT('',#706);
#706 = CARTESIAN_POINT('',(-5.999996185303,78.747728749737,
    1.512250162471E-15));
#707 = LINE('',#708,#709);
#708 = CARTESIAN_POINT('',(-5.999996185303,-22.9939068079,0.));
#709 = VECTOR('',#710,1.);
#710 = DIRECTION('',(0.,1.,0.));
#711 = ORIENTED_EDGE('',*,*,#712,.T.);
#712 = EDGE_CURVE('',#703,#713,#715,.T.);
#713 = VERTEX_POINT('',#714);
#714 = CARTESIAN_POINT('',(-5.999996185303,1.252271250263,40.));
#715 = LINE('',#716,#717);
#716 = CARTESIAN_POINT('',(-5.999996185303,1.252271250263,0.));
#717 = VECTOR('',#718,1.);
#718 = DIRECTION('',(0.,0.,1.));
#719 = ORIENTED_EDGE('',*,*,#720,.T.);
#720 = EDGE_CURVE('',#713,#721,#723,.T.);
#721 = VERTEX_POINT('',#722);
#722 = CARTESIAN_POINT('',(-5.999996185303,5.,49.433983558198));
#723 = CIRCLE('',#724,13.747728749737);
#724 = AXIS2_PLACEMENT_3D('',#725,#726,#727);
#725 = CARTESIAN_POINT('',(-5.999996185303,15.,40.));
#726 = DIRECTION('',(-1.,0.,0.));
#727 = DIRECTION('',(0.,0.,-1.));
#728 = ORIENTED_EDGE('',*,*,#729,.T.);
#729 = EDGE_CURVE('',#721,#730,#732,.T.);
#730 = VERTEX_POINT('',#731);
#731 = CARTESIAN_POINT('',(-5.999996185303,5.,25.));
#732 = LINE('',#733,#734);
#733 = CARTESIAN_POINT('',(-5.999996185303,5.,12.5));
#734 = VECTOR('',#735,1.);
#735 = DIRECTION('',(0.,0.,-1.));
#736 = ORIENTED_EDGE('',*,*,#737,.F.);
#737 = EDGE_CURVE('',#738,#730,#740,.T.);
#738 = VERTEX_POINT('',#739);
#739 = CARTESIAN_POINT('',(-5.999996185303,7.,25.));
#740 = LINE('',#741,#742);
#741 = CARTESIAN_POINT('',(-5.999996185303,-8.996953403953,25.));
#742 = VECTOR('',#743,1.);
#743 = DIRECTION('',(-0.,-1.,-0.));
#744 = ORIENTED_EDGE('',*,*,#745,.F.);
#745 = EDGE_CURVE('',#746,#738,#748,.T.);
#746 = VERTEX_POINT('',#747);
#747 = CARTESIAN_POINT('',(-5.999996185303,7.,51.18034193468));
#748 = LINE('',#749,#750);
#749 = CARTESIAN_POINT('',(-5.999996185303,7.,12.5));
#750 = VECTOR('',#751,1.);
#751 = DIRECTION('',(0.,0.,-1.));
#752 = ORIENTED_EDGE('',*,*,#753,.T.);
#753 = EDGE_CURVE('',#746,#754,#756,.T.);
#754 = VERTEX_POINT('',#755);
#755 = CARTESIAN_POINT('',(-5.999996185303,9.,52.369318727252));
#756 = CIRCLE('',#757,13.747728749737);
#757 = AXIS2_PLACEMENT_3D('',#758,#759,#760);
#758 = CARTESIAN_POINT('',(-5.999996185303,15.,40.));
#759 = DIRECTION('',(-1.,0.,0.));
#760 = DIRECTION('',(0.,0.,-1.));
#761 = ORIENTED_EDGE('',*,*,#762,.T.);
#762 = EDGE_CURVE('',#754,#763,#765,.T.);
#763 = VERTEX_POINT('',#764);
#764 = CARTESIAN_POINT('',(-5.999996185303,9.,25.));
#765 = LINE('',#766,#767);
#766 = CARTESIAN_POINT('',(-5.999996185303,9.,12.5));
#767 = VECTOR('',#768,1.);
#768 = DIRECTION('',(0.,0.,-1.));
#769 = ORIENTED_EDGE('',*,*,#770,.F.);
#770 = EDGE_CURVE('',#771,#763,#773,.T.);
#771 = VERTEX_POINT('',#772);
#772 = CARTESIAN_POINT('',(-5.999996185303,11.,25.));
#773 = LINE('',#774,#775);
#774 = CARTESIAN_POINT('',(-5.999996185303,-6.996953403953,25.));
#775 = VECTOR('',#776,1.);
#776 = DIRECTION('',(-0.,-1.,-0.));
#777 = ORIENTED_EDGE('',*,*,#778,.F.);
#778 = EDGE_CURVE('',#779,#771,#781,.T.);
#779 = VERTEX_POINT('',#780);
#780 = CARTESIAN_POINT('',(-5.999996185303,11.,53.152948178122));
#781 = LINE('',#782,#783);
#782 = CARTESIAN_POINT('',(-5.999996185303,11.,12.5));
#783 = VECTOR('',#784,1.);
#784 = DIRECTION('',(0.,0.,-1.));
#785 = ORIENTED_EDGE('',*,*,#786,.T.);
#786 = EDGE_CURVE('',#779,#787,#789,.T.);
#787 = VERTEX_POINT('',#788);
#788 = CARTESIAN_POINT('',(-5.999996185303,13.,53.601472191508));
#789 = CIRCLE('',#790,13.747728749737);
#790 = AXIS2_PLACEMENT_3D('',#791,#792,#793);
#791 = CARTESIAN_POINT('',(-5.999996185303,15.,40.));
#792 = DIRECTION('',(-1.,0.,0.));
#793 = DIRECTION('',(0.,0.,-1.));
#794 = ORIENTED_EDGE('',*,*,#795,.T.);
#795 = EDGE_CURVE('',#787,#796,#798,.T.);
#796 = VERTEX_POINT('',#797);
#797 = CARTESIAN_POINT('',(-5.999996185303,13.,25.));
#798 = LINE('',#799,#800);
#799 = CARTESIAN_POINT('',(-5.999996185303,13.,12.5));
#800 = VECTOR('',#801,1.);
#801 = DIRECTION('',(0.,0.,-1.));
#802 = ORIENTED_EDGE('',*,*,#803,.F.);
#803 = EDGE_CURVE('',#804,#796,#806,.T.);
#804 = VERTEX_POINT('',#805);
#805 = CARTESIAN_POINT('',(-5.999996185303,15.,25.));
#806 = LINE('',#807,#808);
#807 = CARTESIAN_POINT('',(-5.999996185303,-4.996953403953,25.));
#808 = VECTOR('',#809,1.);
#809 = DIRECTION('',(-0.,-1.,-0.));
#810 = ORIENTED_EDGE('',*,*,#811,.F.);
#811 = EDGE_CURVE('',#812,#804,#814,.T.);
#812 = VERTEX_POINT('',#813);
#813 = CARTESIAN_POINT('',(-5.999996185303,15.,53.747728749737));
#814 = LINE('',#815,#816);
#815 = CARTESIAN_POINT('',(-5.999996185303,15.,12.5));
#816 = VECTOR('',#817,1.);
#817 = DIRECTION('',(0.,0.,-1.));
#818 = ORIENTED_EDGE('',*,*,#819,.F.);
#819 = EDGE_CURVE('',#820,#812,#822,.T.);
#820 = VERTEX_POINT('',#821);
#821 = CARTESIAN_POINT('',(-5.999996185303,17.,53.747728749737));
#822 = LINE('',#823,#824);
#823 = CARTESIAN_POINT('',(-5.999996185303,15.,53.747728749737));
#824 = VECTOR('',#825,1.);
#825 = DIRECTION('',(0.,-1.,2.2E-16));
#826 = ORIENTED_EDGE('',*,*,#827,.T.);
#827 = EDGE_CURVE('',#820,#828,#830,.T.);
#828 = VERTEX_POINT('',#829);
#829 = CARTESIAN_POINT('',(-5.999996185303,17.,25.));
#830 = LINE('',#831,#832);
#831 = CARTESIAN_POINT('',(-5.999996185303,17.,12.5));
#832 = VECTOR('',#833,1.);
#833 = DIRECTION('',(0.,0.,-1.));
#834 = ORIENTED_EDGE('',*,*,#835,.F.);
#835 = EDGE_CURVE('',#836,#828,#838,.T.);
#836 = VERTEX_POINT('',#837);
#837 = CARTESIAN_POINT('',(-5.999996185303,19.,25.));
#838 = LINE('',#839,#840);
#839 = CARTESIAN_POINT('',(-5.999996185303,-2.996953403953,25.));
#840 = VECTOR('',#841,1.);
#841 = DIRECTION('',(-0.,-1.,-0.));
#842 = ORIENTED_EDGE('',*,*,#843,.F.);
#843 = EDGE_CURVE('',#844,#836,#846,.T.);
#844 = VERTEX_POINT('',#845);
#845 = CARTESIAN_POINT('',(-5.999996185303,19.,53.747728749737));
#846 = LINE('',#847,#848);
#847 = CARTESIAN_POINT('',(-5.999996185303,19.,12.5));
#848 = VECTOR('',#849,1.);
#849 = DIRECTION('',(0.,0.,-1.));
#850 = ORIENTED_EDGE('',*,*,#851,.F.);
#851 = EDGE_CURVE('',#852,#844,#854,.T.);
#852 = VERTEX_POINT('',#853);
#853 = CARTESIAN_POINT('',(-5.999996185303,21.,53.747728749737));
#854 = LINE('',#855,#856);
#855 = CARTESIAN_POINT('',(-5.999996185303,15.,53.747728749737));
#856 = VECTOR('',#857,1.);
#857 = DIRECTION('',(0.,-1.,2.2E-16));
#858 = ORIENTED_EDGE('',*,*,#859,.T.);
#859 = EDGE_CURVE('',#852,#860,#862,.T.);
#860 = VERTEX_POINT('',#861);
#861 = CARTESIAN_POINT('',(-5.999996185303,21.,25.));
#862 = LINE('',#863,#864);
#863 = CARTESIAN_POINT('',(-5.999996185303,21.,12.5));
#864 = VECTOR('',#865,1.);
#865 = DIRECTION('',(0.,0.,-1.));
#866 = ORIENTED_EDGE('',*,*,#867,.F.);
#867 = EDGE_CURVE('',#868,#860,#870,.T.);
#868 = VERTEX_POINT('',#869);
#869 = CARTESIAN_POINT('',(-5.999996185303,23.,25.));
#870 = LINE('',#871,#872);
#871 = CARTESIAN_POINT('',(-5.999996185303,-0.996953403953,25.));
#872 = VECTOR('',#873,1.);
#873 = DIRECTION('',(-0.,-1.,-0.));
#874 = ORIENTED_EDGE('',*,*,#875,.F.);
#875 = EDGE_CURVE('',#876,#868,#878,.T.);
#876 = VERTEX_POINT('',#877);
#877 = CARTESIAN_POINT('',(-5.999996185303,23.,53.747728749737));
#878 = LINE('',#879,#880);
#879 = CARTESIAN_POINT('',(-5.999996185303,23.,12.5));
#880 = VECTOR('',#881,1.);
#881 = DIRECTION('',(0.,0.,-1.));
#882 = ORIENTED_EDGE('',*,*,#883,.F.);
#883 = EDGE_CURVE('',#884,#876,#886,.T.);
#884 = VERTEX_POINT('',#885);
#885 = CARTESIAN_POINT('',(-5.999996185303,25.,53.747728749737));
#886 = LINE('',#887,#888);
#887 = CARTESIAN_POINT('',(-5.999996185303,15.,53.747728749737));
#888 = VECTOR('',#889,1.);
#889 = DIRECTION('',(0.,-1.,2.2E-16));
#890 = ORIENTED_EDGE('',*,*,#891,.T.);
#891 = EDGE_CURVE('',#884,#892,#894,.T.);
#892 = VERTEX_POINT('',#893);
#893 = CARTESIAN_POINT('',(-5.999996185303,25.,25.));
#894 = LINE('',#895,#896);
#895 = CARTESIAN_POINT('',(-5.999996185303,25.,12.5));
#896 = VECTOR('',#897,1.);
#897 = DIRECTION('',(0.,0.,-1.));
#898 = ORIENTED_EDGE('',*,*,#899,.F.);
#899 = EDGE_CURVE('',#900,#892,#902,.T.);
#900 = VERTEX_POINT('',#901);
#901 = CARTESIAN_POINT('',(-5.999996185303,27.,25.));
#902 = LINE('',#903,#904);
#903 = CARTESIAN_POINT('',(-5.999996185303,1.003046596047,25.));
#904 = VECTOR('',#905,1.);
#905 = DIRECTION('',(-0.,-1.,-0.));
#906 = ORIENTED_EDGE('',*,*,#907,.F.);
#907 = EDGE_CURVE('',#908,#900,#910,.T.);
#908 = VERTEX_POINT('',#909);
#909 = CARTESIAN_POINT('',(-5.999996185303,27.,53.747728749737));
#910 = LINE('',#911,#912);
#911 = CARTESIAN_POINT('',(-5.999996185303,27.,12.5));
#912 = VECTOR('',#913,1.);
#913 = DIRECTION('',(0.,0.,-1.));
#914 = ORIENTED_EDGE('',*,*,#915,.F.);
#915 = EDGE_CURVE('',#916,#908,#918,.T.);
#916 = VERTEX_POINT('',#917);
#917 = CARTESIAN_POINT('',(-5.999996185303,29.,53.747728749737));
#918 = LINE('',#919,#920);
#919 = CARTESIAN_POINT('',(-5.999996185303,15.,53.747728749737));
#920 = VECTOR('',#921,1.);
#921 = DIRECTION('',(0.,-1.,2.2E-16));
#922 = ORIENTED_EDGE('',*,*,#923,.T.);
#923 = EDGE_CURVE('',#916,#924,#926,.T.);
#924 = VERTEX_POINT('',#925);
#925 = CARTESIAN_POINT('',(-5.999996185303,29.,25.));
#926 = LINE('',#927,#928);
#927 = CARTESIAN_POINT('',(-5.999996185303,29.,12.5));
#928 = VECTOR('',#929,1.);
#929 = DIRECTION('',(0.,0.,-1.));
#930 = ORIENTED_EDGE('',*,*,#931,.F.);
#931 = EDGE_CURVE('',#932,#924,#934,.T.);
#932 = VERTEX_POINT('',#933);
#933 = CARTESIAN_POINT('',(-5.999996185303,31.,25.));
#934 = LINE('',#935,#936);
#935 = CARTESIAN_POINT('',(-5.999996185303,3.003046596047,25.));
#936 = VECTOR('',#937,1.);
#937 = DIRECTION('',(-0.,-1.,-0.));
#938 = ORIENTED_EDGE('',*,*,#939,.F.);
#939 = EDGE_CURVE('',#940,#932,#942,.T.);
#940 = VERTEX_POINT('',#941);
#941 = CARTESIAN_POINT('',(-5.999996185303,31.,53.747728749737));
#942 = LINE('',#943,#944);
#943 = CARTESIAN_POINT('',(-5.999996185303,31.,12.5));
#944 = VECTOR('',#945,1.);
#945 = DIRECTION('',(0.,0.,-1.));
#946 = ORIENTED_EDGE('',*,*,#947,.F.);
#947 = EDGE_CURVE('',#948,#940,#950,.T.);
#948 = VERTEX_POINT('',#949);
#949 = CARTESIAN_POINT('',(-5.999996185303,33.,53.747728749737));
#950 = LINE('',#951,#952);
#951 = CARTESIAN_POINT('',(-5.999996185303,15.,53.747728749737));
#952 = VECTOR('',#953,1.);
#953 = DIRECTION('',(0.,-1.,2.2E-16));
#954 = ORIENTED_EDGE('',*,*,#955,.T.);
#955 = EDGE_CURVE('',#948,#956,#958,.T.);
#956 = VERTEX_POINT('',#957);
#957 = CARTESIAN_POINT('',(-5.999996185303,33.,25.));
#958 = LINE('',#959,#960);
#959 = CARTESIAN_POINT('',(-5.999996185303,33.,12.5));
#960 = VECTOR('',#961,1.);
#961 = DIRECTION('',(0.,0.,-1.));
#962 = ORIENTED_EDGE('',*,*,#963,.F.);
#963 = EDGE_CURVE('',#964,#956,#966,.T.);
#964 = VERTEX_POINT('',#965);
#965 = CARTESIAN_POINT('',(-5.999996185303,35.,25.));
#966 = LINE('',#967,#968);
#967 = CARTESIAN_POINT('',(-5.999996185303,5.003046596047,25.));
#968 = VECTOR('',#969,1.);
#969 = DIRECTION('',(-0.,-1.,-0.));
#970 = ORIENTED_EDGE('',*,*,#971,.F.);
#971 = EDGE_CURVE('',#972,#964,#974,.T.);
#972 = VERTEX_POINT('',#973);
#973 = CARTESIAN_POINT('',(-5.999996185303,35.,53.747728749737));
#974 = LINE('',#975,#976);
#975 = CARTESIAN_POINT('',(-5.999996185303,35.,12.5));
#976 = VECTOR('',#977,1.);
#977 = DIRECTION('',(0.,0.,-1.));
#978 = ORIENTED_EDGE('',*,*,#979,.F.);
#979 = EDGE_CURVE('',#980,#972,#982,.T.);
#980 = VERTEX_POINT('',#981);
#981 = CARTESIAN_POINT('',(-5.999996185303,37.,53.747728749737));
#982 = LINE('',#983,#984);
#983 = CARTESIAN_POINT('',(-5.999996185303,15.,53.747728749737));
#984 = VECTOR('',#985,1.);
#985 = DIRECTION('',(0.,-1.,2.2E-16));
#986 = ORIENTED_EDGE('',*,*,#987,.T.);
#987 = EDGE_CURVE('',#980,#988,#990,.T.);
#988 = VERTEX_POINT('',#989);
#989 = CARTESIAN_POINT('',(-5.999996185303,37.,25.));
#990 = LINE('',#991,#992);
#991 = CARTESIAN_POINT('',(-5.999996185303,37.,12.5));
#992 = VECTOR('',#993,1.);
#993 = DIRECTION('',(0.,0.,-1.));
#994 = ORIENTED_EDGE('',*,*,#995,.F.);
#995 = EDGE_CURVE('',#996,#988,#998,.T.);
#996 = VERTEX_POINT('',#997);
#997 = CARTESIAN_POINT('',(-5.999996185303,39.,25.));
#998 = LINE('',#999,#1000);
#999 = CARTESIAN_POINT('',(-5.999996185303,7.003046596047,25.));
#1000 = VECTOR('',#1001,1.);
#1001 = DIRECTION('',(-0.,-1.,-0.));
#1002 = ORIENTED_EDGE('',*,*,#1003,.F.);
#1003 = EDGE_CURVE('',#1004,#996,#1006,.T.);
#1004 = VERTEX_POINT('',#1005);
#1005 = CARTESIAN_POINT('',(-5.999996185303,39.,53.747728749737));
#1006 = LINE('',#1007,#1008);
#1007 = CARTESIAN_POINT('',(-5.999996185303,39.,12.5));
#1008 = VECTOR('',#1009,1.);
#1009 = DIRECTION('',(0.,0.,-1.));
#1010 = ORIENTED_EDGE('',*,*,#1011,.F.);
#1011 = EDGE_CURVE('',#1012,#1004,#1014,.T.);
#1012 = VERTEX_POINT('',#1013);
#1013 = CARTESIAN_POINT('',(-5.999996185303,41.,53.747728749737));
#1014 = LINE('',#1015,#1016);
#1015 = CARTESIAN_POINT('',(-5.999996185303,15.,53.747728749737));
#1016 = VECTOR('',#1017,1.);
#1017 = DIRECTION('',(0.,-1.,2.2E-16));
#1018 = ORIENTED_EDGE('',*,*,#1019,.T.);
#1019 = EDGE_CURVE('',#1012,#1020,#1022,.T.);
#1020 = VERTEX_POINT('',#1021);
#1021 = CARTESIAN_POINT('',(-5.999996185303,41.,25.));
#1022 = LINE('',#1023,#1024);
#1023 = CARTESIAN_POINT('',(-5.999996185303,41.,12.5));
#1024 = VECTOR('',#1025,1.);
#1025 = DIRECTION('',(0.,0.,-1.));
#1026 = ORIENTED_EDGE('',*,*,#1027,.F.);
#1027 = EDGE_CURVE('',#1028,#1020,#1030,.T.);
#1028 = VERTEX_POINT('',#1029);
#1029 = CARTESIAN_POINT('',(-5.999996185303,43.,25.));
#1030 = LINE('',#1031,#1032);
#1031 = CARTESIAN_POINT('',(-5.999996185303,9.003046596047,25.));
#1032 = VECTOR('',#1033,1.);
#1033 = DIRECTION('',(-0.,-1.,-0.));
#1034 = ORIENTED_EDGE('',*,*,#1035,.F.);
#1035 = EDGE_CURVE('',#1036,#1028,#1038,.T.);
#1036 = VERTEX_POINT('',#1037);
#1037 = CARTESIAN_POINT('',(-5.999996185303,43.,53.747728749737));
#1038 = LINE('',#1039,#1040);
#1039 = CARTESIAN_POINT('',(-5.999996185303,43.,12.5));
#1040 = VECTOR('',#1041,1.);
#1041 = DIRECTION('',(0.,0.,-1.));
#1042 = ORIENTED_EDGE('',*,*,#1043,.F.);
#1043 = EDGE_CURVE('',#1044,#1036,#1046,.T.);
#1044 = VERTEX_POINT('',#1045);
#1045 = CARTESIAN_POINT('',(-5.999996185303,45.,53.747728749737));
#1046 = LINE('',#1047,#1048);
#1047 = CARTESIAN_POINT('',(-5.999996185303,15.,53.747728749737));
#1048 = VECTOR('',#1049,1.);
#1049 = DIRECTION('',(0.,-1.,2.2E-16));
#1050 = ORIENTED_EDGE('',*,*,#1051,.T.);
#1051 = EDGE_CURVE('',#1044,#1052,#1054,.T.);
#1052 = VERTEX_POINT('',#1053);
#1053 = CARTESIAN_POINT('',(-5.999996185303,45.,25.));
#1054 = LINE('',#1055,#1056);
#1055 = CARTESIAN_POINT('',(-5.999996185303,45.,12.5));
#1056 = VECTOR('',#1057,1.);
#1057 = DIRECTION('',(0.,0.,-1.));
#1058 = ORIENTED_EDGE('',*,*,#1059,.F.);
#1059 = EDGE_CURVE('',#1060,#1052,#1062,.T.);
#1060 = VERTEX_POINT('',#1061);
#1061 = CARTESIAN_POINT('',(-5.999996185303,47.,25.));
#1062 = LINE('',#1063,#1064);
#1063 = CARTESIAN_POINT('',(-5.999996185303,11.003046596047,25.));
#1064 = VECTOR('',#1065,1.);
#1065 = DIRECTION('',(-0.,-1.,-0.));
#1066 = ORIENTED_EDGE('',*,*,#1067,.F.);
#1067 = EDGE_CURVE('',#1068,#1060,#1070,.T.);
#1068 = VERTEX_POINT('',#1069);
#1069 = CARTESIAN_POINT('',(-5.999996185303,47.,53.747728749737));
#1070 = LINE('',#1071,#1072);
#1071 = CARTESIAN_POINT('',(-5.999996185303,47.,12.5));
#1072 = VECTOR('',#1073,1.);
#1073 = DIRECTION('',(0.,0.,-1.));
#1074 = ORIENTED_EDGE('',*,*,#1075,.F.);
#1075 = EDGE_CURVE('',#1076,#1068,#1078,.T.);
#1076 = VERTEX_POINT('',#1077);
#1077 = CARTESIAN_POINT('',(-5.999996185303,49.,53.747728749737));
#1078 = LINE('',#1079,#1080);
#1079 = CARTESIAN_POINT('',(-5.999996185303,15.,53.747728749737));
#1080 = VECTOR('',#1081,1.);
#1081 = DIRECTION('',(0.,-1.,2.2E-16));
#1082 = ORIENTED_EDGE('',*,*,#1083,.T.);
#1083 = EDGE_CURVE('',#1076,#1084,#1086,.T.);
#1084 = VERTEX_POINT('',#1085);
#1085 = CARTESIAN_POINT('',(-5.999996185303,49.,25.));
#1086 = LINE('',#1087,#1088);
#1087 = CARTESIAN_POINT('',(-5.999996185303,49.,12.5));
#1088 = VECTOR('',#1089,1.);
#1089 = DIRECTION('',(0.,0.,-1.));
#1090 = ORIENTED_EDGE('',*,*,#1091,.F.);
#1091 = EDGE_CURVE('',#1092,#1084,#1094,.T.);
#1092 = VERTEX_POINT('',#1093);
#1093 = CARTESIAN_POINT('',(-5.999996185303,51.,25.));
#1094 = LINE('',#1095,#1096);
#1095 = CARTESIAN_POINT('',(-5.999996185303,13.003046596047,25.));
#1096 = VECTOR('',#1097,1.);
#1097 = DIRECTION('',(-0.,-1.,-0.));
#1098 = ORIENTED_EDGE('',*,*,#1099,.F.);
#1099 = EDGE_CURVE('',#1100,#1092,#1102,.T.);
#1100 = VERTEX_POINT('',#1101);
#1101 = CARTESIAN_POINT('',(-5.999996185303,51.,53.747728749737));
#1102 = LINE('',#1103,#1104);
#1103 = CARTESIAN_POINT('',(-5.999996185303,51.,12.5));
#1104 = VECTOR('',#1105,1.);
#1105 = DIRECTION('',(0.,0.,-1.));
#1106 = ORIENTED_EDGE('',*,*,#1107,.F.);
#1107 = EDGE_CURVE('',#1108,#1100,#1110,.T.);
#1108 = VERTEX_POINT('',#1109);
#1109 = CARTESIAN_POINT('',(-5.999996185303,53.,53.747728749737));
#1110 = LINE('',#1111,#1112);
#1111 = CARTESIAN_POINT('',(-5.999996185303,15.,53.747728749737));
#1112 = VECTOR('',#1113,1.);
#1113 = DIRECTION('',(0.,-1.,2.2E-16));
#1114 = ORIENTED_EDGE('',*,*,#1115,.T.);
#1115 = EDGE_CURVE('',#1108,#1116,#1118,.T.);
#1116 = VERTEX_POINT('',#1117);
#1117 = CARTESIAN_POINT('',(-5.999996185303,53.,25.));
#1118 = LINE('',#1119,#1120);
#1119 = CARTESIAN_POINT('',(-5.999996185303,53.,12.5));
#1120 = VECTOR('',#1121,1.);
#1121 = DIRECTION('',(0.,0.,-1.));
#1122 = ORIENTED_EDGE('',*,*,#1123,.F.);
#1123 = EDGE_CURVE('',#1124,#1116,#1126,.T.);
#1124 = VERTEX_POINT('',#1125);
#1125 = CARTESIAN_POINT('',(-5.999996185303,55.,25.));
#1126 = LINE('',#1127,#1128);
#1127 = CARTESIAN_POINT('',(-5.999996185303,15.003046596047,25.));
#1128 = VECTOR('',#1129,1.);
#1129 = DIRECTION('',(-0.,-1.,-0.));
#1130 = ORIENTED_EDGE('',*,*,#1131,.F.);
#1131 = EDGE_CURVE('',#1132,#1124,#1134,.T.);
#1132 = VERTEX_POINT('',#1133);
#1133 = CARTESIAN_POINT('',(-5.999996185303,55.,53.747728749737));
#1134 = LINE('',#1135,#1136);
#1135 = CARTESIAN_POINT('',(-5.999996185303,55.,12.5));
#1136 = VECTOR('',#1137,1.);
#1137 = DIRECTION('',(0.,0.,-1.));
#1138 = ORIENTED_EDGE('',*,*,#1139,.F.);
#1139 = EDGE_CURVE('',#1140,#1132,#1142,.T.);
#1140 = VERTEX_POINT('',#1141);
#1141 = CARTESIAN_POINT('',(-5.999996185303,57.,53.747728749737));
#1142 = LINE('',#1143,#1144);
#1143 = CARTESIAN_POINT('',(-5.999996185303,15.,53.747728749737));
#1144 = VECTOR('',#1145,1.);
#1145 = DIRECTION('',(0.,-1.,2.2E-16));
#1146 = ORIENTED_EDGE('',*,*,#1147,.T.);
#1147 = EDGE_CURVE('',#1140,#1148,#1150,.T.);
#1148 = VERTEX_POINT('',#1149);
#1149 = CARTESIAN_POINT('',(-5.999996185303,57.,25.));
#1150 = LINE('',#1151,#1152);
#1151 = CARTESIAN_POINT('',(-5.999996185303,57.,12.5));
#1152 = VECTOR('',#1153,1.);
#1153 = DIRECTION('',(0.,0.,-1.));
#1154 = ORIENTED_EDGE('',*,*,#1155,.F.);
#1155 = EDGE_CURVE('',#1156,#1148,#1158,.T.);
#1156 = VERTEX_POINT('',#1157);
#1157 = CARTESIAN_POINT('',(-5.999996185303,59.,25.));
#1158 = LINE('',#1159,#1160);
#1159 = CARTESIAN_POINT('',(-5.999996185303,17.003046596047,25.));
#1160 = VECTOR('',#1161,1.);
#1161 = DIRECTION('',(-0.,-1.,-0.));
#1162 = ORIENTED_EDGE('',*,*,#1163,.F.);
#1163 = EDGE_CURVE('',#1164,#1156,#1166,.T.);
#1164 = VERTEX_POINT('',#1165);
#1165 = CARTESIAN_POINT('',(-5.999996185303,59.,53.747728749737));
#1166 = LINE('',#1167,#1168);
#1167 = CARTESIAN_POINT('',(-5.999996185303,59.,12.5));
#1168 = VECTOR('',#1169,1.);
#1169 = DIRECTION('',(0.,0.,-1.));
#1170 = ORIENTED_EDGE('',*,*,#1171,.F.);
#1171 = EDGE_CURVE('',#1172,#1164,#1174,.T.);
#1172 = VERTEX_POINT('',#1173);
#1173 = CARTESIAN_POINT('',(-5.999996185303,61.,53.747728749737));
#1174 = LINE('',#1175,#1176);
#1175 = CARTESIAN_POINT('',(-5.999996185303,15.,53.747728749737));
#1176 = VECTOR('',#1177,1.);
#1177 = DIRECTION('',(0.,-1.,2.2E-16));
#1178 = ORIENTED_EDGE('',*,*,#1179,.T.);
#1179 = EDGE_CURVE('',#1172,#1180,#1182,.T.);
#1180 = VERTEX_POINT('',#1181);
#1181 = CARTESIAN_POINT('',(-5.999996185303,61.,25.));
#1182 = LINE('',#1183,#1184);
#1183 = CARTESIAN_POINT('',(-5.999996185303,61.,12.5));
#1184 = VECTOR('',#1185,1.);
#1185 = DIRECTION('',(0.,0.,-1.));
#1186 = ORIENTED_EDGE('',*,*,#1187,.F.);
#1187 = EDGE_CURVE('',#1188,#1180,#1190,.T.);
#1188 = VERTEX_POINT('',#1189);
#1189 = CARTESIAN_POINT('',(-5.999996185303,63.,25.));
#1190 = LINE('',#1191,#1192);
#1191 = CARTESIAN_POINT('',(-5.999996185303,19.003046596047,25.));
#1192 = VECTOR('',#1193,1.);
#1193 = DIRECTION('',(-0.,-1.,-0.));
#1194 = ORIENTED_EDGE('',*,*,#1195,.F.);
#1195 = EDGE_CURVE('',#1196,#1188,#1198,.T.);
#1196 = VERTEX_POINT('',#1197);
#1197 = CARTESIAN_POINT('',(-5.999996185303,63.,53.747728749737));
#1198 = LINE('',#1199,#1200);
#1199 = CARTESIAN_POINT('',(-5.999996185303,63.,12.5));
#1200 = VECTOR('',#1201,1.);
#1201 = DIRECTION('',(0.,0.,-1.));
#1202 = ORIENTED_EDGE('',*,*,#1203,.F.);
#1203 = EDGE_CURVE('',#1204,#1196,#1206,.T.);
#1204 = VERTEX_POINT('',#1205);
#1205 = CARTESIAN_POINT('',(-5.999996185303,65.,53.747728749737));
#1206 = LINE('',#1207,#1208);
#1207 = CARTESIAN_POINT('',(-5.999996185303,15.,53.747728749737));
#1208 = VECTOR('',#1209,1.);
#1209 = DIRECTION('',(0.,-1.,2.2E-16));
#1210 = ORIENTED_EDGE('',*,*,#1211,.T.);
#1211 = EDGE_CURVE('',#1204,#1212,#1214,.T.);
#1212 = VERTEX_POINT('',#1213);
#1213 = CARTESIAN_POINT('',(-5.999996185303,65.,25.));
#1214 = LINE('',#1215,#1216);
#1215 = CARTESIAN_POINT('',(-5.999996185303,65.,12.5));
#1216 = VECTOR('',#1217,1.);
#1217 = DIRECTION('',(0.,0.,-1.));
#1218 = ORIENTED_EDGE('',*,*,#1219,.F.);
#1219 = EDGE_CURVE('',#1220,#1212,#1222,.T.);
#1220 = VERTEX_POINT('',#1221);
#1221 = CARTESIAN_POINT('',(-5.999996185303,67.,25.));
#1222 = LINE('',#1223,#1224);
#1223 = CARTESIAN_POINT('',(-5.999996185303,21.003046596047,25.));
#1224 = VECTOR('',#1225,1.);
#1225 = DIRECTION('',(-0.,-1.,-0.));
#1226 = ORIENTED_EDGE('',*,*,#1227,.F.);
#1227 = EDGE_CURVE('',#1228,#1220,#1230,.T.);
#1228 = VERTEX_POINT('',#1229);
#1229 = CARTESIAN_POINT('',(-5.999996185303,67.,53.601472191508));
#1230 = LINE('',#1231,#1232);
#1231 = CARTESIAN_POINT('',(-5.999996185303,67.,12.5));
#1232 = VECTOR('',#1233,1.);
#1233 = DIRECTION('',(0.,0.,-1.));
#1234 = ORIENTED_EDGE('',*,*,#1235,.T.);
#1235 = EDGE_CURVE('',#1228,#1236,#1238,.T.);
#1236 = VERTEX_POINT('',#1237);
#1237 = CARTESIAN_POINT('',(-5.999996185303,69.,53.152948178122));
#1238 = CIRCLE('',#1239,13.747728749737);
#1239 = AXIS2_PLACEMENT_3D('',#1240,#1241,#1242);
#1240 = CARTESIAN_POINT('',(-5.999996185303,65.,40.));
#1241 = DIRECTION('',(-1.,0.,0.));
#1242 = DIRECTION('',(0.,0.,-1.));
#1243 = ORIENTED_EDGE('',*,*,#1244,.T.);
#1244 = EDGE_CURVE('',#1236,#1245,#1247,.T.);
#1245 = VERTEX_POINT('',#1246);
#1246 = CARTESIAN_POINT('',(-5.999996185303,69.,25.));
#1247 = LINE('',#1248,#1249);
#1248 = CARTESIAN_POINT('',(-5.999996185303,69.,12.5));
#1249 = VECTOR('',#1250,1.);
#1250 = DIRECTION('',(0.,0.,-1.));
#1251 = ORIENTED_EDGE('',*,*,#1252,.F.);
#1252 = EDGE_CURVE('',#1253,#1245,#1255,.T.);
#1253 = VERTEX_POINT('',#1254);
#1254 = CARTESIAN_POINT('',(-5.999996185303,71.,25.));
#1255 = LINE('',#1256,#1257);
#1256 = CARTESIAN_POINT('',(-5.999996185303,23.003046596047,25.));
#1257 = VECTOR('',#1258,1.);
#1258 = DIRECTION('',(-0.,-1.,-0.));
#1259 = ORIENTED_EDGE('',*,*,#1260,.F.);
#1260 = EDGE_CURVE('',#1261,#1253,#1263,.T.);
#1261 = VERTEX_POINT('',#1262);
#1262 = CARTESIAN_POINT('',(-5.999996185303,71.,52.369318727252));
#1263 = LINE('',#1264,#1265);
#1264 = CARTESIAN_POINT('',(-5.999996185303,71.,12.5));
#1265 = VECTOR('',#1266,1.);
#1266 = DIRECTION('',(0.,0.,-1.));
#1267 = ORIENTED_EDGE('',*,*,#1268,.T.);
#1268 = EDGE_CURVE('',#1261,#1269,#1271,.T.);
#1269 = VERTEX_POINT('',#1270);
#1270 = CARTESIAN_POINT('',(-5.999996185303,73.,51.180341934679));
#1271 = CIRCLE('',#1272,13.747728749737);
#1272 = AXIS2_PLACEMENT_3D('',#1273,#1274,#1275);
#1273 = CARTESIAN_POINT('',(-5.999996185303,65.,40.));
#1274 = DIRECTION('',(-1.,0.,0.));
#1275 = DIRECTION('',(0.,0.,-1.));
#1276 = ORIENTED_EDGE('',*,*,#1277,.T.);
#1277 = EDGE_CURVE('',#1269,#1278,#1280,.T.);
#1278 = VERTEX_POINT('',#1279);
#1279 = CARTESIAN_POINT('',(-5.999996185303,73.,25.));
#1280 = LINE('',#1281,#1282);
#1281 = CARTESIAN_POINT('',(-5.999996185303,73.,12.5));
#1282 = VECTOR('',#1283,1.);
#1283 = DIRECTION('',(0.,0.,-1.));
#1284 = ORIENTED_EDGE('',*,*,#1285,.F.);
#1285 = EDGE_CURVE('',#1286,#1278,#1288,.T.);
#1286 = VERTEX_POINT('',#1287);
#1287 = CARTESIAN_POINT('',(-5.999996185303,75.,25.));
#1288 = LINE('',#1289,#1290);
#1289 = CARTESIAN_POINT('',(-5.999996185303,25.003046596047,25.));
#1290 = VECTOR('',#1291,1.);
#1291 = DIRECTION('',(-0.,-1.,-0.));
#1292 = ORIENTED_EDGE('',*,*,#1293,.F.);
#1293 = EDGE_CURVE('',#1294,#1286,#1296,.T.);
#1294 = VERTEX_POINT('',#1295);
#1295 = CARTESIAN_POINT('',(-5.999996185303,75.,49.433983558198));
#1296 = LINE('',#1297,#1298);
#1297 = CARTESIAN_POINT('',(-5.999996185303,75.,12.5));
#1298 = VECTOR('',#1299,1.);
#1299 = DIRECTION('',(0.,0.,-1.));
#1300 = ORIENTED_EDGE('',*,*,#1301,.T.);
#1301 = EDGE_CURVE('',#1294,#1302,#1304,.T.);
#1302 = VERTEX_POINT('',#1303);
#1303 = CARTESIAN_POINT('',(-5.999996185303,78.747728749737,40.));
#1304 = CIRCLE('',#1305,13.747728749737);
#1305 = AXIS2_PLACEMENT_3D('',#1306,#1307,#1308);
#1306 = CARTESIAN_POINT('',(-5.999996185303,65.,40.));
#1307 = DIRECTION('',(-1.,0.,0.));
#1308 = DIRECTION('',(0.,0.,-1.));
#1309 = ORIENTED_EDGE('',*,*,#1310,.F.);
#1310 = EDGE_CURVE('',#705,#1302,#1311,.T.);
#1311 = LINE('',#1312,#1313);
#1312 = CARTESIAN_POINT('',(-5.999996185303,78.747728749737,
    3.024500324942E-15));
#1313 = VECTOR('',#1314,1.);
#1314 = DIRECTION('',(0.,-2.2E-16,1.));
#1315 = PLANE('',#1316);
#1316 = AXIS2_PLACEMENT_3D('',#1317,#1318,#1319);
#1317 = CARTESIAN_POINT('',(-5.999996185303,-22.9939068079,0.));
#1318 = DIRECTION('',(-1.,0.,0.));
#1319 = DIRECTION('',(0.,1.,0.));
#1320 = ( GEOMETRIC_REPRESENTATION_CONTEXT(3) 
GLOBAL_UNCERTAINTY_ASSIGNED_CONTEXT((#1324)) 
GLOBAL_UNIT_ASSIGNED_CONTEXT((#1321,#1322,#1323)) REPRESENTATION_CONTEXT
('Context #1','3D Context with UNIT and UNCERTAINTY') );
#1321 = ( LENGTH_UNIT() NAMED_UNIT(*) SI_UNIT(.MILLI.,.METRE.) );
#1322 = ( NAMED_UNIT(*) PLANE_ANGLE_UNIT() SI_UNIT($,.RADIAN.) );
#1323 = ( NAMED_UNIT(*) SI_UNIT($,.STERADIAN.) SOLID_ANGLE_UNIT() );
#1324 = UNCERTAINTY_MEASURE_WITH_UNIT(LENGTH_MEASURE(1.E-07),#1321,
  'distance_accuracy_value','confusion accuracy');
#1325 = CONTEXT_DEPENDENT_SHAPE_REPRESENTATION(#1326,#1328);
#1326 = ( REPRESENTATION_RELATIONSHIP('','',#695,#10) 
REPRESENTATION_RELATIONSHIP_WITH_TRANSFORMATION(#1327) 
SHAPE_REPRESENTATION_RELATIONSHIP() );
#1327 = ITEM_DEFINED_TRANSFORMATION('','',#11,#19);
#1328 = PRODUCT_DEFINITION_SHAPE('Placement','Placement of an item',
  #1329);
#1329 = NEXT_ASSEMBLY_USAGE_OCCURRENCE('20','y_breads001','',#5,#690,$);
#1330 = PRODUCT_RELATED_PRODUCT_CATEGORY('part',$,(#692));
#1331 = SHAPE_DEFINITION_REPRESENTATION(#1332,#1338);
#1332 = PRODUCT_DEFINITION_SHAPE('','',#1333);
#1333 = PRODUCT_DEFINITION('design','',#1334,#1337);
#1334 = PRODUCT_DEFINITION_FORMATION('','',#1335);
#1335 = PRODUCT('y_breads002','y_breads002','',(#1336));
#1336 = PRODUCT_CONTEXT('',#2,'mechanical');
#1337 = PRODUCT_DEFINITION_CONTEXT('part definition',#2,'design');
#1338 = MANIFOLD_SURFACE_SHAPE_REPRESENTATION('',(#11,#1339),#1963);
#1339 = SHELL_BASED_SURFACE_MODEL('',(#1340));
#1340 = OPEN_SHELL('',(#1341));
#1341 = ADVANCED_FACE('',(#1342),#1958,.T.);
#1342 = FACE_BOUND('',#1343,.T.);
#1343 = EDGE_LOOP('',(#1344,#1354,#1362,#1371,#1379,#1387,#1395,#1404,
    #1412,#1420,#1428,#1437,#1445,#1453,#1461,#1469,#1477,#1485,#1493,
    #1501,#1509,#1517,#1525,#1533,#1541,#1549,#1557,#1565,#1573,#1581,
    #1589,#1597,#1605,#1613,#1621,#1629,#1637,#1645,#1653,#1661,#1669,
    #1677,#1685,#1693,#1701,#1709,#1717,#1725,#1733,#1741,#1749,#1757,
    #1765,#1773,#1781,#1789,#1797,#1805,#1813,#1821,#1829,#1837,#1845,
    #1853,#1861,#1869,#1877,#1886,#1894,#1902,#1910,#1919,#1927,#1935,
    #1943,#1952));
#1344 = ORIENTED_EDGE('',*,*,#1345,.F.);
#1345 = EDGE_CURVE('',#1346,#1348,#1350,.T.);
#1346 = VERTEX_POINT('',#1347);
#1347 = CARTESIAN_POINT('',(-1.999996185303,0.133930739473,0.));
#1348 = VERTEX_POINT('',#1349);
#1349 = CARTESIAN_POINT('',(-1.999996185303,79.866069260527,
    1.635267618658E-15));
#1350 = LINE('',#1351,#1352);
#1351 = CARTESIAN_POINT('',(-1.999996185303,-22.9939068079,0.));
#1352 = VECTOR('',#1353,1.);
#1353 = DIRECTION('',(0.,1.,0.));
#1354 = ORIENTED_EDGE('',*,*,#1355,.T.);
#1355 = EDGE_CURVE('',#1346,#1356,#1358,.T.);
#1356 = VERTEX_POINT('',#1357);
#1357 = CARTESIAN_POINT('',(-1.999996185303,0.133930739473,40.));
#1358 = LINE('',#1359,#1360);
#1359 = CARTESIAN_POINT('',(-1.999996185303,0.133930739473,0.));
#1360 = VECTOR('',#1361,1.);
#1361 = DIRECTION('',(0.,0.,1.));
#1362 = ORIENTED_EDGE('',*,*,#1363,.T.);
#1363 = EDGE_CURVE('',#1356,#1364,#1366,.T.);
#1364 = VERTEX_POINT('',#1365);
#1365 = CARTESIAN_POINT('',(-1.999996185303,5.,51.000000693581));
#1366 = CIRCLE('',#1367,14.866069260527);
#1367 = AXIS2_PLACEMENT_3D('',#1368,#1369,#1370);
#1368 = CARTESIAN_POINT('',(-1.999996185303,15.,40.));
#1369 = DIRECTION('',(-1.,0.,0.));
#1370 = DIRECTION('',(0.,0.,-1.));
#1371 = ORIENTED_EDGE('',*,*,#1372,.T.);
#1372 = EDGE_CURVE('',#1364,#1373,#1375,.T.);
#1373 = VERTEX_POINT('',#1374);
#1374 = CARTESIAN_POINT('',(-1.999996185303,5.,25.));
#1375 = LINE('',#1376,#1377);
#1376 = CARTESIAN_POINT('',(-1.999996185303,5.,12.5));
#1377 = VECTOR('',#1378,1.);
#1378 = DIRECTION('',(0.,0.,-1.));
#1379 = ORIENTED_EDGE('',*,*,#1380,.F.);
#1380 = EDGE_CURVE('',#1381,#1373,#1383,.T.);
#1381 = VERTEX_POINT('',#1382);
#1382 = CARTESIAN_POINT('',(-1.999996185303,7.,25.));
#1383 = LINE('',#1384,#1385);
#1384 = CARTESIAN_POINT('',(-1.999996185303,-8.996953403953,25.));
#1385 = VECTOR('',#1386,1.);
#1386 = DIRECTION('',(-0.,-1.,-0.));
#1387 = ORIENTED_EDGE('',*,*,#1388,.F.);
#1388 = EDGE_CURVE('',#1389,#1381,#1391,.T.);
#1389 = VERTEX_POINT('',#1390);
#1390 = CARTESIAN_POINT('',(-1.999996185303,7.,52.529964695033));
#1391 = LINE('',#1392,#1393);
#1392 = CARTESIAN_POINT('',(-1.999996185303,7.,12.5));
#1393 = VECTOR('',#1394,1.);
#1394 = DIRECTION('',(0.,0.,-1.));
#1395 = ORIENTED_EDGE('',*,*,#1396,.T.);
#1396 = EDGE_CURVE('',#1389,#1397,#1399,.T.);
#1397 = VERTEX_POINT('',#1398);
#1398 = CARTESIAN_POINT('',(-1.999996185303,9.,53.601471069659));
#1399 = CIRCLE('',#1400,14.866069260527);
#1400 = AXIS2_PLACEMENT_3D('',#1401,#1402,#1403);
#1401 = CARTESIAN_POINT('',(-1.999996185303,15.,40.));
#1402 = DIRECTION('',(-1.,0.,0.));
#1403 = DIRECTION('',(0.,0.,-1.));
#1404 = ORIENTED_EDGE('',*,*,#1405,.T.);
#1405 = EDGE_CURVE('',#1397,#1406,#1408,.T.);
#1406 = VERTEX_POINT('',#1407);
#1407 = CARTESIAN_POINT('',(-1.999996185303,9.,25.));
#1408 = LINE('',#1409,#1410);
#1409 = CARTESIAN_POINT('',(-1.999996185303,9.,12.5));
#1410 = VECTOR('',#1411,1.);
#1411 = DIRECTION('',(0.,0.,-1.));
#1412 = ORIENTED_EDGE('',*,*,#1413,.F.);
#1413 = EDGE_CURVE('',#1414,#1406,#1416,.T.);
#1414 = VERTEX_POINT('',#1415);
#1415 = CARTESIAN_POINT('',(-1.999996185303,11.,25.));
#1416 = LINE('',#1417,#1418);
#1417 = CARTESIAN_POINT('',(-1.999996185303,-6.996953403953,25.));
#1418 = VECTOR('',#1419,1.);
#1419 = DIRECTION('',(-0.,-1.,-0.));
#1420 = ORIENTED_EDGE('',*,*,#1421,.F.);
#1421 = EDGE_CURVE('',#1422,#1414,#1424,.T.);
#1422 = VERTEX_POINT('',#1423);
#1423 = CARTESIAN_POINT('',(-1.999996185303,11.,54.317821596136));
#1424 = LINE('',#1425,#1426);
#1425 = CARTESIAN_POINT('',(-1.999996185303,11.,12.5));
#1426 = VECTOR('',#1427,1.);
#1427 = DIRECTION('',(0.,0.,-1.));
#1428 = ORIENTED_EDGE('',*,*,#1429,.T.);
#1429 = EDGE_CURVE('',#1422,#1430,#1432,.T.);
#1430 = VERTEX_POINT('',#1431);
#1431 = CARTESIAN_POINT('',(-1.999996185303,13.,54.730920380573));
#1432 = CIRCLE('',#1433,14.866069260527);
#1433 = AXIS2_PLACEMENT_3D('',#1434,#1435,#1436);
#1434 = CARTESIAN_POINT('',(-1.999996185303,15.,40.));
#1435 = DIRECTION('',(-1.,0.,0.));
#1436 = DIRECTION('',(0.,0.,-1.));
#1437 = ORIENTED_EDGE('',*,*,#1438,.T.);
#1438 = EDGE_CURVE('',#1430,#1439,#1441,.T.);
#1439 = VERTEX_POINT('',#1440);
#1440 = CARTESIAN_POINT('',(-1.999996185303,13.,25.));
#1441 = LINE('',#1442,#1443);
#1442 = CARTESIAN_POINT('',(-1.999996185303,13.,12.5));
#1443 = VECTOR('',#1444,1.);
#1444 = DIRECTION('',(0.,0.,-1.));
#1445 = ORIENTED_EDGE('',*,*,#1446,.F.);
#1446 = EDGE_CURVE('',#1447,#1439,#1449,.T.);
#1447 = VERTEX_POINT('',#1448);
#1448 = CARTESIAN_POINT('',(-1.999996185303,15.,25.));
#1449 = LINE('',#1450,#1451);
#1450 = CARTESIAN_POINT('',(-1.999996185303,-4.996953403953,25.));
#1451 = VECTOR('',#1452,1.);
#1452 = DIRECTION('',(-0.,-1.,-0.));
#1453 = ORIENTED_EDGE('',*,*,#1454,.F.);
#1454 = EDGE_CURVE('',#1455,#1447,#1457,.T.);
#1455 = VERTEX_POINT('',#1456);
#1456 = CARTESIAN_POINT('',(-1.999996185303,15.,54.866069260527));
#1457 = LINE('',#1458,#1459);
#1458 = CARTESIAN_POINT('',(-1.999996185303,15.,12.5));
#1459 = VECTOR('',#1460,1.);
#1460 = DIRECTION('',(0.,0.,-1.));
#1461 = ORIENTED_EDGE('',*,*,#1462,.F.);
#1462 = EDGE_CURVE('',#1463,#1455,#1465,.T.);
#1463 = VERTEX_POINT('',#1464);
#1464 = CARTESIAN_POINT('',(-1.999996185303,17.,54.866069260527));
#1465 = LINE('',#1466,#1467);
#1466 = CARTESIAN_POINT('',(-1.999996185303,15.,54.866069260527));
#1467 = VECTOR('',#1468,1.);
#1468 = DIRECTION('',(0.,-1.,2.2E-16));
#1469 = ORIENTED_EDGE('',*,*,#1470,.T.);
#1470 = EDGE_CURVE('',#1463,#1471,#1473,.T.);
#1471 = VERTEX_POINT('',#1472);
#1472 = CARTESIAN_POINT('',(-1.999996185303,17.,25.));
#1473 = LINE('',#1474,#1475);
#1474 = CARTESIAN_POINT('',(-1.999996185303,17.,12.5));
#1475 = VECTOR('',#1476,1.);
#1476 = DIRECTION('',(0.,0.,-1.));
#1477 = ORIENTED_EDGE('',*,*,#1478,.F.);
#1478 = EDGE_CURVE('',#1479,#1471,#1481,.T.);
#1479 = VERTEX_POINT('',#1480);
#1480 = CARTESIAN_POINT('',(-1.999996185303,19.,25.));
#1481 = LINE('',#1482,#1483);
#1482 = CARTESIAN_POINT('',(-1.999996185303,-2.996953403953,25.));
#1483 = VECTOR('',#1484,1.);
#1484 = DIRECTION('',(-0.,-1.,-0.));
#1485 = ORIENTED_EDGE('',*,*,#1486,.F.);
#1486 = EDGE_CURVE('',#1487,#1479,#1489,.T.);
#1487 = VERTEX_POINT('',#1488);
#1488 = CARTESIAN_POINT('',(-1.999996185303,19.,54.866069260527));
#1489 = LINE('',#1490,#1491);
#1490 = CARTESIAN_POINT('',(-1.999996185303,19.,12.5));
#1491 = VECTOR('',#1492,1.);
#1492 = DIRECTION('',(0.,0.,-1.));
#1493 = ORIENTED_EDGE('',*,*,#1494,.F.);
#1494 = EDGE_CURVE('',#1495,#1487,#1497,.T.);
#1495 = VERTEX_POINT('',#1496);
#1496 = CARTESIAN_POINT('',(-1.999996185303,21.,54.866069260527));
#1497 = LINE('',#1498,#1499);
#1498 = CARTESIAN_POINT('',(-1.999996185303,15.,54.866069260527));
#1499 = VECTOR('',#1500,1.);
#1500 = DIRECTION('',(0.,-1.,2.2E-16));
#1501 = ORIENTED_EDGE('',*,*,#1502,.T.);
#1502 = EDGE_CURVE('',#1495,#1503,#1505,.T.);
#1503 = VERTEX_POINT('',#1504);
#1504 = CARTESIAN_POINT('',(-1.999996185303,21.,25.));
#1505 = LINE('',#1506,#1507);
#1506 = CARTESIAN_POINT('',(-1.999996185303,21.,12.5));
#1507 = VECTOR('',#1508,1.);
#1508 = DIRECTION('',(0.,0.,-1.));
#1509 = ORIENTED_EDGE('',*,*,#1510,.F.);
#1510 = EDGE_CURVE('',#1511,#1503,#1513,.T.);
#1511 = VERTEX_POINT('',#1512);
#1512 = CARTESIAN_POINT('',(-1.999996185303,23.,25.));
#1513 = LINE('',#1514,#1515);
#1514 = CARTESIAN_POINT('',(-1.999996185303,-0.996953403953,25.));
#1515 = VECTOR('',#1516,1.);
#1516 = DIRECTION('',(-0.,-1.,-0.));
#1517 = ORIENTED_EDGE('',*,*,#1518,.F.);
#1518 = EDGE_CURVE('',#1519,#1511,#1521,.T.);
#1519 = VERTEX_POINT('',#1520);
#1520 = CARTESIAN_POINT('',(-1.999996185303,23.,54.866069260527));
#1521 = LINE('',#1522,#1523);
#1522 = CARTESIAN_POINT('',(-1.999996185303,23.,12.5));
#1523 = VECTOR('',#1524,1.);
#1524 = DIRECTION('',(0.,0.,-1.));
#1525 = ORIENTED_EDGE('',*,*,#1526,.F.);
#1526 = EDGE_CURVE('',#1527,#1519,#1529,.T.);
#1527 = VERTEX_POINT('',#1528);
#1528 = CARTESIAN_POINT('',(-1.999996185303,25.,54.866069260527));
#1529 = LINE('',#1530,#1531);
#1530 = CARTESIAN_POINT('',(-1.999996185303,15.,54.866069260527));
#1531 = VECTOR('',#1532,1.);
#1532 = DIRECTION('',(0.,-1.,2.2E-16));
#1533 = ORIENTED_EDGE('',*,*,#1534,.T.);
#1534 = EDGE_CURVE('',#1527,#1535,#1537,.T.);
#1535 = VERTEX_POINT('',#1536);
#1536 = CARTESIAN_POINT('',(-1.999996185303,25.,25.));
#1537 = LINE('',#1538,#1539);
#1538 = CARTESIAN_POINT('',(-1.999996185303,25.,12.5));
#1539 = VECTOR('',#1540,1.);
#1540 = DIRECTION('',(0.,0.,-1.));
#1541 = ORIENTED_EDGE('',*,*,#1542,.F.);
#1542 = EDGE_CURVE('',#1543,#1535,#1545,.T.);
#1543 = VERTEX_POINT('',#1544);
#1544 = CARTESIAN_POINT('',(-1.999996185303,27.,25.));
#1545 = LINE('',#1546,#1547);
#1546 = CARTESIAN_POINT('',(-1.999996185303,1.003046596047,25.));
#1547 = VECTOR('',#1548,1.);
#1548 = DIRECTION('',(-0.,-1.,-0.));
#1549 = ORIENTED_EDGE('',*,*,#1550,.F.);
#1550 = EDGE_CURVE('',#1551,#1543,#1553,.T.);
#1551 = VERTEX_POINT('',#1552);
#1552 = CARTESIAN_POINT('',(-1.999996185303,27.,54.866069260527));
#1553 = LINE('',#1554,#1555);
#1554 = CARTESIAN_POINT('',(-1.999996185303,27.,12.5));
#1555 = VECTOR('',#1556,1.);
#1556 = DIRECTION('',(0.,0.,-1.));
#1557 = ORIENTED_EDGE('',*,*,#1558,.F.);
#1558 = EDGE_CURVE('',#1559,#1551,#1561,.T.);
#1559 = VERTEX_POINT('',#1560);
#1560 = CARTESIAN_POINT('',(-1.999996185303,29.,54.866069260527));
#1561 = LINE('',#1562,#1563);
#1562 = CARTESIAN_POINT('',(-1.999996185303,15.,54.866069260527));
#1563 = VECTOR('',#1564,1.);
#1564 = DIRECTION('',(0.,-1.,2.2E-16));
#1565 = ORIENTED_EDGE('',*,*,#1566,.T.);
#1566 = EDGE_CURVE('',#1559,#1567,#1569,.T.);
#1567 = VERTEX_POINT('',#1568);
#1568 = CARTESIAN_POINT('',(-1.999996185303,29.,25.));
#1569 = LINE('',#1570,#1571);
#1570 = CARTESIAN_POINT('',(-1.999996185303,29.,12.5));
#1571 = VECTOR('',#1572,1.);
#1572 = DIRECTION('',(0.,0.,-1.));
#1573 = ORIENTED_EDGE('',*,*,#1574,.F.);
#1574 = EDGE_CURVE('',#1575,#1567,#1577,.T.);
#1575 = VERTEX_POINT('',#1576);
#1576 = CARTESIAN_POINT('',(-1.999996185303,31.,25.));
#1577 = LINE('',#1578,#1579);
#1578 = CARTESIAN_POINT('',(-1.999996185303,3.003046596047,25.));
#1579 = VECTOR('',#1580,1.);
#1580 = DIRECTION('',(-0.,-1.,-0.));
#1581 = ORIENTED_EDGE('',*,*,#1582,.F.);
#1582 = EDGE_CURVE('',#1583,#1575,#1585,.T.);
#1583 = VERTEX_POINT('',#1584);
#1584 = CARTESIAN_POINT('',(-1.999996185303,31.,54.866069260527));
#1585 = LINE('',#1586,#1587);
#1586 = CARTESIAN_POINT('',(-1.999996185303,31.,12.5));
#1587 = VECTOR('',#1588,1.);
#1588 = DIRECTION('',(0.,0.,-1.));
#1589 = ORIENTED_EDGE('',*,*,#1590,.F.);
#1590 = EDGE_CURVE('',#1591,#1583,#1593,.T.);
#1591 = VERTEX_POINT('',#1592);
#1592 = CARTESIAN_POINT('',(-1.999996185303,33.,54.866069260527));
#1593 = LINE('',#1594,#1595);
#1594 = CARTESIAN_POINT('',(-1.999996185303,15.,54.866069260527));
#1595 = VECTOR('',#1596,1.);
#1596 = DIRECTION('',(0.,-1.,2.2E-16));
#1597 = ORIENTED_EDGE('',*,*,#1598,.T.);
#1598 = EDGE_CURVE('',#1591,#1599,#1601,.T.);
#1599 = VERTEX_POINT('',#1600);
#1600 = CARTESIAN_POINT('',(-1.999996185303,33.,25.));
#1601 = LINE('',#1602,#1603);
#1602 = CARTESIAN_POINT('',(-1.999996185303,33.,12.5));
#1603 = VECTOR('',#1604,1.);
#1604 = DIRECTION('',(0.,0.,-1.));
#1605 = ORIENTED_EDGE('',*,*,#1606,.F.);
#1606 = EDGE_CURVE('',#1607,#1599,#1609,.T.);
#1607 = VERTEX_POINT('',#1608);
#1608 = CARTESIAN_POINT('',(-1.999996185303,35.,25.));
#1609 = LINE('',#1610,#1611);
#1610 = CARTESIAN_POINT('',(-1.999996185303,5.003046596047,25.));
#1611 = VECTOR('',#1612,1.);
#1612 = DIRECTION('',(-0.,-1.,-0.));
#1613 = ORIENTED_EDGE('',*,*,#1614,.F.);
#1614 = EDGE_CURVE('',#1615,#1607,#1617,.T.);
#1615 = VERTEX_POINT('',#1616);
#1616 = CARTESIAN_POINT('',(-1.999996185303,35.,54.866069260527));
#1617 = LINE('',#1618,#1619);
#1618 = CARTESIAN_POINT('',(-1.999996185303,35.,12.5));
#1619 = VECTOR('',#1620,1.);
#1620 = DIRECTION('',(0.,0.,-1.));
#1621 = ORIENTED_EDGE('',*,*,#1622,.F.);
#1622 = EDGE_CURVE('',#1623,#1615,#1625,.T.);
#1623 = VERTEX_POINT('',#1624);
#1624 = CARTESIAN_POINT('',(-1.999996185303,37.,54.866069260527));
#1625 = LINE('',#1626,#1627);
#1626 = CARTESIAN_POINT('',(-1.999996185303,15.,54.866069260527));
#1627 = VECTOR('',#1628,1.);
#1628 = DIRECTION('',(0.,-1.,2.2E-16));
#1629 = ORIENTED_EDGE('',*,*,#1630,.T.);
#1630 = EDGE_CURVE('',#1623,#1631,#1633,.T.);
#1631 = VERTEX_POINT('',#1632);
#1632 = CARTESIAN_POINT('',(-1.999996185303,37.,25.));
#1633 = LINE('',#1634,#1635);
#1634 = CARTESIAN_POINT('',(-1.999996185303,37.,12.5));
#1635 = VECTOR('',#1636,1.);
#1636 = DIRECTION('',(0.,0.,-1.));
#1637 = ORIENTED_EDGE('',*,*,#1638,.F.);
#1638 = EDGE_CURVE('',#1639,#1631,#1641,.T.);
#1639 = VERTEX_POINT('',#1640);
#1640 = CARTESIAN_POINT('',(-1.999996185303,39.,25.));
#1641 = LINE('',#1642,#1643);
#1642 = CARTESIAN_POINT('',(-1.999996185303,7.003046596047,25.));
#1643 = VECTOR('',#1644,1.);
#1644 = DIRECTION('',(-0.,-1.,-0.));
#1645 = ORIENTED_EDGE('',*,*,#1646,.F.);
#1646 = EDGE_CURVE('',#1647,#1639,#1649,.T.);
#1647 = VERTEX_POINT('',#1648);
#1648 = CARTESIAN_POINT('',(-1.999996185303,39.,54.866069260527));
#1649 = LINE('',#1650,#1651);
#1650 = CARTESIAN_POINT('',(-1.999996185303,39.,12.5));
#1651 = VECTOR('',#1652,1.);
#1652 = DIRECTION('',(0.,0.,-1.));
#1653 = ORIENTED_EDGE('',*,*,#1654,.F.);
#1654 = EDGE_CURVE('',#1655,#1647,#1657,.T.);
#1655 = VERTEX_POINT('',#1656);
#1656 = CARTESIAN_POINT('',(-1.999996185303,41.,54.866069260527));
#1657 = LINE('',#1658,#1659);
#1658 = CARTESIAN_POINT('',(-1.999996185303,15.,54.866069260527));
#1659 = VECTOR('',#1660,1.);
#1660 = DIRECTION('',(0.,-1.,2.2E-16));
#1661 = ORIENTED_EDGE('',*,*,#1662,.T.);
#1662 = EDGE_CURVE('',#1655,#1663,#1665,.T.);
#1663 = VERTEX_POINT('',#1664);
#1664 = CARTESIAN_POINT('',(-1.999996185303,41.,25.));
#1665 = LINE('',#1666,#1667);
#1666 = CARTESIAN_POINT('',(-1.999996185303,41.,12.5));
#1667 = VECTOR('',#1668,1.);
#1668 = DIRECTION('',(0.,0.,-1.));
#1669 = ORIENTED_EDGE('',*,*,#1670,.F.);
#1670 = EDGE_CURVE('',#1671,#1663,#1673,.T.);
#1671 = VERTEX_POINT('',#1672);
#1672 = CARTESIAN_POINT('',(-1.999996185303,43.,25.));
#1673 = LINE('',#1674,#1675);
#1674 = CARTESIAN_POINT('',(-1.999996185303,9.003046596047,25.));
#1675 = VECTOR('',#1676,1.);
#1676 = DIRECTION('',(-0.,-1.,-0.));
#1677 = ORIENTED_EDGE('',*,*,#1678,.F.);
#1678 = EDGE_CURVE('',#1679,#1671,#1681,.T.);
#1679 = VERTEX_POINT('',#1680);
#1680 = CARTESIAN_POINT('',(-1.999996185303,43.,54.866069260527));
#1681 = LINE('',#1682,#1683);
#1682 = CARTESIAN_POINT('',(-1.999996185303,43.,12.5));
#1683 = VECTOR('',#1684,1.);
#1684 = DIRECTION('',(0.,0.,-1.));
#1685 = ORIENTED_EDGE('',*,*,#1686,.F.);
#1686 = EDGE_CURVE('',#1687,#1679,#1689,.T.);
#1687 = VERTEX_POINT('',#1688);
#1688 = CARTESIAN_POINT('',(-1.999996185303,45.,54.866069260527));
#1689 = LINE('',#1690,#1691);
#1690 = CARTESIAN_POINT('',(-1.999996185303,15.,54.866069260527));
#1691 = VECTOR('',#1692,1.);
#1692 = DIRECTION('',(0.,-1.,2.2E-16));
#1693 = ORIENTED_EDGE('',*,*,#1694,.T.);
#1694 = EDGE_CURVE('',#1687,#1695,#1697,.T.);
#1695 = VERTEX_POINT('',#1696);
#1696 = CARTESIAN_POINT('',(-1.999996185303,45.,25.));
#1697 = LINE('',#1698,#1699);
#1698 = CARTESIAN_POINT('',(-1.999996185303,45.,12.5));
#1699 = VECTOR('',#1700,1.);
#1700 = DIRECTION('',(0.,0.,-1.));
#1701 = ORIENTED_EDGE('',*,*,#1702,.F.);
#1702 = EDGE_CURVE('',#1703,#1695,#1705,.T.);
#1703 = VERTEX_POINT('',#1704);
#1704 = CARTESIAN_POINT('',(-1.999996185303,47.,25.));
#1705 = LINE('',#1706,#1707);
#1706 = CARTESIAN_POINT('',(-1.999996185303,11.003046596047,25.));
#1707 = VECTOR('',#1708,1.);
#1708 = DIRECTION('',(-0.,-1.,-0.));
#1709 = ORIENTED_EDGE('',*,*,#1710,.F.);
#1710 = EDGE_CURVE('',#1711,#1703,#1713,.T.);
#1711 = VERTEX_POINT('',#1712);
#1712 = CARTESIAN_POINT('',(-1.999996185303,47.,54.866069260527));
#1713 = LINE('',#1714,#1715);
#1714 = CARTESIAN_POINT('',(-1.999996185303,47.,12.5));
#1715 = VECTOR('',#1716,1.);
#1716 = DIRECTION('',(0.,0.,-1.));
#1717 = ORIENTED_EDGE('',*,*,#1718,.F.);
#1718 = EDGE_CURVE('',#1719,#1711,#1721,.T.);
#1719 = VERTEX_POINT('',#1720);
#1720 = CARTESIAN_POINT('',(-1.999996185303,49.,54.866069260527));
#1721 = LINE('',#1722,#1723);
#1722 = CARTESIAN_POINT('',(-1.999996185303,15.,54.866069260527));
#1723 = VECTOR('',#1724,1.);
#1724 = DIRECTION('',(0.,-1.,2.2E-16));
#1725 = ORIENTED_EDGE('',*,*,#1726,.T.);
#1726 = EDGE_CURVE('',#1719,#1727,#1729,.T.);
#1727 = VERTEX_POINT('',#1728);
#1728 = CARTESIAN_POINT('',(-1.999996185303,49.,25.));
#1729 = LINE('',#1730,#1731);
#1730 = CARTESIAN_POINT('',(-1.999996185303,49.,12.5));
#1731 = VECTOR('',#1732,1.);
#1732 = DIRECTION('',(0.,0.,-1.));
#1733 = ORIENTED_EDGE('',*,*,#1734,.F.);
#1734 = EDGE_CURVE('',#1735,#1727,#1737,.T.);
#1735 = VERTEX_POINT('',#1736);
#1736 = CARTESIAN_POINT('',(-1.999996185303,51.,25.));
#1737 = LINE('',#1738,#1739);
#1738 = CARTESIAN_POINT('',(-1.999996185303,13.003046596047,25.));
#1739 = VECTOR('',#1740,1.);
#1740 = DIRECTION('',(-0.,-1.,-0.));
#1741 = ORIENTED_EDGE('',*,*,#1742,.F.);
#1742 = EDGE_CURVE('',#1743,#1735,#1745,.T.);
#1743 = VERTEX_POINT('',#1744);
#1744 = CARTESIAN_POINT('',(-1.999996185303,51.,54.866069260527));
#1745 = LINE('',#1746,#1747);
#1746 = CARTESIAN_POINT('',(-1.999996185303,51.,12.5));
#1747 = VECTOR('',#1748,1.);
#1748 = DIRECTION('',(0.,0.,-1.));
#1749 = ORIENTED_EDGE('',*,*,#1750,.F.);
#1750 = EDGE_CURVE('',#1751,#1743,#1753,.T.);
#1751 = VERTEX_POINT('',#1752);
#1752 = CARTESIAN_POINT('',(-1.999996185303,53.,54.866069260527));
#1753 = LINE('',#1754,#1755);
#1754 = CARTESIAN_POINT('',(-1.999996185303,15.,54.866069260527));
#1755 = VECTOR('',#1756,1.);
#1756 = DIRECTION('',(0.,-1.,2.2E-16));
#1757 = ORIENTED_EDGE('',*,*,#1758,.T.);
#1758 = EDGE_CURVE('',#1751,#1759,#1761,.T.);
#1759 = VERTEX_POINT('',#1760);
#1760 = CARTESIAN_POINT('',(-1.999996185303,53.,25.));
#1761 = LINE('',#1762,#1763);
#1762 = CARTESIAN_POINT('',(-1.999996185303,53.,12.5));
#1763 = VECTOR('',#1764,1.);
#1764 = DIRECTION('',(0.,0.,-1.));
#1765 = ORIENTED_EDGE('',*,*,#1766,.F.);
#1766 = EDGE_CURVE('',#1767,#1759,#1769,.T.);
#1767 = VERTEX_POINT('',#1768);
#1768 = CARTESIAN_POINT('',(-1.999996185303,55.,25.));
#1769 = LINE('',#1770,#1771);
#1770 = CARTESIAN_POINT('',(-1.999996185303,15.003046596047,25.));
#1771 = VECTOR('',#1772,1.);
#1772 = DIRECTION('',(-0.,-1.,-0.));
#1773 = ORIENTED_EDGE('',*,*,#1774,.F.);
#1774 = EDGE_CURVE('',#1775,#1767,#1777,.T.);
#1775 = VERTEX_POINT('',#1776);
#1776 = CARTESIAN_POINT('',(-1.999996185303,55.,54.866069260527));
#1777 = LINE('',#1778,#1779);
#1778 = CARTESIAN_POINT('',(-1.999996185303,55.,12.5));
#1779 = VECTOR('',#1780,1.);
#1780 = DIRECTION('',(0.,0.,-1.));
#1781 = ORIENTED_EDGE('',*,*,#1782,.F.);
#1782 = EDGE_CURVE('',#1783,#1775,#1785,.T.);
#1783 = VERTEX_POINT('',#1784);
#1784 = CARTESIAN_POINT('',(-1.999996185303,57.,54.866069260527));
#1785 = LINE('',#1786,#1787);
#1786 = CARTESIAN_POINT('',(-1.999996185303,15.,54.866069260527));
#1787 = VECTOR('',#1788,1.);
#1788 = DIRECTION('',(0.,-1.,2.2E-16));
#1789 = ORIENTED_EDGE('',*,*,#1790,.T.);
#1790 = EDGE_CURVE('',#1783,#1791,#1793,.T.);
#1791 = VERTEX_POINT('',#1792);
#1792 = CARTESIAN_POINT('',(-1.999996185303,57.,25.));
#1793 = LINE('',#1794,#1795);
#1794 = CARTESIAN_POINT('',(-1.999996185303,57.,12.5));
#1795 = VECTOR('',#1796,1.);
#1796 = DIRECTION('',(0.,0.,-1.));
#1797 = ORIENTED_EDGE('',*,*,#1798,.F.);
#1798 = EDGE_CURVE('',#1799,#1791,#1801,.T.);
#1799 = VERTEX_POINT('',#1800);
#1800 = CARTESIAN_POINT('',(-1.999996185303,59.,25.));
#1801 = LINE('',#1802,#1803);
#1802 = CARTESIAN_POINT('',(-1.999996185303,17.003046596047,25.));
#1803 = VECTOR('',#1804,1.);
#1804 = DIRECTION('',(-0.,-1.,-0.));
#1805 = ORIENTED_EDGE('',*,*,#1806,.F.);
#1806 = EDGE_CURVE('',#1807,#1799,#1809,.T.);
#1807 = VERTEX_POINT('',#1808);
#1808 = CARTESIAN_POINT('',(-1.999996185303,59.,54.866069260527));
#1809 = LINE('',#1810,#1811);
#1810 = CARTESIAN_POINT('',(-1.999996185303,59.,12.5));
#1811 = VECTOR('',#1812,1.);
#1812 = DIRECTION('',(0.,0.,-1.));
#1813 = ORIENTED_EDGE('',*,*,#1814,.F.);
#1814 = EDGE_CURVE('',#1815,#1807,#1817,.T.);
#1815 = VERTEX_POINT('',#1816);
#1816 = CARTESIAN_POINT('',(-1.999996185303,61.,54.866069260527));
#1817 = LINE('',#1818,#1819);
#1818 = CARTESIAN_POINT('',(-1.999996185303,15.,54.866069260527));
#1819 = VECTOR('',#1820,1.);
#1820 = DIRECTION('',(0.,-1.,2.2E-16));
#1821 = ORIENTED_EDGE('',*,*,#1822,.T.);
#1822 = EDGE_CURVE('',#1815,#1823,#1825,.T.);
#1823 = VERTEX_POINT('',#1824);
#1824 = CARTESIAN_POINT('',(-1.999996185303,61.,25.));
#1825 = LINE('',#1826,#1827);
#1826 = CARTESIAN_POINT('',(-1.999996185303,61.,12.5));
#1827 = VECTOR('',#1828,1.);
#1828 = DIRECTION('',(0.,0.,-1.));
#1829 = ORIENTED_EDGE('',*,*,#1830,.F.);
#1830 = EDGE_CURVE('',#1831,#1823,#1833,.T.);
#1831 = VERTEX_POINT('',#1832);
#1832 = CARTESIAN_POINT('',(-1.999996185303,63.,25.));
#1833 = LINE('',#1834,#1835);
#1834 = CARTESIAN_POINT('',(-1.999996185303,19.003046596047,25.));
#1835 = VECTOR('',#1836,1.);
#1836 = DIRECTION('',(-0.,-1.,-0.));
#1837 = ORIENTED_EDGE('',*,*,#1838,.F.);
#1838 = EDGE_CURVE('',#1839,#1831,#1841,.T.);
#1839 = VERTEX_POINT('',#1840);
#1840 = CARTESIAN_POINT('',(-1.999996185303,63.,54.866069260527));
#1841 = LINE('',#1842,#1843);
#1842 = CARTESIAN_POINT('',(-1.999996185303,63.,12.5));
#1843 = VECTOR('',#1844,1.);
#1844 = DIRECTION('',(0.,0.,-1.));
#1845 = ORIENTED_EDGE('',*,*,#1846,.F.);
#1846 = EDGE_CURVE('',#1847,#1839,#1849,.T.);
#1847 = VERTEX_POINT('',#1848);
#1848 = CARTESIAN_POINT('',(-1.999996185303,65.,54.866069260527));
#1849 = LINE('',#1850,#1851);
#1850 = CARTESIAN_POINT('',(-1.999996185303,15.,54.866069260527));
#1851 = VECTOR('',#1852,1.);
#1852 = DIRECTION('',(0.,-1.,2.2E-16));
#1853 = ORIENTED_EDGE('',*,*,#1854,.T.);
#1854 = EDGE_CURVE('',#1847,#1855,#1857,.T.);
#1855 = VERTEX_POINT('',#1856);
#1856 = CARTESIAN_POINT('',(-1.999996185303,65.,25.));
#1857 = LINE('',#1858,#1859);
#1858 = CARTESIAN_POINT('',(-1.999996185303,65.,12.5));
#1859 = VECTOR('',#1860,1.);
#1860 = DIRECTION('',(0.,0.,-1.));
#1861 = ORIENTED_EDGE('',*,*,#1862,.F.);
#1862 = EDGE_CURVE('',#1863,#1855,#1865,.T.);
#1863 = VERTEX_POINT('',#1864);
#1864 = CARTESIAN_POINT('',(-1.999996185303,67.,25.));
#1865 = LINE('',#1866,#1867);
#1866 = CARTESIAN_POINT('',(-1.999996185303,21.003046596047,25.));
#1867 = VECTOR('',#1868,1.);
#1868 = DIRECTION('',(-0.,-1.,-0.));
#1869 = ORIENTED_EDGE('',*,*,#1870,.F.);
#1870 = EDGE_CURVE('',#1871,#1863,#1873,.T.);
#1871 = VERTEX_POINT('',#1872);
#1872 = CARTESIAN_POINT('',(-1.999996185303,67.,54.730920380573));
#1873 = LINE('',#1874,#1875);
#1874 = CARTESIAN_POINT('',(-1.999996185303,67.,12.5));
#1875 = VECTOR('',#1876,1.);
#1876 = DIRECTION('',(0.,0.,-1.));
#1877 = ORIENTED_EDGE('',*,*,#1878,.T.);
#1878 = EDGE_CURVE('',#1871,#1879,#1881,.T.);
#1879 = VERTEX_POINT('',#1880);
#1880 = CARTESIAN_POINT('',(-1.999996185303,69.,54.317821596136));
#1881 = CIRCLE('',#1882,14.866069260527);
#1882 = AXIS2_PLACEMENT_3D('',#1883,#1884,#1885);
#1883 = CARTESIAN_POINT('',(-1.999996185303,65.,40.));
#1884 = DIRECTION('',(-1.,0.,0.));
#1885 = DIRECTION('',(0.,0.,-1.));
#1886 = ORIENTED_EDGE('',*,*,#1887,.T.);
#1887 = EDGE_CURVE('',#1879,#1888,#1890,.T.);
#1888 = VERTEX_POINT('',#1889);
#1889 = CARTESIAN_POINT('',(-1.999996185303,69.,25.));
#1890 = LINE('',#1891,#1892);
#1891 = CARTESIAN_POINT('',(-1.999996185303,69.,12.5));
#1892 = VECTOR('',#1893,1.);
#1893 = DIRECTION('',(0.,0.,-1.));
#1894 = ORIENTED_EDGE('',*,*,#1895,.F.);
#1895 = EDGE_CURVE('',#1896,#1888,#1898,.T.);
#1896 = VERTEX_POINT('',#1897);
#1897 = CARTESIAN_POINT('',(-1.999996185303,71.,25.));
#1898 = LINE('',#1899,#1900);
#1899 = CARTESIAN_POINT('',(-1.999996185303,23.003046596047,25.));
#1900 = VECTOR('',#1901,1.);
#1901 = DIRECTION('',(-0.,-1.,-0.));
#1902 = ORIENTED_EDGE('',*,*,#1903,.F.);
#1903 = EDGE_CURVE('',#1904,#1896,#1906,.T.);
#1904 = VERTEX_POINT('',#1905);
#1905 = CARTESIAN_POINT('',(-1.999996185303,71.,53.601471069659));
#1906 = LINE('',#1907,#1908);
#1907 = CARTESIAN_POINT('',(-1.999996185303,71.,12.5));
#1908 = VECTOR('',#1909,1.);
#1909 = DIRECTION('',(0.,0.,-1.));
#1910 = ORIENTED_EDGE('',*,*,#1911,.T.);
#1911 = EDGE_CURVE('',#1904,#1912,#1914,.T.);
#1912 = VERTEX_POINT('',#1913);
#1913 = CARTESIAN_POINT('',(-1.999996185303,73.,52.529964695033));
#1914 = CIRCLE('',#1915,14.866069260527);
#1915 = AXIS2_PLACEMENT_3D('',#1916,#1917,#1918);
#1916 = CARTESIAN_POINT('',(-1.999996185303,65.,40.));
#1917 = DIRECTION('',(-1.,0.,0.));
#1918 = DIRECTION('',(0.,0.,-1.));
#1919 = ORIENTED_EDGE('',*,*,#1920,.T.);
#1920 = EDGE_CURVE('',#1912,#1921,#1923,.T.);
#1921 = VERTEX_POINT('',#1922);
#1922 = CARTESIAN_POINT('',(-1.999996185303,73.,25.));
#1923 = LINE('',#1924,#1925);
#1924 = CARTESIAN_POINT('',(-1.999996185303,73.,12.5));
#1925 = VECTOR('',#1926,1.);
#1926 = DIRECTION('',(0.,0.,-1.));
#1927 = ORIENTED_EDGE('',*,*,#1928,.F.);
#1928 = EDGE_CURVE('',#1929,#1921,#1931,.T.);
#1929 = VERTEX_POINT('',#1930);
#1930 = CARTESIAN_POINT('',(-1.999996185303,75.,25.));
#1931 = LINE('',#1932,#1933);
#1932 = CARTESIAN_POINT('',(-1.999996185303,25.003046596047,25.));
#1933 = VECTOR('',#1934,1.);
#1934 = DIRECTION('',(-0.,-1.,-0.));
#1935 = ORIENTED_EDGE('',*,*,#1936,.F.);
#1936 = EDGE_CURVE('',#1937,#1929,#1939,.T.);
#1937 = VERTEX_POINT('',#1938);
#1938 = CARTESIAN_POINT('',(-1.999996185303,75.,51.000000693581));
#1939 = LINE('',#1940,#1941);
#1940 = CARTESIAN_POINT('',(-1.999996185303,75.,12.5));
#1941 = VECTOR('',#1942,1.);
#1942 = DIRECTION('',(0.,0.,-1.));
#1943 = ORIENTED_EDGE('',*,*,#1944,.T.);
#1944 = EDGE_CURVE('',#1937,#1945,#1947,.T.);
#1945 = VERTEX_POINT('',#1946);
#1946 = CARTESIAN_POINT('',(-1.999996185303,79.866069260527,40.));
#1947 = CIRCLE('',#1948,14.866069260527);
#1948 = AXIS2_PLACEMENT_3D('',#1949,#1950,#1951);
#1949 = CARTESIAN_POINT('',(-1.999996185303,65.,40.));
#1950 = DIRECTION('',(-1.,0.,0.));
#1951 = DIRECTION('',(0.,0.,-1.));
#1952 = ORIENTED_EDGE('',*,*,#1953,.F.);
#1953 = EDGE_CURVE('',#1348,#1945,#1954,.T.);
#1954 = LINE('',#1955,#1956);
#1955 = CARTESIAN_POINT('',(-1.999996185303,79.866069260527,
    3.270535237316E-15));
#1956 = VECTOR('',#1957,1.);
#1957 = DIRECTION('',(0.,-2.2E-16,1.));
#1958 = PLANE('',#1959);
#1959 = AXIS2_PLACEMENT_3D('',#1960,#1961,#1962);
#1960 = CARTESIAN_POINT('',(-1.999996185303,-22.9939068079,0.));
#1961 = DIRECTION('',(-1.,0.,0.));
#1962 = DIRECTION('',(0.,1.,0.));
#1963 = ( GEOMETRIC_REPRESENTATION_CONTEXT(3) 
GLOBAL_UNCERTAINTY_ASSIGNED_CONTEXT((#1967)) 
GLOBAL_UNIT_ASSIGNED_CONTEXT((#1964,#1965,#1966)) REPRESENTATION_CONTEXT
('Context #1','3D Context with UNIT and UNCERTAINTY') );
#1964 = ( LENGTH_UNIT() NAMED_UNIT(*) SI_UNIT(.MILLI.,.METRE.) );
#1965 = ( NAMED_UNIT(*) PLANE_ANGLE_UNIT() SI_UNIT($,.RADIAN.) );
#1966 = ( NAMED_UNIT(*) SI_UNIT($,.STERADIAN.) SOLID_ANGLE_UNIT() );
#1967 = UNCERTAINTY_MEASURE_WITH_UNIT(LENGTH_MEASURE(1.E-07),#1964,
  'distance_accuracy_value','confusion accuracy');
#1968 = CONTEXT_DEPENDENT_SHAPE_REPRESENTATION(#1969,#1971);
#1969 = ( REPRESENTATION_RELATIONSHIP('','',#1338,#10) 
REPRESENTATION_RELATIONSHIP_WITH_TRANSFORMATION(#1970) 
SHAPE_REPRESENTATION_RELATIONSHIP() );
#1970 = ITEM_DEFINED_TRANSFORMATION('','',#11,#23);
#1971 = PRODUCT_DEFINITION_SHAPE('Placement','Placement of an item',
  #1972);
#1972 = NEXT_ASSEMBLY_USAGE_OCCURRENCE('21','y_breads002','',#5,#1333,$
  );
#1973 = PRODUCT_RELATED_PRODUCT_CATEGORY('part',$,(#1335));
#1974 = SHAPE_DEFINITION_REPRESENTATION(#1975,#1981);
#1975 = PRODUCT_DEFINITION_SHAPE('','',#1976);
#1976 = PRODUCT_DEFINITION('design','',#1977,#1980);
#1977 = PRODUCT_DEFINITION_FORMATION('','',#1978);
#1978 = PRODUCT('y_breads003','y_breads003','',(#1979));
#1979 = PRODUCT_CONTEXT('',#2,'mechanical');
#1980 = PRODUCT_DEFINITION_CONTEXT('part definition',#2,'design');
#1981 = MANIFOLD_SURFACE_SHAPE_REPRESENTATION('',(#11,#1982),#2606);
#1982 = SHELL_BASED_SURFACE_MODEL('',(#1983));
#1983 = OPEN_SHELL('',(#1984));
#1984 = ADVANCED_FACE('',(#1985),#2601,.T.);
#1985 = FACE_BOUND('',#1986,.T.);
#1986 = EDGE_LOOP('',(#1987,#1997,#2005,#2014,#2022,#2030,#2038,#2047,
    #2055,#2063,#2071,#2080,#2088,#2096,#2104,#2112,#2120,#2128,#2136,
    #2144,#2152,#2160,#2168,#2176,#2184,#2192,#2200,#2208,#2216,#2224,
    #2232,#2240,#2248,#2256,#2264,#2272,#2280,#2288,#2296,#2304,#2312,
    #2320,#2328,#2336,#2344,#2352,#2360,#2368,#2376,#2384,#2392,#2400,
    #2408,#2416,#2424,#2432,#2440,#2448,#2456,#2464,#2472,#2480,#2488,
    #2496,#2504,#2512,#2520,#2529,#2537,#2545,#2553,#2562,#2570,#2578,
    #2586,#2595));
#1987 = ORIENTED_EDGE('',*,*,#1988,.F.);
#1988 = EDGE_CURVE('',#1989,#1991,#1993,.T.);
#1989 = VERTEX_POINT('',#1990);
#1990 = CARTESIAN_POINT('',(2.000003814698,0.133931765891,0.));
#1991 = VERTEX_POINT('',#1992);
#1992 = CARTESIAN_POINT('',(2.000003814698,79.866068234109,
    1.635267505752E-15));
#1993 = LINE('',#1994,#1995);
#1994 = CARTESIAN_POINT('',(2.000003814697,-22.9939068079,0.));
#1995 = VECTOR('',#1996,1.);
#1996 = DIRECTION('',(0.,1.,0.));
#1997 = ORIENTED_EDGE('',*,*,#1998,.T.);
#1998 = EDGE_CURVE('',#1989,#1999,#2001,.T.);
#1999 = VERTEX_POINT('',#2000);
#2000 = CARTESIAN_POINT('',(2.000003814697,0.133931765891,40.));
#2001 = LINE('',#2002,#2003);
#2002 = CARTESIAN_POINT('',(2.000003814697,0.133931765891,0.));
#2003 = VECTOR('',#2004,1.);
#2004 = DIRECTION('',(0.,0.,1.));
#2005 = ORIENTED_EDGE('',*,*,#2006,.T.);
#2006 = EDGE_CURVE('',#1999,#2007,#2009,.T.);
#2007 = VERTEX_POINT('',#2008);
#2008 = CARTESIAN_POINT('',(2.000003814697,5.,50.999999306418));
#2009 = CIRCLE('',#2010,14.866068234109);
#2010 = AXIS2_PLACEMENT_3D('',#2011,#2012,#2013);
#2011 = CARTESIAN_POINT('',(2.000003814697,15.,40.));
#2012 = DIRECTION('',(-1.,0.,0.));
#2013 = DIRECTION('',(0.,0.,-1.));
#2014 = ORIENTED_EDGE('',*,*,#2015,.T.);
#2015 = EDGE_CURVE('',#2007,#2016,#2018,.T.);
#2016 = VERTEX_POINT('',#2017);
#2017 = CARTESIAN_POINT('',(2.000003814697,5.,25.));
#2018 = LINE('',#2019,#2020);
#2019 = CARTESIAN_POINT('',(2.000003814697,5.,12.5));
#2020 = VECTOR('',#2021,1.);
#2021 = DIRECTION('',(0.,0.,-1.));
#2022 = ORIENTED_EDGE('',*,*,#2023,.F.);
#2023 = EDGE_CURVE('',#2024,#2016,#2026,.T.);
#2024 = VERTEX_POINT('',#2025);
#2025 = CARTESIAN_POINT('',(2.000003814697,7.,25.));
#2026 = LINE('',#2027,#2028);
#2027 = CARTESIAN_POINT('',(2.000003814697,-8.996953403953,25.));
#2028 = VECTOR('',#2029,1.);
#2029 = DIRECTION('',(-0.,-1.,-0.));
#2030 = ORIENTED_EDGE('',*,*,#2031,.F.);
#2031 = EDGE_CURVE('',#2032,#2024,#2034,.T.);
#2032 = VERTEX_POINT('',#2033);
#2033 = CARTESIAN_POINT('',(2.000003814697,7.,52.529963477249));
#2034 = LINE('',#2035,#2036);
#2035 = CARTESIAN_POINT('',(2.000003814697,7.,12.5));
#2036 = VECTOR('',#2037,1.);
#2037 = DIRECTION('',(0.,0.,-1.));
#2038 = ORIENTED_EDGE('',*,*,#2039,.T.);
#2039 = EDGE_CURVE('',#2032,#2040,#2042,.T.);
#2040 = VERTEX_POINT('',#2041);
#2041 = CARTESIAN_POINT('',(2.000003814697,9.,53.601469947811));
#2042 = CIRCLE('',#2043,14.866068234109);
#2043 = AXIS2_PLACEMENT_3D('',#2044,#2045,#2046);
#2044 = CARTESIAN_POINT('',(2.000003814697,15.,40.));
#2045 = DIRECTION('',(-1.,0.,0.));
#2046 = DIRECTION('',(0.,0.,-1.));
#2047 = ORIENTED_EDGE('',*,*,#2048,.T.);
#2048 = EDGE_CURVE('',#2040,#2049,#2051,.T.);
#2049 = VERTEX_POINT('',#2050);
#2050 = CARTESIAN_POINT('',(2.000003814697,9.,25.));
#2051 = LINE('',#2052,#2053);
#2052 = CARTESIAN_POINT('',(2.000003814697,9.,12.5));
#2053 = VECTOR('',#2054,1.);
#2054 = DIRECTION('',(0.,0.,-1.));
#2055 = ORIENTED_EDGE('',*,*,#2056,.F.);
#2056 = EDGE_CURVE('',#2057,#2049,#2059,.T.);
#2057 = VERTEX_POINT('',#2058);
#2058 = CARTESIAN_POINT('',(2.000003814697,11.,25.));
#2059 = LINE('',#2060,#2061);
#2060 = CARTESIAN_POINT('',(2.000003814697,-6.996953403953,25.));
#2061 = VECTOR('',#2062,1.);
#2062 = DIRECTION('',(-0.,-1.,-0.));
#2063 = ORIENTED_EDGE('',*,*,#2064,.F.);
#2064 = EDGE_CURVE('',#2065,#2057,#2067,.T.);
#2065 = VERTEX_POINT('',#2066);
#2066 = CARTESIAN_POINT('',(2.000003814697,11.,54.317820530416));
#2067 = LINE('',#2068,#2069);
#2068 = CARTESIAN_POINT('',(2.000003814697,11.,12.5));
#2069 = VECTOR('',#2070,1.);
#2070 = DIRECTION('',(0.,0.,-1.));
#2071 = ORIENTED_EDGE('',*,*,#2072,.T.);
#2072 = EDGE_CURVE('',#2065,#2073,#2075,.T.);
#2073 = VERTEX_POINT('',#2074);
#2074 = CARTESIAN_POINT('',(2.000003814697,13.,54.730919344739));
#2075 = CIRCLE('',#2076,14.866068234109);
#2076 = AXIS2_PLACEMENT_3D('',#2077,#2078,#2079);
#2077 = CARTESIAN_POINT('',(2.000003814697,15.,40.));
#2078 = DIRECTION('',(-1.,0.,0.));
#2079 = DIRECTION('',(0.,0.,-1.));
#2080 = ORIENTED_EDGE('',*,*,#2081,.T.);
#2081 = EDGE_CURVE('',#2073,#2082,#2084,.T.);
#2082 = VERTEX_POINT('',#2083);
#2083 = CARTESIAN_POINT('',(2.000003814697,13.,25.));
#2084 = LINE('',#2085,#2086);
#2085 = CARTESIAN_POINT('',(2.000003814697,13.,12.5));
#2086 = VECTOR('',#2087,1.);
#2087 = DIRECTION('',(0.,0.,-1.));
#2088 = ORIENTED_EDGE('',*,*,#2089,.F.);
#2089 = EDGE_CURVE('',#2090,#2082,#2092,.T.);
#2090 = VERTEX_POINT('',#2091);
#2091 = CARTESIAN_POINT('',(2.000003814697,15.,25.));
#2092 = LINE('',#2093,#2094);
#2093 = CARTESIAN_POINT('',(2.000003814697,-4.996953403953,25.));
#2094 = VECTOR('',#2095,1.);
#2095 = DIRECTION('',(-0.,-1.,-0.));
#2096 = ORIENTED_EDGE('',*,*,#2097,.F.);
#2097 = EDGE_CURVE('',#2098,#2090,#2100,.T.);
#2098 = VERTEX_POINT('',#2099);
#2099 = CARTESIAN_POINT('',(2.000003814697,15.,54.866068234109));
#2100 = LINE('',#2101,#2102);
#2101 = CARTESIAN_POINT('',(2.000003814697,15.,12.5));
#2102 = VECTOR('',#2103,1.);
#2103 = DIRECTION('',(0.,0.,-1.));
#2104 = ORIENTED_EDGE('',*,*,#2105,.F.);
#2105 = EDGE_CURVE('',#2106,#2098,#2108,.T.);
#2106 = VERTEX_POINT('',#2107);
#2107 = CARTESIAN_POINT('',(2.000003814697,17.,54.866068234109));
#2108 = LINE('',#2109,#2110);
#2109 = CARTESIAN_POINT('',(2.000003814697,15.,54.866068234109));
#2110 = VECTOR('',#2111,1.);
#2111 = DIRECTION('',(0.,-1.,2.2E-16));
#2112 = ORIENTED_EDGE('',*,*,#2113,.T.);
#2113 = EDGE_CURVE('',#2106,#2114,#2116,.T.);
#2114 = VERTEX_POINT('',#2115);
#2115 = CARTESIAN_POINT('',(2.000003814697,17.,25.));
#2116 = LINE('',#2117,#2118);
#2117 = CARTESIAN_POINT('',(2.000003814697,17.,12.5));
#2118 = VECTOR('',#2119,1.);
#2119 = DIRECTION('',(0.,0.,-1.));
#2120 = ORIENTED_EDGE('',*,*,#2121,.F.);
#2121 = EDGE_CURVE('',#2122,#2114,#2124,.T.);
#2122 = VERTEX_POINT('',#2123);
#2123 = CARTESIAN_POINT('',(2.000003814697,19.,25.));
#2124 = LINE('',#2125,#2126);
#2125 = CARTESIAN_POINT('',(2.000003814697,-2.996953403953,25.));
#2126 = VECTOR('',#2127,1.);
#2127 = DIRECTION('',(-0.,-1.,-0.));
#2128 = ORIENTED_EDGE('',*,*,#2129,.F.);
#2129 = EDGE_CURVE('',#2130,#2122,#2132,.T.);
#2130 = VERTEX_POINT('',#2131);
#2131 = CARTESIAN_POINT('',(2.000003814697,19.,54.866068234109));
#2132 = LINE('',#2133,#2134);
#2133 = CARTESIAN_POINT('',(2.000003814697,19.,12.5));
#2134 = VECTOR('',#2135,1.);
#2135 = DIRECTION('',(0.,0.,-1.));
#2136 = ORIENTED_EDGE('',*,*,#2137,.F.);
#2137 = EDGE_CURVE('',#2138,#2130,#2140,.T.);
#2138 = VERTEX_POINT('',#2139);
#2139 = CARTESIAN_POINT('',(2.000003814697,21.,54.866068234109));
#2140 = LINE('',#2141,#2142);
#2141 = CARTESIAN_POINT('',(2.000003814697,15.,54.866068234109));
#2142 = VECTOR('',#2143,1.);
#2143 = DIRECTION('',(0.,-1.,2.2E-16));
#2144 = ORIENTED_EDGE('',*,*,#2145,.T.);
#2145 = EDGE_CURVE('',#2138,#2146,#2148,.T.);
#2146 = VERTEX_POINT('',#2147);
#2147 = CARTESIAN_POINT('',(2.000003814697,21.,25.));
#2148 = LINE('',#2149,#2150);
#2149 = CARTESIAN_POINT('',(2.000003814697,21.,12.5));
#2150 = VECTOR('',#2151,1.);
#2151 = DIRECTION('',(0.,0.,-1.));
#2152 = ORIENTED_EDGE('',*,*,#2153,.F.);
#2153 = EDGE_CURVE('',#2154,#2146,#2156,.T.);
#2154 = VERTEX_POINT('',#2155);
#2155 = CARTESIAN_POINT('',(2.000003814697,23.,25.));
#2156 = LINE('',#2157,#2158);
#2157 = CARTESIAN_POINT('',(2.000003814697,-0.996953403953,25.));
#2158 = VECTOR('',#2159,1.);
#2159 = DIRECTION('',(-0.,-1.,-0.));
#2160 = ORIENTED_EDGE('',*,*,#2161,.F.);
#2161 = EDGE_CURVE('',#2162,#2154,#2164,.T.);
#2162 = VERTEX_POINT('',#2163);
#2163 = CARTESIAN_POINT('',(2.000003814697,23.,54.866068234109));
#2164 = LINE('',#2165,#2166);
#2165 = CARTESIAN_POINT('',(2.000003814697,23.,12.5));
#2166 = VECTOR('',#2167,1.);
#2167 = DIRECTION('',(0.,0.,-1.));
#2168 = ORIENTED_EDGE('',*,*,#2169,.F.);
#2169 = EDGE_CURVE('',#2170,#2162,#2172,.T.);
#2170 = VERTEX_POINT('',#2171);
#2171 = CARTESIAN_POINT('',(2.000003814697,25.,54.866068234109));
#2172 = LINE('',#2173,#2174);
#2173 = CARTESIAN_POINT('',(2.000003814697,15.,54.866068234109));
#2174 = VECTOR('',#2175,1.);
#2175 = DIRECTION('',(0.,-1.,2.2E-16));
#2176 = ORIENTED_EDGE('',*,*,#2177,.T.);
#2177 = EDGE_CURVE('',#2170,#2178,#2180,.T.);
#2178 = VERTEX_POINT('',#2179);
#2179 = CARTESIAN_POINT('',(2.000003814697,25.,25.));
#2180 = LINE('',#2181,#2182);
#2181 = CARTESIAN_POINT('',(2.000003814697,25.,12.5));
#2182 = VECTOR('',#2183,1.);
#2183 = DIRECTION('',(0.,0.,-1.));
#2184 = ORIENTED_EDGE('',*,*,#2185,.F.);
#2185 = EDGE_CURVE('',#2186,#2178,#2188,.T.);
#2186 = VERTEX_POINT('',#2187);
#2187 = CARTESIAN_POINT('',(2.000003814697,27.,25.));
#2188 = LINE('',#2189,#2190);
#2189 = CARTESIAN_POINT('',(2.000003814697,1.003046596047,25.));
#2190 = VECTOR('',#2191,1.);
#2191 = DIRECTION('',(-0.,-1.,-0.));
#2192 = ORIENTED_EDGE('',*,*,#2193,.F.);
#2193 = EDGE_CURVE('',#2194,#2186,#2196,.T.);
#2194 = VERTEX_POINT('',#2195);
#2195 = CARTESIAN_POINT('',(2.000003814697,27.,54.866068234109));
#2196 = LINE('',#2197,#2198);
#2197 = CARTESIAN_POINT('',(2.000003814697,27.,12.5));
#2198 = VECTOR('',#2199,1.);
#2199 = DIRECTION('',(0.,0.,-1.));
#2200 = ORIENTED_EDGE('',*,*,#2201,.F.);
#2201 = EDGE_CURVE('',#2202,#2194,#2204,.T.);
#2202 = VERTEX_POINT('',#2203);
#2203 = CARTESIAN_POINT('',(2.000003814697,29.,54.866068234109));
#2204 = LINE('',#2205,#2206);
#2205 = CARTESIAN_POINT('',(2.000003814697,15.,54.866068234109));
#2206 = VECTOR('',#2207,1.);
#2207 = DIRECTION('',(0.,-1.,2.2E-16));
#2208 = ORIENTED_EDGE('',*,*,#2209,.T.);
#2209 = EDGE_CURVE('',#2202,#2210,#2212,.T.);
#2210 = VERTEX_POINT('',#2211);
#2211 = CARTESIAN_POINT('',(2.000003814697,29.,25.));
#2212 = LINE('',#2213,#2214);
#2213 = CARTESIAN_POINT('',(2.000003814697,29.,12.5));
#2214 = VECTOR('',#2215,1.);
#2215 = DIRECTION('',(0.,0.,-1.));
#2216 = ORIENTED_EDGE('',*,*,#2217,.F.);
#2217 = EDGE_CURVE('',#2218,#2210,#2220,.T.);
#2218 = VERTEX_POINT('',#2219);
#2219 = CARTESIAN_POINT('',(2.000003814697,31.,25.));
#2220 = LINE('',#2221,#2222);
#2221 = CARTESIAN_POINT('',(2.000003814697,3.003046596047,25.));
#2222 = VECTOR('',#2223,1.);
#2223 = DIRECTION('',(-0.,-1.,-0.));
#2224 = ORIENTED_EDGE('',*,*,#2225,.F.);
#2225 = EDGE_CURVE('',#2226,#2218,#2228,.T.);
#2226 = VERTEX_POINT('',#2227);
#2227 = CARTESIAN_POINT('',(2.000003814697,31.,54.866068234109));
#2228 = LINE('',#2229,#2230);
#2229 = CARTESIAN_POINT('',(2.000003814697,31.,12.5));
#2230 = VECTOR('',#2231,1.);
#2231 = DIRECTION('',(0.,0.,-1.));
#2232 = ORIENTED_EDGE('',*,*,#2233,.F.);
#2233 = EDGE_CURVE('',#2234,#2226,#2236,.T.);
#2234 = VERTEX_POINT('',#2235);
#2235 = CARTESIAN_POINT('',(2.000003814697,33.,54.866068234109));
#2236 = LINE('',#2237,#2238);
#2237 = CARTESIAN_POINT('',(2.000003814697,15.,54.866068234109));
#2238 = VECTOR('',#2239,1.);
#2239 = DIRECTION('',(0.,-1.,2.2E-16));
#2240 = ORIENTED_EDGE('',*,*,#2241,.T.);
#2241 = EDGE_CURVE('',#2234,#2242,#2244,.T.);
#2242 = VERTEX_POINT('',#2243);
#2243 = CARTESIAN_POINT('',(2.000003814697,33.,25.));
#2244 = LINE('',#2245,#2246);
#2245 = CARTESIAN_POINT('',(2.000003814697,33.,12.5));
#2246 = VECTOR('',#2247,1.);
#2247 = DIRECTION('',(0.,0.,-1.));
#2248 = ORIENTED_EDGE('',*,*,#2249,.F.);
#2249 = EDGE_CURVE('',#2250,#2242,#2252,.T.);
#2250 = VERTEX_POINT('',#2251);
#2251 = CARTESIAN_POINT('',(2.000003814697,35.,25.));
#2252 = LINE('',#2253,#2254);
#2253 = CARTESIAN_POINT('',(2.000003814697,5.003046596047,25.));
#2254 = VECTOR('',#2255,1.);
#2255 = DIRECTION('',(-0.,-1.,-0.));
#2256 = ORIENTED_EDGE('',*,*,#2257,.F.);
#2257 = EDGE_CURVE('',#2258,#2250,#2260,.T.);
#2258 = VERTEX_POINT('',#2259);
#2259 = CARTESIAN_POINT('',(2.000003814697,35.,54.866068234109));
#2260 = LINE('',#2261,#2262);
#2261 = CARTESIAN_POINT('',(2.000003814697,35.,12.5));
#2262 = VECTOR('',#2263,1.);
#2263 = DIRECTION('',(0.,0.,-1.));
#2264 = ORIENTED_EDGE('',*,*,#2265,.F.);
#2265 = EDGE_CURVE('',#2266,#2258,#2268,.T.);
#2266 = VERTEX_POINT('',#2267);
#2267 = CARTESIAN_POINT('',(2.000003814697,37.,54.866068234109));
#2268 = LINE('',#2269,#2270);
#2269 = CARTESIAN_POINT('',(2.000003814697,15.,54.866068234109));
#2270 = VECTOR('',#2271,1.);
#2271 = DIRECTION('',(0.,-1.,2.2E-16));
#2272 = ORIENTED_EDGE('',*,*,#2273,.T.);
#2273 = EDGE_CURVE('',#2266,#2274,#2276,.T.);
#2274 = VERTEX_POINT('',#2275);
#2275 = CARTESIAN_POINT('',(2.000003814697,37.,25.));
#2276 = LINE('',#2277,#2278);
#2277 = CARTESIAN_POINT('',(2.000003814697,37.,12.5));
#2278 = VECTOR('',#2279,1.);
#2279 = DIRECTION('',(0.,0.,-1.));
#2280 = ORIENTED_EDGE('',*,*,#2281,.F.);
#2281 = EDGE_CURVE('',#2282,#2274,#2284,.T.);
#2282 = VERTEX_POINT('',#2283);
#2283 = CARTESIAN_POINT('',(2.000003814697,39.,25.));
#2284 = LINE('',#2285,#2286);
#2285 = CARTESIAN_POINT('',(2.000003814697,7.003046596047,25.));
#2286 = VECTOR('',#2287,1.);
#2287 = DIRECTION('',(-0.,-1.,-0.));
#2288 = ORIENTED_EDGE('',*,*,#2289,.F.);
#2289 = EDGE_CURVE('',#2290,#2282,#2292,.T.);
#2290 = VERTEX_POINT('',#2291);
#2291 = CARTESIAN_POINT('',(2.000003814697,39.,54.866068234109));
#2292 = LINE('',#2293,#2294);
#2293 = CARTESIAN_POINT('',(2.000003814697,39.,12.5));
#2294 = VECTOR('',#2295,1.);
#2295 = DIRECTION('',(0.,0.,-1.));
#2296 = ORIENTED_EDGE('',*,*,#2297,.F.);
#2297 = EDGE_CURVE('',#2298,#2290,#2300,.T.);
#2298 = VERTEX_POINT('',#2299);
#2299 = CARTESIAN_POINT('',(2.000003814697,41.,54.866068234109));
#2300 = LINE('',#2301,#2302);
#2301 = CARTESIAN_POINT('',(2.000003814697,15.,54.866068234109));
#2302 = VECTOR('',#2303,1.);
#2303 = DIRECTION('',(0.,-1.,2.2E-16));
#2304 = ORIENTED_EDGE('',*,*,#2305,.T.);
#2305 = EDGE_CURVE('',#2298,#2306,#2308,.T.);
#2306 = VERTEX_POINT('',#2307);
#2307 = CARTESIAN_POINT('',(2.000003814697,41.,25.));
#2308 = LINE('',#2309,#2310);
#2309 = CARTESIAN_POINT('',(2.000003814697,41.,12.5));
#2310 = VECTOR('',#2311,1.);
#2311 = DIRECTION('',(0.,0.,-1.));
#2312 = ORIENTED_EDGE('',*,*,#2313,.F.);
#2313 = EDGE_CURVE('',#2314,#2306,#2316,.T.);
#2314 = VERTEX_POINT('',#2315);
#2315 = CARTESIAN_POINT('',(2.000003814697,43.,25.));
#2316 = LINE('',#2317,#2318);
#2317 = CARTESIAN_POINT('',(2.000003814697,9.003046596047,25.));
#2318 = VECTOR('',#2319,1.);
#2319 = DIRECTION('',(-0.,-1.,-0.));
#2320 = ORIENTED_EDGE('',*,*,#2321,.F.);
#2321 = EDGE_CURVE('',#2322,#2314,#2324,.T.);
#2322 = VERTEX_POINT('',#2323);
#2323 = CARTESIAN_POINT('',(2.000003814697,43.,54.866068234109));
#2324 = LINE('',#2325,#2326);
#2325 = CARTESIAN_POINT('',(2.000003814697,43.,12.5));
#2326 = VECTOR('',#2327,1.);
#2327 = DIRECTION('',(0.,0.,-1.));
#2328 = ORIENTED_EDGE('',*,*,#2329,.F.);
#2329 = EDGE_CURVE('',#2330,#2322,#2332,.T.);
#2330 = VERTEX_POINT('',#2331);
#2331 = CARTESIAN_POINT('',(2.000003814697,45.,54.866068234109));
#2332 = LINE('',#2333,#2334);
#2333 = CARTESIAN_POINT('',(2.000003814697,15.,54.866068234109));
#2334 = VECTOR('',#2335,1.);
#2335 = DIRECTION('',(0.,-1.,2.2E-16));
#2336 = ORIENTED_EDGE('',*,*,#2337,.T.);
#2337 = EDGE_CURVE('',#2330,#2338,#2340,.T.);
#2338 = VERTEX_POINT('',#2339);
#2339 = CARTESIAN_POINT('',(2.000003814697,45.,25.));
#2340 = LINE('',#2341,#2342);
#2341 = CARTESIAN_POINT('',(2.000003814697,45.,12.5));
#2342 = VECTOR('',#2343,1.);
#2343 = DIRECTION('',(0.,0.,-1.));
#2344 = ORIENTED_EDGE('',*,*,#2345,.F.);
#2345 = EDGE_CURVE('',#2346,#2338,#2348,.T.);
#2346 = VERTEX_POINT('',#2347);
#2347 = CARTESIAN_POINT('',(2.000003814697,47.,25.));
#2348 = LINE('',#2349,#2350);
#2349 = CARTESIAN_POINT('',(2.000003814697,11.003046596047,25.));
#2350 = VECTOR('',#2351,1.);
#2351 = DIRECTION('',(-0.,-1.,-0.));
#2352 = ORIENTED_EDGE('',*,*,#2353,.F.);
#2353 = EDGE_CURVE('',#2354,#2346,#2356,.T.);
#2354 = VERTEX_POINT('',#2355);
#2355 = CARTESIAN_POINT('',(2.000003814697,47.,54.866068234109));
#2356 = LINE('',#2357,#2358);
#2357 = CARTESIAN_POINT('',(2.000003814697,47.,12.5));
#2358 = VECTOR('',#2359,1.);
#2359 = DIRECTION('',(0.,0.,-1.));
#2360 = ORIENTED_EDGE('',*,*,#2361,.F.);
#2361 = EDGE_CURVE('',#2362,#2354,#2364,.T.);
#2362 = VERTEX_POINT('',#2363);
#2363 = CARTESIAN_POINT('',(2.000003814697,49.,54.866068234109));
#2364 = LINE('',#2365,#2366);
#2365 = CARTESIAN_POINT('',(2.000003814697,15.,54.866068234109));
#2366 = VECTOR('',#2367,1.);
#2367 = DIRECTION('',(0.,-1.,2.2E-16));
#2368 = ORIENTED_EDGE('',*,*,#2369,.T.);
#2369 = EDGE_CURVE('',#2362,#2370,#2372,.T.);
#2370 = VERTEX_POINT('',#2371);
#2371 = CARTESIAN_POINT('',(2.000003814697,49.,25.));
#2372 = LINE('',#2373,#2374);
#2373 = CARTESIAN_POINT('',(2.000003814697,49.,12.5));
#2374 = VECTOR('',#2375,1.);
#2375 = DIRECTION('',(0.,0.,-1.));
#2376 = ORIENTED_EDGE('',*,*,#2377,.F.);
#2377 = EDGE_CURVE('',#2378,#2370,#2380,.T.);
#2378 = VERTEX_POINT('',#2379);
#2379 = CARTESIAN_POINT('',(2.000003814697,51.,25.));
#2380 = LINE('',#2381,#2382);
#2381 = CARTESIAN_POINT('',(2.000003814697,13.003046596047,25.));
#2382 = VECTOR('',#2383,1.);
#2383 = DIRECTION('',(-0.,-1.,-0.));
#2384 = ORIENTED_EDGE('',*,*,#2385,.F.);
#2385 = EDGE_CURVE('',#2386,#2378,#2388,.T.);
#2386 = VERTEX_POINT('',#2387);
#2387 = CARTESIAN_POINT('',(2.000003814697,51.,54.866068234109));
#2388 = LINE('',#2389,#2390);
#2389 = CARTESIAN_POINT('',(2.000003814697,51.,12.5));
#2390 = VECTOR('',#2391,1.);
#2391 = DIRECTION('',(0.,0.,-1.));
#2392 = ORIENTED_EDGE('',*,*,#2393,.F.);
#2393 = EDGE_CURVE('',#2394,#2386,#2396,.T.);
#2394 = VERTEX_POINT('',#2395);
#2395 = CARTESIAN_POINT('',(2.000003814697,53.,54.866068234109));
#2396 = LINE('',#2397,#2398);
#2397 = CARTESIAN_POINT('',(2.000003814697,15.,54.866068234109));
#2398 = VECTOR('',#2399,1.);
#2399 = DIRECTION('',(0.,-1.,2.2E-16));
#2400 = ORIENTED_EDGE('',*,*,#2401,.T.);
#2401 = EDGE_CURVE('',#2394,#2402,#2404,.T.);
#2402 = VERTEX_POINT('',#2403);
#2403 = CARTESIAN_POINT('',(2.000003814697,53.,25.));
#2404 = LINE('',#2405,#2406);
#2405 = CARTESIAN_POINT('',(2.000003814697,53.,12.5));
#2406 = VECTOR('',#2407,1.);
#2407 = DIRECTION('',(0.,0.,-1.));
#2408 = ORIENTED_EDGE('',*,*,#2409,.F.);
#2409 = EDGE_CURVE('',#2410,#2402,#2412,.T.);
#2410 = VERTEX_POINT('',#2411);
#2411 = CARTESIAN_POINT('',(2.000003814697,55.,25.));
#2412 = LINE('',#2413,#2414);
#2413 = CARTESIAN_POINT('',(2.000003814697,15.003046596047,25.));
#2414 = VECTOR('',#2415,1.);
#2415 = DIRECTION('',(-0.,-1.,-0.));
#2416 = ORIENTED_EDGE('',*,*,#2417,.F.);
#2417 = EDGE_CURVE('',#2418,#2410,#2420,.T.);
#2418 = VERTEX_POINT('',#2419);
#2419 = CARTESIAN_POINT('',(2.000003814697,55.,54.866068234109));
#2420 = LINE('',#2421,#2422);
#2421 = CARTESIAN_POINT('',(2.000003814697,55.,12.5));
#2422 = VECTOR('',#2423,1.);
#2423 = DIRECTION('',(0.,0.,-1.));
#2424 = ORIENTED_EDGE('',*,*,#2425,.F.);
#2425 = EDGE_CURVE('',#2426,#2418,#2428,.T.);
#2426 = VERTEX_POINT('',#2427);
#2427 = CARTESIAN_POINT('',(2.000003814697,57.,54.866068234109));
#2428 = LINE('',#2429,#2430);
#2429 = CARTESIAN_POINT('',(2.000003814697,15.,54.866068234109));
#2430 = VECTOR('',#2431,1.);
#2431 = DIRECTION('',(0.,-1.,2.2E-16));
#2432 = ORIENTED_EDGE('',*,*,#2433,.T.);
#2433 = EDGE_CURVE('',#2426,#2434,#2436,.T.);
#2434 = VERTEX_POINT('',#2435);
#2435 = CARTESIAN_POINT('',(2.000003814697,57.,25.));
#2436 = LINE('',#2437,#2438);
#2437 = CARTESIAN_POINT('',(2.000003814697,57.,12.5));
#2438 = VECTOR('',#2439,1.);
#2439 = DIRECTION('',(0.,0.,-1.));
#2440 = ORIENTED_EDGE('',*,*,#2441,.F.);
#2441 = EDGE_CURVE('',#2442,#2434,#2444,.T.);
#2442 = VERTEX_POINT('',#2443);
#2443 = CARTESIAN_POINT('',(2.000003814697,59.,25.));
#2444 = LINE('',#2445,#2446);
#2445 = CARTESIAN_POINT('',(2.000003814697,17.003046596047,25.));
#2446 = VECTOR('',#2447,1.);
#2447 = DIRECTION('',(-0.,-1.,-0.));
#2448 = ORIENTED_EDGE('',*,*,#2449,.F.);
#2449 = EDGE_CURVE('',#2450,#2442,#2452,.T.);
#2450 = VERTEX_POINT('',#2451);
#2451 = CARTESIAN_POINT('',(2.000003814697,59.,54.866068234109));
#2452 = LINE('',#2453,#2454);
#2453 = CARTESIAN_POINT('',(2.000003814697,59.,12.5));
#2454 = VECTOR('',#2455,1.);
#2455 = DIRECTION('',(0.,0.,-1.));
#2456 = ORIENTED_EDGE('',*,*,#2457,.F.);
#2457 = EDGE_CURVE('',#2458,#2450,#2460,.T.);
#2458 = VERTEX_POINT('',#2459);
#2459 = CARTESIAN_POINT('',(2.000003814697,61.,54.866068234109));
#2460 = LINE('',#2461,#2462);
#2461 = CARTESIAN_POINT('',(2.000003814697,15.,54.866068234109));
#2462 = VECTOR('',#2463,1.);
#2463 = DIRECTION('',(0.,-1.,2.2E-16));
#2464 = ORIENTED_EDGE('',*,*,#2465,.T.);
#2465 = EDGE_CURVE('',#2458,#2466,#2468,.T.);
#2466 = VERTEX_POINT('',#2467);
#2467 = CARTESIAN_POINT('',(2.000003814697,61.,25.));
#2468 = LINE('',#2469,#2470);
#2469 = CARTESIAN_POINT('',(2.000003814697,61.,12.5));
#2470 = VECTOR('',#2471,1.);
#2471 = DIRECTION('',(0.,0.,-1.));
#2472 = ORIENTED_EDGE('',*,*,#2473,.F.);
#2473 = EDGE_CURVE('',#2474,#2466,#2476,.T.);
#2474 = VERTEX_POINT('',#2475);
#2475 = CARTESIAN_POINT('',(2.000003814697,63.,25.));
#2476 = LINE('',#2477,#2478);
#2477 = CARTESIAN_POINT('',(2.000003814697,19.003046596047,25.));
#2478 = VECTOR('',#2479,1.);
#2479 = DIRECTION('',(-0.,-1.,-0.));
#2480 = ORIENTED_EDGE('',*,*,#2481,.F.);
#2481 = EDGE_CURVE('',#2482,#2474,#2484,.T.);
#2482 = VERTEX_POINT('',#2483);
#2483 = CARTESIAN_POINT('',(2.000003814697,63.,54.866068234109));
#2484 = LINE('',#2485,#2486);
#2485 = CARTESIAN_POINT('',(2.000003814697,63.,12.5));
#2486 = VECTOR('',#2487,1.);
#2487 = DIRECTION('',(0.,0.,-1.));
#2488 = ORIENTED_EDGE('',*,*,#2489,.F.);
#2489 = EDGE_CURVE('',#2490,#2482,#2492,.T.);
#2490 = VERTEX_POINT('',#2491);
#2491 = CARTESIAN_POINT('',(2.000003814697,65.,54.866068234109));
#2492 = LINE('',#2493,#2494);
#2493 = CARTESIAN_POINT('',(2.000003814697,15.,54.866068234109));
#2494 = VECTOR('',#2495,1.);
#2495 = DIRECTION('',(0.,-1.,2.2E-16));
#2496 = ORIENTED_EDGE('',*,*,#2497,.T.);
#2497 = EDGE_CURVE('',#2490,#2498,#2500,.T.);
#2498 = VERTEX_POINT('',#2499);
#2499 = CARTESIAN_POINT('',(2.000003814697,65.,25.));
#2500 = LINE('',#2501,#2502);
#2501 = CARTESIAN_POINT('',(2.000003814697,65.,12.5));
#2502 = VECTOR('',#2503,1.);
#2503 = DIRECTION('',(0.,0.,-1.));
#2504 = ORIENTED_EDGE('',*,*,#2505,.F.);
#2505 = EDGE_CURVE('',#2506,#2498,#2508,.T.);
#2506 = VERTEX_POINT('',#2507);
#2507 = CARTESIAN_POINT('',(2.000003814697,67.,25.));
#2508 = LINE('',#2509,#2510);
#2509 = CARTESIAN_POINT('',(2.000003814697,21.003046596047,25.));
#2510 = VECTOR('',#2511,1.);
#2511 = DIRECTION('',(-0.,-1.,-0.));
#2512 = ORIENTED_EDGE('',*,*,#2513,.F.);
#2513 = EDGE_CURVE('',#2514,#2506,#2516,.T.);
#2514 = VERTEX_POINT('',#2515);
#2515 = CARTESIAN_POINT('',(2.000003814697,67.,54.730919344739));
#2516 = LINE('',#2517,#2518);
#2517 = CARTESIAN_POINT('',(2.000003814697,67.,12.5));
#2518 = VECTOR('',#2519,1.);
#2519 = DIRECTION('',(0.,0.,-1.));
#2520 = ORIENTED_EDGE('',*,*,#2521,.T.);
#2521 = EDGE_CURVE('',#2514,#2522,#2524,.T.);
#2522 = VERTEX_POINT('',#2523);
#2523 = CARTESIAN_POINT('',(2.000003814697,69.,54.317820530416));
#2524 = CIRCLE('',#2525,14.866068234109);
#2525 = AXIS2_PLACEMENT_3D('',#2526,#2527,#2528);
#2526 = CARTESIAN_POINT('',(2.000003814697,65.,40.));
#2527 = DIRECTION('',(-1.,0.,0.));
#2528 = DIRECTION('',(0.,0.,-1.));
#2529 = ORIENTED_EDGE('',*,*,#2530,.T.);
#2530 = EDGE_CURVE('',#2522,#2531,#2533,.T.);
#2531 = VERTEX_POINT('',#2532);
#2532 = CARTESIAN_POINT('',(2.000003814697,69.,25.));
#2533 = LINE('',#2534,#2535);
#2534 = CARTESIAN_POINT('',(2.000003814697,69.,12.5));
#2535 = VECTOR('',#2536,1.);
#2536 = DIRECTION('',(0.,0.,-1.));
#2537 = ORIENTED_EDGE('',*,*,#2538,.F.);
#2538 = EDGE_CURVE('',#2539,#2531,#2541,.T.);
#2539 = VERTEX_POINT('',#2540);
#2540 = CARTESIAN_POINT('',(2.000003814697,71.,25.));
#2541 = LINE('',#2542,#2543);
#2542 = CARTESIAN_POINT('',(2.000003814697,23.003046596047,25.));
#2543 = VECTOR('',#2544,1.);
#2544 = DIRECTION('',(-0.,-1.,-0.));
#2545 = ORIENTED_EDGE('',*,*,#2546,.F.);
#2546 = EDGE_CURVE('',#2547,#2539,#2549,.T.);
#2547 = VERTEX_POINT('',#2548);
#2548 = CARTESIAN_POINT('',(2.000003814697,71.,53.601469947811));
#2549 = LINE('',#2550,#2551);
#2550 = CARTESIAN_POINT('',(2.000003814697,71.,12.5));
#2551 = VECTOR('',#2552,1.);
#2552 = DIRECTION('',(0.,0.,-1.));
#2553 = ORIENTED_EDGE('',*,*,#2554,.T.);
#2554 = EDGE_CURVE('',#2547,#2555,#2557,.T.);
#2555 = VERTEX_POINT('',#2556);
#2556 = CARTESIAN_POINT('',(2.000003814697,73.,52.529963477249));
#2557 = CIRCLE('',#2558,14.866068234109);
#2558 = AXIS2_PLACEMENT_3D('',#2559,#2560,#2561);
#2559 = CARTESIAN_POINT('',(2.000003814697,65.,40.));
#2560 = DIRECTION('',(-1.,0.,0.));
#2561 = DIRECTION('',(0.,0.,-1.));
#2562 = ORIENTED_EDGE('',*,*,#2563,.T.);
#2563 = EDGE_CURVE('',#2555,#2564,#2566,.T.);
#2564 = VERTEX_POINT('',#2565);
#2565 = CARTESIAN_POINT('',(2.000003814697,73.,25.));
#2566 = LINE('',#2567,#2568);
#2567 = CARTESIAN_POINT('',(2.000003814697,73.,12.5));
#2568 = VECTOR('',#2569,1.);
#2569 = DIRECTION('',(0.,0.,-1.));
#2570 = ORIENTED_EDGE('',*,*,#2571,.F.);
#2571 = EDGE_CURVE('',#2572,#2564,#2574,.T.);
#2572 = VERTEX_POINT('',#2573);
#2573 = CARTESIAN_POINT('',(2.000003814697,75.,25.));
#2574 = LINE('',#2575,#2576);
#2575 = CARTESIAN_POINT('',(2.000003814697,25.003046596047,25.));
#2576 = VECTOR('',#2577,1.);
#2577 = DIRECTION('',(-0.,-1.,-0.));
#2578 = ORIENTED_EDGE('',*,*,#2579,.F.);
#2579 = EDGE_CURVE('',#2580,#2572,#2582,.T.);
#2580 = VERTEX_POINT('',#2581);
#2581 = CARTESIAN_POINT('',(2.000003814697,75.,50.999999306418));
#2582 = LINE('',#2583,#2584);
#2583 = CARTESIAN_POINT('',(2.000003814697,75.,12.5));
#2584 = VECTOR('',#2585,1.);
#2585 = DIRECTION('',(0.,0.,-1.));
#2586 = ORIENTED_EDGE('',*,*,#2587,.T.);
#2587 = EDGE_CURVE('',#2580,#2588,#2590,.T.);
#2588 = VERTEX_POINT('',#2589);
#2589 = CARTESIAN_POINT('',(2.000003814697,79.866068234109,40.));
#2590 = CIRCLE('',#2591,14.866068234109);
#2591 = AXIS2_PLACEMENT_3D('',#2592,#2593,#2594);
#2592 = CARTESIAN_POINT('',(2.000003814697,65.,40.));
#2593 = DIRECTION('',(-1.,0.,0.));
#2594 = DIRECTION('',(0.,0.,-1.));
#2595 = ORIENTED_EDGE('',*,*,#2596,.F.);
#2596 = EDGE_CURVE('',#1991,#2588,#2597,.T.);
#2597 = LINE('',#2598,#2599);
#2598 = CARTESIAN_POINT('',(2.000003814697,79.866068234109,
    3.270535011504E-15));
#2599 = VECTOR('',#2600,1.);
#2600 = DIRECTION('',(0.,-2.2E-16,1.));
#2601 = PLANE('',#2602);
#2602 = AXIS2_PLACEMENT_3D('',#2603,#2604,#2605);
#2603 = CARTESIAN_POINT('',(2.000003814697,-22.9939068079,0.));
#2604 = DIRECTION('',(-1.,0.,0.));
#2605 = DIRECTION('',(0.,1.,0.));
#2606 = ( GEOMETRIC_REPRESENTATION_CONTEXT(3) 
GLOBAL_UNCERTAINTY_ASSIGNED_CONTEXT((#2610)) 
GLOBAL_UNIT_ASSIGNED_CONTEXT((#2607,#2608,#2609)) REPRESENTATION_CONTEXT
('Context #1','3D Context with UNIT and UNCERTAINTY') );
#2607 = ( LENGTH_UNIT() NAMED_UNIT(*) SI_UNIT(.MILLI.,.METRE.) );
#2608 = ( NAMED_UNIT(*) PLANE_ANGLE_UNIT() SI_UNIT($,.RADIAN.) );
#2609 = ( NAMED_UNIT(*) SI_UNIT($,.STERADIAN.) SOLID_ANGLE_UNIT() );
#2610 = UNCERTAINTY_MEASURE_WITH_UNIT(LENGTH_MEASURE(1.E-07),#2607,
  'distance_accuracy_value','confusion accuracy');
#2611 = CONTEXT_DEPENDENT_SHAPE_REPRESENTATION(#2612,#2614);
#2612 = ( REPRESENTATION_RELATIONSHIP('','',#1981,#10) 
REPRESENTATION_RELATIONSHIP_WITH_TRANSFORMATION(#2613) 
SHAPE_REPRESENTATION_RELATIONSHIP() );
#2613 = ITEM_DEFINED_TRANSFORMATION('','',#11,#27);
#2614 = PRODUCT_DEFINITION_SHAPE('Placement','Placement of an item',
  #2615);
#2615 = NEXT_ASSEMBLY_USAGE_OCCURRENCE('22','y_breads003','',#5,#1976,$
  );
#2616 = PRODUCT_RELATED_PRODUCT_CATEGORY('part',$,(#1978));
#2617 = SHAPE_DEFINITION_REPRESENTATION(#2618,#2624);
#2618 = PRODUCT_DEFINITION_SHAPE('','',#2619);
#2619 = PRODUCT_DEFINITION('design','',#2620,#2623);
#2620 = PRODUCT_DEFINITION_FORMATION('','',#2621);
#2621 = PRODUCT('y_breads004','y_breads004','',(#2622));
#2622 = PRODUCT_CONTEXT('',#2,'mechanical');
#2623 = PRODUCT_DEFINITION_CONTEXT('part definition',#2,'design');
#2624 = MANIFOLD_SURFACE_SHAPE_REPRESENTATION('',(#11,#2625),#3249);
#2625 = SHELL_BASED_SURFACE_MODEL('',(#2626));
#2626 = OPEN_SHELL('',(#2627));
#2627 = ADVANCED_FACE('',(#2628),#3244,.T.);
#2628 = FACE_BOUND('',#2629,.T.);
#2629 = EDGE_LOOP('',(#2630,#2640,#2648,#2657,#2665,#2673,#2681,#2690,
    #2698,#2706,#2714,#2723,#2731,#2739,#2747,#2755,#2763,#2771,#2779,
    #2787,#2795,#2803,#2811,#2819,#2827,#2835,#2843,#2851,#2859,#2867,
    #2875,#2883,#2891,#2899,#2907,#2915,#2923,#2931,#2939,#2947,#2955,
    #2963,#2971,#2979,#2987,#2995,#3003,#3011,#3019,#3027,#3035,#3043,
    #3051,#3059,#3067,#3075,#3083,#3091,#3099,#3107,#3115,#3123,#3131,
    #3139,#3147,#3155,#3163,#3172,#3180,#3188,#3196,#3205,#3213,#3221,
    #3229,#3238));
#2630 = ORIENTED_EDGE('',*,*,#2631,.F.);
#2631 = EDGE_CURVE('',#2632,#2634,#2636,.T.);
#2632 = VERTEX_POINT('',#2633);
#2633 = CARTESIAN_POINT('',(6.000003814697,1.252274580004,0.));
#2634 = VERTEX_POINT('',#2635);
#2635 = CARTESIAN_POINT('',(6.000003814697,78.747725419996,
    1.5122497962E-15));
#2636 = LINE('',#2637,#2638);
#2637 = CARTESIAN_POINT('',(6.000003814697,-22.9939068079,0.));
#2638 = VECTOR('',#2639,1.);
#2639 = DIRECTION('',(0.,1.,0.));
#2640 = ORIENTED_EDGE('',*,*,#2641,.T.);
#2641 = EDGE_CURVE('',#2632,#2642,#2644,.T.);
#2642 = VERTEX_POINT('',#2643);
#2643 = CARTESIAN_POINT('',(6.000003814697,1.252274580003,40.));
#2644 = LINE('',#2645,#2646);
#2645 = CARTESIAN_POINT('',(6.000003814697,1.252274580003,0.));
#2646 = VECTOR('',#2647,1.);
#2647 = DIRECTION('',(0.,0.,1.));
#2648 = ORIENTED_EDGE('',*,*,#2649,.T.);
#2649 = EDGE_CURVE('',#2642,#2650,#2652,.T.);
#2650 = VERTEX_POINT('',#2651);
#2651 = CARTESIAN_POINT('',(6.000003814697,5.,49.433978705913));
#2652 = CIRCLE('',#2653,13.747725419997);
#2653 = AXIS2_PLACEMENT_3D('',#2654,#2655,#2656);
#2654 = CARTESIAN_POINT('',(6.000003814697,15.,40.));
#2655 = DIRECTION('',(-1.,0.,0.));
#2656 = DIRECTION('',(0.,0.,-1.));
#2657 = ORIENTED_EDGE('',*,*,#2658,.T.);
#2658 = EDGE_CURVE('',#2650,#2659,#2661,.T.);
#2659 = VERTEX_POINT('',#2660);
#2660 = CARTESIAN_POINT('',(6.000003814697,5.,25.));
#2661 = LINE('',#2662,#2663);
#2662 = CARTESIAN_POINT('',(6.000003814697,5.,12.5));
#2663 = VECTOR('',#2664,1.);
#2664 = DIRECTION('',(0.,0.,-1.));
#2665 = ORIENTED_EDGE('',*,*,#2666,.F.);
#2666 = EDGE_CURVE('',#2667,#2659,#2669,.T.);
#2667 = VERTEX_POINT('',#2668);
#2668 = CARTESIAN_POINT('',(6.000003814697,7.,25.));
#2669 = LINE('',#2670,#2671);
#2670 = CARTESIAN_POINT('',(6.000003814697,-8.996953403953,25.));
#2671 = VECTOR('',#2672,1.);
#2672 = DIRECTION('',(-0.,-1.,-0.));
#2673 = ORIENTED_EDGE('',*,*,#2674,.F.);
#2674 = EDGE_CURVE('',#2675,#2667,#2677,.T.);
#2675 = VERTEX_POINT('',#2676);
#2676 = CARTESIAN_POINT('',(6.000003814697,7.,51.180337840317));
#2677 = LINE('',#2678,#2679);
#2678 = CARTESIAN_POINT('',(6.000003814697,7.,12.5));
#2679 = VECTOR('',#2680,1.);
#2680 = DIRECTION('',(0.,0.,-1.));
#2681 = ORIENTED_EDGE('',*,*,#2682,.T.);
#2682 = EDGE_CURVE('',#2675,#2683,#2685,.T.);
#2683 = VERTEX_POINT('',#2684);
#2684 = CARTESIAN_POINT('',(6.000003814697,9.,52.369315026452));
#2685 = CIRCLE('',#2686,13.747725419997);
#2686 = AXIS2_PLACEMENT_3D('',#2687,#2688,#2689);
#2687 = CARTESIAN_POINT('',(6.000003814697,15.,40.));
#2688 = DIRECTION('',(-1.,0.,0.));
#2689 = DIRECTION('',(0.,0.,-1.));
#2690 = ORIENTED_EDGE('',*,*,#2691,.T.);
#2691 = EDGE_CURVE('',#2683,#2692,#2694,.T.);
#2692 = VERTEX_POINT('',#2693);
#2693 = CARTESIAN_POINT('',(6.000003814697,9.,25.));
#2694 = LINE('',#2695,#2696);
#2695 = CARTESIAN_POINT('',(6.000003814697,9.,12.5));
#2696 = VECTOR('',#2697,1.);
#2697 = DIRECTION('',(0.,0.,-1.));
#2698 = ORIENTED_EDGE('',*,*,#2699,.F.);
#2699 = EDGE_CURVE('',#2700,#2692,#2702,.T.);
#2700 = VERTEX_POINT('',#2701);
#2701 = CARTESIAN_POINT('',(6.000003814697,11.,25.));
#2702 = LINE('',#2703,#2704);
#2703 = CARTESIAN_POINT('',(6.000003814697,-6.996953403953,25.));
#2704 = VECTOR('',#2705,1.);
#2705 = DIRECTION('',(-0.,-1.,-0.));
#2706 = ORIENTED_EDGE('',*,*,#2707,.F.);
#2707 = EDGE_CURVE('',#2708,#2700,#2710,.T.);
#2708 = VERTEX_POINT('',#2709);
#2709 = CARTESIAN_POINT('',(6.000003814697,11.,53.152944697809));
#2710 = LINE('',#2711,#2712);
#2711 = CARTESIAN_POINT('',(6.000003814697,11.,12.5));
#2712 = VECTOR('',#2713,1.);
#2713 = DIRECTION('',(0.,0.,-1.));
#2714 = ORIENTED_EDGE('',*,*,#2715,.T.);
#2715 = EDGE_CURVE('',#2708,#2716,#2718,.T.);
#2716 = VERTEX_POINT('',#2717);
#2717 = CARTESIAN_POINT('',(6.000003814697,13.,53.601468825962));
#2718 = CIRCLE('',#2719,13.747725419997);
#2719 = AXIS2_PLACEMENT_3D('',#2720,#2721,#2722);
#2720 = CARTESIAN_POINT('',(6.000003814697,15.,40.));
#2721 = DIRECTION('',(-1.,0.,0.));
#2722 = DIRECTION('',(0.,0.,-1.));
#2723 = ORIENTED_EDGE('',*,*,#2724,.T.);
#2724 = EDGE_CURVE('',#2716,#2725,#2727,.T.);
#2725 = VERTEX_POINT('',#2726);
#2726 = CARTESIAN_POINT('',(6.000003814697,13.,25.));
#2727 = LINE('',#2728,#2729);
#2728 = CARTESIAN_POINT('',(6.000003814697,13.,12.5));
#2729 = VECTOR('',#2730,1.);
#2730 = DIRECTION('',(0.,0.,-1.));
#2731 = ORIENTED_EDGE('',*,*,#2732,.F.);
#2732 = EDGE_CURVE('',#2733,#2725,#2735,.T.);
#2733 = VERTEX_POINT('',#2734);
#2734 = CARTESIAN_POINT('',(6.000003814697,15.,25.));
#2735 = LINE('',#2736,#2737);
#2736 = CARTESIAN_POINT('',(6.000003814697,-4.996953403953,25.));
#2737 = VECTOR('',#2738,1.);
#2738 = DIRECTION('',(-0.,-1.,-0.));
#2739 = ORIENTED_EDGE('',*,*,#2740,.F.);
#2740 = EDGE_CURVE('',#2741,#2733,#2743,.T.);
#2741 = VERTEX_POINT('',#2742);
#2742 = CARTESIAN_POINT('',(6.000003814697,15.,53.747725419997));
#2743 = LINE('',#2744,#2745);
#2744 = CARTESIAN_POINT('',(6.000003814697,15.,12.5));
#2745 = VECTOR('',#2746,1.);
#2746 = DIRECTION('',(0.,0.,-1.));
#2747 = ORIENTED_EDGE('',*,*,#2748,.F.);
#2748 = EDGE_CURVE('',#2749,#2741,#2751,.T.);
#2749 = VERTEX_POINT('',#2750);
#2750 = CARTESIAN_POINT('',(6.000003814697,17.,53.747725419997));
#2751 = LINE('',#2752,#2753);
#2752 = CARTESIAN_POINT('',(6.000003814697,15.,53.747725419997));
#2753 = VECTOR('',#2754,1.);
#2754 = DIRECTION('',(0.,-1.,2.2E-16));
#2755 = ORIENTED_EDGE('',*,*,#2756,.T.);
#2756 = EDGE_CURVE('',#2749,#2757,#2759,.T.);
#2757 = VERTEX_POINT('',#2758);
#2758 = CARTESIAN_POINT('',(6.000003814697,17.,25.));
#2759 = LINE('',#2760,#2761);
#2760 = CARTESIAN_POINT('',(6.000003814697,17.,12.5));
#2761 = VECTOR('',#2762,1.);
#2762 = DIRECTION('',(0.,0.,-1.));
#2763 = ORIENTED_EDGE('',*,*,#2764,.F.);
#2764 = EDGE_CURVE('',#2765,#2757,#2767,.T.);
#2765 = VERTEX_POINT('',#2766);
#2766 = CARTESIAN_POINT('',(6.000003814697,19.,25.));
#2767 = LINE('',#2768,#2769);
#2768 = CARTESIAN_POINT('',(6.000003814697,-2.996953403953,25.));
#2769 = VECTOR('',#2770,1.);
#2770 = DIRECTION('',(-0.,-1.,-0.));
#2771 = ORIENTED_EDGE('',*,*,#2772,.F.);
#2772 = EDGE_CURVE('',#2773,#2765,#2775,.T.);
#2773 = VERTEX_POINT('',#2774);
#2774 = CARTESIAN_POINT('',(6.000003814697,19.,53.747725419997));
#2775 = LINE('',#2776,#2777);
#2776 = CARTESIAN_POINT('',(6.000003814697,19.,12.5));
#2777 = VECTOR('',#2778,1.);
#2778 = DIRECTION('',(0.,0.,-1.));
#2779 = ORIENTED_EDGE('',*,*,#2780,.F.);
#2780 = EDGE_CURVE('',#2781,#2773,#2783,.T.);
#2781 = VERTEX_POINT('',#2782);
#2782 = CARTESIAN_POINT('',(6.000003814697,21.,53.747725419997));
#2783 = LINE('',#2784,#2785);
#2784 = CARTESIAN_POINT('',(6.000003814697,15.,53.747725419997));
#2785 = VECTOR('',#2786,1.);
#2786 = DIRECTION('',(0.,-1.,2.2E-16));
#2787 = ORIENTED_EDGE('',*,*,#2788,.T.);
#2788 = EDGE_CURVE('',#2781,#2789,#2791,.T.);
#2789 = VERTEX_POINT('',#2790);
#2790 = CARTESIAN_POINT('',(6.000003814697,21.,25.));
#2791 = LINE('',#2792,#2793);
#2792 = CARTESIAN_POINT('',(6.000003814697,21.,12.5));
#2793 = VECTOR('',#2794,1.);
#2794 = DIRECTION('',(0.,0.,-1.));
#2795 = ORIENTED_EDGE('',*,*,#2796,.F.);
#2796 = EDGE_CURVE('',#2797,#2789,#2799,.T.);
#2797 = VERTEX_POINT('',#2798);
#2798 = CARTESIAN_POINT('',(6.000003814697,23.,25.));
#2799 = LINE('',#2800,#2801);
#2800 = CARTESIAN_POINT('',(6.000003814697,-0.996953403953,25.));
#2801 = VECTOR('',#2802,1.);
#2802 = DIRECTION('',(-0.,-1.,-0.));
#2803 = ORIENTED_EDGE('',*,*,#2804,.F.);
#2804 = EDGE_CURVE('',#2805,#2797,#2807,.T.);
#2805 = VERTEX_POINT('',#2806);
#2806 = CARTESIAN_POINT('',(6.000003814697,23.,53.747725419997));
#2807 = LINE('',#2808,#2809);
#2808 = CARTESIAN_POINT('',(6.000003814697,23.,12.5));
#2809 = VECTOR('',#2810,1.);
#2810 = DIRECTION('',(0.,0.,-1.));
#2811 = ORIENTED_EDGE('',*,*,#2812,.F.);
#2812 = EDGE_CURVE('',#2813,#2805,#2815,.T.);
#2813 = VERTEX_POINT('',#2814);
#2814 = CARTESIAN_POINT('',(6.000003814697,25.,53.747725419997));
#2815 = LINE('',#2816,#2817);
#2816 = CARTESIAN_POINT('',(6.000003814697,15.,53.747725419997));
#2817 = VECTOR('',#2818,1.);
#2818 = DIRECTION('',(0.,-1.,2.2E-16));
#2819 = ORIENTED_EDGE('',*,*,#2820,.T.);
#2820 = EDGE_CURVE('',#2813,#2821,#2823,.T.);
#2821 = VERTEX_POINT('',#2822);
#2822 = CARTESIAN_POINT('',(6.000003814697,25.,25.));
#2823 = LINE('',#2824,#2825);
#2824 = CARTESIAN_POINT('',(6.000003814697,25.,12.5));
#2825 = VECTOR('',#2826,1.);
#2826 = DIRECTION('',(0.,0.,-1.));
#2827 = ORIENTED_EDGE('',*,*,#2828,.F.);
#2828 = EDGE_CURVE('',#2829,#2821,#2831,.T.);
#2829 = VERTEX_POINT('',#2830);
#2830 = CARTESIAN_POINT('',(6.000003814697,27.,25.));
#2831 = LINE('',#2832,#2833);
#2832 = CARTESIAN_POINT('',(6.000003814697,1.003046596047,25.));
#2833 = VECTOR('',#2834,1.);
#2834 = DIRECTION('',(-0.,-1.,-0.));
#2835 = ORIENTED_EDGE('',*,*,#2836,.F.);
#2836 = EDGE_CURVE('',#2837,#2829,#2839,.T.);
#2837 = VERTEX_POINT('',#2838);
#2838 = CARTESIAN_POINT('',(6.000003814697,27.,53.747725419997));
#2839 = LINE('',#2840,#2841);
#2840 = CARTESIAN_POINT('',(6.000003814697,27.,12.5));
#2841 = VECTOR('',#2842,1.);
#2842 = DIRECTION('',(0.,0.,-1.));
#2843 = ORIENTED_EDGE('',*,*,#2844,.F.);
#2844 = EDGE_CURVE('',#2845,#2837,#2847,.T.);
#2845 = VERTEX_POINT('',#2846);
#2846 = CARTESIAN_POINT('',(6.000003814697,29.,53.747725419997));
#2847 = LINE('',#2848,#2849);
#2848 = CARTESIAN_POINT('',(6.000003814697,15.,53.747725419997));
#2849 = VECTOR('',#2850,1.);
#2850 = DIRECTION('',(0.,-1.,2.2E-16));
#2851 = ORIENTED_EDGE('',*,*,#2852,.T.);
#2852 = EDGE_CURVE('',#2845,#2853,#2855,.T.);
#2853 = VERTEX_POINT('',#2854);
#2854 = CARTESIAN_POINT('',(6.000003814697,29.,25.));
#2855 = LINE('',#2856,#2857);
#2856 = CARTESIAN_POINT('',(6.000003814697,29.,12.5));
#2857 = VECTOR('',#2858,1.);
#2858 = DIRECTION('',(0.,0.,-1.));
#2859 = ORIENTED_EDGE('',*,*,#2860,.F.);
#2860 = EDGE_CURVE('',#2861,#2853,#2863,.T.);
#2861 = VERTEX_POINT('',#2862);
#2862 = CARTESIAN_POINT('',(6.000003814697,31.,25.));
#2863 = LINE('',#2864,#2865);
#2864 = CARTESIAN_POINT('',(6.000003814697,3.003046596047,25.));
#2865 = VECTOR('',#2866,1.);
#2866 = DIRECTION('',(-0.,-1.,-0.));
#2867 = ORIENTED_EDGE('',*,*,#2868,.F.);
#2868 = EDGE_CURVE('',#2869,#2861,#2871,.T.);
#2869 = VERTEX_POINT('',#2870);
#2870 = CARTESIAN_POINT('',(6.000003814697,31.,53.747725419997));
#2871 = LINE('',#2872,#2873);
#2872 = CARTESIAN_POINT('',(6.000003814697,31.,12.5));
#2873 = VECTOR('',#2874,1.);
#2874 = DIRECTION('',(0.,0.,-1.));
#2875 = ORIENTED_EDGE('',*,*,#2876,.F.);
#2876 = EDGE_CURVE('',#2877,#2869,#2879,.T.);
#2877 = VERTEX_POINT('',#2878);
#2878 = CARTESIAN_POINT('',(6.000003814697,33.,53.747725419997));
#2879 = LINE('',#2880,#2881);
#2880 = CARTESIAN_POINT('',(6.000003814697,15.,53.747725419997));
#2881 = VECTOR('',#2882,1.);
#2882 = DIRECTION('',(0.,-1.,2.2E-16));
#2883 = ORIENTED_EDGE('',*,*,#2884,.T.);
#2884 = EDGE_CURVE('',#2877,#2885,#2887,.T.);
#2885 = VERTEX_POINT('',#2886);
#2886 = CARTESIAN_POINT('',(6.000003814697,33.,25.));
#2887 = LINE('',#2888,#2889);
#2888 = CARTESIAN_POINT('',(6.000003814697,33.,12.5));
#2889 = VECTOR('',#2890,1.);
#2890 = DIRECTION('',(0.,0.,-1.));
#2891 = ORIENTED_EDGE('',*,*,#2892,.F.);
#2892 = EDGE_CURVE('',#2893,#2885,#2895,.T.);
#2893 = VERTEX_POINT('',#2894);
#2894 = CARTESIAN_POINT('',(6.000003814697,35.,25.));
#2895 = LINE('',#2896,#2897);
#2896 = CARTESIAN_POINT('',(6.000003814697,5.003046596047,25.));
#2897 = VECTOR('',#2898,1.);
#2898 = DIRECTION('',(-0.,-1.,-0.));
#2899 = ORIENTED_EDGE('',*,*,#2900,.F.);
#2900 = EDGE_CURVE('',#2901,#2893,#2903,.T.);
#2901 = VERTEX_POINT('',#2902);
#2902 = CARTESIAN_POINT('',(6.000003814697,35.,53.747725419997));
#2903 = LINE('',#2904,#2905);
#2904 = CARTESIAN_POINT('',(6.000003814697,35.,12.5));
#2905 = VECTOR('',#2906,1.);
#2906 = DIRECTION('',(0.,0.,-1.));
#2907 = ORIENTED_EDGE('',*,*,#2908,.F.);
#2908 = EDGE_CURVE('',#2909,#2901,#2911,.T.);
#2909 = VERTEX_POINT('',#2910);
#2910 = CARTESIAN_POINT('',(6.000003814697,37.,53.747725419997));
#2911 = LINE('',#2912,#2913);
#2912 = CARTESIAN_POINT('',(6.000003814697,15.,53.747725419997));
#2913 = VECTOR('',#2914,1.);
#2914 = DIRECTION('',(0.,-1.,2.2E-16));
#2915 = ORIENTED_EDGE('',*,*,#2916,.T.);
#2916 = EDGE_CURVE('',#2909,#2917,#2919,.T.);
#2917 = VERTEX_POINT('',#2918);
#2918 = CARTESIAN_POINT('',(6.000003814697,37.,25.));
#2919 = LINE('',#2920,#2921);
#2920 = CARTESIAN_POINT('',(6.000003814697,37.,12.5));
#2921 = VECTOR('',#2922,1.);
#2922 = DIRECTION('',(0.,0.,-1.));
#2923 = ORIENTED_EDGE('',*,*,#2924,.F.);
#2924 = EDGE_CURVE('',#2925,#2917,#2927,.T.);
#2925 = VERTEX_POINT('',#2926);
#2926 = CARTESIAN_POINT('',(6.000003814697,39.,25.));
#2927 = LINE('',#2928,#2929);
#2928 = CARTESIAN_POINT('',(6.000003814697,7.003046596047,25.));
#2929 = VECTOR('',#2930,1.);
#2930 = DIRECTION('',(-0.,-1.,-0.));
#2931 = ORIENTED_EDGE('',*,*,#2932,.F.);
#2932 = EDGE_CURVE('',#2933,#2925,#2935,.T.);
#2933 = VERTEX_POINT('',#2934);
#2934 = CARTESIAN_POINT('',(6.000003814697,39.,53.747725419997));
#2935 = LINE('',#2936,#2937);
#2936 = CARTESIAN_POINT('',(6.000003814697,39.,12.5));
#2937 = VECTOR('',#2938,1.);
#2938 = DIRECTION('',(0.,0.,-1.));
#2939 = ORIENTED_EDGE('',*,*,#2940,.F.);
#2940 = EDGE_CURVE('',#2941,#2933,#2943,.T.);
#2941 = VERTEX_POINT('',#2942);
#2942 = CARTESIAN_POINT('',(6.000003814697,41.,53.747725419997));
#2943 = LINE('',#2944,#2945);
#2944 = CARTESIAN_POINT('',(6.000003814697,15.,53.747725419997));
#2945 = VECTOR('',#2946,1.);
#2946 = DIRECTION('',(0.,-1.,2.2E-16));
#2947 = ORIENTED_EDGE('',*,*,#2948,.T.);
#2948 = EDGE_CURVE('',#2941,#2949,#2951,.T.);
#2949 = VERTEX_POINT('',#2950);
#2950 = CARTESIAN_POINT('',(6.000003814697,41.,25.));
#2951 = LINE('',#2952,#2953);
#2952 = CARTESIAN_POINT('',(6.000003814697,41.,12.5));
#2953 = VECTOR('',#2954,1.);
#2954 = DIRECTION('',(0.,0.,-1.));
#2955 = ORIENTED_EDGE('',*,*,#2956,.F.);
#2956 = EDGE_CURVE('',#2957,#2949,#2959,.T.);
#2957 = VERTEX_POINT('',#2958);
#2958 = CARTESIAN_POINT('',(6.000003814697,43.,25.));
#2959 = LINE('',#2960,#2961);
#2960 = CARTESIAN_POINT('',(6.000003814697,9.003046596047,25.));
#2961 = VECTOR('',#2962,1.);
#2962 = DIRECTION('',(-0.,-1.,-0.));
#2963 = ORIENTED_EDGE('',*,*,#2964,.F.);
#2964 = EDGE_CURVE('',#2965,#2957,#2967,.T.);
#2965 = VERTEX_POINT('',#2966);
#2966 = CARTESIAN_POINT('',(6.000003814697,43.,53.747725419997));
#2967 = LINE('',#2968,#2969);
#2968 = CARTESIAN_POINT('',(6.000003814697,43.,12.5));
#2969 = VECTOR('',#2970,1.);
#2970 = DIRECTION('',(0.,0.,-1.));
#2971 = ORIENTED_EDGE('',*,*,#2972,.F.);
#2972 = EDGE_CURVE('',#2973,#2965,#2975,.T.);
#2973 = VERTEX_POINT('',#2974);
#2974 = CARTESIAN_POINT('',(6.000003814697,45.,53.747725419997));
#2975 = LINE('',#2976,#2977);
#2976 = CARTESIAN_POINT('',(6.000003814697,15.,53.747725419997));
#2977 = VECTOR('',#2978,1.);
#2978 = DIRECTION('',(0.,-1.,2.2E-16));
#2979 = ORIENTED_EDGE('',*,*,#2980,.T.);
#2980 = EDGE_CURVE('',#2973,#2981,#2983,.T.);
#2981 = VERTEX_POINT('',#2982);
#2982 = CARTESIAN_POINT('',(6.000003814697,45.,25.));
#2983 = LINE('',#2984,#2985);
#2984 = CARTESIAN_POINT('',(6.000003814697,45.,12.5));
#2985 = VECTOR('',#2986,1.);
#2986 = DIRECTION('',(0.,0.,-1.));
#2987 = ORIENTED_EDGE('',*,*,#2988,.F.);
#2988 = EDGE_CURVE('',#2989,#2981,#2991,.T.);
#2989 = VERTEX_POINT('',#2990);
#2990 = CARTESIAN_POINT('',(6.000003814697,47.,25.));
#2991 = LINE('',#2992,#2993);
#2992 = CARTESIAN_POINT('',(6.000003814697,11.003046596047,25.));
#2993 = VECTOR('',#2994,1.);
#2994 = DIRECTION('',(-0.,-1.,-0.));
#2995 = ORIENTED_EDGE('',*,*,#2996,.F.);
#2996 = EDGE_CURVE('',#2997,#2989,#2999,.T.);
#2997 = VERTEX_POINT('',#2998);
#2998 = CARTESIAN_POINT('',(6.000003814697,47.,53.747725419997));
#2999 = LINE('',#3000,#3001);
#3000 = CARTESIAN_POINT('',(6.000003814697,47.,12.5));
#3001 = VECTOR('',#3002,1.);
#3002 = DIRECTION('',(0.,0.,-1.));
#3003 = ORIENTED_EDGE('',*,*,#3004,.F.);
#3004 = EDGE_CURVE('',#3005,#2997,#3007,.T.);
#3005 = VERTEX_POINT('',#3006);
#3006 = CARTESIAN_POINT('',(6.000003814697,49.,53.747725419997));
#3007 = LINE('',#3008,#3009);
#3008 = CARTESIAN_POINT('',(6.000003814697,15.,53.747725419997));
#3009 = VECTOR('',#3010,1.);
#3010 = DIRECTION('',(0.,-1.,2.2E-16));
#3011 = ORIENTED_EDGE('',*,*,#3012,.T.);
#3012 = EDGE_CURVE('',#3005,#3013,#3015,.T.);
#3013 = VERTEX_POINT('',#3014);
#3014 = CARTESIAN_POINT('',(6.000003814697,49.,25.));
#3015 = LINE('',#3016,#3017);
#3016 = CARTESIAN_POINT('',(6.000003814697,49.,12.5));
#3017 = VECTOR('',#3018,1.);
#3018 = DIRECTION('',(0.,0.,-1.));
#3019 = ORIENTED_EDGE('',*,*,#3020,.F.);
#3020 = EDGE_CURVE('',#3021,#3013,#3023,.T.);
#3021 = VERTEX_POINT('',#3022);
#3022 = CARTESIAN_POINT('',(6.000003814697,51.,25.));
#3023 = LINE('',#3024,#3025);
#3024 = CARTESIAN_POINT('',(6.000003814697,13.003046596047,25.));
#3025 = VECTOR('',#3026,1.);
#3026 = DIRECTION('',(-0.,-1.,-0.));
#3027 = ORIENTED_EDGE('',*,*,#3028,.F.);
#3028 = EDGE_CURVE('',#3029,#3021,#3031,.T.);
#3029 = VERTEX_POINT('',#3030);
#3030 = CARTESIAN_POINT('',(6.000003814697,51.,53.747725419997));
#3031 = LINE('',#3032,#3033);
#3032 = CARTESIAN_POINT('',(6.000003814697,51.,12.5));
#3033 = VECTOR('',#3034,1.);
#3034 = DIRECTION('',(0.,0.,-1.));
#3035 = ORIENTED_EDGE('',*,*,#3036,.F.);
#3036 = EDGE_CURVE('',#3037,#3029,#3039,.T.);
#3037 = VERTEX_POINT('',#3038);
#3038 = CARTESIAN_POINT('',(6.000003814697,53.,53.747725419997));
#3039 = LINE('',#3040,#3041);
#3040 = CARTESIAN_POINT('',(6.000003814697,15.,53.747725419997));
#3041 = VECTOR('',#3042,1.);
#3042 = DIRECTION('',(0.,-1.,2.2E-16));
#3043 = ORIENTED_EDGE('',*,*,#3044,.T.);
#3044 = EDGE_CURVE('',#3037,#3045,#3047,.T.);
#3045 = VERTEX_POINT('',#3046);
#3046 = CARTESIAN_POINT('',(6.000003814697,53.,25.));
#3047 = LINE('',#3048,#3049);
#3048 = CARTESIAN_POINT('',(6.000003814697,53.,12.5));
#3049 = VECTOR('',#3050,1.);
#3050 = DIRECTION('',(0.,0.,-1.));
#3051 = ORIENTED_EDGE('',*,*,#3052,.F.);
#3052 = EDGE_CURVE('',#3053,#3045,#3055,.T.);
#3053 = VERTEX_POINT('',#3054);
#3054 = CARTESIAN_POINT('',(6.000003814697,55.,25.));
#3055 = LINE('',#3056,#3057);
#3056 = CARTESIAN_POINT('',(6.000003814697,15.003046596047,25.));
#3057 = VECTOR('',#3058,1.);
#3058 = DIRECTION('',(-0.,-1.,-0.));
#3059 = ORIENTED_EDGE('',*,*,#3060,.F.);
#3060 = EDGE_CURVE('',#3061,#3053,#3063,.T.);
#3061 = VERTEX_POINT('',#3062);
#3062 = CARTESIAN_POINT('',(6.000003814697,55.,53.747725419997));
#3063 = LINE('',#3064,#3065);
#3064 = CARTESIAN_POINT('',(6.000003814697,55.,12.5));
#3065 = VECTOR('',#3066,1.);
#3066 = DIRECTION('',(0.,0.,-1.));
#3067 = ORIENTED_EDGE('',*,*,#3068,.F.);
#3068 = EDGE_CURVE('',#3069,#3061,#3071,.T.);
#3069 = VERTEX_POINT('',#3070);
#3070 = CARTESIAN_POINT('',(6.000003814697,57.,53.747725419997));
#3071 = LINE('',#3072,#3073);
#3072 = CARTESIAN_POINT('',(6.000003814697,15.,53.747725419997));
#3073 = VECTOR('',#3074,1.);
#3074 = DIRECTION('',(0.,-1.,2.2E-16));
#3075 = ORIENTED_EDGE('',*,*,#3076,.T.);
#3076 = EDGE_CURVE('',#3069,#3077,#3079,.T.);
#3077 = VERTEX_POINT('',#3078);
#3078 = CARTESIAN_POINT('',(6.000003814697,57.,25.));
#3079 = LINE('',#3080,#3081);
#3080 = CARTESIAN_POINT('',(6.000003814697,57.,12.5));
#3081 = VECTOR('',#3082,1.);
#3082 = DIRECTION('',(0.,0.,-1.));
#3083 = ORIENTED_EDGE('',*,*,#3084,.F.);
#3084 = EDGE_CURVE('',#3085,#3077,#3087,.T.);
#3085 = VERTEX_POINT('',#3086);
#3086 = CARTESIAN_POINT('',(6.000003814697,59.,25.));
#3087 = LINE('',#3088,#3089);
#3088 = CARTESIAN_POINT('',(6.000003814697,17.003046596047,25.));
#3089 = VECTOR('',#3090,1.);
#3090 = DIRECTION('',(-0.,-1.,-0.));
#3091 = ORIENTED_EDGE('',*,*,#3092,.F.);
#3092 = EDGE_CURVE('',#3093,#3085,#3095,.T.);
#3093 = VERTEX_POINT('',#3094);
#3094 = CARTESIAN_POINT('',(6.000003814697,59.,53.747725419997));
#3095 = LINE('',#3096,#3097);
#3096 = CARTESIAN_POINT('',(6.000003814697,59.,12.5));
#3097 = VECTOR('',#3098,1.);
#3098 = DIRECTION('',(0.,0.,-1.));
#3099 = ORIENTED_EDGE('',*,*,#3100,.F.);
#3100 = EDGE_CURVE('',#3101,#3093,#3103,.T.);
#3101 = VERTEX_POINT('',#3102);
#3102 = CARTESIAN_POINT('',(6.000003814697,61.,53.747725419997));
#3103 = LINE('',#3104,#3105);
#3104 = CARTESIAN_POINT('',(6.000003814697,15.,53.747725419997));
#3105 = VECTOR('',#3106,1.);
#3106 = DIRECTION('',(0.,-1.,2.2E-16));
#3107 = ORIENTED_EDGE('',*,*,#3108,.T.);
#3108 = EDGE_CURVE('',#3101,#3109,#3111,.T.);
#3109 = VERTEX_POINT('',#3110);
#3110 = CARTESIAN_POINT('',(6.000003814697,61.,25.));
#3111 = LINE('',#3112,#3113);
#3112 = CARTESIAN_POINT('',(6.000003814697,61.,12.5));
#3113 = VECTOR('',#3114,1.);
#3114 = DIRECTION('',(0.,0.,-1.));
#3115 = ORIENTED_EDGE('',*,*,#3116,.F.);
#3116 = EDGE_CURVE('',#3117,#3109,#3119,.T.);
#3117 = VERTEX_POINT('',#3118);
#3118 = CARTESIAN_POINT('',(6.000003814697,63.,25.));
#3119 = LINE('',#3120,#3121);
#3120 = CARTESIAN_POINT('',(6.000003814697,19.003046596047,25.));
#3121 = VECTOR('',#3122,1.);
#3122 = DIRECTION('',(-0.,-1.,-0.));
#3123 = ORIENTED_EDGE('',*,*,#3124,.F.);
#3124 = EDGE_CURVE('',#3125,#3117,#3127,.T.);
#3125 = VERTEX_POINT('',#3126);
#3126 = CARTESIAN_POINT('',(6.000003814697,63.,53.747725419997));
#3127 = LINE('',#3128,#3129);
#3128 = CARTESIAN_POINT('',(6.000003814697,63.,12.5));
#3129 = VECTOR('',#3130,1.);
#3130 = DIRECTION('',(0.,0.,-1.));
#3131 = ORIENTED_EDGE('',*,*,#3132,.F.);
#3132 = EDGE_CURVE('',#3133,#3125,#3135,.T.);
#3133 = VERTEX_POINT('',#3134);
#3134 = CARTESIAN_POINT('',(6.000003814697,65.,53.747725419997));
#3135 = LINE('',#3136,#3137);
#3136 = CARTESIAN_POINT('',(6.000003814697,15.,53.747725419997));
#3137 = VECTOR('',#3138,1.);
#3138 = DIRECTION('',(0.,-1.,2.2E-16));
#3139 = ORIENTED_EDGE('',*,*,#3140,.T.);
#3140 = EDGE_CURVE('',#3133,#3141,#3143,.T.);
#3141 = VERTEX_POINT('',#3142);
#3142 = CARTESIAN_POINT('',(6.000003814697,65.,25.));
#3143 = LINE('',#3144,#3145);
#3144 = CARTESIAN_POINT('',(6.000003814697,65.,12.5));
#3145 = VECTOR('',#3146,1.);
#3146 = DIRECTION('',(0.,0.,-1.));
#3147 = ORIENTED_EDGE('',*,*,#3148,.F.);
#3148 = EDGE_CURVE('',#3149,#3141,#3151,.T.);
#3149 = VERTEX_POINT('',#3150);
#3150 = CARTESIAN_POINT('',(6.000003814697,67.,25.));
#3151 = LINE('',#3152,#3153);
#3152 = CARTESIAN_POINT('',(6.000003814697,21.003046596047,25.));
#3153 = VECTOR('',#3154,1.);
#3154 = DIRECTION('',(-0.,-1.,-0.));
#3155 = ORIENTED_EDGE('',*,*,#3156,.F.);
#3156 = EDGE_CURVE('',#3157,#3149,#3159,.T.);
#3157 = VERTEX_POINT('',#3158);
#3158 = CARTESIAN_POINT('',(6.000003814697,67.,53.601468825962));
#3159 = LINE('',#3160,#3161);
#3160 = CARTESIAN_POINT('',(6.000003814697,67.,12.5));
#3161 = VECTOR('',#3162,1.);
#3162 = DIRECTION('',(0.,0.,-1.));
#3163 = ORIENTED_EDGE('',*,*,#3164,.T.);
#3164 = EDGE_CURVE('',#3157,#3165,#3167,.T.);
#3165 = VERTEX_POINT('',#3166);
#3166 = CARTESIAN_POINT('',(6.000003814697,69.,53.152944697809));
#3167 = CIRCLE('',#3168,13.747725419997);
#3168 = AXIS2_PLACEMENT_3D('',#3169,#3170,#3171);
#3169 = CARTESIAN_POINT('',(6.000003814697,65.,40.));
#3170 = DIRECTION('',(-1.,0.,0.));
#3171 = DIRECTION('',(0.,0.,-1.));
#3172 = ORIENTED_EDGE('',*,*,#3173,.T.);
#3173 = EDGE_CURVE('',#3165,#3174,#3176,.T.);
#3174 = VERTEX_POINT('',#3175);
#3175 = CARTESIAN_POINT('',(6.000003814697,69.,25.));
#3176 = LINE('',#3177,#3178);
#3177 = CARTESIAN_POINT('',(6.000003814697,69.,12.5));
#3178 = VECTOR('',#3179,1.);
#3179 = DIRECTION('',(0.,0.,-1.));
#3180 = ORIENTED_EDGE('',*,*,#3181,.F.);
#3181 = EDGE_CURVE('',#3182,#3174,#3184,.T.);
#3182 = VERTEX_POINT('',#3183);
#3183 = CARTESIAN_POINT('',(6.000003814697,71.,25.));
#3184 = LINE('',#3185,#3186);
#3185 = CARTESIAN_POINT('',(6.000003814697,23.003046596047,25.));
#3186 = VECTOR('',#3187,1.);
#3187 = DIRECTION('',(-0.,-1.,-0.));
#3188 = ORIENTED_EDGE('',*,*,#3189,.F.);
#3189 = EDGE_CURVE('',#3190,#3182,#3192,.T.);
#3190 = VERTEX_POINT('',#3191);
#3191 = CARTESIAN_POINT('',(6.000003814697,71.,52.369315026452));
#3192 = LINE('',#3193,#3194);
#3193 = CARTESIAN_POINT('',(6.000003814697,71.,12.5));
#3194 = VECTOR('',#3195,1.);
#3195 = DIRECTION('',(0.,0.,-1.));
#3196 = ORIENTED_EDGE('',*,*,#3197,.T.);
#3197 = EDGE_CURVE('',#3190,#3198,#3200,.T.);
#3198 = VERTEX_POINT('',#3199);
#3199 = CARTESIAN_POINT('',(6.000003814697,73.,51.180337840317));
#3200 = CIRCLE('',#3201,13.747725419997);
#3201 = AXIS2_PLACEMENT_3D('',#3202,#3203,#3204);
#3202 = CARTESIAN_POINT('',(6.000003814697,65.,40.));
#3203 = DIRECTION('',(-1.,0.,0.));
#3204 = DIRECTION('',(0.,0.,-1.));
#3205 = ORIENTED_EDGE('',*,*,#3206,.T.);
#3206 = EDGE_CURVE('',#3198,#3207,#3209,.T.);
#3207 = VERTEX_POINT('',#3208);
#3208 = CARTESIAN_POINT('',(6.000003814697,73.,25.));
#3209 = LINE('',#3210,#3211);
#3210 = CARTESIAN_POINT('',(6.000003814697,73.,12.5));
#3211 = VECTOR('',#3212,1.);
#3212 = DIRECTION('',(0.,0.,-1.));
#3213 = ORIENTED_EDGE('',*,*,#3214,.F.);
#3214 = EDGE_CURVE('',#3215,#3207,#3217,.T.);
#3215 = VERTEX_POINT('',#3216);
#3216 = CARTESIAN_POINT('',(6.000003814697,75.,25.));
#3217 = LINE('',#3218,#3219);
#3218 = CARTESIAN_POINT('',(6.000003814697,25.003046596047,25.));
#3219 = VECTOR('',#3220,1.);
#3220 = DIRECTION('',(-0.,-1.,-0.));
#3221 = ORIENTED_EDGE('',*,*,#3222,.F.);
#3222 = EDGE_CURVE('',#3223,#3215,#3225,.T.);
#3223 = VERTEX_POINT('',#3224);
#3224 = CARTESIAN_POINT('',(6.000003814697,75.,49.433978705913));
#3225 = LINE('',#3226,#3227);
#3226 = CARTESIAN_POINT('',(6.000003814697,75.,12.5));
#3227 = VECTOR('',#3228,1.);
#3228 = DIRECTION('',(0.,0.,-1.));
#3229 = ORIENTED_EDGE('',*,*,#3230,.T.);
#3230 = EDGE_CURVE('',#3223,#3231,#3233,.T.);
#3231 = VERTEX_POINT('',#3232);
#3232 = CARTESIAN_POINT('',(6.000003814697,78.747725419996,40.));
#3233 = CIRCLE('',#3234,13.747725419997);
#3234 = AXIS2_PLACEMENT_3D('',#3235,#3236,#3237);
#3235 = CARTESIAN_POINT('',(6.000003814697,65.,40.));
#3236 = DIRECTION('',(-1.,0.,0.));
#3237 = DIRECTION('',(0.,0.,-1.));
#3238 = ORIENTED_EDGE('',*,*,#3239,.F.);
#3239 = EDGE_CURVE('',#2634,#3231,#3240,.T.);
#3240 = LINE('',#3241,#3242);
#3241 = CARTESIAN_POINT('',(6.000003814697,78.747725419997,
    3.024499592399E-15));
#3242 = VECTOR('',#3243,1.);
#3243 = DIRECTION('',(0.,-2.2E-16,1.));
#3244 = PLANE('',#3245);
#3245 = AXIS2_PLACEMENT_3D('',#3246,#3247,#3248);
#3246 = CARTESIAN_POINT('',(6.000003814697,-22.9939068079,0.));
#3247 = DIRECTION('',(-1.,0.,0.));
#3248 = DIRECTION('',(0.,1.,0.));
#3249 = ( GEOMETRIC_REPRESENTATION_CONTEXT(3) 
GLOBAL_UNCERTAINTY_ASSIGNED_CONTEXT((#3253)) 
GLOBAL_UNIT_ASSIGNED_CONTEXT((#3250,#3251,#3252)) REPRESENTATION_CONTEXT
('Context #1','3D Context with UNIT and UNCERTAINTY') );
#3250 = ( LENGTH_UNIT() NAMED_UNIT(*) SI_UNIT(.MILLI.,.METRE.) );
#3251 = ( NAMED_UNIT(*) PLANE_ANGLE_UNIT() SI_UNIT($,.RADIAN.) );
#3252 = ( NAMED_UNIT(*) SI_UNIT($,.STERADIAN.) SOLID_ANGLE_UNIT() );
#3253 = UNCERTAINTY_MEASURE_WITH_UNIT(LENGTH_MEASURE(1.E-07),#3250,
  'distance_accuracy_value','confusion accuracy');
#3254 = CONTEXT_DEPENDENT_SHAPE_REPRESENTATION(#3255,#3257);
#3255 = ( REPRESENTATION_RELATIONSHIP('','',#2624,#10) 
REPRESENTATION_RELATIONSHIP_WITH_TRANSFORMATION(#3256) 
SHAPE_REPRESENTATION_RELATIONSHIP() );
#3256 = ITEM_DEFINED_TRANSFORMATION('','',#11,#31);
#3257 = PRODUCT_DEFINITION_SHAPE('Placement','Placement of an item',
  #3258);
#3258 = NEXT_ASSEMBLY_USAGE_OCCURRENCE('23','y_breads004','',#5,#2619,$
  );
#3259 = PRODUCT_RELATED_PRODUCT_CATEGORY('part',$,(#2621));
#3260 = SHAPE_DEFINITION_REPRESENTATION(#3261,#3267);
#3261 = PRODUCT_DEFINITION_SHAPE('','',#3262);
#3262 = PRODUCT_DEFINITION('design','',#3263,#3266);
#3263 = PRODUCT_DEFINITION_FORMATION('','',#3264);
#3264 = PRODUCT('y_breads005','y_breads005','',(#3265));
#3265 = PRODUCT_CONTEXT('',#2,'mechanical');
#3266 = PRODUCT_DEFINITION_CONTEXT('part definition',#2,'design');
#3267 = MANIFOLD_SURFACE_SHAPE_REPRESENTATION('',(#11,#3268),#3892);
#3268 = SHELL_BASED_SURFACE_MODEL('',(#3269));
#3269 = OPEN_SHELL('',(#3270));
#3270 = ADVANCED_FACE('',(#3271),#3887,.T.);
#3271 = FACE_BOUND('',#3272,.T.);
#3272 = EDGE_LOOP('',(#3273,#3283,#3291,#3300,#3308,#3316,#3324,#3333,
    #3341,#3349,#3357,#3366,#3374,#3382,#3390,#3398,#3406,#3414,#3422,
    #3430,#3438,#3446,#3454,#3462,#3470,#3478,#3486,#3494,#3502,#3510,
    #3518,#3526,#3534,#3542,#3550,#3558,#3566,#3574,#3582,#3590,#3598,
    #3606,#3614,#3622,#3630,#3638,#3646,#3654,#3662,#3670,#3678,#3686,
    #3694,#3702,#3710,#3718,#3726,#3734,#3742,#3750,#3758,#3766,#3774,
    #3782,#3790,#3798,#3806,#3815,#3823,#3831,#3839,#3848,#3856,#3864,
    #3872,#3881));
#3273 = ORIENTED_EDGE('',*,*,#3274,.F.);
#3274 = EDGE_CURVE('',#3275,#3277,#3279,.T.);
#3275 = VERTEX_POINT('',#3276);
#3276 = CARTESIAN_POINT('',(10.000003814697,3.819663524472,0.));
#3277 = VERTEX_POINT('',#3278);
#3278 = CARTESIAN_POINT('',(10.000003814697,76.180336475528,
    1.229837012308E-15));
#3279 = LINE('',#3280,#3281);
#3280 = CARTESIAN_POINT('',(10.000003814697,-22.9939068079,0.));
#3281 = VECTOR('',#3282,1.);
#3282 = DIRECTION('',(0.,1.,0.));
#3283 = ORIENTED_EDGE('',*,*,#3284,.T.);
#3284 = EDGE_CURVE('',#3275,#3285,#3287,.T.);
#3285 = VERTEX_POINT('',#3286);
#3286 = CARTESIAN_POINT('',(10.000003814697,3.819663524471,40.));
#3287 = LINE('',#3288,#3289);
#3288 = CARTESIAN_POINT('',(10.000003814697,3.819663524471,0.));
#3289 = VECTOR('',#3290,1.);
#3290 = DIRECTION('',(0.,0.,1.));
#3291 = ORIENTED_EDGE('',*,*,#3292,.T.);
#3292 = EDGE_CURVE('',#3285,#3293,#3295,.T.);
#3293 = VERTEX_POINT('',#3294);
#3294 = CARTESIAN_POINT('',(10.000003814697,5.,44.999992370598));
#3295 = CIRCLE('',#3296,11.180336475529);
#3296 = AXIS2_PLACEMENT_3D('',#3297,#3298,#3299);
#3297 = CARTESIAN_POINT('',(10.000003814697,15.,40.));
#3298 = DIRECTION('',(-1.,0.,0.));
#3299 = DIRECTION('',(0.,0.,-1.));
#3300 = ORIENTED_EDGE('',*,*,#3301,.T.);
#3301 = EDGE_CURVE('',#3293,#3302,#3304,.T.);
#3302 = VERTEX_POINT('',#3303);
#3303 = CARTESIAN_POINT('',(10.000003814697,5.,25.));
#3304 = LINE('',#3305,#3306);
#3305 = CARTESIAN_POINT('',(10.000003814697,5.,12.5));
#3306 = VECTOR('',#3307,1.);
#3307 = DIRECTION('',(0.,0.,-1.));
#3308 = ORIENTED_EDGE('',*,*,#3309,.F.);
#3309 = EDGE_CURVE('',#3310,#3302,#3312,.T.);
#3310 = VERTEX_POINT('',#3311);
#3311 = CARTESIAN_POINT('',(10.000003814697,7.,25.));
#3312 = LINE('',#3313,#3314);
#3313 = CARTESIAN_POINT('',(10.000003814697,-8.996953403953,25.));
#3314 = VECTOR('',#3315,1.);
#3315 = DIRECTION('',(-0.,-1.,-0.));
#3316 = ORIENTED_EDGE('',*,*,#3317,.F.);
#3317 = EDGE_CURVE('',#3318,#3310,#3320,.T.);
#3318 = VERTEX_POINT('',#3319);
#3319 = CARTESIAN_POINT('',(10.000003814697,7.,47.810244791685));
#3320 = LINE('',#3321,#3322);
#3321 = CARTESIAN_POINT('',(10.000003814697,7.,12.5));
#3322 = VECTOR('',#3323,1.);
#3323 = DIRECTION('',(0.,0.,-1.));
#3324 = ORIENTED_EDGE('',*,*,#3325,.T.);
#3325 = EDGE_CURVE('',#3318,#3326,#3328,.T.);
#3326 = VERTEX_POINT('',#3327);
#3327 = CARTESIAN_POINT('',(10.000003814697,9.,49.433977088484));
#3328 = CIRCLE('',#3329,11.180336475529);
#3329 = AXIS2_PLACEMENT_3D('',#3330,#3331,#3332);
#3330 = CARTESIAN_POINT('',(10.000003814697,15.,40.));
#3331 = DIRECTION('',(-1.,0.,0.));
#3332 = DIRECTION('',(0.,0.,-1.));
#3333 = ORIENTED_EDGE('',*,*,#3334,.T.);
#3334 = EDGE_CURVE('',#3326,#3335,#3337,.T.);
#3335 = VERTEX_POINT('',#3336);
#3336 = CARTESIAN_POINT('',(10.000003814697,9.,25.));
#3337 = LINE('',#3338,#3339);
#3338 = CARTESIAN_POINT('',(10.000003814697,9.,12.5));
#3339 = VECTOR('',#3340,1.);
#3340 = DIRECTION('',(0.,0.,-1.));
#3341 = ORIENTED_EDGE('',*,*,#3342,.F.);
#3342 = EDGE_CURVE('',#3343,#3335,#3345,.T.);
#3343 = VERTEX_POINT('',#3344);
#3344 = CARTESIAN_POINT('',(10.000003814697,11.,25.));
#3345 = LINE('',#3346,#3347);
#3346 = CARTESIAN_POINT('',(10.000003814697,-6.996953403953,25.));
#3347 = VECTOR('',#3348,1.);
#3348 = DIRECTION('',(-0.,-1.,-0.));
#3349 = ORIENTED_EDGE('',*,*,#3350,.F.);
#3350 = EDGE_CURVE('',#3351,#3343,#3353,.T.);
#3351 = VERTEX_POINT('',#3352);
#3352 = CARTESIAN_POINT('',(10.000003814697,11.,50.440302855092));
#3353 = LINE('',#3354,#3355);
#3354 = CARTESIAN_POINT('',(10.000003814697,11.,12.5));
#3355 = VECTOR('',#3356,1.);
#3356 = DIRECTION('',(0.,0.,-1.));
#3357 = ORIENTED_EDGE('',*,*,#3358,.T.);
#3358 = EDGE_CURVE('',#3351,#3359,#3361,.T.);
#3359 = VERTEX_POINT('',#3360);
#3360 = CARTESIAN_POINT('',(10.000003814697,13.,50.999996532092));
#3361 = CIRCLE('',#3362,11.180336475529);
#3362 = AXIS2_PLACEMENT_3D('',#3363,#3364,#3365);
#3363 = CARTESIAN_POINT('',(10.000003814697,15.,40.));
#3364 = DIRECTION('',(-1.,0.,0.));
#3365 = DIRECTION('',(0.,0.,-1.));
#3366 = ORIENTED_EDGE('',*,*,#3367,.T.);
#3367 = EDGE_CURVE('',#3359,#3368,#3370,.T.);
#3368 = VERTEX_POINT('',#3369);
#3369 = CARTESIAN_POINT('',(10.000003814697,13.,25.));
#3370 = LINE('',#3371,#3372);
#3371 = CARTESIAN_POINT('',(10.000003814697,13.,12.5));
#3372 = VECTOR('',#3373,1.);
#3373 = DIRECTION('',(0.,0.,-1.));
#3374 = ORIENTED_EDGE('',*,*,#3375,.F.);
#3375 = EDGE_CURVE('',#3376,#3368,#3378,.T.);
#3376 = VERTEX_POINT('',#3377);
#3377 = CARTESIAN_POINT('',(10.000003814697,15.,25.));
#3378 = LINE('',#3379,#3380);
#3379 = CARTESIAN_POINT('',(10.000003814697,-4.996953403953,25.));
#3380 = VECTOR('',#3381,1.);
#3381 = DIRECTION('',(-0.,-1.,-0.));
#3382 = ORIENTED_EDGE('',*,*,#3383,.F.);
#3383 = EDGE_CURVE('',#3384,#3376,#3386,.T.);
#3384 = VERTEX_POINT('',#3385);
#3385 = CARTESIAN_POINT('',(10.000003814697,15.,51.180336475529));
#3386 = LINE('',#3387,#3388);
#3387 = CARTESIAN_POINT('',(10.000003814697,15.,12.5));
#3388 = VECTOR('',#3389,1.);
#3389 = DIRECTION('',(0.,0.,-1.));
#3390 = ORIENTED_EDGE('',*,*,#3391,.F.);
#3391 = EDGE_CURVE('',#3392,#3384,#3394,.T.);
#3392 = VERTEX_POINT('',#3393);
#3393 = CARTESIAN_POINT('',(10.000003814697,17.,51.180336475529));
#3394 = LINE('',#3395,#3396);
#3395 = CARTESIAN_POINT('',(10.000003814697,15.,51.180336475529));
#3396 = VECTOR('',#3397,1.);
#3397 = DIRECTION('',(0.,-1.,2.2E-16));
#3398 = ORIENTED_EDGE('',*,*,#3399,.T.);
#3399 = EDGE_CURVE('',#3392,#3400,#3402,.T.);
#3400 = VERTEX_POINT('',#3401);
#3401 = CARTESIAN_POINT('',(10.000003814697,17.,25.));
#3402 = LINE('',#3403,#3404);
#3403 = CARTESIAN_POINT('',(10.000003814697,17.,12.5));
#3404 = VECTOR('',#3405,1.);
#3405 = DIRECTION('',(0.,0.,-1.));
#3406 = ORIENTED_EDGE('',*,*,#3407,.F.);
#3407 = EDGE_CURVE('',#3408,#3400,#3410,.T.);
#3408 = VERTEX_POINT('',#3409);
#3409 = CARTESIAN_POINT('',(10.000003814697,19.,25.));
#3410 = LINE('',#3411,#3412);
#3411 = CARTESIAN_POINT('',(10.000003814697,-2.996953403953,25.));
#3412 = VECTOR('',#3413,1.);
#3413 = DIRECTION('',(-0.,-1.,-0.));
#3414 = ORIENTED_EDGE('',*,*,#3415,.F.);
#3415 = EDGE_CURVE('',#3416,#3408,#3418,.T.);
#3416 = VERTEX_POINT('',#3417);
#3417 = CARTESIAN_POINT('',(10.000003814697,19.,51.180336475529));
#3418 = LINE('',#3419,#3420);
#3419 = CARTESIAN_POINT('',(10.000003814697,19.,12.5));
#3420 = VECTOR('',#3421,1.);
#3421 = DIRECTION('',(0.,0.,-1.));
#3422 = ORIENTED_EDGE('',*,*,#3423,.F.);
#3423 = EDGE_CURVE('',#3424,#3416,#3426,.T.);
#3424 = VERTEX_POINT('',#3425);
#3425 = CARTESIAN_POINT('',(10.000003814697,21.,51.180336475529));
#3426 = LINE('',#3427,#3428);
#3427 = CARTESIAN_POINT('',(10.000003814697,15.,51.180336475529));
#3428 = VECTOR('',#3429,1.);
#3429 = DIRECTION('',(0.,-1.,2.2E-16));
#3430 = ORIENTED_EDGE('',*,*,#3431,.T.);
#3431 = EDGE_CURVE('',#3424,#3432,#3434,.T.);
#3432 = VERTEX_POINT('',#3433);
#3433 = CARTESIAN_POINT('',(10.000003814697,21.,25.));
#3434 = LINE('',#3435,#3436);
#3435 = CARTESIAN_POINT('',(10.000003814697,21.,12.5));
#3436 = VECTOR('',#3437,1.);
#3437 = DIRECTION('',(0.,0.,-1.));
#3438 = ORIENTED_EDGE('',*,*,#3439,.F.);
#3439 = EDGE_CURVE('',#3440,#3432,#3442,.T.);
#3440 = VERTEX_POINT('',#3441);
#3441 = CARTESIAN_POINT('',(10.000003814697,23.,25.));
#3442 = LINE('',#3443,#3444);
#3443 = CARTESIAN_POINT('',(10.000003814697,-0.996953403953,25.));
#3444 = VECTOR('',#3445,1.);
#3445 = DIRECTION('',(-0.,-1.,-0.));
#3446 = ORIENTED_EDGE('',*,*,#3447,.F.);
#3447 = EDGE_CURVE('',#3448,#3440,#3450,.T.);
#3448 = VERTEX_POINT('',#3449);
#3449 = CARTESIAN_POINT('',(10.000003814697,23.,51.180336475529));
#3450 = LINE('',#3451,#3452);
#3451 = CARTESIAN_POINT('',(10.000003814697,23.,12.5));
#3452 = VECTOR('',#3453,1.);
#3453 = DIRECTION('',(0.,0.,-1.));
#3454 = ORIENTED_EDGE('',*,*,#3455,.F.);
#3455 = EDGE_CURVE('',#3456,#3448,#3458,.T.);
#3456 = VERTEX_POINT('',#3457);
#3457 = CARTESIAN_POINT('',(10.000003814697,25.,51.180336475529));
#3458 = LINE('',#3459,#3460);
#3459 = CARTESIAN_POINT('',(10.000003814697,15.,51.180336475529));
#3460 = VECTOR('',#3461,1.);
#3461 = DIRECTION('',(0.,-1.,2.2E-16));
#3462 = ORIENTED_EDGE('',*,*,#3463,.T.);
#3463 = EDGE_CURVE('',#3456,#3464,#3466,.T.);
#3464 = VERTEX_POINT('',#3465);
#3465 = CARTESIAN_POINT('',(10.000003814697,25.,25.));
#3466 = LINE('',#3467,#3468);
#3467 = CARTESIAN_POINT('',(10.000003814697,25.,12.5));
#3468 = VECTOR('',#3469,1.);
#3469 = DIRECTION('',(0.,0.,-1.));
#3470 = ORIENTED_EDGE('',*,*,#3471,.F.);
#3471 = EDGE_CURVE('',#3472,#3464,#3474,.T.);
#3472 = VERTEX_POINT('',#3473);
#3473 = CARTESIAN_POINT('',(10.000003814697,27.,25.));
#3474 = LINE('',#3475,#3476);
#3475 = CARTESIAN_POINT('',(10.000003814697,1.003046596047,25.));
#3476 = VECTOR('',#3477,1.);
#3477 = DIRECTION('',(-0.,-1.,-0.));
#3478 = ORIENTED_EDGE('',*,*,#3479,.F.);
#3479 = EDGE_CURVE('',#3480,#3472,#3482,.T.);
#3480 = VERTEX_POINT('',#3481);
#3481 = CARTESIAN_POINT('',(10.000003814697,27.,51.180336475529));
#3482 = LINE('',#3483,#3484);
#3483 = CARTESIAN_POINT('',(10.000003814697,27.,12.5));
#3484 = VECTOR('',#3485,1.);
#3485 = DIRECTION('',(0.,0.,-1.));
#3486 = ORIENTED_EDGE('',*,*,#3487,.F.);
#3487 = EDGE_CURVE('',#3488,#3480,#3490,.T.);
#3488 = VERTEX_POINT('',#3489);
#3489 = CARTESIAN_POINT('',(10.000003814697,29.,51.180336475529));
#3490 = LINE('',#3491,#3492);
#3491 = CARTESIAN_POINT('',(10.000003814697,15.,51.180336475529));
#3492 = VECTOR('',#3493,1.);
#3493 = DIRECTION('',(0.,-1.,2.2E-16));
#3494 = ORIENTED_EDGE('',*,*,#3495,.T.);
#3495 = EDGE_CURVE('',#3488,#3496,#3498,.T.);
#3496 = VERTEX_POINT('',#3497);
#3497 = CARTESIAN_POINT('',(10.000003814697,29.,25.));
#3498 = LINE('',#3499,#3500);
#3499 = CARTESIAN_POINT('',(10.000003814697,29.,12.5));
#3500 = VECTOR('',#3501,1.);
#3501 = DIRECTION('',(0.,0.,-1.));
#3502 = ORIENTED_EDGE('',*,*,#3503,.F.);
#3503 = EDGE_CURVE('',#3504,#3496,#3506,.T.);
#3504 = VERTEX_POINT('',#3505);
#3505 = CARTESIAN_POINT('',(10.000003814697,31.,25.));
#3506 = LINE('',#3507,#3508);
#3507 = CARTESIAN_POINT('',(10.000003814697,3.003046596047,25.));
#3508 = VECTOR('',#3509,1.);
#3509 = DIRECTION('',(-0.,-1.,-0.));
#3510 = ORIENTED_EDGE('',*,*,#3511,.F.);
#3511 = EDGE_CURVE('',#3512,#3504,#3514,.T.);
#3512 = VERTEX_POINT('',#3513);
#3513 = CARTESIAN_POINT('',(10.000003814697,31.,51.180336475529));
#3514 = LINE('',#3515,#3516);
#3515 = CARTESIAN_POINT('',(10.000003814697,31.,12.5));
#3516 = VECTOR('',#3517,1.);
#3517 = DIRECTION('',(0.,0.,-1.));
#3518 = ORIENTED_EDGE('',*,*,#3519,.F.);
#3519 = EDGE_CURVE('',#3520,#3512,#3522,.T.);
#3520 = VERTEX_POINT('',#3521);
#3521 = CARTESIAN_POINT('',(10.000003814697,33.,51.180336475529));
#3522 = LINE('',#3523,#3524);
#3523 = CARTESIAN_POINT('',(10.000003814697,15.,51.180336475529));
#3524 = VECTOR('',#3525,1.);
#3525 = DIRECTION('',(0.,-1.,2.2E-16));
#3526 = ORIENTED_EDGE('',*,*,#3527,.T.);
#3527 = EDGE_CURVE('',#3520,#3528,#3530,.T.);
#3528 = VERTEX_POINT('',#3529);
#3529 = CARTESIAN_POINT('',(10.000003814697,33.,25.));
#3530 = LINE('',#3531,#3532);
#3531 = CARTESIAN_POINT('',(10.000003814697,33.,12.5));
#3532 = VECTOR('',#3533,1.);
#3533 = DIRECTION('',(0.,0.,-1.));
#3534 = ORIENTED_EDGE('',*,*,#3535,.F.);
#3535 = EDGE_CURVE('',#3536,#3528,#3538,.T.);
#3536 = VERTEX_POINT('',#3537);
#3537 = CARTESIAN_POINT('',(10.000003814697,35.,25.));
#3538 = LINE('',#3539,#3540);
#3539 = CARTESIAN_POINT('',(10.000003814697,5.003046596047,25.));
#3540 = VECTOR('',#3541,1.);
#3541 = DIRECTION('',(-0.,-1.,-0.));
#3542 = ORIENTED_EDGE('',*,*,#3543,.F.);
#3543 = EDGE_CURVE('',#3544,#3536,#3546,.T.);
#3544 = VERTEX_POINT('',#3545);
#3545 = CARTESIAN_POINT('',(10.000003814697,35.,51.180336475529));
#3546 = LINE('',#3547,#3548);
#3547 = CARTESIAN_POINT('',(10.000003814697,35.,12.5));
#3548 = VECTOR('',#3549,1.);
#3549 = DIRECTION('',(0.,0.,-1.));
#3550 = ORIENTED_EDGE('',*,*,#3551,.F.);
#3551 = EDGE_CURVE('',#3552,#3544,#3554,.T.);
#3552 = VERTEX_POINT('',#3553);
#3553 = CARTESIAN_POINT('',(10.000003814697,37.,51.180336475529));
#3554 = LINE('',#3555,#3556);
#3555 = CARTESIAN_POINT('',(10.000003814697,15.,51.180336475529));
#3556 = VECTOR('',#3557,1.);
#3557 = DIRECTION('',(0.,-1.,2.2E-16));
#3558 = ORIENTED_EDGE('',*,*,#3559,.T.);
#3559 = EDGE_CURVE('',#3552,#3560,#3562,.T.);
#3560 = VERTEX_POINT('',#3561);
#3561 = CARTESIAN_POINT('',(10.000003814697,37.,25.));
#3562 = LINE('',#3563,#3564);
#3563 = CARTESIAN_POINT('',(10.000003814697,37.,12.5));
#3564 = VECTOR('',#3565,1.);
#3565 = DIRECTION('',(0.,0.,-1.));
#3566 = ORIENTED_EDGE('',*,*,#3567,.F.);
#3567 = EDGE_CURVE('',#3568,#3560,#3570,.T.);
#3568 = VERTEX_POINT('',#3569);
#3569 = CARTESIAN_POINT('',(10.000003814697,39.,25.));
#3570 = LINE('',#3571,#3572);
#3571 = CARTESIAN_POINT('',(10.000003814697,7.003046596047,25.));
#3572 = VECTOR('',#3573,1.);
#3573 = DIRECTION('',(-0.,-1.,-0.));
#3574 = ORIENTED_EDGE('',*,*,#3575,.F.);
#3575 = EDGE_CURVE('',#3576,#3568,#3578,.T.);
#3576 = VERTEX_POINT('',#3577);
#3577 = CARTESIAN_POINT('',(10.000003814697,39.,51.180336475529));
#3578 = LINE('',#3579,#3580);
#3579 = CARTESIAN_POINT('',(10.000003814697,39.,12.5));
#3580 = VECTOR('',#3581,1.);
#3581 = DIRECTION('',(0.,0.,-1.));
#3582 = ORIENTED_EDGE('',*,*,#3583,.F.);
#3583 = EDGE_CURVE('',#3584,#3576,#3586,.T.);
#3584 = VERTEX_POINT('',#3585);
#3585 = CARTESIAN_POINT('',(10.000003814697,41.,51.180336475529));
#3586 = LINE('',#3587,#3588);
#3587 = CARTESIAN_POINT('',(10.000003814697,15.,51.180336475529));
#3588 = VECTOR('',#3589,1.);
#3589 = DIRECTION('',(0.,-1.,2.2E-16));
#3590 = ORIENTED_EDGE('',*,*,#3591,.T.);
#3591 = EDGE_CURVE('',#3584,#3592,#3594,.T.);
#3592 = VERTEX_POINT('',#3593);
#3593 = CARTESIAN_POINT('',(10.000003814697,41.,25.));
#3594 = LINE('',#3595,#3596);
#3595 = CARTESIAN_POINT('',(10.000003814697,41.,12.5));
#3596 = VECTOR('',#3597,1.);
#3597 = DIRECTION('',(0.,0.,-1.));
#3598 = ORIENTED_EDGE('',*,*,#3599,.F.);
#3599 = EDGE_CURVE('',#3600,#3592,#3602,.T.);
#3600 = VERTEX_POINT('',#3601);
#3601 = CARTESIAN_POINT('',(10.000003814697,43.,25.));
#3602 = LINE('',#3603,#3604);
#3603 = CARTESIAN_POINT('',(10.000003814697,9.003046596047,25.));
#3604 = VECTOR('',#3605,1.);
#3605 = DIRECTION('',(-0.,-1.,-0.));
#3606 = ORIENTED_EDGE('',*,*,#3607,.F.);
#3607 = EDGE_CURVE('',#3608,#3600,#3610,.T.);
#3608 = VERTEX_POINT('',#3609);
#3609 = CARTESIAN_POINT('',(10.000003814697,43.,51.180336475529));
#3610 = LINE('',#3611,#3612);
#3611 = CARTESIAN_POINT('',(10.000003814697,43.,12.5));
#3612 = VECTOR('',#3613,1.);
#3613 = DIRECTION('',(0.,0.,-1.));
#3614 = ORIENTED_EDGE('',*,*,#3615,.F.);
#3615 = EDGE_CURVE('',#3616,#3608,#3618,.T.);
#3616 = VERTEX_POINT('',#3617);
#3617 = CARTESIAN_POINT('',(10.000003814697,45.,51.180336475529));
#3618 = LINE('',#3619,#3620);
#3619 = CARTESIAN_POINT('',(10.000003814697,15.,51.180336475529));
#3620 = VECTOR('',#3621,1.);
#3621 = DIRECTION('',(0.,-1.,2.2E-16));
#3622 = ORIENTED_EDGE('',*,*,#3623,.T.);
#3623 = EDGE_CURVE('',#3616,#3624,#3626,.T.);
#3624 = VERTEX_POINT('',#3625);
#3625 = CARTESIAN_POINT('',(10.000003814697,45.,25.));
#3626 = LINE('',#3627,#3628);
#3627 = CARTESIAN_POINT('',(10.000003814697,45.,12.5));
#3628 = VECTOR('',#3629,1.);
#3629 = DIRECTION('',(0.,0.,-1.));
#3630 = ORIENTED_EDGE('',*,*,#3631,.F.);
#3631 = EDGE_CURVE('',#3632,#3624,#3634,.T.);
#3632 = VERTEX_POINT('',#3633);
#3633 = CARTESIAN_POINT('',(10.000003814697,47.,25.));
#3634 = LINE('',#3635,#3636);
#3635 = CARTESIAN_POINT('',(10.000003814697,11.003046596047,25.));
#3636 = VECTOR('',#3637,1.);
#3637 = DIRECTION('',(-0.,-1.,-0.));
#3638 = ORIENTED_EDGE('',*,*,#3639,.F.);
#3639 = EDGE_CURVE('',#3640,#3632,#3642,.T.);
#3640 = VERTEX_POINT('',#3641);
#3641 = CARTESIAN_POINT('',(10.000003814697,47.,51.180336475529));
#3642 = LINE('',#3643,#3644);
#3643 = CARTESIAN_POINT('',(10.000003814697,47.,12.5));
#3644 = VECTOR('',#3645,1.);
#3645 = DIRECTION('',(0.,0.,-1.));
#3646 = ORIENTED_EDGE('',*,*,#3647,.F.);
#3647 = EDGE_CURVE('',#3648,#3640,#3650,.T.);
#3648 = VERTEX_POINT('',#3649);
#3649 = CARTESIAN_POINT('',(10.000003814697,49.,51.180336475529));
#3650 = LINE('',#3651,#3652);
#3651 = CARTESIAN_POINT('',(10.000003814697,15.,51.180336475529));
#3652 = VECTOR('',#3653,1.);
#3653 = DIRECTION('',(0.,-1.,2.2E-16));
#3654 = ORIENTED_EDGE('',*,*,#3655,.T.);
#3655 = EDGE_CURVE('',#3648,#3656,#3658,.T.);
#3656 = VERTEX_POINT('',#3657);
#3657 = CARTESIAN_POINT('',(10.000003814697,49.,25.));
#3658 = LINE('',#3659,#3660);
#3659 = CARTESIAN_POINT('',(10.000003814697,49.,12.5));
#3660 = VECTOR('',#3661,1.);
#3661 = DIRECTION('',(0.,0.,-1.));
#3662 = ORIENTED_EDGE('',*,*,#3663,.F.);
#3663 = EDGE_CURVE('',#3664,#3656,#3666,.T.);
#3664 = VERTEX_POINT('',#3665);
#3665 = CARTESIAN_POINT('',(10.000003814697,51.,25.));
#3666 = LINE('',#3667,#3668);
#3667 = CARTESIAN_POINT('',(10.000003814697,13.003046596047,25.));
#3668 = VECTOR('',#3669,1.);
#3669 = DIRECTION('',(-0.,-1.,-0.));
#3670 = ORIENTED_EDGE('',*,*,#3671,.F.);
#3671 = EDGE_CURVE('',#3672,#3664,#3674,.T.);
#3672 = VERTEX_POINT('',#3673);
#3673 = CARTESIAN_POINT('',(10.000003814697,51.,51.180336475529));
#3674 = LINE('',#3675,#3676);
#3675 = CARTESIAN_POINT('',(10.000003814697,51.,12.5));
#3676 = VECTOR('',#3677,1.);
#3677 = DIRECTION('',(0.,0.,-1.));
#3678 = ORIENTED_EDGE('',*,*,#3679,.F.);
#3679 = EDGE_CURVE('',#3680,#3672,#3682,.T.);
#3680 = VERTEX_POINT('',#3681);
#3681 = CARTESIAN_POINT('',(10.000003814697,53.,51.180336475529));
#3682 = LINE('',#3683,#3684);
#3683 = CARTESIAN_POINT('',(10.000003814697,15.,51.180336475529));
#3684 = VECTOR('',#3685,1.);
#3685 = DIRECTION('',(0.,-1.,2.2E-16));
#3686 = ORIENTED_EDGE('',*,*,#3687,.T.);
#3687 = EDGE_CURVE('',#3680,#3688,#3690,.T.);
#3688 = VERTEX_POINT('',#3689);
#3689 = CARTESIAN_POINT('',(10.000003814697,53.,25.));
#3690 = LINE('',#3691,#3692);
#3691 = CARTESIAN_POINT('',(10.000003814697,53.,12.5));
#3692 = VECTOR('',#3693,1.);
#3693 = DIRECTION('',(0.,0.,-1.));
#3694 = ORIENTED_EDGE('',*,*,#3695,.F.);
#3695 = EDGE_CURVE('',#3696,#3688,#3698,.T.);
#3696 = VERTEX_POINT('',#3697);
#3697 = CARTESIAN_POINT('',(10.000003814697,55.,25.));
#3698 = LINE('',#3699,#3700);
#3699 = CARTESIAN_POINT('',(10.000003814697,15.003046596047,25.));
#3700 = VECTOR('',#3701,1.);
#3701 = DIRECTION('',(-0.,-1.,-0.));
#3702 = ORIENTED_EDGE('',*,*,#3703,.F.);
#3703 = EDGE_CURVE('',#3704,#3696,#3706,.T.);
#3704 = VERTEX_POINT('',#3705);
#3705 = CARTESIAN_POINT('',(10.000003814697,55.,51.180336475529));
#3706 = LINE('',#3707,#3708);
#3707 = CARTESIAN_POINT('',(10.000003814697,55.,12.5));
#3708 = VECTOR('',#3709,1.);
#3709 = DIRECTION('',(0.,0.,-1.));
#3710 = ORIENTED_EDGE('',*,*,#3711,.F.);
#3711 = EDGE_CURVE('',#3712,#3704,#3714,.T.);
#3712 = VERTEX_POINT('',#3713);
#3713 = CARTESIAN_POINT('',(10.000003814697,57.,51.180336475529));
#3714 = LINE('',#3715,#3716);
#3715 = CARTESIAN_POINT('',(10.000003814697,15.,51.180336475529));
#3716 = VECTOR('',#3717,1.);
#3717 = DIRECTION('',(0.,-1.,2.2E-16));
#3718 = ORIENTED_EDGE('',*,*,#3719,.T.);
#3719 = EDGE_CURVE('',#3712,#3720,#3722,.T.);
#3720 = VERTEX_POINT('',#3721);
#3721 = CARTESIAN_POINT('',(10.000003814697,57.,25.));
#3722 = LINE('',#3723,#3724);
#3723 = CARTESIAN_POINT('',(10.000003814697,57.,12.5));
#3724 = VECTOR('',#3725,1.);
#3725 = DIRECTION('',(0.,0.,-1.));
#3726 = ORIENTED_EDGE('',*,*,#3727,.F.);
#3727 = EDGE_CURVE('',#3728,#3720,#3730,.T.);
#3728 = VERTEX_POINT('',#3729);
#3729 = CARTESIAN_POINT('',(10.000003814697,59.,25.));
#3730 = LINE('',#3731,#3732);
#3731 = CARTESIAN_POINT('',(10.000003814697,17.003046596047,25.));
#3732 = VECTOR('',#3733,1.);
#3733 = DIRECTION('',(-0.,-1.,-0.));
#3734 = ORIENTED_EDGE('',*,*,#3735,.F.);
#3735 = EDGE_CURVE('',#3736,#3728,#3738,.T.);
#3736 = VERTEX_POINT('',#3737);
#3737 = CARTESIAN_POINT('',(10.000003814697,59.,51.180336475529));
#3738 = LINE('',#3739,#3740);
#3739 = CARTESIAN_POINT('',(10.000003814697,59.,12.5));
#3740 = VECTOR('',#3741,1.);
#3741 = DIRECTION('',(0.,0.,-1.));
#3742 = ORIENTED_EDGE('',*,*,#3743,.F.);
#3743 = EDGE_CURVE('',#3744,#3736,#3746,.T.);
#3744 = VERTEX_POINT('',#3745);
#3745 = CARTESIAN_POINT('',(10.000003814697,61.,51.180336475529));
#3746 = LINE('',#3747,#3748);
#3747 = CARTESIAN_POINT('',(10.000003814697,15.,51.180336475529));
#3748 = VECTOR('',#3749,1.);
#3749 = DIRECTION('',(0.,-1.,2.2E-16));
#3750 = ORIENTED_EDGE('',*,*,#3751,.T.);
#3751 = EDGE_CURVE('',#3744,#3752,#3754,.T.);
#3752 = VERTEX_POINT('',#3753);
#3753 = CARTESIAN_POINT('',(10.000003814697,61.,25.));
#3754 = LINE('',#3755,#3756);
#3755 = CARTESIAN_POINT('',(10.000003814697,61.,12.5));
#3756 = VECTOR('',#3757,1.);
#3757 = DIRECTION('',(0.,0.,-1.));
#3758 = ORIENTED_EDGE('',*,*,#3759,.F.);
#3759 = EDGE_CURVE('',#3760,#3752,#3762,.T.);
#3760 = VERTEX_POINT('',#3761);
#3761 = CARTESIAN_POINT('',(10.000003814697,63.,25.));
#3762 = LINE('',#3763,#3764);
#3763 = CARTESIAN_POINT('',(10.000003814697,19.003046596047,25.));
#3764 = VECTOR('',#3765,1.);
#3765 = DIRECTION('',(-0.,-1.,-0.));
#3766 = ORIENTED_EDGE('',*,*,#3767,.F.);
#3767 = EDGE_CURVE('',#3768,#3760,#3770,.T.);
#3768 = VERTEX_POINT('',#3769);
#3769 = CARTESIAN_POINT('',(10.000003814697,63.,51.180336475529));
#3770 = LINE('',#3771,#3772);
#3771 = CARTESIAN_POINT('',(10.000003814697,63.,12.5));
#3772 = VECTOR('',#3773,1.);
#3773 = DIRECTION('',(0.,0.,-1.));
#3774 = ORIENTED_EDGE('',*,*,#3775,.F.);
#3775 = EDGE_CURVE('',#3776,#3768,#3778,.T.);
#3776 = VERTEX_POINT('',#3777);
#3777 = CARTESIAN_POINT('',(10.000003814697,65.,51.180336475529));
#3778 = LINE('',#3779,#3780);
#3779 = CARTESIAN_POINT('',(10.000003814697,15.,51.180336475529));
#3780 = VECTOR('',#3781,1.);
#3781 = DIRECTION('',(0.,-1.,2.2E-16));
#3782 = ORIENTED_EDGE('',*,*,#3783,.T.);
#3783 = EDGE_CURVE('',#3776,#3784,#3786,.T.);
#3784 = VERTEX_POINT('',#3785);
#3785 = CARTESIAN_POINT('',(10.000003814697,65.,25.));
#3786 = LINE('',#3787,#3788);
#3787 = CARTESIAN_POINT('',(10.000003814697,65.,12.5));
#3788 = VECTOR('',#3789,1.);
#3789 = DIRECTION('',(0.,0.,-1.));
#3790 = ORIENTED_EDGE('',*,*,#3791,.F.);
#3791 = EDGE_CURVE('',#3792,#3784,#3794,.T.);
#3792 = VERTEX_POINT('',#3793);
#3793 = CARTESIAN_POINT('',(10.000003814697,67.,25.));
#3794 = LINE('',#3795,#3796);
#3795 = CARTESIAN_POINT('',(10.000003814697,21.003046596047,25.));
#3796 = VECTOR('',#3797,1.);
#3797 = DIRECTION('',(-0.,-1.,-0.));
#3798 = ORIENTED_EDGE('',*,*,#3799,.F.);
#3799 = EDGE_CURVE('',#3800,#3792,#3802,.T.);
#3800 = VERTEX_POINT('',#3801);
#3801 = CARTESIAN_POINT('',(10.000003814697,67.,50.999996532092));
#3802 = LINE('',#3803,#3804);
#3803 = CARTESIAN_POINT('',(10.000003814697,67.,12.5));
#3804 = VECTOR('',#3805,1.);
#3805 = DIRECTION('',(0.,0.,-1.));
#3806 = ORIENTED_EDGE('',*,*,#3807,.T.);
#3807 = EDGE_CURVE('',#3800,#3808,#3810,.T.);
#3808 = VERTEX_POINT('',#3809);
#3809 = CARTESIAN_POINT('',(10.000003814697,69.,50.440302855092));
#3810 = CIRCLE('',#3811,11.180336475529);
#3811 = AXIS2_PLACEMENT_3D('',#3812,#3813,#3814);
#3812 = CARTESIAN_POINT('',(10.000003814697,65.,40.));
#3813 = DIRECTION('',(-1.,0.,0.));
#3814 = DIRECTION('',(0.,0.,-1.));
#3815 = ORIENTED_EDGE('',*,*,#3816,.T.);
#3816 = EDGE_CURVE('',#3808,#3817,#3819,.T.);
#3817 = VERTEX_POINT('',#3818);
#3818 = CARTESIAN_POINT('',(10.000003814697,69.,25.));
#3819 = LINE('',#3820,#3821);
#3820 = CARTESIAN_POINT('',(10.000003814697,69.,12.5));
#3821 = VECTOR('',#3822,1.);
#3822 = DIRECTION('',(0.,0.,-1.));
#3823 = ORIENTED_EDGE('',*,*,#3824,.F.);
#3824 = EDGE_CURVE('',#3825,#3817,#3827,.T.);
#3825 = VERTEX_POINT('',#3826);
#3826 = CARTESIAN_POINT('',(10.000003814697,71.,25.));
#3827 = LINE('',#3828,#3829);
#3828 = CARTESIAN_POINT('',(10.000003814697,23.003046596047,25.));
#3829 = VECTOR('',#3830,1.);
#3830 = DIRECTION('',(-0.,-1.,-0.));
#3831 = ORIENTED_EDGE('',*,*,#3832,.F.);
#3832 = EDGE_CURVE('',#3833,#3825,#3835,.T.);
#3833 = VERTEX_POINT('',#3834);
#3834 = CARTESIAN_POINT('',(10.000003814697,71.,49.433977088484));
#3835 = LINE('',#3836,#3837);
#3836 = CARTESIAN_POINT('',(10.000003814697,71.,12.5));
#3837 = VECTOR('',#3838,1.);
#3838 = DIRECTION('',(0.,0.,-1.));
#3839 = ORIENTED_EDGE('',*,*,#3840,.T.);
#3840 = EDGE_CURVE('',#3833,#3841,#3843,.T.);
#3841 = VERTEX_POINT('',#3842);
#3842 = CARTESIAN_POINT('',(10.000003814697,73.,47.810244791685));
#3843 = CIRCLE('',#3844,11.180336475529);
#3844 = AXIS2_PLACEMENT_3D('',#3845,#3846,#3847);
#3845 = CARTESIAN_POINT('',(10.000003814697,65.,40.));
#3846 = DIRECTION('',(-1.,0.,0.));
#3847 = DIRECTION('',(0.,0.,-1.));
#3848 = ORIENTED_EDGE('',*,*,#3849,.T.);
#3849 = EDGE_CURVE('',#3841,#3850,#3852,.T.);
#3850 = VERTEX_POINT('',#3851);
#3851 = CARTESIAN_POINT('',(10.000003814697,73.,25.));
#3852 = LINE('',#3853,#3854);
#3853 = CARTESIAN_POINT('',(10.000003814697,73.,12.5));
#3854 = VECTOR('',#3855,1.);
#3855 = DIRECTION('',(0.,0.,-1.));
#3856 = ORIENTED_EDGE('',*,*,#3857,.F.);
#3857 = EDGE_CURVE('',#3858,#3850,#3860,.T.);
#3858 = VERTEX_POINT('',#3859);
#3859 = CARTESIAN_POINT('',(10.000003814697,75.,25.));
#3860 = LINE('',#3861,#3862);
#3861 = CARTESIAN_POINT('',(10.000003814697,25.003046596047,25.));
#3862 = VECTOR('',#3863,1.);
#3863 = DIRECTION('',(-0.,-1.,-0.));
#3864 = ORIENTED_EDGE('',*,*,#3865,.F.);
#3865 = EDGE_CURVE('',#3866,#3858,#3868,.T.);
#3866 = VERTEX_POINT('',#3867);
#3867 = CARTESIAN_POINT('',(10.000003814697,75.,44.999992370598));
#3868 = LINE('',#3869,#3870);
#3869 = CARTESIAN_POINT('',(10.000003814697,75.,12.5));
#3870 = VECTOR('',#3871,1.);
#3871 = DIRECTION('',(0.,0.,-1.));
#3872 = ORIENTED_EDGE('',*,*,#3873,.T.);
#3873 = EDGE_CURVE('',#3866,#3874,#3876,.T.);
#3874 = VERTEX_POINT('',#3875);
#3875 = CARTESIAN_POINT('',(10.000003814697,76.180336475529,40.));
#3876 = CIRCLE('',#3877,11.180336475529);
#3877 = AXIS2_PLACEMENT_3D('',#3878,#3879,#3880);
#3878 = CARTESIAN_POINT('',(10.000003814697,65.,40.));
#3879 = DIRECTION('',(-1.,0.,0.));
#3880 = DIRECTION('',(0.,0.,-1.));
#3881 = ORIENTED_EDGE('',*,*,#3882,.F.);
#3882 = EDGE_CURVE('',#3277,#3874,#3883,.T.);
#3883 = LINE('',#3884,#3885);
#3884 = CARTESIAN_POINT('',(10.000003814697,76.180336475529,
    2.459674024616E-15));
#3885 = VECTOR('',#3886,1.);
#3886 = DIRECTION('',(0.,-2.2E-16,1.));
#3887 = PLANE('',#3888);
#3888 = AXIS2_PLACEMENT_3D('',#3889,#3890,#3891);
#3889 = CARTESIAN_POINT('',(10.000003814697,-22.9939068079,0.));
#3890 = DIRECTION('',(-1.,0.,0.));
#3891 = DIRECTION('',(0.,1.,0.));
#3892 = ( GEOMETRIC_REPRESENTATION_CONTEXT(3) 
GLOBAL_UNCERTAINTY_ASSIGNED_CONTEXT((#3896)) 
GLOBAL_UNIT_ASSIGNED_CONTEXT((#3893,#3894,#3895)) REPRESENTATION_CONTEXT
('Context #1','3D Context with UNIT and UNCERTAINTY') );
#3893 = ( LENGTH_UNIT() NAMED_UNIT(*) SI_UNIT(.MILLI.,.METRE.) );
#3894 = ( NAMED_UNIT(*) PLANE_ANGLE_UNIT() SI_UNIT($,.RADIAN.) );
#3895 = ( NAMED_UNIT(*) SI_UNIT($,.STERADIAN.) SOLID_ANGLE_UNIT() );
#3896 = UNCERTAINTY_MEASURE_WITH_UNIT(LENGTH_MEASURE(1.E-07),#3893,
  'distance_accuracy_value','confusion accuracy');
#3897 = CONTEXT_DEPENDENT_SHAPE_REPRESENTATION(#3898,#3900);
#3898 = ( REPRESENTATION_RELATIONSHIP('','',#3267,#10) 
REPRESENTATION_RELATIONSHIP_WITH_TRANSFORMATION(#3899) 
SHAPE_REPRESENTATION_RELATIONSHIP() );
#3899 = ITEM_DEFINED_TRANSFORMATION('','',#11,#35);
#3900 = PRODUCT_DEFINITION_SHAPE('Placement','Placement of an item',
  #3901);
#3901 = NEXT_ASSEMBLY_USAGE_OCCURRENCE('24','y_breads005','',#5,#3262,$
  );
#3902 = PRODUCT_RELATED_PRODUCT_CATEGORY('part',$,(#3264));
#3903 = MECHANICAL_DESIGN_GEOMETRIC_PRESENTATION_REPRESENTATION('',(
    #3904),#3892);
#3904 = STYLED_ITEM('color',(#3905),#3268);
#3905 = PRESENTATION_STYLE_ASSIGNMENT((#3906,#3912));
#3906 = SURFACE_STYLE_USAGE(.BOTH.,#3907);
#3907 = SURFACE_SIDE_STYLE('',(#3908));
#3908 = SURFACE_STYLE_FILL_AREA(#3909);
#3909 = FILL_AREA_STYLE('',(#3910));
#3910 = FILL_AREA_STYLE_COLOUR('',#3911);
#3911 = COLOUR_RGB('',0.447058818107,0.474509808674,0.501960817233);
#3912 = CURVE_STYLE('',#3913,POSITIVE_LENGTH_MEASURE(0.1),#3914);
#3913 = DRAUGHTING_PRE_DEFINED_CURVE_FONT('continuous');
#3914 = COLOUR_RGB('',9.803921802644E-02,9.803921802644E-02,
  9.803921802644E-02);
#3915 = MECHANICAL_DESIGN_GEOMETRIC_PRESENTATION_REPRESENTATION('',(
    #3916),#1320);
#3916 = STYLED_ITEM('color',(#3917),#696);
#3917 = PRESENTATION_STYLE_ASSIGNMENT((#3918,#3923));
#3918 = SURFACE_STYLE_USAGE(.BOTH.,#3919);
#3919 = SURFACE_SIDE_STYLE('',(#3920));
#3920 = SURFACE_STYLE_FILL_AREA(#3921);
#3921 = FILL_AREA_STYLE('',(#3922));
#3922 = FILL_AREA_STYLE_COLOUR('',#3911);
#3923 = CURVE_STYLE('',#3924,POSITIVE_LENGTH_MEASURE(0.1),#3914);
#3924 = DRAUGHTING_PRE_DEFINED_CURVE_FONT('continuous');
#3925 = MECHANICAL_DESIGN_GEOMETRIC_PRESENTATION_REPRESENTATION('',(
    #3926),#677);
#3926 = STYLED_ITEM('color',(#3927),#53);
#3927 = PRESENTATION_STYLE_ASSIGNMENT((#3928,#3933));
#3928 = SURFACE_STYLE_USAGE(.BOTH.,#3929);
#3929 = SURFACE_SIDE_STYLE('',(#3930));
#3930 = SURFACE_STYLE_FILL_AREA(#3931);
#3931 = FILL_AREA_STYLE('',(#3932));
#3932 = FILL_AREA_STYLE_COLOUR('',#3911);
#3933 = CURVE_STYLE('',#3934,POSITIVE_LENGTH_MEASURE(0.1),#3914);
#3934 = DRAUGHTING_PRE_DEFINED_CURVE_FONT('continuous');
#3935 = MECHANICAL_DESIGN_GEOMETRIC_PRESENTATION_REPRESENTATION('',(
    #3936),#1963);
#3936 = STYLED_ITEM('color',(#3937),#1339);
#3937 = PRESENTATION_STYLE_ASSIGNMENT((#3938,#3943));
#3938 = SURFACE_STYLE_USAGE(.BOTH.,#3939);
#3939 = SURFACE_SIDE_STYLE('',(#3940));
#3940 = SURFACE_STYLE_FILL_AREA(#3941);
#3941 = FILL_AREA_STYLE('',(#3942));
#3942 = FILL_AREA_STYLE_COLOUR('',#3911);
#3943 = CURVE_STYLE('',#3944,POSITIVE_LENGTH_MEASURE(0.1),#3914);
#3944 = DRAUGHTING_PRE_DEFINED_CURVE_FONT('continuous');
#3945 = MECHANICAL_DESIGN_GEOMETRIC_PRESENTATION_REPRESENTATION('',(
    #3946),#2606);
#3946 = STYLED_ITEM('color',(#3947),#1982);
#3947 = PRESENTATION_STYLE_ASSIGNMENT((#3948,#3953));
#3948 = SURFACE_STYLE_USAGE(.BOTH.,#3949);
#3949 = SURFACE_SIDE_STYLE('',(#3950));
#3950 = SURFACE_STYLE_FILL_AREA(#3951);
#3951 = FILL_AREA_STYLE('',(#3952));
#3952 = FILL_AREA_STYLE_COLOUR('',#3911);
#3953 = CURVE_STYLE('',#3954,POSITIVE_LENGTH_MEASURE(0.1),#3914);
#3954 = DRAUGHTING_PRE_DEFINED_CURVE_FONT('continuous');
#3955 = MECHANICAL_DESIGN_GEOMETRIC_PRESENTATION_REPRESENTATION('',(
    #3956),#3249);
#3956 = STYLED_ITEM('color',(#3957),#2625);
#3957 = PRESENTATION_STYLE_ASSIGNMENT((#3958,#3963));
#3958 = SURFACE_STYLE_USAGE(.BOTH.,#3959);
#3959 = SURFACE_SIDE_STYLE('',(#3960));
#3960 = SURFACE_STYLE_FILL_AREA(#3961);
#3961 = FILL_AREA_STYLE('',(#3962));
#3962 = FILL_AREA_STYLE_COLOUR('',#3911);
#3963 = CURVE_STYLE('',#3964,POSITIVE_LENGTH_MEASURE(0.1),#3914);
#3964 = DRAUGHTING_PRE_DEFINED_CURVE_FONT('continuous');
ENDSEC;
END-ISO-10303-21;
